OBJECTID,INCKEY,COLDETKEY,ADDRTYPE,COLLISIONTYPE,DISTANCE,EXCEPTRSNCODE,EXCEPTRSNDESC,FATALITIES,INATTENTIONIND,INCDATE,INCDTTM,INJURIES,INTKEY,JUNCTIONTYPE,LIGHTCOND,LOCATION,PEDCOUNT,PEDCYLCOUNT,PEDROWNOTGRNT,PERSONCOUNT,REPORTNO,ROADCOND,SDOT_COLCODE,SDOT_COLDESC,SDOTCOLNUM,SEGKEY,SERIOUSINJURIES,SEVERITYCODE,SEVERITYDESC,SPEEDING,ST_COLCODE,ST_COLDESC,STATUS,UNDERINFL,VEHCOUNT,WEATHER,WIDTH,Shape,SEGLANEKEY,CROSSWALKKEY,HITPARKEDCAR,SPDCASENO
3118,118844,118844,Intersection,Cycles,0,,,0,,09/20/2011 12:00:00 AM +0000,9/20/2011 5:16:00 PM,1,28303,At Intersection (intersection related),Daylight,EASTLAKE AVE E AND E LOUISA ST,0,1,Y,2,3287649,Dry,51,PEDALCYCLIST STRUCK MOTOR VEHICLE FRONT END AT ANGLE,11263029,10178,0,2,Injury Collision,,45,Bicycle,Matched,N,1,Clear or Partly Cloudy,0,"(47.64203050000003, -122.32588836999997)",24739,0,N,11-310772
3129,119680,119680,Intersection,Cycles,0,,,0,,10/12/2011 12:00:00 AM +0000,10/12/2011 3:33:00 PM,1,30132,At Intersection (intersection related),Daylight,17TH AVE AND E MADISON ST,0,1,Y,3,3567231,Dry,51,PEDALCYCLIST STRUCK MOTOR VEHICLE FRONT END AT ANGLE,11285008,2366,0,2,Injury Collision,,45,Bicycle,Matched,0,1,Overcast,0,"(47.615589863000025, -122.31015123599997)",0,0,N,110334847
3144,119531,119531,Intersection,Cycles,0,,,0,,06/09/2011 12:00:00 AM +0000,6/9/2011 8:53:00 PM,1,30506,At Intersection (intersection related),Dusk,2ND AVE S AND S JACKSON ST,0,1,Y,2,3383372,Dry,51,PEDALCYCLIST STRUCK MOTOR VEHICLE FRONT END AT ANGLE,11160011,2871,0,2,Injury Collision,,45,Bicycle,Matched,N,1,Clear or Partly Cloudy,0,"(47.59920078500005, -122.33157768599995)",4848,0,N,2011-184988
3196,118425,118425,Block,Cycles,316.5,,,0,,12/30/2010 12:00:00 AM +0000,12/30/2010 12:15:00 PM,0,,Mid-Block (not related to intersection),Daylight,NW MARKET ST BETWEEN 24TH AVE NW AND 26TH AVE NW,0,1,Y,3,3565045,Dry,21,"MOTOR VEHICLE STRUCK PEDALCYCLIST, REAR END",10364016,19236,0,1,Property Damage Only Collision,,45,Bicycle,Matched,N,1,Clear or Partly Cloudy,0,"(47.66867356700004, -122.38885869099994)",25907,0,N,10-446944
3217,118144,118144,Block,Cycles,161,,,0,,04/29/2010 12:00:00 AM +0000,4/29/2010 5:55:00 PM,0,,Driveway Junction,Daylight,BELL ST BETWEEN WESTERN AVE AND 1ST AVE,0,1,Y,2,3276972,Dry,18,"MOTOR VEHICLE STRUCK PEDALCYCLIST, FRONT END AT ANGLE",10119017,9197,0,1,Property Damage Only Collision,,45,Bicycle,Matched,N,1,Clear or Partly Cloudy,0,"(47.613041751000026, -122.34694402799994)",0,0,N,10-139667
3229,118988,118988,Block,Cycles,230,,,0,Y,10/09/2011 12:00:00 AM +0000,10/9/2011,1,,Mid-Block (not related to intersection),Dark - Street Lights On,NE NORTHGATE WAY BETWEEN 19TH AVE NE AND 20TH AVE NE,0,1,,2,3376193,Wet,21,"MOTOR VEHICLE STRUCK PEDALCYCLIST, REAR END",11282013,18021,0,2,Injury Collision,,45,Bicycle,Matched,1,1,Raining,0,"(47.70847888700007, -122.30717276299998)",14639,0,N,11-331445
3322,119690,119690,Block,Cycles,73,,,0,,10/27/2011 12:00:00 AM +0000,10/27/2011 3:58:00 PM,1,,Driveway Junction,Daylight,S GRAHAM ST BETWEEN M L KING JR ER WAY S AND 38TH AVE S,0,1,Y,4,3548329,Dry,18,"MOTOR VEHICLE STRUCK PEDALCYCLIST, FRONT END AT ANGLE",11300017,20124,0,2,Injury Collision,,45,Bicycle,Matched,0,1,Clear or Partly Cloudy,0,"(47.546050723000064, -122.28515961699998)",0,0,N,11-350546
3342,118294,118294,Block,Cycles,427.5, ,,0,,03/24/2010 12:00:00 AM +0000,3/24/2010 8:20:00 AM,1,,Mid-Block (not related to intersection),Daylight,NE 65TH ST BETWEEN 58TH AVE NE AND SAND POINT WAY NE,0,1,Y,2,3332745,Dry,18,"MOTOR VEHICLE STRUCK PEDALCYCLIST, FRONT END AT ANGLE",10083009,17318,0,2,Injury Collision,,45,Bicycle,Matched,N,1,Clear or Partly Cloudy,0,"(47.67572936800008, -122.26528244199994)",0,524265,N,2010-96235
3355,118152,118152,Block,Cycles,147.5,,,0,,10/20/2010 12:00:00 AM +0000,10/20/2010 5:07:00 PM,0,,Mid-Block (not related to intersection),Daylight,E MADISON ST BETWEEN 10TH AVE AND E SENECA ST,0,1,,2,3386879,Dry,21,"MOTOR VEHICLE STRUCK PEDALCYCLIST, REAR END",10293026,14339,0,1,Property Damage Only Collision,,45,Bicycle,Matched,N,1,Clear or Partly Cloudy,0,"(47.611969455000064, -122.31884003299996)",22931,0,N,10-367257
3360,118574,118574,Intersection,Cycles,0,,,0,,06/04/2011 12:00:00 AM +0000,6/4/2011 3:10:00 PM,0,27975,At Intersection (intersection related),Daylight,W GARFIELD ST AND DEAD END 1,0,1,,2,2670129,Dry,51,PEDALCYCLIST STRUCK MOTOR VEHICLE FRONT END AT ANGLE,11155039,,0,1,Property Damage Only Collision,,45,Bicycle,Matched,N,1,Clear or Partly Cloudy,0,,0,0,N,11-01247
3383,118861,118861,Intersection,Cycles,0,,,0,,08/14/2011 12:00:00 AM +0000,8/14/2011 10:46:00 AM,1,29994,At Intersection (intersection related),Daylight,M L KING JR WAY AND E OLIVE ST,0,1,,2,3283073,Dry,51,PEDALCYCLIST STRUCK MOTOR VEHICLE FRONT END AT ANGLE,11226003,11493,0,2,Injury Collision,,45,Bicycle,Matched,0,1,Clear or Partly Cloudy,0,"(47.61645464000003, -122.29615557099999)",35400,0,N,2011-266395
3394,118720,118720,Block,Cycles,107,,,0,,08/31/2011 12:00:00 AM +0000,8/31/2011 8:14:00 AM,1,,Driveway Junction,Daylight,12TH AVE S BETWEEN BOREN AVE S AND 12TH AVE S TURN RD,0,1,,3,3559534,Dry,18,"MOTOR VEHICLE STRUCK PEDALCYCLIST, FRONT END AT ANGLE",11243032,1652,0,2,Injury Collision,,45,Bicycle,Matched,0,1,Clear or Partly Cloudy,0,"(47.600574910000034, -122.31709598599997)",0,0,N,11-286548
3400,119555,119555,Intersection,Cycles,0,,,0,,09/27/2011 12:00:00 AM +0000,9/27/2011 9:48:00 AM,1,24297,At Intersection (intersection related),Daylight,AURORA AVE N AND N 77TH ST,0,1,,2,3552864,Dry,18,"MOTOR VEHICLE STRUCK PEDALCYCLIST, FRONT END AT ANGLE",11270005,8955,0,2,Injury Collision,,45,Bicycle,Matched,0,1,Clear or Partly Cloudy,0,"(47.684767703000034, -122.34449200399996)",0,0,N,2011-318297
3422,119416,119416,Intersection,Cycles,0,,,0,,02/08/2011 12:00:00 AM +0000,2/8/2011 5:30:00 PM,1,26028,At Intersection (intersection related),Dusk,20TH AVE NE AND NE RAVENNA WB BV,0,1,,2,3559014,Dry,51,PEDALCYCLIST STRUCK MOTOR VEHICLE FRONT END AT ANGLE,11039023,2967,0,2,Injury Collision,,45,Bicycle,Matched,N,1,Clear or Partly Cloudy,0,"(47.66933890800004, -122.30649516799997)",32742,0,N,11-46569
3488,118730,118730,Intersection,Cycles,0, ,,0,,04/27/2011 12:00:00 AM +0000,4/27/2011 5:30:00 PM,1,29603,At Intersection (intersection related),Daylight,2ND AVE AND UNIVERSITY ST,0,1,Y,2,3567942,Wet,18,"MOTOR VEHICLE STRUCK PEDALCYCLIST, FRONT END AT ANGLE",11117014,2756,0,2,Injury Collision,,45,Bicycle,Matched,N,1,Raining,0,"(47.60729905800008, -122.33708679799997)",0,520994,N,11-134050
3602,118033,118033,Block,Cycles,154.5,,,0,,02/10/2010 12:00:00 AM +0000,2/10/2010 4:05:00 PM,0,,Mid-Block (not related to intersection),Daylight,ROY ST BETWEEN 9TH AVE N AND VALLEY ST,0,1,,2,3342095,Wet,21,"MOTOR VEHICLE STRUCK PEDALCYCLIST, REAR END",10041004,9423,0,1,Property Damage Only Collision,,45,Bicycle,Matched,N,1,Raining,0,"(47.625593828000035, -122.33918659699998)",0,0,N,10-47201
3630,118879,118879,Block,Cycles,114,,,0,,03/25/2011 12:00:00 AM +0000,3/25/2011 10:08:00 AM,1,,Driveway Junction,Daylight,ROOSEVELT WAY NE BETWEEN NE 41ST ST AND NE 42ND S ST,0,1,,2,3559331,Dry,51,PEDALCYCLIST STRUCK MOTOR VEHICLE FRONT END AT ANGLE,11084018,12594,0,2,Injury Collision,,45,Bicycle,Matched,N,1,Clear or Partly Cloudy,0,"(47.65720040000008, -122.31781061599997)",8974,0,N,11-96292
3658,118452,118452,Block,Cycles,318.5,,,0,,09/18/2010 12:00:00 AM +0000,9/18/2010 10:00:00 AM,0,,Mid-Block (not related to intersection),Unknown,SEWARD PARK AVE S BETWEEN S KENYON ST AND S BUDD CT,0,1,Y,2,3345853,Unknown,23,"MOTOR VEHICLE STRUCK PEDALCYCLIST, LEFT SIDE SIDESWIPE",10261023,12808,0,1,Property Damage Only Collision,,45,Bicycle,Matched,N,1,Unknown,0,"(47.53071788800003, -122.266326204)",37675,0,N,2010-329967
3690,119713,119713,Intersection,Cycles,0,,,0,,04/13/2011 12:00:00 AM +0000,4/13/2011 7:45:00 AM,1,24156,At Intersection (intersection related),Daylight,11TH AVE NW AND NW 75TH ST,0,1,,2,3564836,Wet,18,"MOTOR VEHICLE STRUCK PEDALCYCLIST, FRONT END AT ANGLE",11103003,1451,0,2,Injury Collision,,45,Bicycle,Matched,N,1,Raining,0,"(47.68325497300003, -122.37039170699995)",0,0,N,11-117607
3707,118040,118040,Block,Cycles,169.5,,,0,,07/29/2010 12:00:00 AM +0000,7/29/2010 2:05:00 PM,1,,Mid-Block (not related to intersection),Daylight,W DRAVUS ST BETWEEN 20TH AVE W AND 21ST AVE W,0,1,,4,3345930,Dry,51,PEDALCYCLIST STRUCK MOTOR VEHICLE FRONT END AT ANGLE,10210025,23223,1,2b,Serious Injury Collision,,45,Bicycle,Matched,0,1,Clear or Partly Cloudy,0,"(47.64845691800008, -122.38266772099996)",0,0,N,10-261952
3735,118603,118603,Block,Cycles,161,,,0,,09/28/2011 12:00:00 AM +0000,9/28/2011 8:25:00 AM,1,,Mid-Block (not related to intersection),Daylight,UNIVERSITY ST BETWEEN 4TH AVE AND 5TH AVE,0,1,,2,3568205,Unknown,56,PEDALCYCLIST STRUCK MOTOR VEHICLE LEFT SIDE SIDESWIPE,11271019,13203,0,2,Injury Collision,,45,Bicycle,Matched,N,1,Unknown,0,"(47.60845954200005, -122.33431329999996)",36420,0,N,11-320429
3755,118318,118318,Block,Cycles,138.5,,,0,,08/25/2010 12:00:00 AM +0000,8/25/2010 3:16:00 PM,1,,Mid-Block (not related to intersection),Daylight,S MCCLELLAN ST BETWEEN 26TH AVE S AND RAINIER AVE S,0,1,,2,3387287,Dry,18,"MOTOR VEHICLE STRUCK PEDALCYCLIST, FRONT END AT ANGLE",10237002,20812,0,2,Injury Collision,,45,Bicycle,Matched,N,1,Clear or Partly Cloudy,0,"(47.57835019200007, -122.29871442499996)",0,0,N,2010-297369
3769,119021,119021,Block,Cycles,153,,,0,,06/05/2011 12:00:00 AM +0000,6/5/2011 10:11:00 AM,1,,Mid-Block (not related to intersection),Daylight,1ST AVE BETWEEN SPRING ST AND SENECA ST,0,1,Y,2,3373665,Dry,51,PEDALCYCLIST STRUCK MOTOR VEHICLE FRONT END AT ANGLE,11156009,1005,0,2,Injury Collision,,45,Bicycle,Matched,N,1,Clear or Partly Cloudy,0,"(47.60576386300005, -122.33721651799999)",36752,0,N,11-179567
3790,119158,119158,Intersection,Cycles,0,,,0,,11/13/2011 12:00:00 AM +0000,11/13/2011 5:37:00 PM,1,29632,At Intersection (intersection related),Dark - Street Lights On,ALASKAN WAY AND SPRING ST,0,1,,1,3505533,Dry,69,PEDALCYCLIST OVERTURNED IN ROAD,11317030,8721,0,2,Injury Collision,,45,Bicycle,Matched,N,0,Clear or Partly Cloudy,0,"(47.60448768400005, -122.33909095699994)",0,0,N,11-369064
3866,117772,117772,Intersection,Cycles,0, ,,0,,08/05/2010 12:00:00 AM +0000,8/5/2010 7:05:00 PM,1,29702,At Intersection (intersection related),Daylight,2ND AVE AND BELL ST,0,1,,2,3208647,Dry,18,"MOTOR VEHICLE STRUCK PEDALCYCLIST, FRONT END AT ANGLE",10217032,2764,0,2,Injury Collision,,45,Bicycle,Matched,N,1,Clear or Partly Cloudy,0,"(47.61403982300004, -122.34565345699997)",0,521007,N,10 271955
3899,118607,118607,Intersection,Cycles,0, ,,0,,06/15/2011 12:00:00 AM +0000,6/15/2011 8:46:00 AM,1,27035,At Intersection (intersection related),Daylight,FREMONT AVE N AND FREMONT PL N,0,1,,2,3466952,Wet,18,"MOTOR VEHICLE STRUCK PEDALCYCLIST, FRONT END AT ANGLE",11166015,10486,0,2,Injury Collision,,45,Bicycle,Matched,N,1,Overcast,0,"(47.65043101700007, -122.34983490399998)",0,522545,N,2011-191535
4031,118760,118760,Block,Cycles,213,,,0,,12/03/2011 12:00:00 AM +0000,12/3/2011 4:00:00 PM,1,,Mid-Block (not related to intersection),Dusk,1ST AVE BETWEEN UNION ST AND PIKE ST,0,1,,2,3546342,Dry,18,"MOTOR VEHICLE STRUCK PEDALCYCLIST, FRONT END AT ANGLE",11337022,1008,1,2b,Serious Injury Collision,,45,Bicycle,Matched,N,1,Clear or Partly Cloudy,0,"(47.60832339900003, -122.33955831299994)",36675,0,N,11-394 307
4042,119043,119043,Block,Cycles,166,,,0,,09/18/2011 12:00:00 AM +0000,9/18/2011 1:40:00 PM,2,,Driveway Junction,Daylight,SW TRENTON ST BETWEEN 30TH AVE SW AND 31ST AVE SW,0,1,,3,2619567,Wet,18,"MOTOR VEHICLE STRUCK PEDALCYCLIST, FRONT END AT ANGLE",11261034,22929,0,2,Injury Collision,,45,Bicycle,Matched,0,1,Overcast,0,"(47.52466461500006, -122.37192757499997)",0,0,N,2011-308443
4174,118208,118208,Intersection,Cycles,0,,,0,,05/21/2010 12:00:00 AM +0000,5/21/2010 2:55:00 PM,1,28294,At Intersection (intersection related),Daylight,EASTLAKE AVE E AND E EDGAR ST,0,1,Y,2,3329585,Dry,51,PEDALCYCLIST STRUCK MOTOR VEHICLE FRONT END AT ANGLE,10141030,10180,0,2,Injury Collision,,45,Bicycle,Matched,N,1,Clear or Partly Cloudy,0,"(47.64449321800004, -122.32588269599995)",24709,0,N,10-167265
4218,118773,118773,Intersection,Cycles,0,,,0,,05/08/2011 12:00:00 AM +0000,5/8/2011 4:01:00 PM,1,27213,At Intersection (intersection related),Daylight,EASTERN AVE N AND N 42ND ST,0,1,,2,3565250,Dry,18,"MOTOR VEHICLE STRUCK PEDALCYCLIST, FRONT END AT ANGLE",11128021,10156,0,2,Injury Collision,,45,Bicycle,Matched,N,1,Clear or Partly Cloudy,0,"(47.657940084000074, -122.32901726699998)",0,0,N,11-146883
4222,119604,119604,Intersection,Cycles,0, ,,0,,10/04/2011 12:00:00 AM +0000,10/4/2011 9:46:00 AM,1,29971,At Intersection (intersection related),Daylight,4TH AVE AND CHERRY ST,1,1,Y,2,3562233,Dry,64,PEDALCYCLIST STRUCK PEDESTRIAN,11277002,6123,0,2,Injury Collision,,45,Bicycle,Matched,N,0,Clear or Partly Cloudy,0,"(47.60394844000007, -122.33095206299998)",13337,522725,N,2011-325884
4243,119748,119748,Block,Cycles,132,,,0,,10/20/2011 12:00:00 AM +0000,10/20/2011 7:38:00 PM,1,,Mid-Block (not related to intersection),Dark - Street Lights On,AURORA AVE N BETWEEN N 89TH ST AND N 90TH ST,0,1,,2,3552510,Wet,51,PEDALCYCLIST STRUCK MOTOR VEHICLE FRONT END AT ANGLE,11293016,8968,1,2b,Serious Injury Collision,,45,Bicycle,Matched,0,1,Overcast,0,"(47.69382203500004, -122.34456064799997)",16388,0,N,2011-343177
4324,118355,118355,Block,Cycles,161,,,0,,02/09/2010 12:00:00 AM +0000,2/9/2010,1,,Driveway Junction,Daylight,SENECA ST BETWEEN 8TH AVE AND 9TH AVE,0,1,,2,3325962,Dry,18,"MOTOR VEHICLE STRUCK PEDALCYCLIST, FRONT END AT ANGLE",10040022,12778,0,2,Injury Collision,,45,Bicycle,Matched,0,1,Clear or Partly Cloudy,0,"(47.60960331900003, -122.32922283399995)",9110,0,N,10-45614
4340,119612,119612,Block,Cycles,106.5,,,0,,11/16/2011 12:00:00 AM +0000,11/16/2011 7:15:00 PM,1,,Mid-Block (not related to intersection),Dark - Street Lights On,VIRGINIA ST BETWEEN 6TH AVE AND WESTLAKE AVE,0,1,,2,3561046,Wet,18,"MOTOR VEHICLE STRUCK PEDALCYCLIST, FRONT END AT ANGLE",11320033,13315,0,2,Injury Collision,,45,Bicycle,Matched,N,1,Raining,0,"(47.61461060500005, -122.33803078799997)",14281,0,N,11-372305
4346,119060,119060,Intersection,Cycles,0,,,0,,06/05/2011 12:00:00 AM +0000,6/5/2011 5:29:00 PM,1,30135,At Intersection (intersection related),Daylight,15TH AVE AND E PINE ST,0,1,,2,3559795,Dry,18,"MOTOR VEHICLE STRUCK PEDALCYCLIST, FRONT END AT ANGLE",11156003,1998,0,2,Injury Collision,,45,Bicycle,Matched,N,1,Clear or Partly Cloudy,0,"(47.61528703600004, -122.31276624799995)",8604,0,N,2011-179972
4361,119337,119337,Intersection,Cycles,0,,,0,,04/06/2011 12:00:00 AM +0000,4/6/2011,1,37612,At Intersection (intersection related),Daylight,24TH AVE NE AND LAKE CITY WAY NE,0,1,Y,2,3210739,Wet,11,"MOTOR VEHICLE STRUCK MOTOR VEHICLE, FRONT END AT ANGLE",11096002,3577,1,2b,Serious Injury Collision,,45,Bicycle,Matched,0,1,Raining,0,"(47.70454438000007, -122.30161582599999)",17941,0,N,2011-110252
4381,117809,117809,Block,Cycles,116,,,0,,03/05/2010 12:00:00 AM +0000,3/5/2010 8:15:00 PM,1,,Mid-Block (not related to intersection),Dark - Street Lights On,12TH AVE BETWEEN E REMINGTON CT AND E JEFFERSON ST,0,1,,2,3329578,Dry,18,"MOTOR VEHICLE STRUCK PEDALCYCLIST, FRONT END AT ANGLE",10064015,1528,0,2,Injury Collision,,45,Bicycle,Matched,N,1,Clear or Partly Cloudy,0,"(47.60588380000007, -122.31678057699997)",10614,0,N,10-74000
4387,117670,117670,Intersection,Cycles,0,,,0,,03/09/2010 12:00:00 AM +0000,3/9/2010 8:12:00 PM,1,29734,At Intersection (intersection related),Dark - Street Lights On,BOYLSTON AVE AND E PINE ST,0,1,,2,3207737,Dry,18,"MOTOR VEHICLE STRUCK PEDALCYCLIST, FRONT END AT ANGLE",10068016,9375,0,2,Injury Collision,,45,Bicycle,Matched,N,1,Clear or Partly Cloudy,0,"(47.61523114200003, -122.32341547099998)",10374,0,N,10-78796
4410,118926,118926,Intersection,Cycles,0,,,0,,05/14/2011 12:00:00 AM +0000,5/14/2011 8:39:00 PM,1,29738,At Intersection (intersection related),Dark - Street Lights On,10TH AVE AND E PINE ST,0,1,Y,2,2905994,Wet,18,"MOTOR VEHICLE STRUCK PEDALCYCLIST, FRONT END AT ANGLE",11134012,14636,0,2,Injury Collision,,45,Bicycle,Matched,0,1,Raining,0,"(47.615245137000045, -122.31946547599995)",10405,0,N,2011-154046
4460,118084,118084,Block,Cycles,335,,,0,,08/17/2010 12:00:00 AM +0000,8/17/2010 2:02:00 PM,0,,Mid-Block (not related to intersection),Daylight,ROOSEVELT WAY NE BETWEEN NE 45TH ST AND NE 47TH ST,0,1,Y,2,3376785,Dry,51,PEDALCYCLIST STRUCK MOTOR VEHICLE FRONT END AT ANGLE,10229024,12599,0,1,Property Damage Only Collision,,45,Bicycle,Matched,N,1,Clear or Partly Cloudy,0,"(47.662198043000046, -122.31745114299997)",10833,0,N,10-287172
4495,119487,119487,Intersection,Cycles,0,,,0,,07/01/2011 12:00:00 AM +0000,7/1/2011 8:21:00 PM,1,32923,At Intersection (intersection related),Daylight,CALIFORNIA AVE SW AND SW GRAHAM ST,0,1,,2,2825323,Dry,51,PEDALCYCLIST STRUCK MOTOR VEHICLE FRONT END AT ANGLE,11182005,9563,0,2,Injury Collision,,45,Bicycle,Matched,N,1,Clear or Partly Cloudy,0,"(47.54668273900006, -122.38719538199996)",32478,0,N,11-211868
4522,119769,119769,Intersection,Cycles,0,,,0,,05/03/2011 12:00:00 AM +0000,5/3/2011 6:11:00 PM,1,26691,At Intersection (intersection related),Daylight,NICKERSON ST AND QUEEN ANNE AVE N,0,1,,2,3560637,Dry,18,"MOTOR VEHICLE STRUCK PEDALCYCLIST, FRONT END AT ANGLE",11123023,12324,0,2,Injury Collision,,45,Bicycle,Matched,N,1,Clear or Partly Cloudy,0,"(47.64977427100007, -122.35767846599998)",12480,0,N,11-141095
4549,118515,118515,Intersection,Cycles,0,,,0,,06/04/2010 12:00:00 AM +0000,6/4/2010 4:10:00 PM,1,26647,At Intersection (intersection related),Daylight,6TH AVE NW AND NW 40TH ST,0,1,,2,3375233,Dry,51,PEDALCYCLIST STRUCK MOTOR VEHICLE FRONT END AT ANGLE,10155045,7922,0,2,Injury Collision,,45,Bicycle,Matched,N,1,Overcast,0,"(47.656056086000035, -122.36358535)",0,0,N,10-187250
4583,118095,118095,Intersection,Cycles,0, ,,0,,11/13/2010 12:00:00 AM +0000,11/13/2010 9:05:00 AM,1,24594,At Intersection (intersection related),Daylight,NE 68TH ST AND NE RAVENNA EB BV,0,1,,2,2905536,Wet,51,PEDALCYCLIST STRUCK MOTOR VEHICLE FRONT END AT ANGLE,10317013,17327,0,2,Injury Collision,,45,Bicycle,Matched,N,1,Overcast,0,"(47.67756433300008, -122.32391190499999)",0,0,N,2010-396368
4600,119212,119212,Intersection,Cycles,0,,,0,,08/01/2011 12:00:00 AM +0000,8/1/2011,1,29370,At Intersection (intersection related),Daylight,16TH AVE E AND E THOMAS ST,0,1,,2,3565981,Dry,18,"MOTOR VEHICLE STRUCK PEDALCYCLIST, FRONT END AT ANGLE",11213003,2235,0,2,Injury Collision,,45,Bicycle,Matched,0,1,Clear or Partly Cloudy,0,"(47.62049930300003, -122.31138365999999)",0,0,N,11-250271
4660,119633,119633,Intersection,Cycles,0,,,0,,08/07/2011 12:00:00 AM +0000,8/7/2011,1,29541,At Intersection (intersection related),Daylight,VIRGINIA ST AND WESTLAKE AVE,0,1,,2,3561304,Dry,51,PEDALCYCLIST STRUCK MOTOR VEHICLE FRONT END AT ANGLE,11219025,13316,0,2,Injury Collision,,45,Bicycle,Matched,0,1,Clear or Partly Cloudy,0,"(47.61483186400005, -122.33774456799995)",14298,0,N,2011-257959
4705,118519,118519,Block,Cycles,330,,,0,,09/10/2010 12:00:00 AM +0000,9/10/2010 7:00:00 PM,1,,Mid-Block (not related to intersection),Daylight,35TH AVE NE BETWEEN NE 110TH ST AND NE 113TH ST,0,1,,1,3559027,Dry,51,PEDALCYCLIST STRUCK MOTOR VEHICLE FRONT END AT ANGLE,10253032,5389,0,2,Injury Collision,,45,Bicycle,Matched,N,0,Overcast,0,"(47.709274942000036, -122.29073417199999)",3389,0,N,10-317960
4707,117970,117970,Intersection,Cycles,0, ,,0,,08/11/2010 12:00:00 AM +0000,8/11/2010 6:13:00 PM,1,29852,At Intersection (intersection related),Daylight,BOREN AVE AND HOWELL ST,0,1,,2,3200796,Dry,18,"MOTOR VEHICLE STRUCK PEDALCYCLIST, FRONT END AT ANGLE",10223003,9322,0,2,Injury Collision,,45,Bicycle,Matched,N,1,Clear or Partly Cloudy,0,"(47.61617112400006, -122.33141659899997)",0,522452,N,10-279717
4727,118381,118381,Block,Cycles,161,,,0,,03/10/2010 12:00:00 AM +0000,3/10/2010 8:05:00 AM,1,,Mid-Block (but intersection related),Daylight,S JACKSON ST BETWEEN 6TH AVE S AND MAYNARD AVE S,0,1,Y,2,3325928,Dry,51,PEDALCYCLIST STRUCK MOTOR VEHICLE FRONT END AT ANGLE,10069028,20489,0,2,Injury Collision,,45,Bicycle,Matched,N,1,Clear or Partly Cloudy,0,"(47.59919176200003, -122.32570988699996)",24416,0,N,10 79244
4858,118109,118109,Block,Cycles,225,,,0,,01/23/2010 12:00:00 AM +0000,1/23/2010 1:53:00 PM,1,,Mid-Block (but intersection related),Daylight,DELRIDGE WAY SW BETWEEN SW HENDERSON ST AND 20TH AVE SW,0,1,Y,3,3288055,Dry,18,"MOTOR VEHICLE STRUCK PEDALCYCLIST, FRONT END AT ANGLE",10023002,9989,0,2,Injury Collision,,45,Bicycle,Matched,N,1,Overcast,0,"(47.52233539500003, -122.35962764799996)",0,0,N,2010-26209
4887,121051,121051,Intersection,Cycles,0, ,,0,,09/10/2011 12:00:00 AM +0000,9/10/2011 5:46:00 PM,1,35094,At Intersection (intersection related),Daylight,8TH AVE S AND S CLOVERDALE ST,0,1,Y,2,2825325,Dry,51,PEDALCYCLIST STRUCK MOTOR VEHICLE FRONT END AT ANGLE,11253007,8464,0,2,Injury Collision,,45,Bicycle,Matched,N,1,Clear or Partly Cloudy,0,"(47.52646547400008, -122.32291561299996)",0,521995,N,11-299622
4917,122005,122005,Block,Cycles,105,,,0,,08/22/2011 12:00:00 AM +0000,8/22/2011 4:28:00 PM,1,,Driveway Junction,Daylight,N 45TH ST BETWEEN N MIDVALE PL AND STONE WAY N,0,1,,2,3376808,Dry,51,PEDALCYCLIST STRUCK MOTOR VEHICLE FRONT END AT ANGLE,11234032,15541,0,2,Injury Collision,,45,Bicycle,Matched,N,1,Clear or Partly Cloudy,0,"(47.66138521000005, -122.34257407399997)",28177,0,N,11-276047
4985,120360,120360,Intersection,Cycles,0,,,0,,08/26/2011 12:00:00 AM +0000,8/26/2011 2:55:00 PM,1,27758,At Intersection (intersection related),Daylight,FLORENTIA ST AND QUEEN ANNE E AVE N,0,1,,2,3562805,Dry,51,PEDALCYCLIST STRUCK MOTOR VEHICLE FRONT END AT ANGLE,11238011,10456,0,2,Injury Collision,,45,Bicycle,Matched,0,1,Clear or Partly Cloudy,0,"(47.646891442000026, -122.35686606399997)",34771,0,N,2011-280911
5046,119799,119799,Intersection,Cycles,0, ,,0,,11/03/2011 12:00:00 AM +0000,11/3/2011 7:02:00 PM,1,29580,At Intersection (intersection related),Dark - Street Lights On,3RD AVE AND PINE ST,0,1,,3,3562389,Dry,18,"MOTOR VEHICLE STRUCK PEDALCYCLIST, FRONT END AT ANGLE",11307026,4385,0,2,Injury Collision,,45,Bicycle,Matched,N,1,Clear or Partly Cloudy,0,"(47.61074295100008, -122.33870150899997)",35766,0,N,11-358579
5049,119797,119797,Block,Cycles,160,,,0,,07/16/2011 12:00:00 AM +0000,7/16/2011 12:36:00 AM,1,,Mid-Block (not related to intersection),Dark - Street Lights On,11TH AVE NE BETWEEN EASTLAKE AVE NE AND NE 42ND ST,0,1,,2,3552653,Dry,11,"MOTOR VEHICLE STRUCK MOTOR VEHICLE, FRONT END AT ANGLE",11197030,1406,0,2,Injury Collision,,45,Bicycle,Matched,Y,1,Clear or Partly Cloudy,0,"(47.65791543200004, -122.31666521799997)",0,0,N,11-229905