OBJECTID,INCKEY,COLDETKEY,ADDRTYPE,COLLISIONTYPE,DISTANCE,EXCEPTRSNCODE,EXCEPTRSNDESC,FATALITIES,INATTENTIONIND,INCDATE,INCDTTM,INJURIES,INTKEY,JUNCTIONTYPE,LIGHTCOND,LOCATION,PEDCOUNT,PEDCYLCOUNT,PEDROWNOTGRNT,PERSONCOUNT,REPORTNO,ROADCOND,SDOT_COLCODE,SDOT_COLDESC,SDOTCOLNUM,SEGKEY,SERIOUSINJURIES,SEVERITYCODE,SEVERITYDESC,SPEEDING,ST_COLCODE,ST_COLDESC,STATUS,UNDERINFL,VEHCOUNT,WEATHER,WIDTH,Shape,SEGLANEKEY,CROSSWALKKEY,HITPARKEDCAR,SPDCASENO
8964,123524,123524,Block,Cycles,334.5,,,0,,01/06/2011 12:00:00 AM +0000,1/6/2011 7:35:00 AM,1,,Mid-Block (not related to intersection),Daylight,S COLUMBIAN WAY BETWEEN S SPOKANE ST AND 15TH AVS TURN RD,0,1,Y,2,3387315,Wet,23,"MOTOR VEHICLE STRUCK PEDALCYCLIST, LEFT SIDE SIDESWIPE",11006042,19691,0,2,Injury Collision,,45,Bicycle,Matched,N,1,Overcast,0,"(47.570746394000025, -122.314147419)",24534,0,N,2011-6425
8987,123241,123241,Intersection,Cycles,0, ,,0,,10/05/2011 12:00:00 AM +0000,10/5/2011,1,27299,At Intersection (intersection related),Daylight,MONTLAKE BLVD NE AND NE PACIFIC ST,0,1,Y,2,3466718,Wet,18,"MOTOR VEHICLE STRUCK PEDALCYCLIST, FRONT END AT ANGLE",11278008,11910,0,2,Injury Collision,,45,Bicycle,Matched,0,1,Raining,0,"(47.648997404000056, -122.30459125899995)",0,524625,N,2011-327318
9076,122828,122828,Block,Cycles,104.5, ,,0,,04/30/2011 12:00:00 AM +0000,4/30/2011 4:55:00 PM,2,,Mid-Block (not related to intersection),Daylight,11TH AV SW ACCESS RD BETWEEN 13TH AVE SW AND KLICKITAT ER AVE SW,0,1,,2,3380426,Dry,51,PEDALCYCLIST STRUCK MOTOR VEHICLE FRONT END AT ANGLE,11120035,503982,2,2b,Serious Injury Collision,,45,Bicycle,Matched,N,1,Clear or Partly Cloudy,0,"(47.57286929400004, -122.35263643799999)",0,525537,N,2011-137442
9100,122820,122820,Intersection,Cycles,0,,,0,,04/27/2011 12:00:00 AM +0000,4/27/2011 1:36:00 PM,1,29817,At Intersection (intersection related),Daylight,BOREN AVE AND JEFFERSON ST,0,1,,2,3332045,Wet,51,PEDALCYCLIST STRUCK MOTOR VEHICLE FRONT END AT ANGLE,11117005,9309,0,2,Injury Collision,,45,Bicycle,Matched,N,1,Overcast,0,"(47.60576976800007, -122.32187715399999)",10442,0,N,11-133761
9162,122142,122142,Intersection,Cycles,0, ,,0,,06/27/2011 12:00:00 AM +0000,6/27/2011 9:39:00 AM,1,24323,At Intersection (intersection related),Daylight,FREMONT AVE N AND N 73RD ST,0,1,,2,3569074,Dry,51,PEDALCYCLIST STRUCK MOTOR VEHICLE FRONT END AT ANGLE,11178004,10516,1,2b,Serious Injury Collision,,45,Bicycle,Matched,N,1,Clear or Partly Cloudy,0,"(47.68180341500005, -122.34989069199997)",0,0,N,11-206282
9166,123955,123955,Intersection,Cycles,0, ,,0,,08/19/2011 12:00:00 AM +0000,8/19/2011 4:50:00 PM,1,29658,At Intersection (intersection related),Daylight,3RD AVE AND BROAD ST,0,1,,2,3561129,Dry,18,"MOTOR VEHICLE STRUCK PEDALCYCLIST, FRONT END AT ANGLE",11231031,4396,0,2,Injury Collision,,45,Bicycle,Matched,0,1,Clear or Partly Cloudy,0,"(47.61824782800005, -122.35078725599999)",0,521617,N,11-272609
9232,125318,125318,Intersection,Cycles,0,,,0,,08/10/2011 12:00:00 AM +0000,8/10/2011 9:39:00 PM,1,29662,At Intersection (intersection related),Dark - Street Lights On,DENNY WAY AND WARREN AVE N,0,1,,3,2616644,Dry,64,PEDALCYCLIST STRUCK PEDESTRIAN,11222026,9999,0,2,Injury Collision,,45,Bicycle,Matched,1,1,Clear or Partly Cloudy,0,"(47.618597022000074, -122.35414746599997)",20136,0,N,2011-262183
9329,126148,126148,Intersection,Cycles,0,,,0,,07/22/2011 12:00:00 AM +0000,7/22/2011 4:31:00 PM,1,36986,At Intersection (intersection related),Daylight,17TH AVE NW AND NW 85TH ST,0,1,,2,3561927,Dry,51,PEDALCYCLIST STRUCK MOTOR VEHICLE FRONT END AT ANGLE,11203002,2458,0,2,Injury Collision,,45,Bicycle,Matched,N,1,Clear or Partly Cloudy,0,"(47.69060246500004, -122.37895652499998)",0,0,N,11-237852
9358,124926,124926,Intersection,Cycles,0,,,0,,09/10/2011 12:00:00 AM +0000,9/10/2011 12:16:00 PM,1,28376,At Intersection (intersection related),Daylight,24TH AVE E AND E INTERLAKEN BLVD,0,1,Y,2,3329698,Dry,51,PEDALCYCLIST STRUCK MOTOR VEHICLE FRONT END AT ANGLE,11253008,3548,0,2,Injury Collision,,45,Bicycle,Matched,N,1,Clear or Partly Cloudy,0,"(47.634573061000026, -122.30157617799995)",22465,0,N,11-299311
9374,125592,125592,Intersection,Cycles,0, ,,0,,10/13/2011 12:00:00 AM +0000,10/13/2011 11:24:00 AM,1,27062,At Intersection (intersection related),Daylight,UNIVERSITY WAY NE AND NE 45TH ST,0,1,Y,2,3477248,Dry,18,"MOTOR VEHICLE STRUCK PEDALCYCLIST, FRONT END AT ANGLE",11286018,13222,0,2,Injury Collision,,45,Bicycle,Matched,0,1,Overcast,0,"(47.661269366000056, -122.31312965799998)",0,522429,N,11-335905
9394,125325,125325,Intersection,Cycles,0,,,0,,04/25/2011 12:00:00 AM +0000,4/25/2011 12:11:00 PM,1,29859,At Intersection (intersection related),Daylight,BELMONT AVE AND E PINE ST,0,1,Y,2,3386846,Wet,18,"MOTOR VEHICLE STRUCK PEDALCYCLIST, FRONT END AT ANGLE",11115007,9234,0,2,Injury Collision,,45,Bicycle,Matched,N,1,Raining,0,"(47.61522500500007, -122.32447263599994)",10368,0,N,11-131468
9493,124518,124518,Intersection,Cycles,0,,,0,,01/11/2011 12:00:00 AM +0000,1/11/2011 5:24:00 PM,1,30428,At Intersection (intersection related),Dark - Street Lights On,BOREN AVE S AND RAINIER AVE S,0,1,Y,2,3559633,Dry,18,"MOTOR VEHICLE STRUCK PEDALCYCLIST, FRONT END AT ANGLE",11011023,12340,0,2,Injury Collision,,45,Bicycle,Matched,N,1,Clear or Partly Cloudy,0,"(47.599210087000074, -122.31413725499999)",11002,0,N,2011 12719
9507,125606,125606,Block,Cycles,71.5,,,0,,09/20/2011 12:00:00 AM +0000,9/20/2011 11:08:00 AM,1,,Mid-Block (not related to intersection),Daylight,E OLIVE WAY BETWEEN BELMONT AVE E AND BOYLSTON W AVE E,0,1,,1,3287698,Dry,69,PEDALCYCLIST OVERTURNED IN ROAD,11263011,14588,0,2,Injury Collision,,45,Bicycle,Matched,0,0,Clear or Partly Cloudy,0,"(47.61974514500008, -122.32374795099997)",23250,0,N,2011-310383
9515,125470,125470,Intersection,Cycles,0, ,,0,,08/30/2011 12:00:00 AM +0000,8/30/2011 5:16:00 PM,1,30444,At Intersection (intersection related),Daylight,DEARBORN OFF RP AND S DEARBORN ST,0,1,,2,3559532,Dry,51,PEDALCYCLIST STRUCK MOTOR VEHICLE FRONT END AT ANGLE,11242002,19831,0,2,Injury Collision,,45,Bicycle,Matched,0,1,Clear or Partly Cloudy,0,"(47.595831547000046, -122.321370995)",0,525652,N,11 285904
9589,124255,124255,Block,Cycles,195.5, ,,0,Y,08/04/2011 12:00:00 AM +0000,8/4/2011 9:32:00 AM,1,,Mid-Block (but intersection related),Daylight,30TH AVE NE BETWEEN NE 143RD PL AND NE 145TH ST,0,1,,4,3374649,Dry,51,PEDALCYCLIST STRUCK MOTOR VEHICLE FRONT END AT ANGLE,11216009,4641,0,2,Injury Collision,,45,Bicycle,Matched,N,1,Clear or Partly Cloudy,0,"(47.73324858500007, -122.29652581199997)",17666,0,N,2011-253677
9618,126306,126306,Intersection,Cycles,0, ,,0,,03/18/2011 12:00:00 AM +0000,3/18/2011 3:05:00 PM,1,27244,At Intersection (intersection related),Daylight,LATONA AVE NE AND NE PACIFIC ST,0,1,,1,3564909,Dry,11,"MOTOR VEHICLE STRUCK MOTOR VEHICLE, FRONT END AT ANGLE",11077012,11289,0,2,Injury Collision,,45,Bicycle,Matched,N,0,Clear or Partly Cloudy,0,"(47.65488891200005, -122.32570273399995)",0,576113,N,11-88904
9623,125344,125344,Intersection,Cycles,0, ,,0,,08/17/2011 12:00:00 AM +0000,8/17/2011 9:17:00 PM,1,29761,At Intersection (intersection related),Dark - Street Lights On,12TH AVE AND E MADISON ST,0,1,,2,2617173,Dry,11,"MOTOR VEHICLE STRUCK MOTOR VEHICLE, FRONT END AT ANGLE",11229003,1536,0,2,Injury Collision,,45,Bicycle,Matched,0,1,Clear or Partly Cloudy,0,"(47.61288923600006, -122.31673339099996)",22954,0,N,2011-270478
9756,124818,124818,Block,Cycles,366,,,0,,03/14/2011 12:00:00 AM +0000,3/14/2011 3:16:00 PM,1,,Mid-Block (not related to intersection),Daylight,EAST MARGINAL WAY S BETWEEN S HINDS ST AND S SPOKANE NR ST,0,1,Y,2,3563205,Dry,23,"MOTOR VEHICLE STRUCK PEDALCYCLIST, LEFT SIDE SIDESWIPE",11073025,14387,0,2,Injury Collision,,45,Bicycle,Matched,N,1,Overcast,0,"(47.57270499800006, -122.33969154099998)",39455,0,N,2011 84370
9789,125765,125765,Block,Cycles,155.5,,,0,Y,01/25/2011 12:00:00 AM +0000,1/25/2011 3:20:00 PM,2,,Mid-Block (not related to intersection),Daylight,ALASKAN WAY BETWEEN SENECA ST AND UNIVERSITY ST,1,1,,2,3334778,Dry,18,"MOTOR VEHICLE STRUCK PEDALCYCLIST, FRONT END AT ANGLE",11025001,8722,0,2,Injury Collision,,45,Bicycle,Matched,N,0,Overcast,0,"(47.60554374800006, -122.34009165099997)",0,0,N,2011-29549
9792,125481,125481,Intersection,Cycles,0,,,0,,01/15/2011 12:00:00 AM +0000,1/15/2011 3:55:00 PM,0,25520,At Intersection (intersection related),Dark - Street Lights On,GREEN LAKE WAY N AND N 52ND ST,0,1,,2,3561689,Wet,51,PEDALCYCLIST STRUCK MOTOR VEHICLE FRONT END AT ANGLE,11015003,10695,0,1,Property Damage Only Collision,,45,Bicycle,Matched,N,1,Raining,0,"(47.66640717400003, -122.340090525)",40752,0,N,11-17440
9821,125623,125623,Block,Cycles,258,,,0,,12/17/2011 12:00:00 AM +0000,12/17/2011 1:49:00 PM,0,,Driveway Junction,Daylight,STONE WAY N BETWEEN N 38TH ST AND N 39TH ST,0,1,Y,2,3564362,Dry,18,"MOTOR VEHICLE STRUCK PEDALCYCLIST, FRONT END AT ANGLE",11351017,12958,0,1,Property Damage Only Collision,,45,Bicycle,Matched,N,1,Clear or Partly Cloudy,0,"(47.653411937000044, -122.34253836899995)",6298,0,N,11-403885
9840,126176,126176,Block,Cycles,181,,,0,Y,04/27/2011 12:00:00 AM +0000,4/27/2011 12:10:00 PM,1,,Mid-Block (not related to intersection),Daylight,12TH AVE BETWEEN E YESLER WAY AND E FIR ST,0,1,,2,3559814,Wet,18,"MOTOR VEHICLE STRUCK PEDALCYCLIST, FRONT END AT ANGLE",11117007,1523,0,2,Injury Collision,,45,Bicycle,Matched,N,1,Overcast,0,"(47.602188270000056, -122.316781849)",10556,0,N,11-133685
9844,126050,126050,Intersection,Cycles,0, ,,0,,02/02/2011 12:00:00 AM +0000,2/2/2011 11:58:00 AM,1,28994,At Intersection (intersection related),Daylight,BROADWAY E AND E MERCER ST,0,1,,2,3387007,Dry,51,PEDALCYCLIST STRUCK MOTOR VEHICLE FRONT END AT ANGLE,11033006,9456,0,2,Injury Collision,,45,Bicycle,Matched,N,1,Clear or Partly Cloudy,0,"(47.624269036000044, -122.32094238999997)",0,522273,N,2011-39097
9845,126049,126049,Block,Cycles,133,,,0,Y,01/31/2011 12:00:00 AM +0000,1/31/2011 5:39:00 PM,1,,Mid-Block (not related to intersection),Dark - Street Lights On,24TH AVE NW BETWEEN NW 56TH ST AND NW 57TH ST,0,1,,2,3565587,Dry,51,PEDALCYCLIST STRUCK MOTOR VEHICLE FRONT END AT ANGLE,11031011,3591,0,2,Injury Collision,,45,Bicycle,Matched,0,1,Overcast,0,"(47.66982111300007, -122.38758729899996)",1873,0,N,11-37016
9881,124688,124688,Intersection,Cycles,0, ,,0,,04/21/2011 12:00:00 AM +0000,4/21/2011 3:20:00 PM,1,30541,At Intersection (intersection related),Daylight,6TH AVE S AND SEATTLE W BLVD S,0,1,Y,2,3375517,Dry,18,"MOTOR VEHICLE STRUCK PEDALCYCLIST, FRONT END AT ANGLE",11111022,8652,0,2,Injury Collision,,45,Bicycle,Matched,N,1,Clear or Partly Cloudy,0,"(47.59513063900005, -122.32637666299996)",0,522974,N,11-127201
9909,124409,124409,Intersection,Cycles,0,,,0,,11/02/2011 12:00:00 AM +0000,11/2/2011 5:59:00 PM,1,29874,At Intersection (intersection related),Dark - Street Lights On,CRAWFORD PL AND E PIKE ST,0,1,Y,2,3567458,Wet,18,"MOTOR VEHICLE STRUCK PEDALCYCLIST, FRONT END AT ANGLE",11306010,9852,0,2,Injury Collision,Y,45,Bicycle,Matched,N,1,Raining,0,"(47.61408494700004, -122.32618770199997)",0,0,N,2011-357461
9972,125915,125915,Intersection,Cycles,0,,,0,,08/31/2011 12:00:00 AM +0000,8/31/2011 4:18:00 PM,1,28294,At Intersection (intersection related),Daylight,EASTLAKE AVE E AND E EDGAR ST,0,1,,2,3329697,Dry,51,PEDALCYCLIST STRUCK MOTOR VEHICLE FRONT END AT ANGLE,11243002,10180,0,2,Injury Collision,,45,Bicycle,Matched,0,1,Clear or Partly Cloudy,0,"(47.64449321800004, -122.32588269599995)",24696,0,N,11-287027
9987,125772,125772,Intersection,Cycles,0,,,0,,02/10/2011 12:00:00 AM +0000,2/10/2011 5:56:00 PM,1,31402,At Intersection (intersection related),Dark - Street Lights On,M L KING JR WAY S AND S MASSACHUSETTS ST,0,1,Y,2,3372587,Dry,51,PEDALCYCLIST STRUCK MOTOR VEHICLE FRONT END AT ANGLE,11041005,11511,0,2,Injury Collision,,45,Bicycle,Matched,N,1,Clear or Partly Cloudy,0,"(47.588311832000045, -122.29805065199997)",37744,0,N,11-49090
10179,124978,124978,Block,Cycles,151,,,0,,10/21/2011 12:00:00 AM +0000,10/21/2011 3:26:00 PM,1,,Mid-Block (not related to intersection),Daylight,35TH AVE NE BETWEEN NE 94TH ST AND NE 95TH ST,0,1,,2,3466935,Wet,21,"MOTOR VEHICLE STRUCK PEDALCYCLIST, REAR END",11294020,5380,0,2,Injury Collision,,45,Bicycle,Matched,N,1,Overcast,0,"(47.697043646000054, -122.29054415299998)",4178,0,N,11-344027
10238,125929,125929,Block,Cycles,165.5,,,0,,05/25/2011 12:00:00 AM +0000,5/25/2011 3:22:00 PM,1,,Driveway Junction,Daylight,SW BARTON ST BETWEEN 35TH AVE SW AND 36TH AVE SW,0,1,Y,4,3380254,Wet,51,PEDALCYCLIST STRUCK MOTOR VEHICLE FRONT END AT ANGLE,11145011,21852,0,2,Injury Collision,,45,Bicycle,Matched,0,1,Raining,0,"(47.52107441800007, -122.37742891299996)",29410,0,N,2011-166705
10283,126210,126210,Intersection,Cycles,0,,,0,,09/06/2011 12:00:00 AM +0000,9/6/2011,1,23860,At Intersection (intersection related),Daylight,15TH AVE NW AND NW 83RD ST,0,1,,2,3466335,Dry,51,PEDALCYCLIST STRUCK MOTOR VEHICLE FRONT END AT ANGLE,11249009,2119,0,2,Injury Collision,,45,Bicycle,Matched,0,1,Clear or Partly Cloudy,0,"(47.68872436500004, -122.37679944799999)",0,0,N,2011-294400
10367,126076,126076,Intersection,Cycles,0,,,0,Y,09/15/2011 12:00:00 AM +0000,9/15/2011 5:07:00 PM,1,28027,At Intersection (intersection related),Daylight,DEXTER AVE N AND HAYES ST,0,1,,2,3560859,Dry,51,PEDALCYCLIST STRUCK MOTOR VEHICLE FRONT END AT ANGLE,11258031,10087,1,2b,Serious Injury Collision,,45,Bicycle,Matched,N,1,Clear or Partly Cloudy,0,"(47.63396882600006, -122.34228374299994)",12989,0,N,2011-305344
10369,125517,125517,Block,Cycles,212,,,0,,08/31/2011 12:00:00 AM +0000,8/31/2011 6:10:00 PM,1,,Mid-Block (not related to intersection),Daylight,WESTERN AVE W BETWEEN 1ST AVE W AND 2ND AVE W,0,1,,3,3373882,Dry,56,PEDALCYCLIST STRUCK MOTOR VEHICLE LEFT SIDE SIDESWIPE,11243013,13520,0,2,Injury Collision,,45,Bicycle,Matched,N,2,Clear or Partly Cloudy,0,"(47.61940404000006, -122.35870600099997)",19121,0,N,2011-287139
10379,125939,125939,Intersection,Cycles,0,,,0,,12/08/2011 12:00:00 AM +0000,12/8/2011 6:37:00 AM,1,35855,At Intersection (intersection related),Dark - Street Lights On,15TH AVE NE AND NE 143RD ST,0,1,Y,2,3553859,Dry,18,"MOTOR VEHICLE STRUCK PEDALCYCLIST, FRONT END AT ANGLE",11342008,2096,0,2,Injury Collision,,45,Bicycle,Matched,N,1,Overcast,0,"(47.73212583000003, -122.31272410599996)",13467,0,N,11-34415*
10386,125936,125936,Block,Cycles,581.5,,,0,,09/07/2011 12:00:00 AM +0000,9/7/2011,1,,Driveway Junction,Dark - Street Lights On,SW AVALON WAY BETWEEN 30TH AVE SW AND SW GENESEE ST,0,1,,2,2896748,Dry,51,PEDALCYCLIST STRUCK MOTOR VEHICLE FRONT END AT ANGLE,11250031,21819,0,2,Injury Collision,,45,Bicycle,Matched,0,1,Clear or Partly Cloudy,0,"(47.56613850800005, -122.37167070799995)",3490,0,N,11-295861
10394,124445,124445,Intersection,Cycles,0,,,0,,07/27/2011 12:00:00 AM +0000,7/27/2011 8:27:00 AM,1,25787,At Intersection (intersection related),Daylight,8TH AVE NE AND NE 50TH ST,0,1,,2,3466578,Dry,18,"MOTOR VEHICLE STRUCK PEDALCYCLIST, FRONT END AT ANGLE",11208003,8310,0,2,Injury Collision,,45,Bicycle,Matched,0,1,Clear or Partly Cloudy,0,"(47.66495045700003, -122.31954187199995)",0,0,N,11-243450
10401,124309,124309,Intersection,Cycles,0, ,,0,,10/10/2011 12:00:00 AM +0000,10/10/2011 9:40:00 PM,1,25792,At Intersection (intersection related),Dark - Street Lights On,BROOKLYN AVE NE AND NE 50TH ST,0,1,,2,3545082,Wet,18,"MOTOR VEHICLE STRUCK PEDALCYCLIST, FRONT END AT ANGLE",11283005,9484,0,2,Injury Collision,,45,Bicycle,Matched,0,1,Raining,0,"(47.66490847500006, -122.31421009099995)",0,522488,N,2011-3545082
10404,124305,124305,Intersection,Cycles,0,,,0,,02/18/2011 12:00:00 AM +0000,2/18/2011 10:55:00 AM,1,29852,At Intersection (intersection related),Daylight,BOREN AVE AND HOWELL ST,0,1,,2,3375444,Dry,18,"MOTOR VEHICLE STRUCK PEDALCYCLIST, FRONT END AT ANGLE",11049001,9322,0,2,Injury Collision,,45,Bicycle,Matched,N,1,Clear or Partly Cloudy,0,"(47.61617112400006, -122.33141659899997)",24955,0,N,2011-57936
10409,126359,126359,Intersection,Cycles,0,,,0,,01/13/2011 12:00:00 AM +0000,1/13/2011 7:08:00 AM,1,34850,At Intersection (intersection related),Dark - Street Lights On,DELRIDGE WAY SW AND SW CLOVERDALE ST,0,1,,2,3287931,Wet,18,"MOTOR VEHICLE STRUCK PEDALCYCLIST, FRONT END AT ANGLE",11013005,9986,1,2b,Serious Injury Collision,,45,Bicycle,Matched,N,1,Raining,0,"(47.526488474000075, -122.36046956599995)",0,0,N,11-14447
10414,126356,126356,Intersection,Cycles,0,,,0,,11/26/2011 12:00:00 AM +0000,11/26/2011 3:58:00 AM,0,29599,At Intersection (intersection related),Dark - Street Lights On,1ST AVE AND UNION ST,0,1,,2,3561391,Dry,51,PEDALCYCLIST STRUCK MOTOR VEHICLE FRONT END AT ANGLE,11330003,1008,0,1,Property Damage Only Collision,,45,Bicycle,Matched,N,1,Clear or Partly Cloudy,0,"(47.60782816200003, -122.33910533499994)",36670,0,N,11 381263
10470,124862,124862,Intersection,Cycles,0,,,0,,04/11/2011 12:00:00 AM +0000,4/11/2011 7:32:00 PM,0,32203,At Intersection (intersection related),Daylight,11TH AVE SW AND SW SPOKANE NR ST,0,1,,2,3380335,Dry,51,PEDALCYCLIST STRUCK MOTOR VEHICLE FRONT END AT ANGLE,11101007,22833,0,1,Property Damage Only Collision,,45,Bicycle,Matched,N,1,Clear or Partly Cloudy,0,"(47.57165394200007, -122.34924289499997)",42051,0,N,2011-115918
10581,126224,126224,Block,Cycles,329.5, ,,0,,11/06/2011 12:00:00 AM +0000,11/6/2011 3:55:00 PM,0,,Mid-Block (not related to intersection),Daylight,FAUNTLEROY WAY SW BETWEEN SW MONROE ST AND SW ROSE ST,0,1,,2,3553276,Dry,14,"MOTOR VEHICLE STRUCK MOTOR VEHICLE, REAR END",11310015,10415,0,1,Property Damage Only Collision,,45,Bicycle,Matched,N,1,Clear or Partly Cloudy,0,"(47.53065875900006, -122.39270799599996)",3014,0,N,2011-361672
10644,124326,124326,Intersection,Cycles,0, ,,0,,10/28/2011 12:00:00 AM +0000,10/28/2011 3:10:00 AM,1,29535,At Intersection (intersection related),Dark - Street Lights On,6TH AVE AND BLANCHARD ST,0,2,,2,3546578,Dry,51,PEDALCYCLIST STRUCK MOTOR VEHICLE FRONT END AT ANGLE,11301038,7891,0,2,Injury Collision,,45,Bicycle,Matched,0,0,Clear or Partly Cloudy,0,"(47.61592967000007, -122.34091505199996)",14204,0,N,11-351136
10659,126375,126375,Intersection,Cycles,0,,,0,,01/20/2011 12:00:00 AM +0000,1/20/2011 2:44:00 PM,1,30118,At Intersection (intersection related),Daylight,16TH AVE AND E HOWELL ST,0,1,,2,3559430,Dry,18,"MOTOR VEHICLE STRUCK PEDALCYCLIST, FRONT END AT ANGLE",11020014,2232,0,2,Injury Collision,,45,Bicycle,Matched,N,1,Overcast,0,"(47.617613522000056, -122.31144474899997)",0,0,N,11-23519
10690,126098,126098,Intersection,Cycles,0,,,0,,06/07/2011 12:00:00 AM +0000,6/7/2011,1,24276,At Intersection (intersection related),Daylight,AURORA AVE N AND GREEN LAKE DR N,0,1,,3,3553011,Wet,18,"MOTOR VEHICLE STRUCK PEDALCYCLIST, FRONT END AT ANGLE",11158001,8961,0,2,Injury Collision,,45,Bicycle,Matched,0,1,Overcast,0,"(47.68911276600005, -122.34451443499995)",10506,0,N,11 182439
10727,125272,125272,Block,Cycles,93.5,,,0,,02/26/2011 12:00:00 AM +0000,2/26/2011 1:54:00 PM,1,,Mid-Block (not related to intersection),Daylight,BALLARD AVE NW BETWEEN NW IONE PL AND 20TH AVE NW,0,1,,2,3276850,Dry,18,"MOTOR VEHICLE STRUCK PEDALCYCLIST, FRONT END AT ANGLE",11057004,9043,0,2,Injury Collision,,45,Bicycle,Matched,N,1,Overcast,0,"(47.66530412000003, -122.38189667699999)",26305,0,N,11-66551
10739,125139,125139,Intersection,Cycles,0,,,0,,09/17/2011 12:00:00 AM +0000,9/17/2011 10:00:00 PM,0,30367,,Dark - Street Lights On,ALASKAN WAY S AND S KING ST,0,1,,2,3477400,Dry,00,NOT ENOUGH INFORMATION / NOT APPLICABLE,11260036,8739,0,1,Property Damage Only Collision,,45,Bicycle,Matched,N,1,Overcast,0,"(47.59829223200006, -122.33590723199995)",41782,0,N,11-309209
10809,125961,125961,Intersection,Cycles,0,,,0,,12/16/2011 12:00:00 AM +0000,12/16/2011 9:45:00 PM,1,30643,At Intersection (intersection related),Dark - Street Lights On,M L KING JR WAY S AND S DEARBORN ST,0,1,Y,2,3559710,Dry,18,"MOTOR VEHICLE STRUCK PEDALCYCLIST, FRONT END AT ANGLE",11350004,11505,0,2,Injury Collision,,45,Bicycle,Matched,N,1,Overcast,0,"(47.595526791000054, -122.29757109099995)",10254,0,N,2011-403262
10944,124614,124614,Intersection,Cycles,0,,,0,,09/15/2011 12:00:00 AM +0000,9/15/2011 8:50:00 AM,1,29414,At Intersection (intersection related),Daylight,37TH AVE E AND E MADISON ST,0,1,,2,3566384,Dry,51,PEDALCYCLIST STRUCK MOTOR VEHICLE FRONT END AT ANGLE,11258004,5690,0,2,Injury Collision,,45,Bicycle,Matched,0,1,Clear or Partly Cloudy,0,"(47.63074651300008, -122.28546357999994)",0,0,N,11-304860
10974,125154,125154,Intersection,Cycles,0,,,0,,07/02/2011 12:00:00 AM +0000,7/2/2011 1:33:00 PM,1,29740,At Intersection (intersection related),Daylight,12TH AVE AND E PINE ST,0,1,Y,2,3329695,Dry,21,"MOTOR VEHICLE STRUCK PEDALCYCLIST, REAR END",11183019,1547,0,2,Injury Collision,,45,Bicycle,Matched,N,1,Clear or Partly Cloudy,0,"(47.61526393300005, -122.31685416899995)",10420,0,N,11-212725
10984,124903,124903,Intersection,Cycles,0,,,0,,09/05/2011 12:00:00 AM +0000,9/5/2011,1,36325,At Intersection (intersection related),Dusk,DENSMORE AVE N AND N 122ND ST,0,1,,3,3564593,Dry,18,"MOTOR VEHICLE STRUCK PEDALCYCLIST, FRONT END AT ANGLE",11248024,10054,0,2,Injury Collision,,45,Bicycle,Matched,0,1,Clear or Partly Cloudy,0,"(47.71711499400004, -122.33729387399995)",5656,0,N,2011-293134
10995,124761,124761,Intersection,Cycles,0,,,0,,09/20/2011 12:00:00 AM +0000,9/20/2011 6:00:00 PM,1,30511,At Intersection (intersection related),Daylight,6TH AVE S AND S JACKSON ST,0,1,,2,3560903,Dry,51,PEDALCYCLIST STRUCK MOTOR VEHICLE FRONT END AT ANGLE,11263031,7983,0,2,Injury Collision,,45,Bicycle,Matched,0,1,Clear or Partly Cloudy,0,"(47.599192756000036, -122.326360524)",24407,0,N,11-310807
11042,125982,125982,Intersection,Cycles,0,,,0,,01/20/2011 12:00:00 AM +0000,1/20/2011 5:00:00 PM,1,32203,At Intersection (intersection related),Dark - Street Lights On,11TH AVE SW AND SW SPOKANE NR ST,0,1,,2,3331420,Wet,51,PEDALCYCLIST STRUCK MOTOR VEHICLE FRONT END AT ANGLE,11020015,22833,0,2,Injury Collision,,45,Bicycle,Matched,N,1,Raining,0,"(47.57165394200007, -122.34924289499997)",0,0,N,11-23687
11126,124484,124484,Intersection,Cycles,0,,,0,,09/19/2011 12:00:00 AM +0000,9/19/2011 3:30:00 PM,1,30125,At Intersection (intersection related),Daylight,19TH AVE AND E MADISON ST,0,1,,2,3559644,Dry,18,"MOTOR VEHICLE STRUCK PEDALCYCLIST, FRONT END AT ANGLE",11262004,2651,0,2,Injury Collision,,45,Bicycle,Matched,0,1,Clear or Partly Cloudy,0,"(47.61673275900006, -122.30740915799998)",8688,0,N,11-309554
11186,125708,125708,Intersection,Cycles,0, ,,0,,04/21/2011 12:00:00 AM +0000,4/21/2011 4:57:00 PM,1,27065,At Intersection (intersection related),Daylight,11TH AVE NE AND NE 45TH ST,0,1,,2,2802588,Dry,18,"MOTOR VEHICLE STRUCK PEDALCYCLIST, FRONT END AT ANGLE",11111011,1409,0,2,Injury Collision,,45,Bicycle,Matched,N,1,Clear or Partly Cloudy,0,"(47.66129196000003, -122.31657893399995)",0,520889,N,11-127300