OBJECTID,INCKEY,COLDETKEY,ADDRTYPE,COLLISIONTYPE,DISTANCE,EXCEPTRSNCODE,EXCEPTRSNDESC,FATALITIES,INATTENTIONIND,INCDATE,INCDTTM,INJURIES,INTKEY,JUNCTIONTYPE,LIGHTCOND,LOCATION,PEDCOUNT,PEDCYLCOUNT,PEDROWNOTGRNT,PERSONCOUNT,REPORTNO,ROADCOND,SDOT_COLCODE,SDOT_COLDESC,SDOTCOLNUM,SEGKEY,SERIOUSINJURIES,SEVERITYCODE,SEVERITYDESC,SPEEDING,ST_COLCODE,ST_COLDESC,STATUS,UNDERINFL,VEHCOUNT,WEATHER,WIDTH,Shape,SEGLANEKEY,CROSSWALKKEY,HITPARKEDCAR,SPDCASENO
11189,125573,125573,Intersection,Cycles,0,,,0,,06/22/2011 12:00:00 AM +0000,6/22/2011 3:28:00 PM,1,26077,At Intersection (intersection related),Daylight,18TH AVE NE AND NE 45TH ST,0,1,,2,3568970,Dry,51,PEDALCYCLIST STRUCK MOTOR VEHICLE FRONT END AT ANGLE,11173013,2561,0,2,Injury Collision,,45,Bicycle,Matched,N,1,Overcast,0,"(47.661258786000076, -122.30838142199997)",0,0,N,2011-200480
11206,126406,126406,Intersection,Cycles,0,,,0,,09/11/2011 12:00:00 AM +0000,9/11/2011 1:53:00 AM,1,25789,At Intersection (intersection related),Dark - Street Lights On,ROOSEVELT WAY NE AND NE 50TH ST,0,1,,2,3377316,Dry,51,PEDALCYCLIST STRUCK MOTOR VEHICLE FRONT END AT ANGLE,11254004,12601,0,2,Injury Collision,,45,Bicycle,Matched,0,1,Clear or Partly Cloudy,0,"(47.664937344000066, -122.31740379099995)",21441,0,N,11-300181
11219,126131,126131,Intersection,Cycles,0, ,,0,,07/12/2011 12:00:00 AM +0000,7/12/2011 6:48:00 PM,1,287164,At Intersection (intersection related),Daylight,30TH AVE NE AND BURKE GILMAN TRL,0,1,,3,3466991,Dry,18,"MOTOR VEHICLE STRUCK PEDALCYCLIST, FRONT END AT ANGLE",11193003,287208,0,2,Injury Collision,,45,Bicycle,Matched,N,1,Clear or Partly Cloudy,0,"(47.66444733600008, -122.29561786299996)",0,525568,N,11-225992
11272,125172,125172,Intersection,Cycles,0, ,,0,,10/24/2011 12:00:00 AM +0000,10/24/2011 7:02:00 AM,1,25423,At Intersection (intersection related),Dark - Street Lights On,14TH AVE NW AND NW MARKET ST,0,1,Y,2,3545165,Wet,18,"MOTOR VEHICLE STRUCK PEDALCYCLIST, FRONT END AT ANGLE",11297005,1895,0,2,Injury Collision,,45,Bicycle,Matched,0,1,Raining,0,"(47.66866536800006, -122.37358850399994)",0,525119,N,2011-346647
11322,125859,125859,Block,Cycles,306.5,,,0,,08/05/2011 12:00:00 AM +0000,8/5/2011 1:51:00 AM,1,,Mid-Block (not related to intersection),Dark - Street Lights On,EAST MARGINAL WAY S BETWEEN S DAWSON ST AND S BRANDON ST,0,1,,2,3372809,Dry,21,"MOTOR VEHICLE STRUCK PEDALCYCLIST, REAR END",11217023,14398,0,2,Injury Collision,,45,Bicycle,Matched,N,1,Clear or Partly Cloudy,0,"(47.554977234000035, -122.33783000099999)",20500,0,N,11 254768
11346,124369,124369,Intersection,Cycles,0,,,0,,10/11/2011 12:00:00 AM +0000,10/11/2011 8:29:00 AM,1,24276,At Intersection (intersection related),Daylight,AURORA AVE N AND GREEN LAKE DR N,0,1,,2,3564741,Wet,18,"MOTOR VEHICLE STRUCK PEDALCYCLIST, FRONT END AT ANGLE",11284013,8961,0,2,Injury Collision,,45,Bicycle,Matched,0,1,Overcast,0,"(47.68911276600005, -122.34451443499995)",0,0,N,11 333379
11351,124364,124364,Block,Cycles,316.5, ,,0,,08/13/2011 12:00:00 AM +0000,8/13/2011 7:04:00 PM,1,,Mid-Block (not related to intersection),Daylight,DELRIDGE WAY SW BETWEEN 17TH AVE SW AND SW ROXBURY ST,0,1,,2,3342641,Dry,24,MOTOR VEHCILE STRUCK PEDESTRIAN,11225017,9994,0,2,Injury Collision,,45,Bicycle,Matched,0,1,Clear or Partly Cloudy,0,"(47.518102713000076, -122.35583053499994)",0,522696,N,11-265614
11386,124786,124786,Intersection,Cycles,0,,,0,,06/18/2011 12:00:00 AM +0000,6/18/2011 10:20:00 AM,1,26651,At Intersection (intersection related),Daylight,3RD AVE NW AND NW 41ST N ST,0,1,,1,3569073,Dry,18,"MOTOR VEHICLE STRUCK PEDALCYCLIST, FRONT END AT ANGLE",11169052,4448,0,2,Injury Collision,,45,Bicycle,Matched,N,0,Clear or Partly Cloudy,0,"(47.65694412200003, -122.36081648699997)",27064,0,N,11-195566
11387,124785,124785,Intersection,Cycles,0, ,,0,,06/18/2011 12:00:00 AM +0000,6/18/2011 1:07:00 PM,1,26629,At Intersection (intersection related),Daylight,8TH AVE NW AND NW 43RD N ST,0,1,,3,3552457,Wet,18,"MOTOR VEHICLE STRUCK PEDALCYCLIST, FRONT END AT ANGLE",11169036,8370,0,2,Injury Collision,,45,Bicycle,Matched,N,1,Raining,0,"(47.65926930000006, -122.36612505699998)",0,523915,N,11-195682
11424,127955,127955,Block,Cycles,140.5,,,0,,09/03/2011 12:00:00 AM +0000,9/3/2011,1,,Mid-Block (not related to intersection),Daylight,ALKI AVE SW BETWEEN 57TH AVE SW AND 58TH AVE SW,0,1,,3,3295760,Dry,56,PEDALCYCLIST STRUCK MOTOR VEHICLE LEFT SIDE SIDESWIPE,11246034,8793,0,2,Injury Collision,,45,Bicycle,Matched,0,2,Clear or Partly Cloudy,0,"(47.58106997300007, -122.40567760799996)",3625,0,N,11-290877
11442,127677,127677,Intersection,Cycles,0,,,0,,10/26/2011 12:00:00 AM +0000,10/26/2011 9:06:00 AM,1,28400,At Intersection (intersection related),Daylight,20TH AVE E AND E LOUISA ST,0,1,Y,5,3387021,Dry,51,PEDALCYCLIST STRUCK MOTOR VEHICLE FRONT END AT ANGLE,11299029,2959,0,2,Injury Collision,Y,45,Bicycle,Matched,0,3,Overcast,0,"(47.642460578000055, -122.30551182299996)",0,0,N,11349017
11455,128646,128646,Intersection,Cycles,0,,,0,,12/09/2011 12:00:00 AM +0000,12/9/2011 5:03:00 PM,1,29807,At Intersection (intersection related),Dark - Street Lights On,13TH AVE AND E JEFFERSON ST,0,1,Y,2,3566139,Dry,51,PEDALCYCLIST STRUCK MOTOR VEHICLE FRONT END AT ANGLE,11343015,1730,1,2b,Serious Injury Collision,,45,Bicycle,Matched,N,1,Clear or Partly Cloudy,0,"(47.60619746400005, -122.31547073999997)",10463,0,N,11-395796
11458,128512,128512,Block,Cycles,266,,,0,Y,03/29/2011 12:00:00 AM +0000,3/29/2011 7:13:00 AM,1,,Mid-Block (not related to intersection),Daylight,ROOSEVELT WAY NE BETWEEN NE 43RD N ST AND NE 45TH ST,0,1,Y,2,3376934,Dry,18,"MOTOR VEHICLE STRUCK PEDALCYCLIST, FRONT END AT ANGLE",11088021,12598,0,2,Injury Collision,,45,Bicycle,Matched,N,1,Clear or Partly Cloudy,0,"(47.660577379000074, -122.31772271499995)",9001,0,N,11-10059
11471,128367,128367,Intersection,Cycles,0,,,0,,03/22/2011 12:00:00 AM +0000,3/22/2011 9:23:00 AM,1,28744,At Intersection (intersection related),Daylight,BROAD ST AND VALLEY ST,0,1,Y,2,3567839,Dry,51,PEDALCYCLIST STRUCK MOTOR VEHICLE FRONT END AT ANGLE,11081002,13265,1,2b,Serious Injury Collision,,45,Bicycle,Matched,N,1,Clear or Partly Cloudy,0,"(47.625795769000035, -122.33863455)",31158,0,N,11-92826
11489,126988,126988,Block,Cycles,140,,,0,Y,11/22/2011 12:00:00 AM +0000,11/22/2011 5:08:00 PM,1,,Mid-Block (not related to intersection),Dark - Street Lights On,STONE WAY N BETWEEN N 47TH ST AND N 48TH ST,0,1,,2,3466873,Wet,21,"MOTOR VEHICLE STRUCK PEDALCYCLIST, REAR END",11326024,12971,0,2,Injury Collision,,45,Bicycle,Matched,N,1,Raining,0,"(47.663220756000044, -122.34138543199998)",6404,0,N,11-378184
11515,127126,127126,Block,Cycles,266,,,0,,06/03/2011 12:00:00 AM +0000,6/3/2011 9:28:00 AM,1,,Mid-Block (not related to intersection),Daylight,ROOSEVELT WAY NE BETWEEN NE 43RD N ST AND NE 45TH ST,0,1,Y,2,3559146,Dry,51,PEDALCYCLIST STRUCK MOTOR VEHICLE FRONT END AT ANGLE,11154022,12598,0,2,Injury Collision,,45,Bicycle,Matched,N,1,Clear or Partly Cloudy,0,"(47.660577379000074, -122.31772271499995)",9002,0,N,11-176809
11579,127959,127959,Intersection,Cycles,0,,,0,,12/03/2011 12:00:00 AM +0000,12/3/2011 1:57:00 AM,1,27063,At Intersection (intersection related),Dark - Street Lights On,BROOKLYN AVE NE AND NE 45TH ST,0,1,,3,2501942,Dry,18,"MOTOR VEHICLE STRUCK PEDALCYCLIST, FRONT END AT ANGLE",11337034,9482,0,2,Injury Collision,,45,Bicycle,Matched,Y,1,Overcast,0,"(47.661276978000046, -122.314285816)",6974,0,N,11-002375
11583,128378,128378,Block,Cycles,139.5,,,0,,04/20/2011 12:00:00 AM +0000,4/20/2011 6:27:00 AM,1,,Mid-Block (not related to intersection),Daylight,DEXTER AVE N BETWEEN MCGRAW ST AND 6TH AVE N,0,1,,1,3375531,Dry,69,PEDALCYCLIST OVERTURNED IN ROAD,11110001,10091,0,2,Injury Collision,,45,Bicycle,Matched,N,0,Overcast,0,"(47.63994985000005, -122.34427418799999)",13332,0,N,11-125666
11601,126571,126571,Block,Cycles,160,,,0,,05/18/2011 12:00:00 AM +0000,5/18/2011 8:00:00 PM,1,,Mid-Block (not related to intersection),Daylight,N 34TH ST BETWEEN WOODLAND PARK AVE N AND STONE WAY N,0,1,,2,3552679,Dry,21,"MOTOR VEHICLE STRUCK PEDALCYCLIST, REAR END",11138022,15289,1,2b,Serious Injury Collision,,45,Bicycle,Matched,Y,1,Clear or Partly Cloudy,0,"(47.64863709600007, -122.34341043199998)",8850,0,N,11-158800
11667,127689,127689,Block,Cycles,230.5,,,0,Y,10/31/2011 12:00:00 AM +0000,10/31/2011 7:52:00 PM,1,,Driveway Junction,Dark - Street Lights On,GILMAN AVE W BETWEEN 25TH AVE W AND 26TH AVE W,0,1,Y,3,3334733,Dry,51,PEDALCYCLIST STRUCK MOTOR VEHICLE FRONT END AT ANGLE,11304016,10640,0,2,Injury Collision,,45,Bicycle,Matched,N,1,Overcast,0,"(47.65813371200005, -122.38931511299995)",15458,0,N,11-355247
11730,128106,128106,Intersection,Cycles,0, ,,0,,02/08/2011 12:00:00 AM +0000,2/8/2011 8:38:00 AM,1,26026,At Intersection (but not related to intersection),Daylight,17TH AVE NE AND NE RAVENNA WB BV,0,1,,2,3287275,Dry,18,"MOTOR VEHICLE STRUCK PEDALCYCLIST, FRONT END AT ANGLE",11039002,2381,0,2,Injury Collision,,45,Bicycle,Matched,N,1,Clear or Partly Cloudy,0,"(47.670114839000064, -122.30962051299997)",32688,0,N,11-46044
11741,127972,127972,Block,Cycles,107,,,0,,08/21/2011 12:00:00 AM +0000,8/21/2011 12:02:00 PM,1,,Mid-Block (not related to intersection),Daylight,DENNY WAY BETWEEN FAIRVIEW AVE AND MINOR AVE,0,1,,3,3383696,Dry,54,PEDALCYCLIST STRUCK MOTOR VEHICLE REAR END,11233007,10019,0,2,Injury Collision,,45,Bicycle,Matched,0,1,Clear or Partly Cloudy,0,"(47.61851590800006, -122.33382329299997)",23526,0,N,2011-274692
11805,127278,127278,Intersection,Cycles,0, ,,0,,08/01/2011 12:00:00 AM +0000,8/1/2011,1,28797,At Intersection (intersection related),Dark - Street Lights On,DEXTER AVE N AND JOHN ST,0,1,,2,3341793,Dry,18,"MOTOR VEHICLE STRUCK PEDALCYCLIST, FRONT END AT ANGLE",11213011,10072,0,2,Injury Collision,,45,Bicycle,Matched,0,1,Clear or Partly Cloudy,0,"(47.61971961300003, -122.342391712)",12606,0,N,11-250598
11823,127699,127699,Block,Cycles,380.5,,,0,,11/05/2011 12:00:00 AM +0000,11/5/2011 5:11:00 PM,1,,Mid-Block (not related to intersection),Dusk,S JACKSON ST BETWEEN 12TH AVE S AND 14TH AVE S,0,1,,2,3287437,Dry,56,PEDALCYCLIST STRUCK MOTOR VEHICLE LEFT SIDE SIDESWIPE,11309027,20494,0,2,Injury Collision,,45,Bicycle,Matched,N,1,Clear or Partly Cloudy,0,"(47.59919951900008, -122.31568207499998)",11001,0,N,11-359577
11844,128256,128256,Intersection,Cycles,0, ,,0,Y,07/08/2011 12:00:00 AM +0000,7/8/2011 2:40:00 PM,2,27244,At Intersection (intersection related),Daylight,LATONA AVE NE AND NE PACIFIC ST,0,1,,3,3569193,Dry,18,"MOTOR VEHICLE STRUCK PEDALCYCLIST, FRONT END AT ANGLE",11189009,11289,0,2,Injury Collision,,45,Bicycle,Matched,N,1,Clear or Partly Cloudy,0,"(47.65488891200005, -122.32570273399995)",0,576113,N,11-221085
11929,127422,127422,Block,Cycles,95.5,,,0,,06/23/2011 12:00:00 AM +0000,6/23/2011 7:40:00 AM,1,,Driveway Junction,Daylight,FAUNTLEROY WAY SW BETWEEN 37TH AVE SW AND SW OREGON ST,0,1,Y,2,3562830,Unknown,51,PEDALCYCLIST STRUCK MOTOR VEHICLE FRONT END AT ANGLE,11174027,10384,0,2,Injury Collision,,45,Bicycle,Matched,N,1,Unknown,0,"(47.563069047000056, -122.37902694899998)",19809,0,N,2011-206755
11945,127850,127850,Intersection,Cycles,0,,,0,,03/10/2011 12:00:00 AM +0000,3/10/2011 8:03:00 AM,0,29877,At Intersection (intersection related),Daylight,MELROSE AVE AND PIKE ST,0,1,Y,2,3375731,Wet,18,"MOTOR VEHICLE STRUCK PEDALCYCLIST, FRONT END AT ANGLE",11069007,11744,0,1,Property Damage Only Collision,,45,Bicycle,Matched,N,1,Raining,0,"(47.61393023000005, -122.32780457599995)",31114,0,N,11-79493
11976,127428,127428,Intersection,Cycles,0,,,0,,06/28/2011 12:00:00 AM +0000,6/28/2011 8:15:00 AM,1,36351,At Intersection (intersection related),Daylight,AURORA AVE N AND N 107TH N ST,0,1,Y,2,3565338,Dry,18,"MOTOR VEHICLE STRUCK PEDALCYCLIST, FRONT END AT ANGLE",11179003,8987,0,2,Injury Collision,,45,Bicycle,Matched,N,1,Clear or Partly Cloudy,0,"(47.70686821900006, -122.34472400799996)",0,0,N,11-207464
12011,126879,126879,Intersection,Cycles,0,,,0,,08/11/2011 12:00:00 AM +0000,8/11/2011 1:18:00 PM,1,37278,At Intersection (intersection related),Daylight,INTERLAKE AVE N AND N NORTHGATE WAY,0,1,,2,3466427,Dry,18,"MOTOR VEHICLE STRUCK PEDALCYCLIST, FRONT END AT ANGLE",11223004,11024,0,2,Injury Collision,,45,Bicycle,Matched,0,1,Clear or Partly Cloudy,0,"(47.70504576500008, -122.34064840199994)",18936,0,N,2011-262924
12181,126887,126887,Intersection,Cycles,0,,,0,Y,03/04/2011 12:00:00 AM +0000,3/4/2011 6:48:00 AM,1,30145,At Intersection (intersection related),Daylight,19TH AVE AND E UNION ST,0,1,,1,3332116,Wet,69,PEDALCYCLIST OVERTURNED IN ROAD,11063002,2649,0,2,Injury Collision,,45,Bicycle,Matched,N,0,Overcast,0,"(47.61289826800004, -122.30750481599995)",9335,0,N,2011-72579
12208,127864,127864,Block,Cycles,153, ,,0,,03/11/2011 12:00:00 AM +0000,3/11/2011 5:32:00 PM,2,,Mid-Block (not related to intersection),Dusk,ALASKAN WAY S BETWEEN S MAIN ST AND S JACKSON ST,0,1,,4,3335206,Dry,54,PEDALCYCLIST STRUCK MOTOR VEHICLE REAR END,11070030,8737,0,2,Injury Collision,,45,Bicycle,Matched,0,2,Clear or Partly Cloudy,0,"(47.599628291000045, -122.33590981799995)",0,0,N,2011-81291
12229,127591,127591,Block,Cycles,140,,,0,,08/27/2011 12:00:00 AM +0000,8/27/2011 8:06:00 AM,1,,Mid-Block (not related to intersection),Daylight,NE 45TH ST BETWEEN 15TH AVE NE AND 16TH AVE NE,0,1,,2,3564382,Dry,18,"MOTOR VEHICLE STRUCK PEDALCYCLIST, FRONT END AT ANGLE",11239007,16853,0,2,Injury Collision,,45,Bicycle,Matched,0,1,Clear or Partly Cloudy,0,"(47.661261471000046, -122.31142720799994)",6944,0,N,2011-281882
12239,127448,127448,Block,Cycles,314,,,0,,05/04/2011 12:00:00 AM +0000,5/4/2011 8:00:00 AM,1,,Mid-Block (not related to intersection),Daylight,5TH AVE S BETWEEN S WELLER ST AND S DEARBORN ST,0,1,,2,2898009,Unknown,56,PEDALCYCLIST STRUCK MOTOR VEHICLE LEFT SIDE SIDESWIPE,11124011,7361,0,2,Injury Collision,,45,Bicycle,Matched,N,1,Unknown,0,"(47.596656745000075, -122.32768064899994)",31131,0,N,2011-141743
12347,127877,127877,Block,Cycles,727.5, ,,0,,07/21/2011 12:00:00 AM +0000,7/21/2011 9:28:00 AM,1,,Driveway Junction,Daylight,26TH AVE E BETWEEN BOYER AVE E AND E NEWTON ST,0,1,,2,3329572,Wet,18,"MOTOR VEHICLE STRUCK PEDALCYCLIST, FRONT END AT ANGLE",11202035,3855,0,2,Injury Collision,,45,Bicycle,Matched,N,1,Raining,0,"(47.635908906000054, -122.29947268399997)",0,0,N,2011-236103
12364,127451,127451,Intersection,Cycles,0,,,0,,08/16/2011 12:00:00 AM +0000,8/16/2011 9:40:00 AM,1,27153,At Intersection (intersection related),Daylight,EASTLAKE AVE E AND FUHRMAN AVE E,0,1,Y,2,3283074,Dry,18,"MOTOR VEHICLE STRUCK PEDALCYCLIST, FRONT END AT ANGLE",11228004,10579,0,2,Injury Collision,,45,Bicycle,Matched,N,1,Clear or Partly Cloudy,0,"(47.65157827200005, -122.32127525699997)",6078,0,N,2011-268550
12398,128435,128435,Intersection,Cycles,0,,,0,,04/22/2011 12:00:00 AM +0000,4/22/2011 11:32:00 AM,1,25184,At Intersection (intersection related),Daylight,SHILSHOLE AVE NW AND NW 46TH ST,0,1,,3,3568847,Dry,18,"MOTOR VEHICLE STRUCK PEDALCYCLIST, FRONT END AT ANGLE",11112013,12827,0,2,Injury Collision,,45,Bicycle,Matched,N,1,Clear or Partly Cloudy,0,"(47.66220710200008, -122.37830241899997)",41180,0,N,11-128057
12399,128434,128434,Intersection,Cycles,0,,,0,,04/22/2011 12:00:00 AM +0000,4/22/2011 8:52:00 PM,1,27108,At Intersection (intersection related),Dark - Street Lights On,UNIVERSITY WAY NE AND NE 40TH ST,0,1,Y,2,3332812,Dry,51,PEDALCYCLIST STRUCK MOTOR VEHICLE FRONT END AT ANGLE,11112008,13216,1,2b,Serious Injury Collision,,45,Bicycle,Matched,N,1,Clear or Partly Cloudy,0,"(47.65535371000004, -122.31328484099998)",5695,0,N,11-12841
12423,127178,127178,Intersection,Cycles,0,,,0,,09/20/2011 12:00:00 AM +0000,9/20/2011 6:45:00 AM,1,24202,,Daylight,9TH AVE NW AND NW 67TH ST,0,1,Y,2,3552795,Dry,00,NOT ENOUGH INFORMATION / NOT APPLICABLE,11263039,8584,1,2b,Serious Injury Collision,,45,Bicycle,Matched,0,1,Clear or Partly Cloudy,0,"(47.67778076600007, -122.36872089599996)",0,0,N,11-311709
12431,126627,126627,Block,Cycles,161,,,0,,09/09/2011 12:00:00 AM +0000,9/9/2011 12:10:00 PM,2,,Mid-Block (not related to intersection),Daylight,STEWART ST BETWEEN 8TH AVE AND 9TH AVE,1,1,Y,2,3561078,Dry,64,PEDALCYCLIST STRUCK PEDESTRIAN,11252017,12905,0,2,Injury Collision,,45,Bicycle,Matched,N,0,Clear or Partly Cloudy,0,"(47.615283472000044, -122.33486718099999)",13684,0,N,2011-297902
12442,126909,126909,Intersection,Cycles,0, ,,0,,05/07/2011 12:00:00 AM +0000,5/7/2011 11:55:00 AM,1,27900,At Intersection (intersection related),Daylight,15TH AVE W AND GILMAN UPPER DR W,0,1,,2,3560787,Dry,18,"MOTOR VEHICLE STRUCK PEDALCYCLIST, FRONT END AT ANGLE",11127005,2191,0,2,Injury Collision,,45,Bicycle,Matched,N,1,Overcast,0,"(47.64294366300004, -122.37616970399995)",0,522927,N,11-145674
12459,126488,126488,Intersection,Cycles,0,,,0,,05/07/2011 12:00:00 AM +0000,5/7/2011 1:30:00 PM,1,31755,At Intersection (intersection related),Daylight,BEACH DR SW AND SW GENESEE ST,0,1,,2,3295916,Unknown,18,"MOTOR VEHICLE STRUCK PEDALCYCLIST, FRONT END AT ANGLE",11127023,9098,0,2,Injury Collision,,45,Bicycle,Matched,N,1,Unknown,0,"(47.564926135000064, -122.40707645099997)",4019,0,N,11-15621
12475,127321,127321,Block,Cycles,104.5,,,0,,05/07/2011 12:00:00 AM +0000,5/7/2011 4:02:00 PM,1,,Mid-Block (not related to intersection),Daylight,DENNY WAY BETWEEN PONTIUS AVE N AND YALE AVE,0,1,,3,3375522,Dry,54,PEDALCYCLIST STRUCK MOTOR VEHICLE REAR END,11127018,10021,0,2,Injury Collision,Y,45,Bicycle,Matched,N,1,Overcast,0,"(47.61850928500007, -122.33182090399998)",23543,0,N,11-145865
12516,128442,128442,Intersection,Cycles,0, ,,0,,03/09/2011 12:00:00 AM +0000,3/9/2011 9:07:00 AM,1,28914,At Intersection (intersection related),Daylight,5TH AVE N AND MERCER ST,0,1,Y,2,3375712,Wet,18,"MOTOR VEHICLE STRUCK PEDALCYCLIST, FRONT END AT ANGLE",11068008,7264,0,2,Injury Collision,,45,Bicycle,Matched,N,1,Overcast,0,"(47.62456147800003, -122.34757101999998)",0,521786,N,11-78387
12597,127752,127752,Intersection,Cycles,0, ,,0,,11/02/2011 12:00:00 AM +0000,11/2/2011 7:22:00 AM,1,27009,At Intersection (intersection related),Dawn,FREMONT AVE N AND FREMONT WAY N,0,1,Y,2,3564744,Dry,51,PEDALCYCLIST STRUCK MOTOR VEHICLE FRONT END AT ANGLE,11306005,10489,1,2b,Serious Injury Collision,,45,Bicycle,Matched,N,1,Clear or Partly Cloudy,0,"(47.654140263000045, -122.34990535199995)",0,522550,N,11-356853
12704,126644,126644,Block,Cycles,121.5,,,0,,06/28/2011 12:00:00 AM +0000,6/28/2011 5:58:00 PM,1,,Mid-Block (not related to intersection),Daylight,18TH AVE E BETWEEN E GLEN ST AND E JOHN ST,0,1,,6,3207710,Dry,51,PEDALCYCLIST STRUCK MOTOR VEHICLE FRONT END AT ANGLE,11179016,2547,0,2,Injury Collision,,45,Bicycle,Matched,N,2,Overcast,0,"(47.61933430300007, -122.30877376499996)",0,0,N,2011-208069
12768,127064,127064,Intersection,Cycles,0, ,,0,,01/25/2011 12:00:00 AM +0000,1/25/2011 12:51:00 PM,1,36342,At Intersection (intersection related),Daylight,AURORA AVE N AND N 115TH ST,0,1,Y,2,3328037,Dry,18,"MOTOR VEHICLE STRUCK PEDALCYCLIST, FRONT END AT ANGLE",11025008,8990,0,2,Injury Collision,,45,Bicycle,Matched,0,1,Overcast,0,"(47.712319223000065, -122.34481366499995)",0,523138,N,11-29364
12789,128458,128458,Intersection,Cycles,0,,,0,,08/11/2011 12:00:00 AM +0000,8/11/2011 12:17:00 PM,1,28917,At Intersection (intersection related),Daylight,2ND AVE N AND MERCER ST,0,1,,2,3562784,Dry,18,"MOTOR VEHICLE STRUCK PEDALCYCLIST, FRONT END AT ANGLE",11223019,2775,0,2,Injury Collision,,45,Bicycle,Matched,0,1,Clear or Partly Cloudy,0,"(47.624572741000065, -122.35279216099997)",0,0,N,11-262858
12809,127905,127905,Block,Cycles,482.5,,,0,,08/26/2011 12:00:00 AM +0000,8/26/2011 6:14:00 PM,1,,Mid-Block (not related to intersection),Daylight,BOYER AVE E BETWEEN EVERETT AVE E AND BOYER UPPER AVE E,0,1,,2,3329696,Dry,54,PEDALCYCLIST STRUCK MOTOR VEHICLE REAR END,11238036,9363,0,2,Injury Collision,,45,Bicycle,Matched,0,1,Clear or Partly Cloudy,0,"(47.642607111000075, -122.31573812299996)",6021,0,N,11-281131
12844,126936,126936,Intersection,Cycles,0,,,0,,08/20/2011 12:00:00 AM +0000,8/20/2011 3:25:00 PM,1,24499,At Intersection (intersection related),Daylight,ROOSEVELT WAY NE AND NE 66TH ST,0,1,,2,3569196,Dry,51,PEDALCYCLIST STRUCK MOTOR VEHICLE FRONT END AT ANGLE,11232013,12616,0,2,Injury Collision,,45,Bicycle,Matched,0,1,Clear or Partly Cloudy,0,"(47.67655440100003, -122.31737321599996)",9394,0,N,11-273684
12867,126932,126932,Block,Cycles,214,,,0,,08/11/2011 12:00:00 AM +0000,8/11/2011 11:49:00 AM,1,,Mid-Block (not related to intersection),Daylight,WESTERN AVE BETWEEN PIKE ST AND PINE ST,0,1,Y,2,3325687,Dry,18,"MOTOR VEHICLE STRUCK PEDALCYCLIST, FRONT END AT ANGLE",11223026,13504,0,2,Injury Collision,,45,Bicycle,Matched,N,1,Clear or Partly Cloudy,0,"(47.608854335000046, -122.34157917699997)",13043,0,N,2011-262828
12875,126935,126935,Intersection,Cycles,0,,,0,,08/20/2011 12:00:00 AM +0000,8/20/2011 9:00:00 PM,1,27093,At Intersection (intersection related),Dark - Street Lights On,ROOSEVELT WAY NE AND NE 42ND S ST,0,1,Y,5,3466756,Dry,51,PEDALCYCLIST STRUCK MOTOR VEHICLE FRONT END AT ANGLE,11232011,12595,0,2,Injury Collision,,45,Bicycle,Matched,Y,1,Clear or Partly Cloudy,0,"(47.65751422500006, -122.31780212899997)",8985,0,N,2011-274003
12973,126945,126945,Block,Cycles,1142,,,0,,03/29/2011 12:00:00 AM +0000,3/29/2011 6:28:00 PM,1,,Mid-Block (not related to intersection),Daylight,EAST MARGINAL WAY S BETWEEN S STACY ST AND S HANFORD ST,0,1,,2,3331947,Wet,51,PEDALCYCLIST STRUCK MOTOR VEHICLE FRONT END AT ANGLE,11088016,14384,0,2,Injury Collision,,45,Bicycle,Matched,N,1,Raining,0,"(47.57871214800008, -122.33998271099995)",0,0,N,11-101187
12976,126942,126942,Block,Cycles,133,,,0,,08/25/2011 12:00:00 AM +0000,8/25/2011 8:33:00 PM,0,,Mid-Block (not related to intersection),Daylight,17TH AVE NW BETWEEN NW 56TH ST AND NW 57TH ST,0,1,,2,3284739,Dry,55,PEDALCYCLIST STRUCK MOTOR VEHICLE RIGHT SIDE SIDESWIPE,11237011,2441,0,1,Property Damage Only Collision,,45,Bicycle,Matched,0,1,Clear or Partly Cloudy,0,"(47.66980899200007, -122.37888342299999)",0,0,N,11-279885
13024,127780,127780,Intersection,Cycles,0, ,,0,,12/10/2011 12:00:00 AM +0000,12/10/2011 5:20:00 PM,1,25785,At Intersection (intersection related),Dark - Street Lights On,5TH AVE NE AND NE 50TH ST,0,1,Y,2,3544988,Dry,18,"MOTOR VEHICLE STRUCK PEDALCYCLIST, FRONT END AT ANGLE",11344012,7290,0,2,Injury Collision,,45,Bicycle,Matched,N,1,Overcast,0,"(47.66497536500003, -122.32286255999998)",0,521819,N,11 396812
13027,127777,127777,Intersection,Cycles,0,,,0,,09/13/2011 12:00:00 AM +0000,9/13/2011 5:25:00 PM,1,27130,At Intersection (intersection related),Daylight,ROOSEVELT WAY NE AND NE 40TH ALLEY ST,0,1,,2,3559200,Dry,51,PEDALCYCLIST STRUCK MOTOR VEHICLE FRONT END AT ANGLE,11256029,12593,0,2,Injury Collision,,45,Bicycle,Matched,0,1,Overcast,0,"(47.656301849000045, -122.31783423699994)",11662,0,N,11-303009
13077,128618,128618,Intersection,Cycles,0,,,0,,06/24/2011 12:00:00 AM +0000,6/24/2011 6:01:00 AM,1,30181,At Intersection (intersection related),Daylight,15TH AVE AND E CHERRY ST,0,1,,1,3559958,Wet,69,PEDALCYCLIST OVERTURNED IN ROAD,11175013,1991,0,2,Injury Collision,,45,Bicycle,Matched,N,0,Raining,0,"(47.60804262600004, -122.31284738099998)",9527,0,N,2011-202564