OBJECTID,INCKEY,COLDETKEY,ADDRTYPE,COLLISIONTYPE,DISTANCE,EXCEPTRSNCODE,EXCEPTRSNDESC,FATALITIES,INATTENTIONIND,INCDATE,INCDTTM,INJURIES,INTKEY,JUNCTIONTYPE,LIGHTCOND,LOCATION,PEDCOUNT,PEDCYLCOUNT,PEDROWNOTGRNT,PERSONCOUNT,REPORTNO,ROADCOND,SDOT_COLCODE,SDOT_COLDESC,SDOTCOLNUM,SEGKEY,SERIOUSINJURIES,SEVERITYCODE,SEVERITYDESC,SPEEDING,ST_COLCODE,ST_COLDESC,STATUS,UNDERINFL,VEHCOUNT,WEATHER,WIDTH,Shape,SEGLANEKEY,CROSSWALKKEY,HITPARKEDCAR,SPDCASENO
13078,128617,128617,Intersection,Cycles,0,,,0,,06/24/2011 12:00:00 AM +0000,6/24/2011 5:13:00 PM,1,36635,At Intersection (intersection related),Daylight,LAKE CITY WAY NE AND NE 117TH ST,0,1,,2,3553081,Dry,51,PEDALCYCLIST STRUCK MOTOR VEHICLE FRONT END AT ANGLE,11175004,11178,0,2,Injury Collision,,45,Bicycle,Matched,0,1,Overcast,0,"(47.71421240700005, -122.29822972699998)",17898,0,N,2011-203227
13084,128611,128611,Intersection,Cycles,0, ,,0,,06/26/2011 12:00:00 AM +0000,6/26/2011 4:02:00 PM,1,26629,At Intersection (intersection related),Daylight,8TH AVE NW AND NW 43RD N ST,0,1,,3,3568867,Dry,51,PEDALCYCLIST STRUCK MOTOR VEHICLE FRONT END AT ANGLE,11177003,8370,0,2,Injury Collision,,45,Bicycle,Matched,N,1,Clear or Partly Cloudy,0,"(47.65926930000006, -122.36612505699998)",0,523915,N,11-205507
13115,127222,127222,Intersection,Cycles,0,,,0,,07/17/2011 12:00:00 AM +0000,7/17/2011 9:45:00 AM,1,26659,At Intersection (intersection related),Daylight,LEARY WAY NW AND NW BOWDOIN N PL,0,1,,2,3466995,Dry,18,"MOTOR VEHICLE STRUCK PEDALCYCLIST, FRONT END AT ANGLE",11198011,11337,0,2,Injury Collision,,45,Bicycle,Matched,N,1,Clear or Partly Cloudy,0,"(47.655188431000056, -122.36107153899997)",17436,0,N,11-231VV8
13160,127784,127784,Block,Cycles,209.5,,,0,,06/04/2011 12:00:00 AM +0000,6/4/2011 1:58:00 PM,1,,Mid-Block (not related to intersection),Daylight,LAKE WASHINGTON BLVD S BETWEEN LAKE WASHINGTON LOWER BLVD S AND S IRVING ST,0,1,,2,3565862,Dry,53,PEDALCYCLIST STRUCK MOTOR VEHICLE LEFT SIDE AT ANGLE,11155028,11224,0,2,Injury Collision,,45,Bicycle,Matched,N,1,Clear or Partly Cloudy,0,"(47.59171093900005, -122.28916826299997)",40996,0,N,2011-178447
13204,128339,128339,Intersection,Cycles,0,,,0,,06/18/2011 12:00:00 AM +0000,6/18/2011 1:39:00 AM,1,29869,At Intersection (intersection related),Dark - Street Lights On,HOWELL ST AND OLIVE WAY,0,1,,3,3373917,Dry,18,"MOTOR VEHICLE STRUCK PEDALCYCLIST, FRONT END AT ANGLE",11169023,8282,0,2,Injury Collision,,45,Bicycle,Matched,N,1,Clear or Partly Cloudy,0,"(47.61405656100004, -122.33406083199998)",14009,0,N,2011-195236
13242,127930,127930,Intersection,Cycles,0,,,0,,08/03/2011 12:00:00 AM +0000,8/3/2011,1,28258,At Intersection (intersection related),Daylight,10TH AVE E AND E NEWTON ST,0,1,,2,3283393,Dry,51,PEDALCYCLIST STRUCK MOTOR VEHICLE FRONT END AT ANGLE,11215017,1298,0,2,Injury Collision,,45,Bicycle,Matched,0,1,Clear or Partly Cloudy,0,"(47.63725179700003, -122.32007982299996)",6111,0,N,2011-252835
13260,126960,126960,Block,Cycles,467,,,0,,08/18/2011 12:00:00 AM +0000,8/18/2011 10:20:00 AM,1,,Mid-Block (not related to intersection),Daylight,E MADISON ST BETWEEN 29TH E AVE E AND LAKE WASHINGTON BLVD E,0,1,,2,3566417,Dry,54,PEDALCYCLIST STRUCK MOTOR VEHICLE REAR END,11230010,14364,0,2,Injury Collision,,45,Bicycle,Matched,0,1,Clear or Partly Cloudy,0,"(47.62511058800004, -122.29377870599996)",34631,0,N,11-270968
13321,127375,127375,Intersection,Cycles,0,,,0,,07/07/2011 12:00:00 AM +0000,7/7/2011 12:16:00 PM,1,30508,At Intersection (intersection related),Daylight,2ND AV ET S AND S JACKSON ST,0,1,Y,2,3373317,Dry,51,PEDALCYCLIST STRUCK MOTOR VEHICLE FRONT END AT ANGLE,11188016,2924,0,2,Injury Collision,,45,Bicycle,Matched,N,1,Overcast,0,"(47.59919793100005, -122.32967854199995)",4859,0,N,11-219762
13353,127937,127937,Block,Cycles,161.5,,,0,,05/20/2011 12:00:00 AM +0000,5/20/2011 5:45:00 PM,1,,Mid-Block (not related to intersection),Daylight,HOWELL ST BETWEEN BOREN AVE AND MINOR AVE,0,1,Y,2,2616655,Dry,22,"MOTOR VEHICLE STRUCK PEDALCYCLIST, RIGHT SIDE SIDESWIPE",11140043,10963,0,2,Injury Collision,,45,Bicycle,Matched,0,1,Clear or Partly Cloudy,0,"(47.61650595100008, -122.330991617)",14396,0,N,11-163746
13375,126544,126544,Block,Cycles,160.5,,,0,,05/20/2011 12:00:00 AM +0000,5/20/2011 10:46:00 AM,1,,Mid-Block (not related to intersection),Daylight,S JACKSON ST BETWEEN 2ND AVE S AND 3RD AVE S,0,1,,3,3375633,Dry,23,"MOTOR VEHICLE STRUCK PEDALCYCLIST, LEFT SIDE SIDESWIPE",11140032,20484,0,2,Injury Collision,,45,Bicycle,Matched,N,1,Clear or Partly Cloudy,0,"(47.59919974400003, -122.33092876799998)",4851,0,N,2011-160421
13449,127383,127383,Intersection,Cycles,0,,,0,,07/14/2011 12:00:00 AM +0000,7/14/2011 5:48:00 PM,1,35987,At Intersection (intersection related),Daylight,LAKE CITY WAY NE AND NE 145TH ST,0,1,Y,6,3561976,Dry,00,NOT ENOUGH INFORMATION / NOT APPLICABLE,11195012,16699,0,2,Injury Collision,,45,Bicycle,Matched,N,1,Clear or Partly Cloudy,0,"(47.733752809000066, -122.29243345199995)",0,0,N,11-228246
13459,127243,127243,Block,Cycles,248.5,,,0,,04/12/2011 12:00:00 AM +0000,4/12/2011 10:19:00 AM,1,,Mid-Block (but intersection related),Daylight,23RD AVE S BETWEEN E YESLER WAY AND S MAIN ST,0,1,,2,3344139,Dry,18,"MOTOR VEHICLE STRUCK PEDALCYCLIST, FRONT END AT ANGLE",11102016,3442,0,2,Injury Collision,,45,Bicycle,Matched,N,1,Clear or Partly Cloudy,0,"(47.601003467000055, -122.30223582899998)",24583,0,N,2011-116524
13466,128222,128222,Block,Cycles,216.5,,,0,,06/23/2011 12:00:00 AM +0000,6/23/2011 4:25:00 PM,1,,Mid-Block (not related to intersection),Daylight,NE 130TH ST BETWEEN 30TH AVE NE AND 31ST AVE NE,0,1,,2,3565293,Dry,18,"MOTOR VEHICLE STRUCK PEDALCYCLIST, FRONT END AT ANGLE",11174028,16552,0,2,Injury Collision,,45,Bicycle,Matched,N,1,Overcast,0,"(47.72289977100007, -122.29548048099997)",0,0,N,11-201859
13469,128219,128219,Block,Cycles,178,,,0,,06/21/2011 12:00:00 AM +0000,6/21/2011 12:40:00 PM,1,,Mid-Block (but intersection related),Daylight,W EMERSON PL BETWEEN 21ST AVE W AND 22ND AVE W,0,1,Y,2,3561736,Dry,54,PEDALCYCLIST STRUCK MOTOR VEHICLE REAR END,11172008,23272,0,2,Injury Collision,,45,Bicycle,Matched,N,1,Clear or Partly Cloudy,0,"(47.655834121000055, -122.384039858)",29634,0,N,2011-198933
13483,127945,127945,Intersection,Cycles,0,,,0,,01/24/2011 12:00:00 AM +0000,1/24/2011 12:57:00 PM,0,33119,At Intersection (intersection related),Daylight,AIRPORT WAY S AND S NEBRASKA ST,0,1,,2,3285499,Wet,18,"MOTOR VEHICLE STRUCK PEDALCYCLIST, FRONT END AT ANGLE",11024005,8695,0,1,Property Damage Only Collision,,45,Bicycle,Matched,N,1,Raining,0,"(47.549556100000075, -122.31720776899999)",0,0,N,11-28124
13529,127111,127111,Intersection,Cycles,0,,,0,,05/30/2011 12:00:00 AM +0000,5/30/2011 9:50:00 PM,1,27090,At Intersection (intersection related),Dark - Street Lights On,UNIVERSITY WAY NE AND NE 42ND ST,0,1,,3,3377310,Dry,69,PEDALCYCLIST OVERTURNED IN ROAD,11150001,13220,0,2,Injury Collision,Y,45,Bicycle,Matched,Y,2,Clear or Partly Cloudy,0,"(47.65831484900008, -122.31320716799996)",5663,0,N,11-172770
13547,126699,126699,Intersection,Cycles,0, ,,0,,10/25/2011 12:00:00 AM +0000,10/25/2011 2:38:00 PM,1,31203,At Intersection (intersection related),Daylight,ALASKAN WAY S AND S MASSACHUSETTS ST,0,1,,2,3373268,Dry,18,"MOTOR VEHICLE STRUCK PEDALCYCLIST, FRONT END AT ANGLE",11298005,8743,0,2,Injury Collision,,45,Bicycle,Matched,0,1,Clear or Partly Cloudy,0,"(47.58831040300004, -122.33844063699996)",0,630867,N,11-348123
13624,130876,130876,Intersection,Cycles,0,,,0,,05/25/2012 12:00:00 AM +0000,5/25/2012 3:50:00 PM,1,25466,At Intersection (intersection related),Daylight,8TH AVE NW AND NW 47TH ST,0,1,,2,3564850,Dry,18,"MOTOR VEHICLE STRUCK PEDALCYCLIST, FRONT END AT ANGLE",12146014,8376,0,2,Injury Collision,,45,Bicycle,Matched,N,1,Clear or Partly Cloudy,0,"(47.66292215200008, -122.36619335799998)",26366,0,N,12 161442
13645,130466,130466,Intersection,Cycles,0,,,0,,10/08/2011 12:00:00 AM +0000,10/8/2011,0,29576,At Intersection (intersection related),Dark - Street Lights On,5TH AVE AND PIKE ST,0,1,,2,3546608,Unknown,18,"MOTOR VEHICLE STRUCK PEDALCYCLIST, FRONT END AT ANGLE",11281005,7237,0,1,Property Damage Only Collision,,45,Bicycle,Matched,0,1,Unknown,0,"(47.61067790300007, -122.33557402499997)",21852,0,N,2011-330675
13693,129627,129627,Intersection,Cycles,0,,,0,,11/24/2011 12:00:00 AM +0000,11/24/2011 1:55:00 AM,1,25800,At Intersection (intersection related),Dark - Street Lights On,ROOSEVELT WAY NE AND NE 47TH ST,0,1,Y,2,3344542,Wet,51,PEDALCYCLIST STRUCK MOTOR VEHICLE FRONT END AT ANGLE,11328004,12600,0,2,Injury Collision,,45,Bicycle,Matched,N,1,Clear or Partly Cloudy,0,"(47.66311774400003, -122.31742343199994)",0,0,N,11-379612
13735,130052,130052,Block,Cycles,232,,,0,,04/02/2011 12:00:00 AM +0000,4/2/2011,1,,Mid-Block (not related to intersection),Daylight,AURORA AVE N BETWEEN N 141ST ST AND N 143RD ST,0,1,,2,3564858,Wet,53,PEDALCYCLIST STRUCK MOTOR VEHICLE LEFT SIDE AT ANGLE,11092019,8999,0,2,Injury Collision,,45,Bicycle,Matched,0,1,Raining,0,"(47.73167278300008, -122.34507003299996)",14937,0,N,2011-105759
13805,128793,128793,Intersection,Cycles,0,,,1,,07/28/2011 12:00:00 AM +0000,7/28/2011 3:44:00 PM,0,28788,At Intersection (intersection related),Daylight,DEXTER AVE N AND THOMAS ST,0,1,Y,2,3562160,Dry,18,"MOTOR VEHICLE STRUCK PEDALCYCLIST, FRONT END AT ANGLE",11209006,10073,0,3,Fatality Collision,,45,Bicycle,Matched,N,1,Clear or Partly Cloudy,0,"(47.620888395000065, -122.34238173099999)",12606,0,N,2011-245264
13836,129783,129783,Intersection,Cycles,0,,,0,,10/27/2011 12:00:00 AM +0000,10/27/2011 5:26:00 PM,1,29863,At Intersection (intersection related),Daylight,MELROSE AVE AND PINE ST,0,1,,2,3387023,Dry,18,"MOTOR VEHICLE STRUCK PEDALCYCLIST, FRONT END AT ANGLE",11300006,11745,0,2,Injury Collision,,45,Bicycle,Matched,0,1,Clear or Partly Cloudy,0,"(47.615238420000026, -122.32790375499997)",11517,0,N,11-350643
13862,129499,129499,Intersection,Cycles,0,,,0,,08/18/2011 12:00:00 AM +0000,8/18/2011 1:15:00 PM,1,35167,At Intersection (intersection related),Daylight,5TH AVE S AND S TRENTON S ST,0,1,,2,3380244,Dry,51,PEDALCYCLIST STRUCK MOTOR VEHICLE FRONT END AT ANGLE,11230016,7386,0,2,Injury Collision,,45,Bicycle,Matched,0,1,Clear or Partly Cloudy,0,"(47.524628654000026, -122.32822898199998)",0,0,N,11-271130
13913,130754,130754,Intersection,Cycles,0,,,0,,09/29/2011 12:00:00 AM +0000,9/29/2011 5:47:00 AM,0,28681,At Intersection (intersection related),Dawn,ELLIOTT AVE W AND W GALER ST FLYOVER,0,1,Y,2,3544908,Dry,18,"MOTOR VEHICLE STRUCK PEDALCYCLIST, FRONT END AT ANGLE",11272006,10222,0,1,Property Damage Only Collision,,45,Bicycle,Matched,N,1,Clear or Partly Cloudy,0,"(47.63147291800004, -122.37466289599996)",19264,0,N,2011-320354
13928,130482,130482,Block,Cycles,165.5,,,0,,07/03/2011 12:00:00 AM +0000,7/3/2011 6:56:00 PM,1,,Mid-Block (not related to intersection),Dusk,3RD AVE NE BETWEEN NE 115TH ST AND NE 116TH ST,0,1,,5,3564815,Dry,18,"MOTOR VEHICLE STRUCK PEDALCYCLIST, FRONT END AT ANGLE",11184017,4421,0,2,Injury Collision,,45,Bicycle,Matched,N,1,Clear or Partly Cloudy,0,"(47.71269928400005, -122.32606199199995)",0,0,N,11-214181
13934,130755,130755,Block,Cycles,161,,,0,,07/09/2011 12:00:00 AM +0000,7/9/2011 5:49:00 PM,1,,Mid-Block (not related to intersection),Daylight,HARVARD AVE E BETWEEN E GWINN PL AND E ALLISON ST,0,1,Y,2,2617480,Dry,54,PEDALCYCLIST STRUCK MOTOR VEHICLE REAR END,11190008,10861,0,2,Injury Collision,,45,Bicycle,Matched,N,1,Clear or Partly Cloudy,0,"(47.64826733800004, -122.32209994099998)",6051,0,N,11-222426
13960,128807,128807,Intersection,Cycles,0,,,0,,03/23/2011 12:00:00 AM +0000,3/23/2011 7:44:00 PM,1,30174,At Intersection (intersection related),Dark - Street Lights On,22ND AVE AND E CHERRY ST,0,1,Y,3,3559890,Dry,18,"MOTOR VEHICLE STRUCK PEDALCYCLIST, FRONT END AT ANGLE",11082033,3229,0,2,Injury Collision,,45,Bicycle,Matched,N,1,Clear or Partly Cloudy,0,"(47.60801107700007, -122.30372151999995)",9559,0,N,11-94546
13996,129507,129507,Block,Cycles,248,,,0,,09/13/2011 12:00:00 AM +0000,9/13/2011 5:25:00 PM,1,,Mid-Block (not related to intersection),Daylight,7TH AVE S BETWEEN S PLUMMER ST AND AIRPORT NB WAY S,0,1,,3,3373265,Dry,51,PEDALCYCLIST STRUCK MOTOR VEHICLE FRONT END AT ANGLE,11256015,8213,0,2,Injury Collision,,45,Bicycle,Matched,N,1,Clear or Partly Cloudy,0,"(47.59347648700003, -122.32377278299998)",16261,0,N,11-303007
14021,130207,130207,Intersection,Cycles,0,,,0,,12/13/2011 12:00:00 AM +0000,12/13/2011 5:16:00 PM,0,37407,At Intersection (intersection related),Dark - Street Lights On,FREMONT AVE N AND N 100TH ST,0,1,,2,3554549,Wet,18,"MOTOR VEHICLE STRUCK PEDALCYCLIST, FRONT END AT ANGLE",11347032,10543,0,1,Property Damage Only Collision,,45,Bicycle,Matched,N,1,Raining,0,"(47.70144567700004, -122.35003997299998)",0,0,N,2011 399673
14051,130627,130627,Intersection,Cycles,0,,,0,,06/20/2011 12:00:00 AM +0000,6/20/2011 10:21:00 AM,1,29734,At Intersection (intersection related),Daylight,BOYLSTON AVE AND E PINE ST,0,1,,2,3566094,Dry,18,"MOTOR VEHICLE STRUCK PEDALCYCLIST, FRONT END AT ANGLE",11171017,9375,0,2,Injury Collision,,45,Bicycle,Matched,N,1,Clear or Partly Cloudy,0,"(47.61523114200003, -122.32341547099998)",10372,0,N,2011-197594
14147,129657,129657,Intersection,Cycles,0,,,0,,01/20/2011 12:00:00 AM +0000,1/20/2011 11:48:00 PM,0,29177,At Intersection (intersection related),Unknown,E HOWELL ST AND E OLIVE WAY,0,1,Y,2,3329274,Wet,18,"MOTOR VEHICLE STRUCK PEDALCYCLIST, FRONT END AT ANGLE",11020016,14170,0,1,Property Damage Only Collision,,45,Bicycle,Matched,N,1,Raining,0,"(47.61773646800003, -122.32625385499995)",23270,0,N,11-24080
14174,130360,130360,Intersection,Cycles,0,,,0,,03/16/2011 12:00:00 AM +0000,3/16/2011 7:51:00 AM,1,30135,At Intersection (intersection related),Daylight,15TH AVE AND E PINE ST,0,1,Y,3,3344138,Wet,18,"MOTOR VEHICLE STRUCK PEDALCYCLIST, FRONT END AT ANGLE",11075009,1998,0,2,Injury Collision,,45,Bicycle,Matched,N,1,Clear or Partly Cloudy,0,"(47.61528703600004, -122.31276624799995)",31300,0,N,2011-86146
14260,129948,129948,Block,Cycles,327.5, ,,0,,04/26/2011 12:00:00 AM +0000,4/26/2011 8:26:00 AM,1,,Driveway Junction,Daylight,DELRIDGE WAY SW BETWEEN SW THISTLE ST AND SW CLOVERDALE ST,0,1,Y,2,3197565,Dry,18,"MOTOR VEHICLE STRUCK PEDALCYCLIST, FRONT END AT ANGLE",11116014,9985,0,2,Injury Collision,,45,Bicycle,Matched,N,1,Overcast,0,"(47.52738740700005, -122.36046479799995)",0,0,N,11-132339
14362,129110,129110,Block,Cycles,132,,,0,,11/27/2011 12:00:00 AM +0000,11/27/2011 3:00:00 PM,1,,Driveway Junction,Daylight,AURORA AVE N BETWEEN N 100TH ST AND N 101ST ST,0,1,Y,2,3545027,Dry,24,MOTOR VEHCILE STRUCK PEDESTRIAN,11331031,8979,0,2,Injury Collision,,45,Bicycle,Matched,N,1,Clear or Partly Cloudy,0,"(47.70179073800006, -122.34465536399995)",0,0,N,2011-382718
14384,128970,128970,Intersection,Cycles,0, ,,0,,07/26/2011 12:00:00 AM +0000,7/26/2011 12:04:00 AM,1,29860,At Intersection (intersection related),Dark - Street Lights On,SUMMIT AVE AND E PINE ST,0,1,,2,2805987,Wet,18,"MOTOR VEHICLE STRUCK PEDALCYCLIST, FRONT END AT ANGLE",11207002,12987,0,2,Injury Collision,,45,Bicycle,Matched,0,1,Overcast,0,"(47.615218748000075, -122.325528841)",10354,0,N,11-241870
14427,129398,129398,Intersection,Cycles,0,,,0,,07/25/2011 12:00:00 AM +0000,7/25/2011 8:12:00 PM,1,35254,At Intersection (intersection related),Daylight,44TH AVE S AND S CLOVERDALE ST,0,1,,3,3545913,Dry,21,"MOTOR VEHICLE STRUCK PEDALCYCLIST, REAR END",11206011,6727,0,2,Injury Collision,,45,Bicycle,Matched,0,1,Clear or Partly Cloudy,0,"(47.52611940700007, -122.27805754799999)",0,0,N,2011-241708
14466,130096,130096,Intersection,Cycles,0,,,0,,09/07/2011 12:00:00 AM +0000,9/7/2011,1,29026,At Intersection (intersection related),Daylight,FEDERAL AVE E AND E HARRISON ST,0,1,,4,3559439,Dry,51,PEDALCYCLIST STRUCK MOTOR VEHICLE FRONT END AT ANGLE,11250007,10428,0,2,Injury Collision,,45,Bicycle,Matched,0,1,Clear or Partly Cloudy,0,"(47.62197703100003, -122.31887378399995)",0,0,N,11-295456
14528,129678,129678,Intersection,Cycles,0,,,0,Y,01/28/2011 12:00:00 AM +0000,1/28/2011 5:41:00 PM,1,28294,At Intersection (intersection related),Dark - Street Lights On,EASTLAKE AVE E AND E EDGAR ST,0,1,Y,3,3559514,Wet,18,"MOTOR VEHICLE STRUCK PEDALCYCLIST, FRONT END AT ANGLE",11028002,10180,0,2,Injury Collision,,45,Bicycle,Matched,N,1,Overcast,0,"(47.64449321800004, -122.32588269599995)",24709,0,N,11-33507
14533,129543,129543,Block,Cycles,610.5,,,0,,06/29/2011 12:00:00 AM +0000,6/29/2011 6:06:00 PM,1,,Driveway Junction,Daylight,HARBOR AVE SW BETWEEN CALIFORNIA WAY SW AND FAIRMOUNT AVE SW,0,1,,3,3380451,Dry,18,"MOTOR VEHICLE STRUCK PEDALCYCLIST, FRONT END AT ANGLE",11180009,10815,0,2,Injury Collision,,45,Bicycle,Matched,N,1,Clear or Partly Cloudy,0,"(47.588294606000034, -122.37982308899996)",4167,0,N,11-209315
14563,130387,130387,Intersection,Cycles,0,,,0,,02/12/2011 12:00:00 AM +0000,2/12/2011 8:18:00 AM,1,29748,At Intersection (intersection related),Daylight,12TH AVE AND E PIKE ST,0,1,Y,2,3559777,Dry,18,"MOTOR VEHICLE STRUCK PEDALCYCLIST, FRONT END AT ANGLE",11043002,1546,0,2,Injury Collision,,45,Bicycle,Matched,N,1,Clear or Partly Cloudy,0,"(47.61410376900005, -122.31683584899997)",10802,0,N,11-51082
14629,130528,130528,Intersection,Cycles,0, ,,0,,05/19/2011 12:00:00 AM +0000,5/19/2011 3:05:00 PM,1,27149,At Intersection (intersection related),Daylight,15TH AVE NE AND NE PACIFIC ST,0,1,Y,2,3568966,Dry,18,"MOTOR VEHICLE STRUCK PEDALCYCLIST, FRONT END AT ANGLE",11139003,2028,0,2,Injury Collision,,45,Bicycle,Matched,N,1,Clear or Partly Cloudy,0,"(47.65297596400006, -122.31246414499998)",0,520838,N,2011-159477
14655,129546,129546,Intersection,Cycles,0,,,0,,07/05/2011 12:00:00 AM +0000,7/5/2011 8:09:00 AM,1,29734,At Intersection (intersection related),Daylight,BOYLSTON AVE AND E PINE ST,0,1,Y,5,3566235,Dry,51,PEDALCYCLIST STRUCK MOTOR VEHICLE FRONT END AT ANGLE,11186007,9375,0,2,Injury Collision,,45,Bicycle,Matched,N,1,Clear or Partly Cloudy,0,"(47.61523114200003, -122.32341547099998)",10374,0,N,11-216765
14670,128992,128992,Block,Cycles,159.5,,,0,,09/03/2011 12:00:00 AM +0000,9/3/2011,1,,Mid-Block (not related to intersection),Daylight,E CHERRY ST BETWEEN 23RD AVE AND 24TH AVE,0,1,,2,3559539,Dry,54,PEDALCYCLIST STRUCK MOTOR VEHICLE REAR END,11246025,13892,0,2,Injury Collision,,45,Bicycle,Matched,1,1,Clear or Partly Cloudy,0,"(47.60800752400007, -122.30212529999994)",9571,0,N,11-290746
14678,129412,129412,Block,Cycles,213,,,0,,11/14/2011 12:00:00 AM +0000,11/14/2011 7:08:00 AM,1,,Driveway Junction,Dawn,2ND AVE BETWEEN UNION ST AND PIKE ST,0,1,,2,3200500,Dry,18,"MOTOR VEHICLE STRUCK PEDALCYCLIST, FRONT END AT ANGLE",11318016,2757,0,2,Injury Collision,Y,45,Bicycle,Matched,N,1,Clear or Partly Cloudy,0,"(47.60878749200003, -122.33844845799996)",12168,0,N,11-369513
14682,129839,129839,Intersection,Cycles,0,,,0,,12/24/2011 12:00:00 AM +0000,12/24/2011 5:29:00 PM,1,27184,At Intersection (intersection related),Dark - Street Lights On,EASTERN AVE N AND N 45TH ST,0,1,Y,2,3466345,Dry,51,PEDALCYCLIST STRUCK MOTOR VEHICLE FRONT END AT ANGLE,11358005,10159,0,2,Injury Collision,,45,Bicycle,Matched,N,1,Overcast,0,"(47.661363347000076, -122.32896932599999)",6523,0,N,2011-416907
14731,128717,128717,Block,Cycles,239.5,,,0,Y,10/31/2011 12:00:00 AM +0000,10/31/2011 3:32:00 PM,1,,Driveway Junction,Daylight,NE 125TH ST BETWEEN 33RD AVE NE AND 35TH AVE NE,0,1,,2,3466682,Wet,18,"MOTOR VEHICLE STRUCK PEDALCYCLIST, FRONT END AT ANGLE",11304033,16503,0,2,Injury Collision,,45,Bicycle,Matched,N,1,Overcast,0,"(47.71925900000008, -122.29175893899998)",0,0,N,11-354956
14817,129417,129417,Block,Cycles,332.5,,,0,,04/17/2011 12:00:00 AM +0000,4/17/2011 9:50:00 AM,1,,Mid-Block (not related to intersection),Daylight,15TH AVE NE BETWEEN NE 45TH ST AND NE 47TH ST,0,1,,3,3333669,Dry,55,PEDALCYCLIST STRUCK MOTOR VEHICLE RIGHT SIDE SIDESWIPE,11107016,2035,0,2,Injury Collision,,45,Bicycle,Matched,N,1,Clear or Partly Cloudy,0,"(47.662171433000026, -122.31197952299999)",21387,0,N,2011-122415
14854,130401,130401,Intersection,Cycles,0,,,0,,07/01/2011 12:00:00 AM +0000,7/1/2011 8:26:00 AM,1,27090,At Intersection (intersection related),Daylight,UNIVERSITY WAY NE AND NE 42ND ST,0,1,,3,3466802,Dry,51,PEDALCYCLIST STRUCK MOTOR VEHICLE FRONT END AT ANGLE,11182011,13220,0,2,Injury Collision,,45,Bicycle,Matched,N,1,Clear or Partly Cloudy,0,"(47.65831484900008, -122.31320716799996)",5663,0,N,2011-211142
14857,130263,130263,Intersection,Cycles,0,,,0,,09/28/2011 12:00:00 AM +0000,9/28/2011 8:47:00 AM,1,25803,At Intersection (intersection related),Daylight,BROOKLYN AVE NE AND NE 47TH ST,0,1,Y,3,3545006,Dry,18,"MOTOR VEHICLE STRUCK PEDALCYCLIST, FRONT END AT ANGLE",11271001,9483,0,2,Injury Collision,,45,Bicycle,Matched,N,1,Clear or Partly Cloudy,0,"(47.663099646000035, -122.31423801699998)",32429,0,N,2011-319300
14887,130675,130675,Intersection,Cycles,0,,,0,,05/24/2011 12:00:00 AM +0000,5/24/2011 8:00:00 PM,1,29920,At Intersection (intersection related),Daylight,BOREN AVE AND MADISON ST,0,1,,3,3562461,Dry,51,PEDALCYCLIST STRUCK MOTOR VEHICLE FRONT END AT ANGLE,11144003,9314,0,2,Injury Collision,,45,Bicycle,Matched,N,1,Clear or Partly Cloudy,0,"(47.60933797200005, -122.32513907699996)",25201,0,N,2011-165745
14911,129145,129145,Intersection,Cycles,0,,,0,,02/14/2011 12:00:00 AM +0000,2/14/2011 5:38:00 PM,1,31203,At Intersection (intersection related),Dark - Street Lights On,ALASKAN WAY S AND S MASSACHUSETTS ST,0,1,Y,2,3375355,Wet,51,PEDALCYCLIST STRUCK MOTOR VEHICLE FRONT END AT ANGLE,11045005,8743,0,2,Injury Collision,,45,Bicycle,Matched,N,1,Raining,0,"(47.58831040300004, -122.33844063699996)",4797,0,N,2011-53773
14942,129285,129285,Block,Cycles,160.5,,,0,,07/19/2011 12:00:00 AM +0000,7/19/2011 1:30:00 PM,1,,Mid-Block (not related to intersection),Daylight,DENNY WAY BETWEEN QUEEN ANNE AVE N AND 1ST AVE,0,1,Y,2,3329069,Dry,22,"MOTOR VEHICLE STRUCK PEDALCYCLIST, RIGHT SIDE SIDESWIPE",11200005,9997,0,2,Injury Collision,,45,Bicycle,Matched,N,1,Overcast,0,"(47.61860457300003, -122.35610674199995)",20122,0,N,11-233869
14963,129855,129855,Block,Cycles,335,,,0,Y,11/15/2011 12:00:00 AM +0000,11/15/2011 3:35:00 PM,1,,Mid-Block (not related to intersection),Dusk,ROOSEVELT WAY NE BETWEEN NE 45TH ST AND NE 47TH ST,0,1,,2,3554504,Dry,51,PEDALCYCLIST STRUCK MOTOR VEHICLE FRONT END AT ANGLE,11319020,12599,0,2,Injury Collision,,45,Bicycle,Matched,N,1,Clear or Partly Cloudy,0,"(47.662198043000046, -122.31745114299997)",10833,0,N,2011-371019
14966,129853,129853,Intersection,Cycles,0,,,0,,11/13/2011 12:00:00 AM +0000,11/13/2011 5:37:00 PM,1,29632,At Intersection (intersection related),Dark - Street Lights On,ALASKAN WAY AND SPRING ST,0,1,,1,3546477,Dry,51,PEDALCYCLIST STRUCK MOTOR VEHICLE FRONT END AT ANGLE,11317002,8721,0,2,Injury Collision,,45,Bicycle,Matched,N,0,Clear or Partly Cloudy,0,"(47.60448768400005, -122.33909095699994)",0,0,N,11-369064