OBJECTID,INCKEY,COLDETKEY,ADDRTYPE,COLLISIONTYPE,DISTANCE,EXCEPTRSNCODE,EXCEPTRSNDESC,FATALITIES,INATTENTIONIND,INCDATE,INCDTTM,INJURIES,INTKEY,JUNCTIONTYPE,LIGHTCOND,LOCATION,PEDCOUNT,PEDCYLCOUNT,PEDROWNOTGRNT,PERSONCOUNT,REPORTNO,ROADCOND,SDOT_COLCODE,SDOT_COLDESC,SDOTCOLNUM,SEGKEY,SERIOUSINJURIES,SEVERITYCODE,SEVERITYDESC,SPEEDING,ST_COLCODE,ST_COLDESC,STATUS,UNDERINFL,VEHCOUNT,WEATHER,WIDTH,Shape,SEGLANEKEY,CROSSWALKKEY,HITPARKEDCAR,SPDCASENO
15008,128738,128738,Intersection,Cycles,0,,,0,,11/10/2011 12:00:00 AM +0000,11/10/2011 11:12:00 AM,1,27077,At Intersection (intersection related),Daylight,UNIVERSITY WAY NE AND NE 43RD ST,0,1,Y,2,3558998,Dry,51,PEDALCYCLIST STRUCK MOTOR VEHICLE FRONT END AT ANGLE,11314009,13221,0,2,Injury Collision,,45,Bicycle,Matched,N,1,Clear or Partly Cloudy,0,"(47.65979512000007, -122.31316833599999)",31578,0,N,11-365627
15009,130684,130684,Block,Cycles,185,,,0,,01/31/2011 12:00:00 AM +0000,1/31/2011 10:30:00 AM,1,,Mid-Block (not related to intersection),Daylight,15TH AVE NE BETWEEN NE 63RD ST AND NE 65TH ST,0,1,,2,3288408,Dry,51,PEDALCYCLIST STRUCK MOTOR VEHICLE FRONT END AT ANGLE,11031028,2047,1,2b,Serious Injury Collision,,45,Bicycle,Matched,N,1,Clear or Partly Cloudy,0,"(47.67527439700007, -122.31192628099996)",29067,0,N,2011-37592
15013,130551,130551,Block,Cycles,95,,,0,,04/20/2011 12:00:00 AM +0000,4/20/2011 6:00:00 AM,1,,Driveway Junction,Dawn,S LANDER ST BETWEEN 5TH PL S AND 6TH AVE S,0,1,,2,3374582,Dry,18,"MOTOR VEHICLE STRUCK PEDALCYCLIST, FRONT END AT ANGLE",11110015,20628,0,2,Injury Collision,,45,Bicycle,Matched,N,1,Clear or Partly Cloudy,0,"(47.57980934600005, -122.32636353999999)",5550,0,N,11 125648
15040,128740,128740,Block,Cycles,194.5,,,0,Y,07/21/2011 12:00:00 AM +0000,7/21/2011 5:11:00 PM,1,,Mid-Block (but intersection related),Daylight,2ND AV ET S BETWEEN S MAIN ST AND S WASHINGTON ST,0,1,,2,3335214,Dry,21,"MOTOR VEHICLE STRUCK PEDALCYCLIST, REAR END",11202037,2925,0,2,Injury Collision,,45,Bicycle,Matched,N,1,Clear or Partly Cloudy,0,"(47.60043376600004, -122.33077753399999)",12007,0,N,11-236578
15060,129434,129434,Block,Cycles,213, ,,0,,04/11/2011 12:00:00 AM +0000,4/11/2011 6:50:00 PM,1,,Mid-Block (not related to intersection),Daylight,1ST AVE BETWEEN BLANCHARD ST AND BELL ST,0,1,Y,2,3375502,Dry,21,"MOTOR VEHICLE STRUCK PEDALCYCLIST, REAR END",11101023,1014,1,2b,Serious Injury Collision,,45,Bicycle,Matched,N,1,Clear or Partly Cloudy,0,"(47.61298991400008, -122.34586158799999)",13233,0,N,11-115885
15195,129305,129305,Intersection,Cycles,0,,,0,,09/20/2011 12:00:00 AM +0000,9/20/2011 5:19:00 PM,1,29809,At Intersection (intersection related),Daylight,12TH AVE AND E JEFFERSON ST,0,1,,2,3287699,Dry,51,PEDALCYCLIST STRUCK MOTOR VEHICLE FRONT END AT ANGLE,11263003,1529,1,2b,Serious Injury Collision,,45,Bicycle,Matched,0,1,Clear or Partly Cloudy,0,"(47.60620304500003, -122.31678046599995)",10458,0,N,2011-310774
15208,129306,129306,Block,Cycles,213,,,0,,09/22/2011 12:00:00 AM +0000,9/22/2011 8:25:00 AM,1,,Mid-Block (not related to intersection),Daylight,2ND AVE BETWEEN UNIVERSITY ST AND UNION ST,0,1,,2,3546304,Dry,18,"MOTOR VEHICLE STRUCK PEDALCYCLIST, FRONT END AT ANGLE",11265024,2756,0,2,Injury Collision,,45,Bicycle,Matched,0,1,Overcast,0,"(47.60779445000003, -122.33754000999994)",12162,0,N,2011-312453
15223,129024,129024,Intersection,Cycles,0,,,0,Y,03/28/2011 12:00:00 AM +0000,3/28/2011 5:06:00 PM,1,37279,At Intersection (intersection related),Daylight,STONE AVE N AND N NORTHGATE WAY,0,1,Y,2,3564833,Dry,18,"MOTOR VEHICLE STRUCK PEDALCYCLIST, FRONT END AT ANGLE",11087005,12942,0,2,Injury Collision,,45,Bicycle,Matched,N,1,Overcast,0,"(47.70504760700004, -122.34200301499999)",0,0,N,2011-100028
15236,130150,130150,Block,Cycles,332.5,,,0,Y,09/10/2011 12:00:00 AM +0000,9/10/2011 11:32:00 AM,1,,Mid-Block (not related to intersection),Daylight,GREENWOOD AVE N BETWEEN N 85TH ST AND N 87TH ST,0,1,,2,3564714,Dry,56,PEDALCYCLIST STRUCK MOTOR VEHICLE LEFT SIDE SIDESWIPE,11253020,10752,0,2,Injury Collision,,45,Bicycle,Matched,N,1,Clear or Partly Cloudy,0,"(47.69150543500007, -122.35530634599996)",4623,0,N,11-299249
15274,130843,130843,Intersection,Cycles,0,,,0,,01/26/2012 12:00:00 AM +0000,1/26/2012 7:09:00 AM,1,30447,At Intersection (intersection related),Dark - Street Lights On,8TH AVE S AND S DEARBORN ST,0,1,Y,2,3503902,Wet,18,"MOTOR VEHICLE STRUCK PEDALCYCLIST, FRONT END AT ANGLE",12026007,19830,0,2,Injury Collision,,45,Bicycle,Matched,N,1,Raining,0,"(47.59583116700003, -122.32245866299996)",5851,0,N,12-24294
15294,128758,128758,Block,Cycles,252.5,,,0,,07/30/2011 12:00:00 AM +0000,7/30/2011 5:35:00 PM,1,,Mid-Block (not related to intersection),Daylight,LEARY AVE NW BETWEEN NW IONE PL AND 20TH AVE NW,0,1,,3,3552813,Dry,51,PEDALCYCLIST STRUCK MOTOR VEHICLE FRONT END AT ANGLE,11211019,11331,0,2,Injury Collision,,45,Bicycle,Matched,0,1,Clear or Partly Cloudy,0,"(47.66613264700004, -122.38149337199997)",23658,0,N,11-247868
15406,129594,129594,Block,Cycles,143, ,,0,,08/24/2011 12:00:00 AM +0000,8/24/2011 5:37:00 PM,1,,Mid-Block (not related to intersection),Daylight,BROADWAY E BETWEEN E MERCER ST AND E ROY E ST,0,1,,2,3387171,Dry,18,"MOTOR VEHICLE STRUCK PEDALCYCLIST, FRONT END AT ANGLE",11236019,9456,0,2,Injury Collision,,45,Bicycle,Matched,0,1,Clear or Partly Cloudy,0,"(47.624660325000036, -122.32093668799996)",6215,0,N,11-278230
15415,130717,130717,Intersection,Cycles,0,,,0,,06/04/2011 12:00:00 AM +0000,6/4/2011 11:11:00 PM,1,29734,At Intersection (intersection related),Dark - Street Lights On,BOYLSTON AVE AND E PINE ST,0,1,,1,3565864,Dry,69,PEDALCYCLIST OVERTURNED IN ROAD,11155014,9375,0,2,Injury Collision,Y,45,Bicycle,Matched,N,0,Clear or Partly Cloudy,0,"(47.61523114200003, -122.32341547099998)",10373,0,N,2011-179087
15439,128762,128762,Block,Cycles,213, ,,0,,08/02/2011 12:00:00 AM +0000,8/2/2011,1,,Mid-Block (not related to intersection),Daylight,12TH AVE BETWEEN E MARION ST AND E SPRING ST,0,1,,2,2805996,Dry,14,"MOTOR VEHICLE STRUCK MOTOR VEHICLE, REAR END",11214017,1534,0,2,Injury Collision,,45,Bicycle,Matched,0,1,Clear or Partly Cloudy,0,"(47.61097747700006, -122.31677912199996)",10730,0,N,2011-251445
15455,129461,129461,Intersection,Cycles,0,,,0,,08/06/2011 12:00:00 AM +0000,8/6/2011,1,27153,At Intersection (intersection related),Daylight,EASTLAKE AVE E AND FUHRMAN AVE E,0,1,,2,3566028,Dry,18,"MOTOR VEHICLE STRUCK PEDALCYCLIST, FRONT END AT ANGLE",11218008,10579,0,2,Injury Collision,,45,Bicycle,Matched,0,1,Clear or Partly Cloudy,0,"(47.65157827200005, -122.32127525699997)",6078,0,N,11-256828
15463,129321,129321,Block,Cycles,385, ,,0,,06/12/2011 12:00:00 AM +0000,6/12/2011 8:37:00 PM,0,,Mid-Block (not related to intersection),Dusk,UNIVERSITY WAY NE BETWEEN NE 52ND ST AND NE 55TH ST,0,1,,2,3375095,Dry,53,PEDALCYCLIST STRUCK MOTOR VEHICLE LEFT SIDE AT ANGLE,11163011,13225,0,1,Property Damage Only Collision,,45,Bicycle,Matched,N,1,Overcast,0,"(47.66749016400007, -122.31303423799994)",5597,0,N,11-188669
15482,129041,129041,Intersection,Cycles,0, ,,0,,04/08/2011 12:00:00 AM +0000,4/8/2011 5:25:00 PM,1,26465,At Intersection (intersection related),Daylight,20TH AVE W AND GILMAN AVE W,0,1,,2,3345948,Dry,51,PEDALCYCLIST STRUCK MOTOR VEHICLE FRONT END AT ANGLE,11098003,10634,0,2,Injury Collision,,45,Bicycle,Matched,N,1,Clear or Partly Cloudy,0,"(47.650331892000054, -122.38198969899997)",15402,0,N,11-112526
15535,129885,129885,Intersection,Cycles,0,,,0,,03/09/2011 12:00:00 AM +0000,3/9/2011 8:56:00 PM,1,36551,At Intersection (intersection related),Dark - No Street Lights,1ST AVE NE AND NE 120TH ST,0,1,Y,2,3565007,Wet,51,PEDALCYCLIST STRUCK MOTOR VEHICLE FRONT END AT ANGLE,11068009,1102,0,2,Injury Collision,,45,Bicycle,Matched,N,1,Raining,0,"(47.71589366100005, -122.32880161399999)",5676,0,N,2011-79110
15601,129333,129333,Intersection,Cycles,0,,,0,,06/21/2011 12:00:00 AM +0000,6/21/2011 7:00:00 PM,1,28800,At Intersection (intersection related),Unknown,JOHN ST AND WESTLAKE AVE N,0,1,Y,2,3550738,Unknown,18,"MOTOR VEHICLE STRUCK PEDALCYCLIST, FRONT END AT ANGLE",11172001,11079,0,2,Injury Collision,,45,Bicycle,Matched,N,1,Unknown,0,"(47.619705476000036, -122.33847540899995)",24577,0,N,2011-200144
15616,129187,129187,Block,Cycles,213,,,0,,06/11/2011 12:00:00 AM +0000,6/11/2011 2:19:00 PM,1,,Mid-Block (not related to intersection),Daylight,6TH AVE BETWEEN PIKE ST AND PINE ST,0,1,,2,3377790,Dry,51,PEDALCYCLIST STRUCK MOTOR VEHICLE FRONT END AT ANGLE,11162023,7883,0,2,Injury Collision,,45,Bicycle,Matched,N,1,Clear or Partly Cloudy,0,"(47.61163826500007, -122.334917384)",25502,0,N,11-187133
15704,130873,130873,Block,Cycles,683,,,0,,05/08/2012 12:00:00 AM +0000,5/8/2012 7:00:00 PM,1,,Mid-Block (not related to intersection),Daylight,LAKE WASHINGTON BLVD S BETWEEN S FERDINAND ST AND S DAWSON ST,0,1,,3,3617381,Dry,23,"MOTOR VEHICLE STRUCK PEDALCYCLIST, LEFT SIDE SIDESWIPE",12129010,11244,0,2,Injury Collision,Y,45,Bicycle,Matched,N,1,Clear or Partly Cloudy,0,"(47.556549837000034, -122.262244066)",38097,0,N,12-141952
15795,132156,132156,Intersection,Cycles,0,,,0,,05/20/2012 12:00:00 AM +0000,5/20/2012 4:17:00 PM,1,30513,At Intersection (intersection related),Daylight,7TH AVE S AND S JACKSON ST,0,1,Y,2,3560365,Wet,18,"MOTOR VEHICLE STRUCK PEDALCYCLIST, FRONT END AT ANGLE",12141001,8207,0,2,Injury Collision,,45,Bicycle,Matched,N,1,Raining,0,"(47.59918859700008, -122.32375005299997)",24453,0,N,12-155785
15799,132152,132152,Block,Cycles,205,,,0,Y,10/23/2012 12:00:00 AM +0000,10/23/2012 1:28:00 PM,1,,Mid-Block (not related to intersection),Daylight,S HANFORD ST BETWEEN COLORADO AVE S AND UTAH AVE S,0,1,,2,3211410,Dry,51,PEDALCYCLIST STRUCK MOTOR VEHICLE FRONT END AT ANGLE,12297035,20165,0,2,Injury Collision,,45,Bicycle,Matched,N,1,Overcast,0,"(47.575575926000056, -122.33595958999996)",24661,0,N,12-363345
15807,132015,132015,Block,Cycles,161,,,0,,06/12/2012 12:00:00 AM +0000,6/12/2012 7:37:00 PM,1,,Mid-Block (not related to intersection),Daylight,PIKE ST BETWEEN 5TH AVE AND 6TH AVE,0,1,,2,3562440,Dry,18,"MOTOR VEHICLE STRUCK PEDALCYCLIST, FRONT END AT ANGLE",12164020,12201,0,2,Injury Collision,,45,Bicycle,Matched,N,1,Clear or Partly Cloudy,0,"(47.610908289000065, -122.33501959699998)",21851,0,N,12-183765
15843,132869,132869,Block,Cycles,222,,,0,,09/25/2012 12:00:00 AM +0000,9/25/2012 4:10:00 PM,1,,Mid-Block (not related to intersection),Daylight,12TH AVE BETWEEN E MADISON ST AND E PIKE ST,0,1,,2,3593951,Dry,51,PEDALCYCLIST STRUCK MOTOR VEHICLE FRONT END AT ANGLE,12269031,1536,0,2,Injury Collision,,45,Bicycle,Matched,N,1,Clear or Partly Cloudy,0,"(47.613495138000076, -122.31678450399994)",10789,0,N,12-326514
15844,132868,132868,Intersection,Cycles,0,,,0,,09/24/2012 12:00:00 AM +0000,9/24/2012 10:30:00 AM,1,25443,At Intersection (intersection related),Daylight,8TH AVE NW AND NW 50TH ST,0,1,Y,2,3507803,Dry,51,PEDALCYCLIST STRUCK MOTOR VEHICLE FRONT END AT ANGLE,12268011,8379,0,2,Injury Collision,,45,Bicycle,Matched,N,1,Clear or Partly Cloudy,0,"(47.66503748100007, -122.36618751699996)",0,0,N,12-324746
15887,131304,131304,Intersection,Cycles,0,,,0,,11/03/2012 12:00:00 AM +0000,11/3/2012 10:58:00 PM,1,29050,At Intersection (intersection related),Dark - Street Lights On,BOYLSTON AVE E AND E OLIVE E WAY,0,1,Y,2,3476353,Wet,18,"MOTOR VEHICLE STRUCK PEDALCYCLIST, FRONT END AT ANGLE",12308001,9380,0,2,Injury Collision,,45,Bicycle,Matched,N,1,Raining,0,"(47.61986882600007, -122.32307185199994)",23232,0,N,12-378042
15892,131301,131301,Intersection,Cycles,0,,,0,,07/03/2012 12:00:00 AM +0000,7/3/2012 5:12:00 PM,1,30421,At Intersection (intersection related),Daylight,14TH AVE S AND S MAIN ST,0,1,Y,3,3593477,Dry,18,"MOTOR VEHICLE STRUCK PEDALCYCLIST, FRONT END AT ANGLE",12185005,1922,0,2,Injury Collision,,45,Bicycle,Matched,N,1,Clear or Partly Cloudy,0,"(47.60001091400005, -122.314133003)",10972,0,N,12-210879
15908,131164,131164,Intersection,Cycles,0, ,,0,,12/10/2012 12:00:00 AM +0000,12/10/2012 6:32:00 PM,1,28425,At Intersection (intersection related),Dark - Street Lights On,MONTLAKE BLVD E AND MONTLAKE BV EB ON RP,0,1,,2,3565850,Dry,18,"MOTOR VEHICLE STRUCK PEDALCYCLIST, FRONT END AT ANGLE",12345026,11905,0,2,Injury Collision,,45,Bicycle,Matched,N,1,Overcast,0,"(47.644543670000076, -122.30444951699997)",0,525577,N,12-421976
15929,132313,132313,Block,Cycles,330,,,0,,03/27/2012 12:00:00 AM +0000,3/27/2012 8:35:00 PM,1,,Mid-Block (not related to intersection),Dark - Street Lights On,DELRIDGE WAY SW BETWEEN SW EDMUNDS ST AND SW HUDSON ST,0,1,,2,3546891,Wet,18,"MOTOR VEHICLE STRUCK PEDALCYCLIST, FRONT END AT ANGLE",12087028,9965,0,2,Injury Collision,,45,Bicycle,Matched,N,1,Raining,0,"(47.558372907000035, -122.36290716699995)",22978,0,N,12-93237
15950,131880,131880,Block,Cycles,328.5,,,0,,07/06/2012 12:00:00 AM +0000,7/6/2012 8:28:00 AM,1,,Mid-Block (but intersection related),Daylight,S CLOVERDALE ST BETWEEN 1ST AVE S AND CLOVERDALE ST OFF RP,0,1,,3,3380775,Dry,54,PEDALCYCLIST STRUCK MOTOR VEHICLE REAR END,12188012,19644,1,2b,Serious Injury Collision,,45,Bicycle,Matched,N,1,Clear or Partly Cloudy,0,"(47.52679345900003, -122.33339076499999)",24938,0,N,12-214724
15957,132882,132882,Intersection,Cycles,0, ,,0,,04/06/2012 12:00:00 AM +0000,4/6/2012 5:59:00 AM,1,31203,At Intersection (intersection related),Dark - Street Lights On,ALASKAN WAY S AND S MASSACHUSETTS ST,0,1,,2,3599255,Dry,18,"MOTOR VEHICLE STRUCK PEDALCYCLIST, FRONT END AT ANGLE",12097012,8743,0,2,Injury Collision,,45,Bicycle,Matched,N,1,Clear or Partly Cloudy,0,"(47.58831040300004, -122.33844063699996)",0,630867,N,2012-103865
15964,132742,132742,Intersection,Cycles,0,,,0,,10/10/2012 12:00:00 AM +0000,10/10/2012 7:00:00 PM,1,28359,At Intersection (intersection related),Dark - Street Lights On,LAKE WASHINGTON BLVD E AND LK WASH BV OFF RP,0,1,Y,2,3593284,Dry,18,"MOTOR VEHICLE STRUCK PEDALCYCLIST, FRONT END AT ANGLE",12284016,11214,0,2,Injury Collision,,45,Bicycle,Matched,N,1,Clear or Partly Cloudy,0,"(47.64110465400006, -122.29787402)",8921,0,N,12-347411
16003,130886,130886,Intersection,Cycles,0,,,0,,03/15/2012 12:00:00 AM +0000,3/15/2012 6:40:00 AM,1,27074,At Intersection (intersection related),Dark - Street Lights On,11TH AVE NE AND NE 43RD ST,0,1,Y,2,3466594,Wet,18,"MOTOR VEHICLE STRUCK PEDALCYCLIST, FRONT END AT ANGLE",12075022,1408,0,2,Injury Collision,,45,Bicycle,Matched,N,1,Raining,0,"(47.65983651400006, -122.31661695399998)",31541,0,N,12-78595
16012,133023,133023,Intersection,Cycles,0, ,,0,,03/02/2012 12:00:00 AM +0000,3/2/2012 3:20:00 PM,1,27114,At Intersection (intersection related),Daylight,7TH AVE NE AND NE 40TH ST,0,1,Y,3,3554510,Wet,18,"MOTOR VEHICLE STRUCK PEDALCYCLIST, FRONT END AT ANGLE",12062006,8170,0,2,Injury Collision,,45,Bicycle,Matched,N,1,Raining,0,"(47.655893253000045, -122.32085414499994)",0,524351,N,2012-64235
16014,132887,132887,Intersection,Cycles,0,,,0,,01/26/2012 12:00:00 AM +0000,1/26/2012 9:45:00 PM,1,28242,At Intersection (intersection related),Dark - Street Lights On,10TH AVE E AND E BOSTON ST,0,1,,2,3331914,Dry,51,PEDALCYCLIST STRUCK MOTOR VEHICLE FRONT END AT ANGLE,12026003,1299,0,2,Injury Collision,,45,Bicycle,Matched,Y,1,Clear or Partly Cloudy,0,"(47.63840322500005, -122.32007129499999)",6106,0,N,12-25097
16034,131316,131316,Block,Cycles,212.5,,,0,,03/08/2012 12:00:00 AM +0000,3/8/2012 8:20:00 AM,1,,Mid-Block (not related to intersection),Daylight,MERIDIAN AVE N BETWEEN N NORTHLAKE WAY AND N 34TH ST,0,1,Y,3,3544760,Dry,18,"MOTOR VEHICLE STRUCK PEDALCYCLIST, FRONT END AT ANGLE",12068020,11780,0,2,Injury Collision,,45,Bicycle,Matched,N,1,Overcast,0,"(47.64744824100006, -122.33392032899997)",0,0,N,12-7096-2
16041,131309,131309,Block,Cycles,472,,,0,,11/08/2012 12:00:00 AM +0000,11/8/2012 7:17:00 AM,1,,Mid-Block (not related to intersection),Daylight,N CANAL ST BETWEEN 1ST AVE NW AND PHINNEY AVE N,0,1,,2,3544960,Dry,18,"MOTOR VEHICLE STRUCK PEDALCYCLIST, FRONT END AT ANGLE",12313013,16095,0,2,Injury Collision,,45,Bicycle,Matched,N,1,Clear or Partly Cloudy,0,"(47.65129497400005, -122.35628468099998)",0,0,N,12-383220
16051,132170,132170,Intersection,Cycles,0,,,0,,04/17/2012 12:00:00 AM +0000,4/17/2012 5:27:00 PM,1,29737,At Intersection (intersection related),Dark - No Street Lights,NAGLE PL AND E PINE ST,0,1,,3,3567809,Wet,18,"MOTOR VEHICLE STRUCK PEDALCYCLIST, FRONT END AT ANGLE",12108005,11942,0,2,Injury Collision,Y,45,Bicycle,Matched,N,1,Raining,0,"(47.61524085500008, -122.32001617599997)",0,0,N,12-117279
16083,132610,132610,Intersection,Cycles,0,,,0,,10/11/2012 12:00:00 AM +0000,10/11/2012 4:36:00 PM,1,28717,At Intersection (intersection related),Daylight,COMSTOCK ST AND DEXTER AVE N,0,1,Y,2,3599327,Dry,18,"MOTOR VEHICLE STRUCK PEDALCYCLIST, FRONT END AT ANGLE",12285005,10082,0,2,Injury Collision,,45,Bicycle,Matched,N,1,Clear or Partly Cloudy,0,"(47.630586279000056, -122.34229589399996)",12809,0,N,2012-348606
16126,133034,133034,Intersection,Cycles,0,,,0,,06/26/2012 12:00:00 AM +0000,6/26/2012 9:48:00 PM,1,29863,At Intersection (intersection related),Daylight,MELROSE AVE AND PINE ST,0,1,Y,2,3567249,Dry,51,PEDALCYCLIST STRUCK MOTOR VEHICLE FRONT END AT ANGLE,12178003,11745,0,2,Injury Collision,,45,Bicycle,Matched,N,1,Overcast,0,"(47.615238420000026, -122.32790375499997)",10336,0,N,12-201713
16173,131038,131038,Intersection,Cycles,0,,,0,,10/02/2012 12:00:00 AM +0000,10/2/2012 6:15:00 PM,1,27130,At Intersection (intersection related),Daylight,ROOSEVELT WAY NE AND NE 40TH ALLEY ST,0,1,Y,2,3597175,Dry,18,"MOTOR VEHICLE STRUCK PEDALCYCLIST, FRONT END AT ANGLE",12276001,12593,0,2,Injury Collision,,45,Bicycle,Matched,N,1,Clear or Partly Cloudy,0,"(47.656301849000045, -122.31783423699994)",11662,0,N,12-336898
16292,131191,131191,Block,Cycles,401,,,0,,12/30/2012 12:00:00 AM +0000,12/30/2012 12:55:00 PM,1,,Driveway Junction,Daylight,LINCOLN PARK WAY SW BETWEEN MURRAY AVE SW AND 47TH AVE SW,0,1,Y,2,3553297,Dry,18,"MOTOR VEHICLE STRUCK PEDALCYCLIST, FRONT END AT ANGLE",12365011,11388,0,2,Injury Collision,,45,Bicycle,Matched,N,1,Clear or Partly Cloudy,0,"(47.539355887000056, -122.39398721399999)",29430,0,N,2012-444315
16295,131188,131188,Block,Cycles,234, ,,0,,12/27/2012 12:00:00 AM +0000,12/27/2012 9:22:00 PM,1,,Mid-Block (not related to intersection),Dark - Street Lights On,LAKE CITY WAY NE BETWEEN NE 85TH ST AND 20TH AVE NE,0,1,,2,3467084,Wet,21,"MOTOR VEHICLE STRUCK PEDALCYCLIST, REAR END",12362019,11151,0,2,Injury Collision,,45,Bicycle,Matched,N,1,Clear or Partly Cloudy,0,"(47.69077348400003, -122.30751049799994)",18066,0,N,2012-441415
16305,131045,131045,Intersection,Cycles,0,,,0,,09/09/2012 12:00:00 AM +0000,9/9/2012 5:46:00 PM,1,25001,At Intersection (intersection related),Daylight,56TH AVE NE AND NE 70TH ST,0,1,Y,2,3551413,Dry,18,"MOTOR VEHICLE STRUCK PEDALCYCLIST, FRONT END AT ANGLE",12253001,7738,0,2,Injury Collision,,45,Bicycle,Matched,N,1,Clear or Partly Cloudy,0,"(47.67938401100008, -122.26809877499994)",34997,0,N,12-304410
16343,132047,132047,Intersection,Cycles,0, ,,0,,07/02/2012 12:00:00 AM +0000,7/2/2012 4:35:00 PM,1,287158,At Intersection (intersection related),Daylight,BROOKLYN AVE NE AND BURKE GILMAN TRL,0,1,,2,3504737,Dry,51,PEDALCYCLIST STRUCK MOTOR VEHICLE FRONT END AT ANGLE,12184020,287256,0,2,Injury Collision,,45,Bicycle,Matched,N,1,Overcast,0,"(47.654209094000066, -122.31447179599996)",0,525567,N,2012-209455
16535,133057,133057,Intersection,Cycles,0, ,,0,,08/18/2012 12:00:00 AM +0000,8/18/2012 11:24:00 AM,1,28777,At Intersection (intersection related),Daylight,FAIRVIEW AVE N AND HARRISON ST,0,1,,3,3465904,Dry,18,"MOTOR VEHICLE STRUCK PEDALCYCLIST, FRONT END AT ANGLE",12231011,10348,0,2,Injury Collision,,45,Bicycle,Matched,N,1,Overcast,0,"(47.621999806000076, -122.33427421599998)",0,522956,N,2012-274753
16557,131069,131069,Intersection,Cycles,0,,,0,Y,08/20/2012 12:00:00 AM +0000,8/20/2012 11:40:00 AM,1,34902,At Intersection (intersection related),Daylight,26TH AVE SW AND SW ROXBURY ST,0,1,Y,2,3295875,Dry,51,PEDALCYCLIST STRUCK MOTOR VEHICLE FRONT END AT ANGLE,12233006,22772,1,2b,Serious Injury Collision,,45,Bicycle,Matched,N,1,Clear or Partly Cloudy,0,"(47.51736320100008, -122.36591253899996)",0,0,N,2012-277227
16590,132068,132068,Intersection,Cycles,0,,,0,,07/09/2012 12:00:00 AM +0000,7/9/2012 5:46:00 PM,1,486567,At Intersection (intersection related),Daylight,M L KING JR ER WAY S AND S OTHELLO ST,0,1,,2,3559295,Dry,18,"MOTOR VEHICLE STRUCK PEDALCYCLIST, FRONT END AT ANGLE",12191024,11561,0,2,Injury Collision,,45,Bicycle,Matched,N,1,Clear or Partly Cloudy,0,"(47.537051587000065, -122.28110415099997)",24194,0,N,2012-219332
16607,131918,131918,Intersection,Cycles,0, ,,0,,12/04/2012 12:00:00 AM +0000,12/4/2012 9:40:00 AM,0,25786,At Intersection (intersection related),Daylight,7TH AVE NE AND NE 50TH ST,0,1,Y,2,3609266,Dry,18,"MOTOR VEHICLE STRUCK PEDALCYCLIST, FRONT END AT ANGLE",12339001,8178,0,1,Property Damage Only Collision,,45,Bicycle,Matched,N,1,Overcast,0,"(47.66495773100007, -122.32070290399997)",0,522071,N,12-413810
16639,132209,132209,Intersection,Cycles,0,,,0,,05/18/2012 12:00:00 AM +0000,5/18/2012 3:42:00 PM,1,27043,At Intersection (intersection related),Daylight,TROLL AVE N AND N 34TH ST,0,1,Y,2,3561965,Dry,18,"MOTOR VEHICLE STRUCK PEDALCYCLIST, FRONT END AT ANGLE",12139006,9002,0,2,Injury Collision,,45,Bicycle,Matched,N,1,Clear or Partly Cloudy,0,"(47.64924012200004, -122.34741874299999)",8816,0,N,12-153398
16659,132928,132928,Intersection,Cycles,0, ,,0,,03/09/2012 12:00:00 AM +0000,3/9/2012 5:30:00 PM,1,26710,At Intersection (intersection related),Dusk,9TH AVE NW AND NW 45TH ST,0,1,Y,2,3466465,Unknown,18,"MOTOR VEHICLE STRUCK PEDALCYCLIST, FRONT END AT ANGLE",12069013,8563,0,2,Injury Collision,,45,Bicycle,Matched,N,1,Unknown,0,"(47.66146692900003, -122.36861555399997)",0,630875,N,2012-72786
16785,132647,132647,Intersection,Cycles,0,,,0,,12/19/2012 12:00:00 AM +0000,12/19/2012 10:07:00 PM,1,30486,At Intersection (intersection related),Dark - Street Lights On,6TH AVE AND YESLER WAY,0,1,Y,2,3503846,Wet,18,"MOTOR VEHICLE STRUCK PEDALCYCLIST, FRONT END AT ANGLE",12354039,7870,0,2,Injury Collision,,45,Bicycle,Matched,N,1,Raining,0,"(47.60170997000006, -122.32635082599995)",37254,0,N,12-432995
16789,132220,132220,Block,Cycles,81,,,0,Y,09/14/2012 12:00:00 AM +0000,9/14/2012 5:44:00 PM,1,,Mid-Block (not related to intersection),Daylight,E PINE ST BETWEEN CRAWFORD PL AND SUMMIT AVE,0,1,,2,3593851,Dry,23,"MOTOR VEHICLE STRUCK PEDALCYCLIST, LEFT SIDE SIDESWIPE",12258022,14629,0,2,Injury Collision,,45,Bicycle,Matched,N,1,Clear or Partly Cloudy,0,"(47.615216743000076, -122.32585965199996)",10348,0,N,2012-311340
16829,133081,133081,Intersection,Cycles,0,,,0,,02/27/2012 12:00:00 AM +0000,2/27/2012 9:00:00 AM,1,37299,At Intersection (intersection related),Daylight,INTERLAKE AVE N AND N 100TH ST,0,1,,2,3569039,Dry,18,"MOTOR VEHICLE STRUCK PEDALCYCLIST, FRONT END AT ANGLE",12058011,11022,0,2,Injury Collision,,45,Bicycle,Matched,N,1,Clear or Partly Cloudy,0,"(47.70141981000006, -122.34060000399995)",0,0,N,2012-59355