OBJECTID,INCKEY,COLDETKEY,ADDRTYPE,COLLISIONTYPE,DISTANCE,EXCEPTRSNCODE,EXCEPTRSNDESC,FATALITIES,INATTENTIONIND,INCDATE,INCDTTM,INJURIES,INTKEY,JUNCTIONTYPE,LIGHTCOND,LOCATION,PEDCOUNT,PEDCYLCOUNT,PEDROWNOTGRNT,PERSONCOUNT,REPORTNO,ROADCOND,SDOT_COLCODE,SDOT_COLDESC,SDOTCOLNUM,SEGKEY,SERIOUSINJURIES,SEVERITYCODE,SEVERITYDESC,SPEEDING,ST_COLCODE,ST_COLDESC,STATUS,UNDERINFL,VEHCOUNT,WEATHER,WIDTH,Shape,SEGLANEKEY,CROSSWALKKEY,HITPARKEDCAR,SPDCASENO
16834,131229,131229,Intersection,Cycles,0,,,0,Y,06/07/2012 12:00:00 AM +0000,6/7/2012 6:08:00 PM,1,27162,At Intersection (intersection related),Daylight,HARVARD AVE E AND E ALLISON ST,0,1,Y,2,3593280,Dry,51,PEDALCYCLIST STRUCK MOTOR VEHICLE FRONT END AT ANGLE,12159024,10470,0,2,Injury Collision,,45,Bicycle,Matched,N,1,Clear or Partly Cloudy,0,"(47.64871064000005, -122.32209905699995)",6059,0,N,12-177464
16849,131221,131221,Block,Cycles,137.5,,,0,,10/03/2012 12:00:00 AM +0000,10/3/2012 5:25:00 PM,1,,Driveway Junction,Daylight,EAST GREEN LAKE DR N BETWEEN 4TH AVE NE AND LATONA AVE NE,0,1,Y,2,3597392,Dry,18,"MOTOR VEHICLE STRUCK PEDALCYCLIST, FRONT END AT ANGLE",12277039,14059,1,2b,Serious Injury Collision,,45,Bicycle,Matched,N,1,Clear or Partly Cloudy,0,"(47.68139851700005, -122.32708109099997)",7301,0,N,12-338027
16881,132080,132080,Intersection,Cycles,0,,,0,Y,02/09/2012 12:00:00 AM +0000,2/9/2012 7:04:00 PM,1,26977,At Intersection (intersection related),Dark - Street Lights Off,FREMONT AVE N AND N 41ST ST,0,1,Y,3,3564539,Dry,18,"MOTOR VEHICLE STRUCK PEDALCYCLIST, FRONT END AT ANGLE",12040011,10491,0,2,Injury Collision,,45,Bicycle,Matched,N,1,Clear or Partly Cloudy,0,"(47.656662924000045, -122.34994844099998)",8394,0,N,12-40382
16901,131657,131657,Intersection,Cycles,0,,,0,,10/05/2012 12:00:00 AM +0000,10/5/2012 3:48:00 PM,1,531030,At Intersection (intersection related),Daylight,4TH AVE S AND W SEA BR EB 4 AV OFF RP,0,1,,2,3211408,Dry,51,PEDALCYCLIST STRUCK MOTOR VEHICLE FRONT END AT ANGLE,12279012,531031,0,2,Injury Collision,,45,Bicycle,Matched,N,1,Clear or Partly Cloudy,0,"(47.56964963000007, -122.32905963899998)",19642,0,N,12-340703
17002,131802,131802,Block,Cycles,167.5,,,0,,08/21/2012 12:00:00 AM +0000,8/21/2012 6:33:00 AM,1,,Driveway Junction,Daylight,EASTLAKE AVE E BETWEEN E HOWE ST AND E NEWTON ST,0,1,Y,2,3599354,Dry,18,"MOTOR VEHICLE STRUCK PEDALCYCLIST, FRONT END AT ANGLE",12234022,10174,0,2,Injury Collision,,45,Bicycle,Matched,N,1,Clear or Partly Cloudy,0,"(47.63631851000008, -122.32574173699999)",24776,0,N,12-278342
17008,131663,131663,Block,Cycles,160.5,,,0,,05/10/2012 12:00:00 AM +0000,5/10/2012 6:51:00 AM,1,,Mid-Block (not related to intersection),Daylight,S JACKSON ST BETWEEN 4TH AVE S AND 5TH AVE S,0,1,Y,6,3562664,Dry,18,"MOTOR VEHICLE STRUCK PEDALCYCLIST, FRONT END AT ANGLE",12131012,20487,0,2,Injury Collision,,45,Bicycle,Matched,N,1,Clear or Partly Cloudy,0,"(47.59919591100004, -122.32831927399997)",4880,0,N,12-143348
17046,132526,132526,Intersection,Cycles,0, ,,0,,04/24/2012 12:00:00 AM +0000,4/24/2012 1:28:00 PM,0,28780,At Intersection (intersection related),Daylight,HARRISON ST AND WESTLAKE AVE N,1,0,Y,2,3503806,Dry,18,"MOTOR VEHICLE STRUCK PEDALCYCLIST, FRONT END AT ANGLE",12115004,10767,0,1,Property Damage Only Collision,,45,Bicycle,Matched,N,1,Clear or Partly Cloudy,0,"(47.62204123500004, -122.33845570699998)",0,523900,N,12-125210
17055,132383,132383,Intersection,Cycles,0, ,,0,,10/22/2012 12:00:00 AM +0000,10/22/2012 7:25:00 AM,0,25949,At Intersection (intersection related),Daylight,25TH AVE NE AND NE BLAKELEY ST,0,1,Y,2,3508302,Dry,18,"MOTOR VEHICLE STRUCK PEDALCYCLIST, FRONT END AT ANGLE",12296006,3723,0,1,Property Damage Only Collision,,45,Bicycle,Matched,N,1,Clear or Partly Cloudy,0,"(47.66626671800003, -122.30060497999995)",0,521604,N,2012 361723
17101,132816,132816,Intersection,Cycles,0, ,,0,Y,11/03/2012 12:00:00 AM +0000,11/3/2012 10:47:00 PM,1,36659,At Intersection (intersection related),Dark - Street Lights On,LAKE CITY WAY NE AND NE NORTHGATE WAY,0,1,Y,2,3599129,Wet,18,"MOTOR VEHICLE STRUCK PEDALCYCLIST, FRONT END AT ANGLE",12308002,11166,0,2,Injury Collision,,45,Bicycle,Matched,N,1,Raining,0,"(47.71041993400007, -122.30047246099997)",0,524516,N,2012 378031
17182,131812,131812,Intersection,Cycles,0, ,,0,,08/07/2012 12:00:00 AM +0000,8/7/2012 9:48:00 AM,0,29738,At Intersection (intersection related),Daylight,10TH AVE AND E PINE ST,0,1,Y,2,3593461,Dry,00,NOT ENOUGH INFORMATION / NOT APPLICABLE,12220004,14636,0,1,Property Damage Only Collision,,45,Bicycle,Matched,N,1,Clear or Partly Cloudy,0,"(47.615245137000045, -122.31946547599995)",0,523987,N,12 259467
17183,132250,132250,Intersection,Cycles,0,,,0,,09/07/2012 12:00:00 AM +0000,9/7/2012 3:40:00 PM,1,30366,At Intersection (intersection related),Daylight,ALASKAN WAY S AND S JACKSON ST,0,1,Y,2,3465733,Dry,18,"MOTOR VEHICLE STRUCK PEDALCYCLIST, FRONT END AT ANGLE",12251006,8738,0,2,Injury Collision,,45,Bicycle,Matched,N,1,Clear or Partly Cloudy,0,"(47.599207739000065, -122.33590886599995)",0,0,N,12-301440
17189,131673,131673,Block,Cycles,237.5,,,0,,06/01/2012 12:00:00 AM +0000,6/1/2012 6:52:00 PM,1,,Mid-Block (not related to intersection),Daylight,EASTLAKE AVE E BETWEEN E ROANOKE ST AND E EDGAR ST,0,1,,2,3386946,Dry,56,PEDALCYCLIST STRUCK MOTOR VEHICLE LEFT SIDE SIDESWIPE,12153030,10179,1,2b,Serious Injury Collision,,45,Bicycle,Matched,N,1,Overcast,0,"(47.64384056200004, -122.32588475799997)",24704,0,N,12-169952
17240,131254,131254,Block,Cycles,196,,,0,,10/15/2012 12:00:00 AM +0000,10/15/2012 10:56:00 AM,1,,Mid-Block (not related to intersection),Daylight,1ST AVE S BETWEEN S ANDOVER ST AND S DAKOTA ST,0,1,,2,3548847,Dry,21,"MOTOR VEHICLE STRUCK PEDALCYCLIST, REAR END",12289039,337633,0,2,Injury Collision,,45,Bicycle,Matched,N,1,Clear or Partly Cloudy,0,"(47.56784880300006, -122.33420643999995)",5420,0,N,12-353285
17253,131255,131255,Block,Cycles,124.5,,,0,,10/16/2012 12:00:00 AM +0000,10/16/2012 5:10:00 PM,1,,Driveway Junction,Daylight,NE 45TH ST BETWEEN 1ST AVE NE AND 2ND AVE NE,0,1,Y,2,3551607,Dry,18,"MOTOR VEHICLE STRUCK PEDALCYCLIST, FRONT END AT ANGLE",12290030,16838,0,2,Injury Collision,,45,Bicycle,Matched,N,1,Overcast,0,"(47.661357277000036, -122.32775751099996)",6532,0,N,2012 354952
17267,130966,130966,Intersection,Cycles,0,,,0,,08/22/2012 12:00:00 AM +0000,8/22/2012 1:49:00 AM,1,30356,At Intersection (intersection related),Dark - Street Lights On,JAMES ST AND YESLER WAY,0,1,Y,2,3599357,Dry,18,"MOTOR VEHICLE STRUCK PEDALCYCLIST, FRONT END AT ANGLE",12235007,11049,0,2,Injury Collision,,45,Bicycle,Matched,N,1,Clear or Partly Cloudy,0,"(47.60172188000007, -122.33389883199999)",9939,0,N,12-279601
17290,131820,131820,Intersection,Cycles,0, ,,0,,06/06/2012 12:00:00 AM +0000,6/6/2012 7:25:00 PM,1,29592,At Intersection (intersection related),Daylight,2ND AVE AND PIKE ST,0,1,,2,3503675,Dry,51,PEDALCYCLIST STRUCK MOTOR VEHICLE FRONT END AT ANGLE,12158002,2758,0,2,Injury Collision,,45,Bicycle,Matched,N,1,Clear or Partly Cloudy,0,"(47.60928514300008, -122.33890369399995)",36905,0,N,2012-176368
17311,132107,132107,Intersection,Cycles,0, ,,0,,09/24/2012 12:00:00 AM +0000,9/24/2012 10:45:00 AM,1,30408,At Intersection (intersection related),Daylight,14TH AVE AND E YESLER WAY,0,1,,2,3593929,,18,"MOTOR VEHICLE STRUCK PEDALCYCLIST, FRONT END AT ANGLE",12268009,1840,0,2,Injury Collision,,45,Bicycle,Matched,N,1,Clear or Partly Cloudy,0,"(47.60168875700003, -122.31416192599994)",0,523818,N,12-324739
17320,132541,132541,Intersection,Cycles,0, ,,0,,07/14/2012 12:00:00 AM +0000,7/14/2012 2:24:00 PM,1,26483,At Intersection (intersection related),Daylight,FISHERMAN TERM DR AND W EMERSON PL,0,1,Y,2,3546593,Dry,18,"MOTOR VEHICLE STRUCK PEDALCYCLIST, FRONT END AT ANGLE",12196004,23271,0,2,Injury Collision,,45,Bicycle,Matched,N,1,Clear or Partly Cloudy,0,"(47.65422987800008, -122.38118804699997)",0,525463,N,12-226063
17373,133115,133115,Block,Cycles,213,,,0,,03/08/2012 12:00:00 AM +0000,3/8/2012 5:12:00 PM,1,,Mid-Block (not related to intersection),Daylight,4TH AVE BETWEEN PIKE ST AND PINE ST,0,1,,2,3504041,Dry,55,PEDALCYCLIST STRUCK MOTOR VEHICLE RIGHT SIDE SIDESWIPE,12068006,6131,0,2,Injury Collision,,45,Bicycle,Matched,N,1,Clear or Partly Cloudy,0,"(47.61070943800007, -122.33713689299998)",12764,0,N,12-71518
17385,132968,132968,Block,Cycles,1483.5, ,,0,,04/05/2012 12:00:00 AM +0000,4/5/2012,1,,Driveway Junction,Dark - Street Lights On,MONTLAKE BLVD NE BETWEEN NE PACIFIC PL AND 25TH AVE NE,0,1,,4,3062378,Dry,51,PEDALCYCLIST STRUCK MOTOR VEHICLE FRONT END AT ANGLE,12096038,11911,1,2b,Serious Injury Collision,,45,Bicycle,Matched,0,1,Clear or Partly Cloudy,0,"(47.65499388400008, -122.30232943699997)",0,630868,N,12-000727
17443,132268,132268,Intersection,Cycles,0,,,0,Y,02/28/2012 12:00:00 AM +0000,2/28/2012 6:35:00 PM,0,29748,At Intersection (intersection related),Dark - Street Lights On,12TH AVE AND E PIKE ST,0,1,,2,3551930,Wet,18,"MOTOR VEHICLE STRUCK PEDALCYCLIST, FRONT END AT ANGLE",12059020,1546,0,1,Property Damage Only Collision,,45,Bicycle,Matched,N,1,Raining,0,"(47.61410376900005, -122.31683584899997)",10802,0,N,12 60901
17447,132264,132264,Block,Cycles,153,,,0,,04/26/2012 12:00:00 AM +0000,4/26/2012 5:26:00 PM,3,,Mid-Block (not related to intersection),Daylight,ALASKAN WAY BETWEEN MADISON ST AND SPRING ST,0,1,,6,3562657,Dry,18,"MOTOR VEHICLE STRUCK PEDALCYCLIST, FRONT END AT ANGLE",12117028,8720,0,2,Injury Collision,,45,Bicycle,Matched,N,2,Clear or Partly Cloudy,0,"(47.60413336400006, -122.338756435)",38512,0,N,2012-127685
17526,131129,131129,Intersection,Cycles,0,,,0,,08/12/2012 12:00:00 AM +0000,8/12/2012 2:21:00 AM,1,29748,At Intersection (intersection related),Dark - Street Lights On,12TH AVE AND E PIKE ST,0,1,,1,3593662,Dry,14,"MOTOR VEHICLE STRUCK MOTOR VEHICLE, REAR END",12225013,1546,0,2,Injury Collision,,45,Bicycle,Matched,N,0,Clear or Partly Cloudy,0,"(47.61410376900005, -122.31683584899997)",10802,0,N,12 266174
17559,131842,131842,Intersection,Cycles,0,,,0,,06/15/2012 12:00:00 AM +0000,6/15/2012 5:18:00 PM,1,29624,At Intersection (intersection related),Daylight,ALASKAN E RDWY WAY AND MADISON ST,0,1,,2,3562443,Dry,18,"MOTOR VEHICLE STRUCK PEDALCYCLIST, FRONT END AT ANGLE",12167002,8747,0,2,Injury Collision,,45,Bicycle,Matched,N,1,Clear or Partly Cloudy,0,"(47.60392419400006, -122.33807593399996)",12899,0,N,12-187308
17574,132130,132130,Block,Cycles,213,,,0,,10/08/2012 12:00:00 AM +0000,10/8/2012 3:56:00 PM,1,,Driveway Junction,Daylight,8TH AVE BETWEEN PINE ST AND OLIVE WAY,0,1,Y,2,3599371,Dry,18,"MOTOR VEHICLE STRUCK PEDALCYCLIST, FRONT END AT ANGLE",12282021,8281,0,2,Injury Collision,,45,Bicycle,Matched,N,1,Clear or Partly Cloudy,0,"(47.61355908100006, -122.33360568199998)",14005,0,N,2012-344628
17589,132424,132424,Intersection,Cycles,0,,,0,,02/08/2012 12:00:00 AM +0000,2/8/2012 4:02:00 PM,0,28731,At Intersection (intersection related),Daylight,DEXTER AVE N AND ALOHA ST,0,1,Y,2,3561000,Wet,51,PEDALCYCLIST STRUCK MOTOR VEHICLE FRONT END AT ANGLE,12039002,8815,0,1,Property Damage Only Collision,,45,Bicycle,Matched,N,1,Clear or Partly Cloudy,0,"(47.627138383000045, -122.342326604)",12729,0,N,2012-39079
17590,132423,132423,Intersection,Cycles,0, ,,0,,02/03/2012 12:00:00 AM +0000,2/3/2012 1:40:00 PM,1,25394,At Intersection (intersection related),Daylight,15TH AVE NW AND NW 60TH ST,0,1,Y,2,3561936,Dry,18,"MOTOR VEHICLE STRUCK PEDALCYCLIST, FRONT END AT ANGLE",12034013,2107,0,2,Injury Collision,,45,Bicycle,Matched,N,1,Clear or Partly Cloudy,0,"(47.672359666000034, -122.37621111899995)",0,524984,N,12-33313
17608,132271,132271,Intersection,Cycles,0,,,0,,07/29/2012 12:00:00 AM +0000,7/29/2012 1:41:00 AM,1,29700,At Intersection (intersection related),Dark - Street Lights On,1ST AVE AND BATTERY ST,0,1,,3,3465781,Dry,00,NOT ENOUGH INFORMATION / NOT APPLICABLE,12211017,1016,0,2,Injury Collision,,45,Bicycle,Matched,Y,1,Clear or Partly Cloudy,0,"(47.61414409500003, -122.34781319499996)",13239,0,N,12-246468
17632,132988,132988,Intersection,Cycles,0,,,0,Y,07/28/2012 12:00:00 AM +0000,7/28/2012 9:00:00 PM,1,34489,At Intersection (intersection related),Dusk,43RD AVE S AND RENTON AVE S,0,1,Y,2,3467118,Dry,18,"MOTOR VEHICLE STRUCK PEDALCYCLIST, FRONT END AT ANGLE",12210035,12513,0,2,Injury Collision,,45,Bicycle,Matched,N,1,Clear or Partly Cloudy,0,"(47.53337870200005, -122.27885219499996)",37354,0,N,12-246075
17651,132846,132846,Intersection,Cycles,0, ,,0,,02/09/2012 12:00:00 AM +0000,2/9/2012 9:38:00 PM,1,37418,At Intersection (intersection related),Dark - Street Lights On,GREENWOOD AVE N AND N 95TH ST,0,1,Y,2,3597061,Wet,18,"MOTOR VEHICLE STRUCK PEDALCYCLIST, FRONT END AT ANGLE",12040020,10757,0,2,Injury Collision,,45,Bicycle,Matched,N,1,Overcast,0,"(47.69783859900008, -122.35537700999998)",4733,0,N,12-40520
17661,131986,131986,Block,Cycles,332,,,0,,10/26/2012 12:00:00 AM +0000,10/26/2012 7:10:00 PM,1,,Mid-Block (not related to intersection),Dark - Street Lights On,N 130TH ST BETWEEN AURORA AVE N AND STONE AVE N,0,1,Y,2,3333784,Wet,18,"MOTOR VEHICLE STRUCK PEDALCYCLIST, FRONT END AT ANGLE",12300053,15162,1,2b,Serious Injury Collision,,45,Bicycle,Matched,N,1,Raining,0,"(47.72321113800007, -122.34363055799997)",0,0,N,12 367576
17681,131707,131707,Intersection,Cycles,0,,,0,,11/02/2012 12:00:00 AM +0000,11/2/2012 8:06:00 AM,1,35033,At Intersection (intersection related),Daylight,16TH AVE SW AND SW HENDERSON ST,0,1,Y,2,3553720,Dry,18,"MOTOR VEHICLE STRUCK PEDALCYCLIST, FRONT END AT ANGLE",12307016,2348,0,2,Injury Collision,,45,Bicycle,Matched,N,1,Clear or Partly Cloudy,0,"(47.52287008800005, -122.35510445399996)",29740,0,N,12-375806
17734,132135,132135,Block,Cycles,213,,,0,,05/23/2012 12:00:00 AM +0000,5/23/2012 5:18:00 PM,1,,Mid-Block (not related to intersection),Daylight,2ND AVE BETWEEN UNIVERSITY ST AND UNION ST,0,1,Y,3,3503545,Dry,18,"MOTOR VEHICLE STRUCK PEDALCYCLIST, FRONT END AT ANGLE",12144017,2756,0,2,Injury Collision,,45,Bicycle,Matched,N,1,Clear or Partly Cloudy,0,"(47.60779445000003, -122.33754000999994)",12162,0,N,2012-159127
17741,131990,131990,Intersection,Cycles,0,,,0,,10/29/2012 12:00:00 AM +0000,10/29/2012 5:59:00 PM,0,31353,At Intersection (intersection related),Daylight,4TH AVE S AND S WALKER ST,0,1,Y,2,3502180,Dry,51,PEDALCYCLIST STRUCK MOTOR VEHICLE FRONT END AT ANGLE,12303003,6238,0,1,Property Damage Only Collision,,45,Bicycle,Matched,N,1,Clear or Partly Cloudy,0,"(47.58397727600004, -122.32905374899997)",18723,0,N,12-371350
17766,131007,131007,Intersection,Cycles,0, ,,0,,08/23/2012 12:00:00 AM +0000,8/23/2012 8:34:00 AM,1,29660,At Intersection (intersection related),Daylight,2ND AVE AND DENNY WAY,0,1,Y,2,3599313,Dry,18,"MOTOR VEHICLE STRUCK PEDALCYCLIST, FRONT END AT ANGLE",12236002,2772,0,2,Injury Collision,,45,Bicycle,Matched,N,1,Clear or Partly Cloudy,0,"(47.61859203600005, -122.35283935099994)",0,521014,N,12-281194
17807,131714,131714,Intersection,Cycles,0,,,0,,04/22/2012 12:00:00 AM +0000,4/22/2012 9:35:00 AM,1,26454,At Intersection (intersection related),Daylight,GILMAN AVE W AND W EMERSON ST,0,1,Y,2,3561090,Dry,51,PEDALCYCLIST STRUCK MOTOR VEHICLE FRONT END AT ANGLE,12113006,10636,0,2,Injury Collision,,45,Bicycle,Matched,N,1,Clear or Partly Cloudy,0,"(47.65397898100008, -122.38461607899995)",15423,0,N,2012-122682
17859,132579,132579,Intersection,Cycles,0, ,,0,,09/04/2012 12:00:00 AM +0000,9/4/2012 4:23:00 PM,1,27043,At Intersection (intersection related),Daylight,TROLL AVE N AND N 34TH ST,0,1,Y,3,3597147,Dry,24,MOTOR VEHCILE STRUCK PEDESTRIAN,12248005,9002,0,2,Injury Collision,,45,Bicycle,Matched,N,2,Clear or Partly Cloudy,0,"(47.64924012200004, -122.34741874299999)",8816,595675,N,12-297467
17991,134245,134245,Intersection,Cycles,0,,,0,,06/11/2012 12:00:00 AM +0000,6/11/2012 9:10:00 PM,0,36329,At Intersection (intersection related),Dusk,ASHWORTH AVE N AND N 120TH ST,0,1,Y,2,3551293,Dry,51,PEDALCYCLIST STRUCK MOTOR VEHICLE FRONT END AT ANGLE,12163001,8881,0,1,Property Damage Only Collision,,45,Bicycle,Matched,N,1,Clear or Partly Cloudy,0,"(47.71593697000003, -122.33949691999999)",0,0,N,12-182652
17995,134540,134540,Intersection,Cycles,0,,,0,,07/07/2012 12:00:00 AM +0000,7/7/2012 2:39:00 AM,1,28204,At Intersection (intersection related),Dark - Street Lights On,10TH AVE E AND E ROANOKE E ST,0,1,,2,3593479,Dry,51,PEDALCYCLIST STRUCK MOTOR VEHICLE FRONT END AT ANGLE,12189003,1302,0,2,Injury Collision,,45,Bicycle,Matched,N,1,Clear or Partly Cloudy,0,"(47.643195021000054, -122.31959559499995)",6090,0,N,2012-215983
18082,133851,133851,Intersection,Cycles,0,,,0,,06/01/2012 12:00:00 AM +0000,6/1/2012 9:00:00 AM,1,34844,At Intersection (intersection related),Daylight,20TH AVE SW AND SW THISTLE ST,0,1,,2,3198191,Wet,11,"MOTOR VEHICLE STRUCK MOTOR VEHICLE, FRONT END AT ANGLE",12153006,3081,0,2,Injury Collision,,45,Bicycle,Matched,N,1,Overcast,0,"(47.52828436200008, -122.35910700399995)",0,0,N,12-169362
18123,134397,134397,Intersection,Cycles,0, ,,0,,05/09/2012 12:00:00 AM +0000,5/9/2012 12:37:00 PM,1,29930,At Intersection (intersection related),Daylight,5TH AVE AND UNIVERSITY ST,1,1,Y,2,3504004,Dry,64,PEDALCYCLIST STRUCK PEDESTRIAN,12130002,7233,0,2,Injury Collision,,45,Bicycle,Matched,N,0,Clear or Partly Cloudy,0,"(47.60869259700007, -122.33375682999997)",36237,522103,N,12-142535
18155,135101,135101,Block,Cycles,271,,,0,,05/25/2012 12:00:00 AM +0000,5/25/2012 2:59:00 PM,1,,Mid-Block (not related to intersection),Daylight,HUBBELL PL BETWEEN 9TH AVE AND PIKE ST,0,1,,2,3505799,Dry,51,PEDALCYCLIST STRUCK MOTOR VEHICLE FRONT END AT ANGLE,12146024,10970,0,2,Injury Collision,,45,Bicycle,Matched,N,1,Clear or Partly Cloudy,0,"(47.61225859100006, -122.33001015099995)",36199,0,N,2012-161376
18189,133589,133589,Intersection,Cycles,0, ,,0,,07/12/2012 12:00:00 AM +0000,7/12/2012 7:40:00 AM,1,35097,At Intersection (intersection related),Daylight,14TH AVE S AND S CLOVERDALE ST,0,1,Y,2,3553591,Dry,18,"MOTOR VEHICLE STRUCK PEDALCYCLIST, FRONT END AT ANGLE",12194007,1956,0,2,Injury Collision,,45,Bicycle,Matched,N,1,Clear or Partly Cloudy,0,"(47.52644088900007, -122.31491041099997)",0,524890,N,12-222773
18202,133451,133451,Block,Cycles,240,,,0,,09/30/2012 12:00:00 AM +0000,9/30/2012 6:06:00 PM,0,,Mid-Block (not related to intersection),Daylight,36TH AVE BETWEEN E CHERRY ST AND E COLUMBIA ST,0,1,,2,3593935,Dry,18,"MOTOR VEHICLE STRUCK PEDALCYCLIST, FRONT END AT ANGLE",12274013,5524,0,1,Property Damage Only Collision,,45,Bicycle,Matched,N,1,Clear or Partly Cloudy,0,"(47.60857370700006, -122.28721857499994)",0,0,N,12-333884
18309,134838,134838,Block,Cycles,451.5,,,0,,08/11/2012 12:00:00 AM +0000,8/11/2012 2:03:00 PM,0,,Mid-Block (not related to intersection),Daylight,S HENDERSON ST BETWEEN RAINIER AVE S AND 53RD AVE S,0,1,Y,3,3342691,Dry,18,"MOTOR VEHICLE STRUCK PEDALCYCLIST, FRONT END AT ANGLE",12224025,20245,0,1,Property Damage Only Collision,Y,45,Bicycle,Matched,N,1,Clear or Partly Cloudy,0,"(47.52330258200004, -122.26816089599998)",0,0,N,2012 265296
18393,134419,134419,Intersection,Cycles,0,,,0,,05/12/2012 12:00:00 AM +0000,5/12/2012 1:30:00 PM,0,25438,At Intersection (intersection related),Unknown,15TH AVE NW AND NW 51ST ST,0,1,Y,2,3564095,Unknown,18,"MOTOR VEHICLE STRUCK PEDALCYCLIST, FRONT END AT ANGLE",12133033,2098,0,1,Property Damage Only Collision,,45,Bicycle,Matched,N,1,Unknown,0,"(47.66570451300004, -122.37621919199995)",18264,0,N,2012-149739
18412,134272,134272,Intersection,Cycles,0,,,0,,11/02/2012 12:00:00 AM +0000,11/2/2012 8:37:00 AM,1,24064,At Intersection (intersection related),Daylight,1ST AVE NW AND NW 78TH ST,0,1,Y,2,3504415,Wet,51,PEDALCYCLIST STRUCK MOTOR VEHICLE FRONT END AT ANGLE,12307015,1150,0,2,Injury Collision,,45,Bicycle,Matched,N,1,Overcast,0,"(47.685473770000044, -122.35797511599998)",0,0,N,12-375841
18462,134842,134842,Intersection,Cycles,0,,,0,,07/27/2012 12:00:00 AM +0000,7/27/2012 4:34:00 PM,1,29613,At Intersection (intersection related),Daylight,2ND AVE AND SPRING ST,0,1,,2,3465810,Dry,18,"MOTOR VEHICLE STRUCK PEDALCYCLIST, FRONT END AT ANGLE",12209006,2754,0,2,Injury Collision,,45,Bicycle,Matched,N,1,Overcast,0,"(47.605872617000045, -122.33578172399996)",12144,0,N,12-244340
18482,133605,133605,Intersection,Cycles,0,,,0,,11/13/2012 12:00:00 AM +0000,11/13/2012 8:36:00 AM,1,29174,At Intersection (intersection related),Daylight,HOWELL ST AND YALE AVE,0,1,,2,3581926,Wet,51,PEDALCYCLIST STRUCK MOTOR VEHICLE FRONT END AT ANGLE,12318026,10965,1,2b,Serious Injury Collision,,45,Bicycle,Matched,N,1,Overcast,0,"(47.617504618000055, -122.32969878999995)",14397,0,N,12-389249
18494,133472,133472,Intersection,Cycles,0,,,0,,07/06/2012 12:00:00 AM +0000,7/6/2012 4:19:00 PM,1,30544,At Intersection (intersection related),Daylight,7TH AVE S AND S DEARBORN ST,0,1,Y,2,3504006,Dry,18,"MOTOR VEHICLE STRUCK PEDALCYCLIST, FRONT END AT ANGLE",12188022,8211,0,2,Injury Collision,,45,Bicycle,Matched,N,1,Clear or Partly Cloudy,0,"(47.59583330500004, -122.32376363099996)",5835,0,N,12-215172
18532,134288,134288,Intersection,Cycles,0,,,0,,11/06/2012 12:00:00 AM +0000,11/6/2012 6:00:00 PM,0,29747,At Intersection (intersection related),Dark - Street Lights On,11TH AVE AND E PIKE ST,0,1,,2,3476431,Wet,18,"MOTOR VEHICLE STRUCK PEDALCYCLIST, FRONT END AT ANGLE",12311011,1382,0,1,Property Damage Only Collision,,45,Bicycle,Matched,N,1,Raining,0,"(47.61409443200006, -122.31814094999999)",31243,0,N,12-381402
18584,134431,134431,Intersection,Cycles,0,,,0,,03/22/2012 12:00:00 AM +0000,3/22/2012 6:23:00 PM,1,28331,At Intersection (intersection related),Dusk,FAIRVIEW AVE E AND E GARFIELD ST,0,1,Y,2,3373546,Dry,18,"MOTOR VEHICLE STRUCK PEDALCYCLIST, FRONT END AT ANGLE",12082004,10337,0,2,Injury Collision,,45,Bicycle,Matched,N,1,Clear or Partly Cloudy,0,"(47.63385963400003, -122.32692389099998)",0,0,N,2012-87348
18596,135130,135130,Intersection,Cycles,0,,,0,,11/04/2012 12:00:00 AM +0000,11/4/2012 8:41:00 AM,1,25716,At Intersection (intersection related),Daylight,ROOSEVELT WAY NE AND NE 62ND ST,0,1,Y,2,3608853,Wet,18,"MOTOR VEHICLE STRUCK PEDALCYCLIST, FRONT END AT ANGLE",12309001,12612,0,2,Injury Collision,,45,Bicycle,Matched,N,1,Overcast,0,"(47.67333477600005, -122.31736337499996)",9202,0,N,2012-378517
18618,133752,133752,Intersection,Cycles,0,,,0,,09/11/2012 12:00:00 AM +0000,9/11/2012 4:38:00 PM,1,30410,At Intersection (intersection related),Daylight,12TH AVE AND E YESLER WAY,0,1,,2,3566188,Dry,51,PEDALCYCLIST STRUCK MOTOR VEHICLE FRONT END AT ANGLE,12255009,1523,0,2,Injury Collision,,45,Bicycle,Matched,N,1,Clear or Partly Cloudy,0,"(47.60169336800004, -122.31678189299998)",10532,0,N,12 307106
18622,133755,133755,Block,Cycles,161,,,0,,07/21/2012 12:00:00 AM +0000,7/21/2012 11:21:00 PM,1,,Mid-Block (not related to intersection),Dark - Street Lights On,E PINE ST BETWEEN 13TH AVE AND 14TH AVE,0,1,Y,3,3593580,Dry,14,"MOTOR VEHICLE STRUCK MOTOR VEHICLE, REAR END",12203023,14639,0,2,Injury Collision,,45,Bicycle,Matched,N,1,Clear or Partly Cloudy,0,"(47.61527742200008, -122.31489750199995)",10425,0,N,12-236520