OBJECTID,INCKEY,COLDETKEY,ADDRTYPE,COLLISIONTYPE,DISTANCE,EXCEPTRSNCODE,EXCEPTRSNDESC,FATALITIES,INATTENTIONIND,INCDATE,INCDTTM,INJURIES,INTKEY,JUNCTIONTYPE,LIGHTCOND,LOCATION,PEDCOUNT,PEDCYLCOUNT,PEDROWNOTGRNT,PERSONCOUNT,REPORTNO,ROADCOND,SDOT_COLCODE,SDOT_COLDESC,SDOTCOLNUM,SEGKEY,SERIOUSINJURIES,SEVERITYCODE,SEVERITYDESC,SPEEDING,ST_COLCODE,ST_COLDESC,STATUS,UNDERINFL,VEHCOUNT,WEATHER,WIDTH,Shape,SEGLANEKEY,CROSSWALKKEY,HITPARKEDCAR,SPDCASENO
18625,133613,133613,Intersection,Cycles,0,,,0,,09/25/2012 12:00:00 AM +0000,9/25/2012 11:16:00 AM,1,33748,At Intersection (intersection related),Daylight,41ST AVE SW AND SW MORGAN ST,0,1,,2,3342595,Dry,51,PEDALCYCLIST STRUCK MOTOR VEHICLE FRONT END AT ANGLE,12269003,6469,0,2,Injury Collision,,45,Bicycle,Matched,N,1,Clear or Partly Cloudy,0,"(47.54483670700006, -122.38445347199996)",1961,0,N,2012-326191
18657,134016,134016,Block,Cycles,150,,,0,,07/05/2012 12:00:00 AM +0000,7/5/2012 2:40:00 PM,1,,Mid-Block (not related to intersection),Daylight,8TH AVE NW BETWEEN NW 84TH ST AND NW 85TH ST,0,1,,2,3551406,Dry,51,PEDALCYCLIST STRUCK MOTOR VEHICLE FRONT END AT ANGLE,12187008,8411,0,2,Injury Collision,,45,Bicycle,Matched,N,1,Clear or Partly Cloudy,0,"(47.69024216100007, -122.36599398099997)",3386,0,N,12-213655
18667,134291,134291,Intersection,Cycles,0, ,,0,,01/03/2012 12:00:00 AM +0000,1/3/2012 7:13:00 AM,1,29914,At Intersection (intersection related),Dark - Street Lights On,6TH AVE AND UNIVERSITY ST,0,1,Y,2,3329885,Dry,18,"MOTOR VEHICLE STRUCK PEDALCYCLIST, FRONT END AT ANGLE",12003011,7880,0,2,Injury Collision,,45,Bicycle,Matched,N,1,Overcast,0,"(47.60916022100008, -122.33264019499995)",0,522379,N,
18694,134724,134724,Intersection,Cycles,0,,,0,,09/03/2012 12:00:00 AM +0000,9/3/2012 12:51:00 PM,1,35459,At Intersection (intersection related),Daylight,53RD AVE S AND RAINIER AVE S,0,1,,2,3467551,Dry,51,PEDALCYCLIST STRUCK MOTOR VEHICLE FRONT END AT ANGLE,12247003,7630,0,2,Injury Collision,,45,Bicycle,Matched,N,1,Clear or Partly Cloudy,0,"(47.51984119100007, -122.26616094699995)",0,0,N,12-295923
18700,134722,134722,Intersection,Cycles,0,,,0,,08/31/2012 12:00:00 AM +0000,8/31/2012 3:40:00 PM,1,29061,At Intersection (intersection related),Daylight,15TH AVE AND E DENNY WAY,0,1,Y,2,3593777,Dry,51,PEDALCYCLIST STRUCK MOTOR VEHICLE FRONT END AT ANGLE,12244002,2001,0,2,Injury Collision,,45,Bicycle,Matched,N,1,Clear or Partly Cloudy,0,"(47.61852044400007, -122.31274228899997)",0,0,N,2012-292328
18733,135139,135139,Block,Cycles,210,,,0,,10/06/2012 12:00:00 AM +0000,10/6/2012 7:00:00 PM,0,,Mid-Block (not related to intersection),Unknown,EASTLAKE AVE E BETWEEN REPUBLICAN ST AND MERCER ST,0,1,,2,3346417,Unknown,51,PEDALCYCLIST STRUCK MOTOR VEHICLE FRONT END AT ANGLE,12280032,10166,0,1,Property Damage Only Collision,,45,Bicycle,Matched,N,1,Unknown,0,"(47.62370146500007, -122.32916000699998)",11572,0,N,12-346922
18794,133764,133764,Block,Cycles,283,,,0,,04/29/2012 12:00:00 AM +0000,4/29/2012 1:36:00 PM,1,,Mid-Block (not related to intersection),Daylight,WILSON AVE S BETWEEN 50TH AVE S AND S FARRAR ST,0,1,,2,3608069,Dry,55,PEDALCYCLIST STRUCK MOTOR VEHICLE RIGHT SIDE SIDESWIPE,12120012,13607,0,2,Injury Collision,,45,Bicycle,Matched,N,1,Clear or Partly Cloudy,0,"(47.556318719000046, -122.27047436499998)",8120,0,N,12-131127
18799,133762,133762,Block,Cycles,330,,,0,Y,04/25/2012 12:00:00 AM +0000,4/25/2012 5:27:00 PM,1,,Mid-Block (not related to intersection),Daylight,15TH AVE NE BETWEEN NE 47TH ST AND NE 50TH ST,0,1,,2,3545134,Wet,23,"MOTOR VEHICLE STRUCK PEDALCYCLIST, LEFT SIDE SIDESWIPE",12116031,2036,0,2,Injury Collision,,45,Bicycle,Matched,N,1,Raining,0,"(47.66398686100007, -122.31195157799999)",21394,0,N,2012-126565
18806,134446,134446,Intersection,Cycles,0,,,0,,04/09/2012 12:00:00 AM +0000,4/9/2012 8:54:00 AM,1,29863,At Intersection (intersection related),Daylight,MELROSE AVE AND PINE ST,0,1,Y,2,3552227,Dry,11,"MOTOR VEHICLE STRUCK MOTOR VEHICLE, FRONT END AT ANGLE",12100014,11745,0,2,Injury Collision,,45,Bicycle,Matched,N,1,Clear or Partly Cloudy,0,"(47.615238420000026, -122.32790375499997)",10336,0,N,2012-107441
18814,134727,134727,Intersection,Cycles,0, ,,0,,09/25/2012 12:00:00 AM +0000,9/25/2012 5:10:00 PM,1,28744,At Intersection (intersection related),Daylight,BROAD ST AND VALLEY ST,0,1,Y,2,3345958,Dry,18,"MOTOR VEHICLE STRUCK PEDALCYCLIST, FRONT END AT ANGLE",12269011,13265,0,2,Injury Collision,,45,Bicycle,Matched,N,1,Clear or Partly Cloudy,0,"(47.625795769000035, -122.33863455)",0,523374,N,12-326600
18901,133492,133492,Block,Cycles,127.5,,,0,Y,07/09/2012 12:00:00 AM +0000,7/9/2012 4:38:00 PM,1,,Mid-Block (but intersection related),Daylight,DEXTER AVE N BETWEEN GALER ST AND GARFIELD S ST,0,1,Y,2,3503859,Dry,18,"MOTOR VEHICLE STRUCK PEDALCYCLIST, FRONT END AT ANGLE",12191019,10084,0,2,Injury Collision,,45,Bicycle,Matched,N,1,Clear or Partly Cloudy,0,"(47.632648234000044, -122.342281878)",12954,0,N,12-219259
18906,133210,133210,Block,Cycles,298,,,0,,06/25/2012 12:00:00 AM +0000,6/25/2012 11:28:00 AM,1,,Mid-Block (not related to intersection),Daylight,S KING ST BETWEEN 10TH AVE S AND 12TH AVE S,0,1,Y,2,3593304,Dry,18,"MOTOR VEHICLE STRUCK PEDALCYCLIST, FRONT END AT ANGLE",12177011,20603,0,2,Injury Collision,,45,Bicycle,Matched,N,1,Clear or Partly Cloudy,0,"(47.59834276200007, -122.31843780699995)",5773,0,N,12-199728
18996,135155,135155,Intersection,Cycles,0,,,0,,11/29/2012 12:00:00 AM +0000,11/29/2012 10:50:00 AM,1,29672,At Intersection (intersection related),Daylight,4TH AVE AND BATTERY ST,0,1,,4,3562950,Wet,51,PEDALCYCLIST STRUCK MOTOR VEHICLE FRONT END AT ANGLE,12334026,6141,0,2,Injury Collision,,45,Bicycle,Matched,N,1,Raining,0,"(47.61613769000007, -122.34523488399998)",12841,0,N,12-407738
19027,133220,133220,Block,Cycles,193,,,0,,05/13/2012 12:00:00 AM +0000,5/13/2012 1:31:00 PM,1,,Mid-Block (not related to intersection),Daylight,E MADISON ST BETWEEN 22ND AVE E AND 23RD AVE E,0,1,,1,3552262,Dry,69,PEDALCYCLIST OVERTURNED IN ROAD,12134011,14354,0,2,Injury Collision,,45,Bicycle,Matched,N,0,Clear or Partly Cloudy,0,"(47.61879449500003, -122.30310023299995)",23101,0,N,12-147413
19067,133641,133641,Block,Cycles,139, ,,0,,01/13/2012 12:00:00 AM +0000,1/13/2012 1:42:00 AM,1,,Mid-Block (not related to intersection),Dark - Street Lights On,E DENNY WAY BETWEEN MELROSE AVE AND BELLEVUE AVE,0,1,,2,2618472,Dry,18,"MOTOR VEHICLE STRUCK PEDALCYCLIST, FRONT END AT ANGLE",12013003,13945,0,2,Injury Collision,,45,Bicycle,Matched,N,1,Clear or Partly Cloudy,0,"(47.61849470200008, -122.32729177899995)",23555,0,N,12-12567
19092,134180,134180,Block,Cycles,213.5,,,0,,12/13/2012 12:00:00 AM +0000,12/13/2012 6:28:00 PM,0,,Mid-Block (not related to intersection),Dark - Street Lights On,5TH AVE BETWEEN PIKE ST AND PINE ST,0,1,,3,3581884,Wet,18,"MOTOR VEHICLE STRUCK PEDALCYCLIST, FRONT END AT ANGLE",12348021,7237,0,1,Property Damage Only Collision,,45,Bicycle,Matched,N,1,Raining,0,"(47.611174927000036, -122.33602906199997)",24883,0,N,12-425558
19102,134607,134607,Intersection,Cycles,0,,,0,,10/06/2012 12:00:00 AM +0000,10/6/2012 4:36:00 PM,1,30082,At Intersection (intersection related),Daylight,29TH AVE AND E JEFFERSON ST,0,1,,2,3593949,Dry,21,"MOTOR VEHICLE STRUCK PEDALCYCLIST, REAR END",12280030,4265,0,2,Injury Collision,,45,Bicycle,Matched,N,1,Clear or Partly Cloudy,0,"(47.60617002600003, -122.29491562399994)",0,0,N,12-342183
19133,134610,134610,Intersection,Cycles,0,,,0,,10/12/2012 12:00:00 AM +0000,10/12/2012 10:16:00 AM,1,25773,At Intersection (intersection related),Daylight,9TH AVE NE AND NE 53RD ST,0,1,Y,2,3504619,Wet,18,"MOTOR VEHICLE STRUCK PEDALCYCLIST, FRONT END AT ANGLE",12286006,8545,0,2,Injury Collision,,45,Bicycle,Matched,N,1,Overcast,0,"(47.66711366000004, -122.31841424399994)",0,0,N,2012 349522
19134,135159,135159,Intersection,Cycles,0,,,0,,12/06/2012 12:00:00 AM +0000,12/6/2012 8:04:00 AM,1,25625,At Intersection (intersection related),Daylight,PHINNEY AVE N AND N 59TH ST,0,1,Y,2,3554192,Wet,18,"MOTOR VEHICLE STRUCK PEDALCYCLIST, FRONT END AT ANGLE",12341003,12154,0,2,Injury Collision,,45,Bicycle,Matched,N,1,Raining,0,"(47.67179376300004, -122.35438656799994)",3839,0,N,2012-416348
19135,134890,134890,Intersection,Cycles,0, ,,0,,12/14/2012 12:00:00 AM +0000,12/14/2012 7:45:00 AM,1,29535,At Intersection (intersection related),Dawn,6TH AVE AND BLANCHARD ST,0,1,Y,2,3329018,Wet,18,"MOTOR VEHICLE STRUCK PEDALCYCLIST, FRONT END AT ANGLE",12349008,7891,0,2,Injury Collision,,45,Bicycle,Matched,N,1,Overcast,0,"(47.61592967000007, -122.34091505199996)",0,521731,N,12-426157
19145,133372,133372,Intersection,Cycles,0,,,0,,08/02/2012 12:00:00 AM +0000,8/2/2012 6:20:00 PM,1,29378,At Intersection (intersection related),Daylight,21ST AVE E AND E JOHN ST,0,1,Y,3,3332241,Dry,18,"MOTOR VEHICLE STRUCK PEDALCYCLIST, FRONT END AT ANGLE",12215008,3109,0,2,Injury Collision,,45,Bicycle,Matched,N,1,Clear or Partly Cloudy,0,"(47.620218771000054, -122.30473948499997)",35333,0,N,12-252814
19155,135167,135167,Block,Cycles,213,,,0,Y,05/01/2012 12:00:00 AM +0000,5/1/2012 4:51:00 PM,1,,Mid-Block (not related to intersection),Daylight,9TH AVE N BETWEEN JOHN ST AND THOMAS ST,0,1,,3,3551915,Dry,18,"MOTOR VEHICLE STRUCK PEDALCYCLIST, FRONT END AT ANGLE",12122001,8530,0,2,Injury Collision,,45,Bicycle,Matched,N,1,Clear or Partly Cloudy,0,"(47.62029333900006, -122.33977366199997)",15954,0,N,12-133541
19199,133788,133788,Block,Cycles,142.5,,,0,,08/24/2012 12:00:00 AM +0000,8/24/2012 6:27:00 AM,1,,Mid-Block (not related to intersection),Daylight,NE CAMPUS EB PY BETWEEN BROOKLYN AVE NE AND UNIVERSITY WAY NE,0,1,,2,3597435,Wet,21,"MOTOR VEHICLE STRUCK PEDALCYCLIST, REAR END",12237013,17988,0,2,Injury Collision,,45,Bicycle,Matched,N,1,Clear or Partly Cloudy,0,"(47.65599385100006, -122.31384838599996)",30475,0,N,12-282488
19211,134326,134326,Intersection,Cycles,0,,,0,,02/07/2012 12:00:00 AM +0000,2/7/2012 7:01:00 AM,1,32203,At Intersection (intersection related),Daylight,11TH AVE SW AND SW SPOKANE NR ST,0,1,,2,3553582,Dry,51,PEDALCYCLIST STRUCK MOTOR VEHICLE FRONT END AT ANGLE,12038029,22833,0,2,Injury Collision,,45,Bicycle,Matched,N,1,Overcast,0,"(47.57165394200007, -122.34924289499997)",39178,0,N,12-37346
19284,133237,133237,Intersection,Cycles,0,,,0,,11/13/2012 12:00:00 AM +0000,11/13/2012 6:53:00 PM,1,27273,At Intersection (intersection related),Dark - Street Lights Off,N 36TH ST AND N PACIFIC ST,0,1,Y,2,3613437,Wet,18,"MOTOR VEHICLE STRUCK PEDALCYCLIST, FRONT END AT ANGLE",12318028,9764,0,2,Injury Collision,,45,Bicycle,Matched,N,1,Raining,0,"(47.65050201500003, -122.33154340399994)",0,0,N,12-389876
19362,134061,134061,Intersection,Cycles,0,,,0,,09/18/2012 12:00:00 AM +0000,9/18/2012 9:30:00 AM,1,29434,At Intersection (intersection related),Daylight,32ND AVE E AND E MADISON ST,0,1,Y,2,3551799,Dry,18,"MOTOR VEHICLE STRUCK PEDALCYCLIST, FRONT END AT ANGLE",12262010,4940,0,2,Injury Collision,,45,Bicycle,Matched,N,1,Clear or Partly Cloudy,0,"(47.62703978300004, -122.29092938999997)",34494,0,N,12 316324
19454,134202,134202,Intersection,Cycles,0, ,,0,,12/22/2012 12:00:00 AM +0000,12/22/2012 8:51:00 AM,1,167336,At Intersection (intersection related),Daylight,BEACON ER AVE S AND S GRAHAM ST,0,1,,2,3502715,Wet,51,PEDALCYCLIST STRUCK MOTOR VEHICLE FRONT END AT ANGLE,12357007,20116,0,2,Injury Collision,,45,Bicycle,Matched,Y,1,Raining,0,"(47.54637207700006, -122.30033204199998)",0,524751,N,12-435980
19468,134072,134072,Intersection,Cycles,0,,,0,,09/07/2012 12:00:00 AM +0000,9/7/2012 8:33:00 AM,1,26895,At Intersection (intersection related),Daylight,WOODLAND PARK AVE N AND N 34TH ST,0,1,Y,3,3544953,Dry,18,"MOTOR VEHICLE STRUCK PEDALCYCLIST, FRONT END AT ANGLE",12251005,13647,0,2,Injury Collision,,45,Bicycle,Matched,N,2,Clear or Partly Cloudy,0,"(47.64873286300008, -122.34404151999996)",8839,0,N,12 300971
19537,135048,135048,Intersection,Cycles,0,,,0,,11/13/2012 12:00:00 AM +0000,11/13/2012 11:05:00 AM,1,29761,At Intersection (intersection related),Daylight,12TH AVE AND E MADISON ST,0,1,Y,3,3567392,Dry,18,"MOTOR VEHICLE STRUCK PEDALCYCLIST, FRONT END AT ANGLE",12318023,1536,0,2,Injury Collision,,45,Bicycle,Matched,N,1,Overcast,0,"(47.61288923600006, -122.31673339099996)",10773,0,N,2012-289388
19555,135340,135340,Intersection,Cycles,0, ,,0,,04/06/2012 12:00:00 AM +0000,4/6/2012 5:54:00 PM,1,36987,At Intersection (intersection related),Daylight,16TH AVE NW AND NW 85TH ST,0,1,,2,3596954,Dry,51,PEDALCYCLIST STRUCK MOTOR VEHICLE FRONT END AT ANGLE,12097006,2277,0,2,Injury Collision,,45,Bicycle,Matched,N,1,Clear or Partly Cloudy,0,"(47.69060578300008, -122.37788349899995)",0,0,N,12-104573
19575,133673,133673,Block,Cycles,325.5,,,0,,04/11/2012 12:00:00 AM +0000,4/11/2012 8:35:00 AM,1,,Mid-Block (not related to intersection),Daylight,8TH AVE NW BETWEEN NW 65TH ST AND NW 67TH ST,0,1,Y,3,3504802,Dry,18,"MOTOR VEHICLE STRUCK PEDALCYCLIST, FRONT END AT ANGLE",12102024,8395,0,2,Injury Collision,,45,Bicycle,Matched,N,1,Overcast,0,"(47.67687652200004, -122.36602182999997)",2489,0,N,12 109869
19608,134216,134216,Block,Cycles,161,,,0,,06/02/2012 12:00:00 AM +0000,6/2/2012 11:29:00 AM,1,,Mid-Block (not related to intersection),Daylight,PIKE ST BETWEEN TERRY AVE AND BOREN AVE,0,1,,2,3375500,Dry,51,PEDALCYCLIST STRUCK MOTOR VEHICLE FRONT END AT ANGLE,12154015,12206,0,2,Injury Collision,,45,Bicycle,Matched,N,1,Clear or Partly Cloudy,0,"(47.613232897000046, -122.32947078999996)",24900,0,N,12-170906
19610,134214,134214,Intersection,Cycles,0, ,,0,,09/30/2012 12:00:00 AM +0000,9/30/2012 5:25:00 PM,1,26085,At Intersection (intersection related),Daylight,22ND AVE NE AND NE 54TH ST,0,1,,2,3507778,Dry,18,"MOTOR VEHICLE STRUCK PEDALCYCLIST, FRONT END AT ANGLE",12274022,12453,0,2,Injury Collision,,45,Bicycle,Matched,N,1,Clear or Partly Cloudy,0,"(47.66795924400003, -122.30373895099996)",0,630865,N,12-333896
19641,133819,133819,Intersection,Cycles,0, ,,0,,09/08/2012 12:00:00 AM +0000,9/8/2012 6:25:00 PM,0,30509,At Intersection (intersection related),Daylight,4TH AVE S AND S JACKSON ST,0,1,,2,3549222,Dry,51,PEDALCYCLIST STRUCK MOTOR VEHICLE FRONT END AT ANGLE,12252007,6229,0,1,Property Damage Only Collision,,45,Bicycle,Matched,N,1,Clear or Partly Cloudy,0,"(47.59919689000003, -122.32896751499999)",0,524973,N,2012-303069
19714,135347,135347,Intersection,Cycles,0, ,,0,,01/11/2012 12:00:00 AM +0000,1/11/2012 11:57:00 AM,1,29863,At Intersection (intersection related),Daylight,MELROSE AVE AND PINE ST,0,1,Y,2,3551763,Dry,18,"MOTOR VEHICLE STRUCK PEDALCYCLIST, FRONT END AT ANGLE",12011003,11745,0,2,Injury Collision,,45,Bicycle,Matched,N,1,Clear or Partly Cloudy,0,"(47.615238420000026, -122.32790375499997)",10336,0,N,2012-10826
19720,135204,135204,Block,Cycles,110,,,0,,04/21/2012 12:00:00 AM +0000,4/21/2012 8:28:00 PM,0,,Mid-Block (not related to intersection),Dusk,11TH AVE NE BETWEEN NE 41ST ST AND EASTLAKE AVE NE,0,1,,2,3545021,Dry,51,PEDALCYCLIST STRUCK MOTOR VEHICLE FRONT END AT ANGLE,12112001,1405,0,1,Property Damage Only Collision,,45,Bicycle,Matched,N,1,Clear or Partly Cloudy,0,"(47.65717540600008, -122.31668458899998)",0,0,N,2012-122074
19723,134089,134089,Intersection,Cycles,0,,,0,,04/04/2012 12:00:00 AM +0000,4/4/2012 5:29:00 PM,1,31247,At Intersection (intersection related),Daylight,15TH AVE S AND S HOLGATE ST,0,1,Y,3,3285192,Dry,51,PEDALCYCLIST STRUCK MOTOR VEHICLE FRONT END AT ANGLE,12095007,2137,0,2,Injury Collision,,45,Bicycle,Matched,N,1,Clear or Partly Cloudy,0,"(47.58636267900005, -122.31336274799997)",14075,0,N,2012-102148
19759,134090,134090,Intersection,Cycles,0, ,,0,,04/07/2012 12:00:00 AM +0000,4/7/2012 8:46:00 AM,1,28934,At Intersection (intersection related),Daylight,4TH AVE N AND BROAD ST,0,1,Y,2,3373407,Dry,18,"MOTOR VEHICLE STRUCK PEDALCYCLIST, FRONT END AT ANGLE",12098003,9417,0,2,Injury Collision,,45,Bicycle,Matched,N,1,Clear or Partly Cloudy,0,"(47.619743913000036, -122.34885893899997)",0,522835,N,12-105355
19868,135357,135357,Intersection,Cycles,0,,,0,,10/21/2012 12:00:00 AM +0000,10/21/2012 4:52:00 AM,0,29505,At Intersection (intersection related),Dark - Street Lights On,BOREN AVE AND DENNY WAY,0,1,Y,2,3599083,Wet,11,"MOTOR VEHICLE STRUCK MOTOR VEHICLE, FRONT END AT ANGLE",12295004,10018,0,1,Property Damage Only Collision,,45,Bicycle,Matched,Y,1,Overcast,0,"(47.61852163400005, -122.33532065999998)",23511,0,N,2012-360702
19876,134235,134235,Intersection,Cycles,0,,,0,,10/02/2012 12:00:00 AM +0000,10/2/2012 8:56:00 AM,1,28329,At Intersection (intersection related),Daylight,EASTLAKE AVE E AND E BLAINE ST,0,1,Y,2,3546596,Dry,18,"MOTOR VEHICLE STRUCK PEDALCYCLIST, FRONT END AT ANGLE",12276002,10173,0,2,Injury Collision,,45,Bicycle,Matched,N,1,Overcast,0,"(47.63486592400005, -122.32521590599998)",24781,0,N,12-336002
19961,133423,133423,Block,Cycles,155,,,0,,09/24/2012 12:00:00 AM +0000,9/24/2012 8:04:00 AM,1,,Mid-Block (not related to intersection),Daylight,10TH AVE E BETWEEN E GALER ST AND E GARFIELD ST,0,1,,2,3559548,Dry,21,"MOTOR VEHICLE STRUCK PEDALCYCLIST, REAR END",12268028,1294,0,2,Injury Collision,,45,Bicycle,Matched,N,1,Clear or Partly Cloudy,0,"(47.63266055300005, -122.32001038299995)",6146,0,N,12-324560
20004,133977,133977,Intersection,Cycles,0,,,0,,05/17/2012 12:00:00 AM +0000,5/17/2012 7:56:00 AM,1,29734,At Intersection (intersection related),Daylight,BOYLSTON AVE AND E PINE ST,0,1,Y,2,3560064,Dry,18,"MOTOR VEHICLE STRUCK PEDALCYCLIST, FRONT END AT ANGLE",12138002,9375,0,2,Injury Collision,,45,Bicycle,Matched,N,1,Clear or Partly Cloudy,0,"(47.61523114200003, -122.32341547099998)",10374,0,N,2012-151699
20042,134804,134804,Intersection,Cycles,0, ,,0,,06/20/2012 12:00:00 AM +0000,6/20/2012 1:13:00 PM,1,36460,At Intersection (intersection related),Daylight,ROOSEVELT WAY NE AND NE 117TH ST,0,1,Y,2,3544784,Dry,51,PEDALCYCLIST STRUCK MOTOR VEHICLE FRONT END AT ANGLE,12172008,12660,0,2,Injury Collision,,45,Bicycle,Matched,N,1,Clear or Partly Cloudy,0,"(47.714012257000036, -122.31796499199999)",0,523411,N,12-193319
20078,134240,134240,Intersection,Cycles,0,,,0,,10/11/2012 12:00:00 AM +0000,10/11/2012 10:02:00 PM,1,27087,At Intersection (intersection related),Dark - Street Lights On,11TH AVE NE AND NE 42ND ST,0,1,,3,3504521,Dry,51,PEDALCYCLIST STRUCK MOTOR VEHICLE FRONT END AT ANGLE,12285006,1407,0,2,Injury Collision,,45,Bicycle,Matched,Y,1,Clear or Partly Cloudy,0,"(47.65835595400006, -122.31665565899999)",41835,0,N,12-348970
20147,133435,133435,Intersection,Cycles,0, ,,0,,06/20/2012 12:00:00 AM +0000,6/20/2012 4:31:00 PM,0,26896,At Intersection (intersection related),Daylight,STONE WAY N AND N 34TH ST,0,1,,2,3553842,Dry,51,PEDALCYCLIST STRUCK MOTOR VEHICLE FRONT END AT ANGLE,12172035,12955,0,1,Property Damage Only Collision,,45,Bicycle,Matched,N,1,Clear or Partly Cloudy,0,"(47.64854072800006, -122.34277540199997)",0,523424,N,12-193595
20156,136530,136530,Block,Cycles,154.5,,,0,,06/14/2012 12:00:00 AM +0000,6/14/2012 7:22:00 PM,1,,Mid-Block (not related to intersection),Daylight,S JACKSON ST BETWEEN ALASKAN E RDWY WAY S AND 1ST AVE S,0,1,,2,3561513,Dry,54,PEDALCYCLIST STRUCK MOTOR VEHICLE REAR END,12166003,20481,0,2,Injury Collision,,45,Bicycle,Matched,N,1,Clear or Partly Cloudy,0,"(47.59920589200004, -122.33481582799999)",4841,0,N,12-186125
20224,137661,137661,Intersection,Cycles,0,,,0,,05/19/2012 12:00:00 AM +0000,5/19/2012 10:45:00 AM,1,29094,At Intersection (intersection related),Daylight,BELMONT AVE E AND SUMMIT N AVE E,0,1,Y,2,3551796,Dry,11,"MOTOR VEHICLE STRUCK MOTOR VEHICLE, FRONT END AT ANGLE",12140005,9245,0,2,Injury Collision,,45,Bicycle,Matched,N,1,Clear or Partly Cloudy,0,"(47.62676477500003, -122.32559601199995)",36155,0,N,12 154321
20306,136541,136541,Intersection,Cycles,0,,,0,,09/21/2012 12:00:00 AM +0000,9/21/2012 6:05:00 PM,1,27180,At Intersection (intersection related),Dusk,LATONA AVE NE AND NE 45TH ST,0,1,Y,2,3504483,Wet,21,"MOTOR VEHICLE STRUCK PEDALCYCLIST, REAR END",12265006,11295,0,2,Injury Collision,,45,Bicycle,Matched,N,1,Clear or Partly Cloudy,0,"(47.66134408700003, -122.32510772899997)",6546,0,N,12 321165
20377,135966,135966,Block,Cycles,160,,,0,,08/23/2012 12:00:00 AM +0000,8/23/2012 8:35:00 AM,1,,Mid-Block (not related to intersection),Daylight,DEXTER AVE N BETWEEN WARD ST AND PROSPECT ST,0,1,,2,3505647,Dry,54,PEDALCYCLIST STRUCK MOTOR VEHICLE REAR END,12236010,10080,0,2,Injury Collision,,45,Bicycle,Matched,N,1,Clear or Partly Cloudy,0,"(47.628445717000034, -122.34231499099997)",12788,0,N,12-281202
20449,136692,136692,Intersection,Cycles,0,,,0,Y,05/25/2012 12:00:00 AM +0000,5/25/2012 4:36:00 PM,1,28783,At Intersection (intersection related),Daylight,DEXTER AVE N AND HARRISON ST,0,1,Y,2,3599013,Dry,18,"MOTOR VEHICLE STRUCK PEDALCYCLIST, FRONT END AT ANGLE",12146012,10074,0,2,Injury Collision,,45,Bicycle,Matched,N,1,Clear or Partly Cloudy,0,"(47.62205574500007, -122.34237158599996)",12620,0,N,12-161507
20473,137253,137253,Intersection,Cycles,0,,,0,,10/24/2012 12:00:00 AM +0000,10/24/2012 6:24:00 PM,1,29748,At Intersection (intersection related),Dark - Street Lights On,12TH AVE AND E PIKE ST,0,1,Y,3,3560044,Wet,51,PEDALCYCLIST STRUCK MOTOR VEHICLE FRONT END AT ANGLE,12298008,1546,0,2,Injury Collision,,45,Bicycle,Matched,N,1,Overcast,0,"(47.61410376900005, -122.31683584899997)",10785,0,N,12-365014
20498,136973,136973,Block,Cycles,133,,,0,,04/20/2012 12:00:00 AM +0000,4/20/2012 11:01:00 PM,1,,Mid-Block (not related to intersection),Dark - Street Lights On,8TH AVE NW BETWEEN NW 61ST ST AND NW 62ND S ST,0,1,,2,3504795,Dry,55,PEDALCYCLIST STRUCK MOTOR VEHICLE RIGHT SIDE SIDESWIPE,12111015,8390,0,2,Injury Collision,,45,Bicycle,Matched,N,1,Clear or Partly Cloudy,0,"(47.67344125500006, -122.36612480899998)",2449,0,N,12-121004
20529,135683,135683,Intersection,Cycles,0, ,,0,,11/16/2012 12:00:00 AM +0000,11/16/2012 7:58:00 AM,1,24486,At Intersection (intersection related),Daylight,15TH AVE NE AND NE 68TH S ST,0,1,,2,3609160,Dry,18,"MOTOR VEHICLE STRUCK PEDALCYCLIST, FRONT END AT ANGLE",12321013,2050,0,2,Injury Collision,,45,Bicycle,Matched,N,1,Overcast,0,"(47.67759020200003, -122.31196686299995)",0,520862,N,12-392923
20535,135545,135545,Intersection,Cycles,0, ,,0,,09/07/2012 12:00:00 AM +0000,9/7/2012 5:09:00 PM,1,29052,At Intersection (intersection related),Daylight,BROADWAY E AND E OLIVE WAY,0,1,Y,2,3593734,Dry,18,"MOTOR VEHICLE STRUCK PEDALCYCLIST, FRONT END AT ANGLE",12251007,9452,0,2,Injury Collision,,45,Bicycle,Matched,N,1,Clear or Partly Cloudy,0,"(47.61990774700007, -122.32087289199995)",0,522264,N,2012-301528
20570,137123,137123,Block,Cycles,150.5,,,0,,08/01/2012 12:00:00 AM +0000,8/1/2012 6:26:00 PM,1,,Driveway Junction,Daylight,DEXTER AVE N BETWEEN COMSTOCK ST AND LEE ST,0,1,Y,2,3503863,Dry,18,"MOTOR VEHICLE STRUCK PEDALCYCLIST, FRONT END AT ANGLE",12214031,10082,0,2,Injury Collision,,45,Bicycle,Matched,N,1,Clear or Partly Cloudy,0,"(47.63099716500005, -122.34229241699995)",12941,0,N,12 251349