OBJECTID,INCKEY,COLDETKEY,ADDRTYPE,COLLISIONTYPE,DISTANCE,EXCEPTRSNCODE,EXCEPTRSNDESC,FATALITIES,INATTENTIONIND,INCDATE,INCDTTM,INJURIES,INTKEY,JUNCTIONTYPE,LIGHTCOND,LOCATION,PEDCOUNT,PEDCYLCOUNT,PEDROWNOTGRNT,PERSONCOUNT,REPORTNO,ROADCOND,SDOT_COLCODE,SDOT_COLDESC,SDOTCOLNUM,SEGKEY,SERIOUSINJURIES,SEVERITYCODE,SEVERITYDESC,SPEEDING,ST_COLCODE,ST_COLDESC,STATUS,UNDERINFL,VEHCOUNT,WEATHER,WIDTH,Shape,SEGLANEKEY,CROSSWALKKEY,HITPARKEDCAR,SPDCASENO
20602,136405,136405,Intersection,Cycles,0,,,0,,11/29/2012 12:00:00 AM +0000,11/29/2012 5:48:00 PM,1,30423,At Intersection (intersection related),Dark - Street Lights On,12TH AVE S AND S MAIN ST,0,1,,2,3476477,Wet,51,PEDALCYCLIST STRUCK MOTOR VEHICLE FRONT END AT ANGLE,12334009,1653,0,2,Injury Collision,Y,45,Bicycle,Matched,N,1,Raining,0,"(47.600014558000055, -122.31722977699997)",34821,0,N,2012-408254
20617,135552,135552,Block,Cycles,117.5,,,0,,10/11/2012 12:00:00 AM +0000,10/11/2012 3:34:00 PM,0,,Mid-Block (not related to intersection),Daylight,NE 45TH ST BETWEEN 7TH AVE NE AND 8TH W AVE NE,0,1,,2,3597198,Dry,51,PEDALCYCLIST STRUCK MOTOR VEHICLE FRONT END AT ANGLE,12285004,16844,0,1,Property Damage Only Collision,,45,Bicycle,Matched,N,1,Clear or Partly Cloudy,0,"(47.66131589200006, -122.32025238999995)",7044,0,N,12-348533
20626,137407,137407,Block,Cycles,283.5,,,0,,05/10/2012 12:00:00 AM +0000,5/10/2012 11:55:00 AM,1,,Driveway Junction,Daylight,ELLIOTT AVE W BETWEEN W LEE ST AND W GALER ST FLYOVER,0,1,Y,2,3503560,Dry,18,"MOTOR VEHICLE STRUCK PEDALCYCLIST, FRONT END AT ANGLE",12131013,10221,0,2,Injury Collision,,45,Bicycle,Matched,N,1,Clear or Partly Cloudy,0,"(47.630880207000075, -122.37391463199998)",19264,0,N,12-143596
20661,136414,136414,Intersection,Cycles,0, ,,0,,09/26/2012 12:00:00 AM +0000,9/26/2012 8:15:00 AM,1,27244,At Intersection (intersection related),Daylight,LATONA AVE NE AND NE PACIFIC ST,0,1,Y,3,3504499,Dry,51,PEDALCYCLIST STRUCK MOTOR VEHICLE FRONT END AT ANGLE,12270003,11289,0,2,Injury Collision,,45,Bicycle,Matched,N,1,Clear or Partly Cloudy,0,"(47.65488891200005, -122.32570273399995)",0,576113,N,12 327366
20698,136269,136269,Block,Cycles,115,,,0,,07/08/2012 12:00:00 AM +0000,7/8/2012 6:17:00 PM,1,,Mid-Block (not related to intersection),Daylight,15TH AVE E BETWEEN E THOMAS S ST AND E THOMAS N ST,0,1,,2,3593481,Dry,56,PEDALCYCLIST STRUCK MOTOR VEHICLE LEFT SIDE SIDESWIPE,12190013,2004,0,2,Injury Collision,,45,Bicycle,Matched,N,1,Clear or Partly Cloudy,0,"(47.62081750300007, -122.31269202499999)",8579,0,N,2012-218039
20765,137413,137413,Block,Cycles,373.5,,,0,,02/23/2012 12:00:00 AM +0000,2/23/2012 3:28:00 PM,1,,Mid-Block (not related to intersection),Daylight,COLLEGE WAY N BETWEEN N 100TH ST AND MERIDIAN AVE N,0,1,,1,3562112,Dry,69,PEDALCYCLIST OVERTURNED IN ROAD,12054013,9703,1,2b,Serious Injury Collision,,45,Bicycle,Matched,N,0,Overcast,0,"(47.702330637000045, -122.33452572599998)",29089,0,N,12-55336
20788,135419,135419,Block,Cycles,115,NEI,"Not Enough Information, or Insufficient Location Information",0,,05/22/2012 12:00:00 AM +0000,5/22/2012 6:06:00 PM,1,,Mid-Block (not related to intersection),Daylight,S ROYAL BROUGHAM WAY BETWEEN 1ST AVE S AND OCCIDENTAL AVE S,0,1,,1,3563278,Wet,66,PEDALCYCLIST STRUCK OBJECT IN ROAD,12143037,21214,1,2b,Serious Injury Collision,,45,Bicycle,Matched,0,0,Overcast,0,"(47.59239546800006, -122.33373046499997)",15509,0,N,12 158056
20819,135707,135707,Block,Cycles,166,,,0,,10/03/2012 12:00:00 AM +0000,10/3/2012 12:48:00 PM,1,,Driveway Junction,Daylight,12TH AVE NE BETWEEN NE 61ST ST AND NE 62ND ST,0,1,,2,3597391,Dry,51,PEDALCYCLIST STRUCK MOTOR VEHICLE FRONT END AT ANGLE,12277035,1576,0,2,Injury Collision,,45,Bicycle,Matched,N,1,Clear or Partly Cloudy,0,"(47.67287842200005, -122.31565791399998)",9061,0,N,12 337671
20821,135706,135706,Intersection,Cycles,0, ,,0,,10/03/2012 12:00:00 AM +0000,10/3/2012 5:55:00 PM,1,35812,At Intersection (intersection related),Unknown,AURORA AVE N AND N 135TH ST,0,1,Y,3,3504698,Dry,18,"MOTOR VEHICLE STRUCK PEDALCYCLIST, FRONT END AT ANGLE",12277006,8996,1,2b,Serious Injury Collision,,45,Bicycle,Matched,N,1,Clear or Partly Cloudy,0,"(47.72685955500003, -122.34501703699999)",0,521695,N,2012-338060
20872,137139,137139,Intersection,Cycles,0,,,0,,02/13/2012 12:00:00 AM +0000,2/13/2012 8:50:00 PM,1,30748,At Intersection (intersection related),Dark - Street Lights On,16TH AVE S AND S JACKSON ST,0,1,Y,2,3551805,Wet,18,"MOTOR VEHICLE STRUCK PEDALCYCLIST, FRONT END AT ANGLE",12044011,2282,0,2,Injury Collision,,45,Bicycle,Matched,N,1,Raining,0,"(47.599224596000056, -122.31157742299996)",11025,0,N,12-044720
20958,136147,136147,Intersection,Cycles,0, ,,0,,01/12/2012 12:00:00 AM +0000,1/12/2012 5:15:00 PM,1,24363,At Intersection (intersection related),Dark - Street Lights On,PHINNEY AVE N AND N 65TH ST,0,1,,1,3597126,Dry,29,MOTOR VEHICLE OVERTURNED IN ROAD,12012013,12160,1,2b,Serious Injury Collision,,45,Bicycle,Matched,N,0,Clear or Partly Cloudy,0,"(47.67602257000004, -122.35435321899996)",3873,0,N,12-12982
20959,135709,135709,Intersection,Cycles,0,,,0,,10/05/2012 12:00:00 AM +0000,10/5/2012 10:52:00 AM,1,29861,At Intersection (intersection related),Daylight,CRAWFORD PL AND E PINE ST,0,1,,2,3567516,Dry,51,PEDALCYCLIST STRUCK MOTOR VEHICLE FRONT END AT ANGLE,12279006,9853,0,2,Injury Collision,,45,Bicycle,Matched,N,1,Clear or Partly Cloudy,0,"(47.61521476100006, -122.32618642899996)",10348,0,N,12 340315
21055,135858,135858,Block,Cycles,265.5,,,0,,05/23/2012 12:00:00 AM +0000,5/23/2012 11:51:00 AM,1,,Mid-Block (not related to intersection),Daylight,NW 46TH ST BETWEEN 9TH AVE NW AND 11TH AVE NW,0,1,,2,3562095,Dry,51,PEDALCYCLIST STRUCK MOTOR VEHICLE FRONT END AT ANGLE,12144029,18346,0,2,Injury Collision,,45,Bicycle,Matched,N,1,Clear or Partly Cloudy,0,"(47.66219791800006, -122.36968901399996)",17220,0,N,2012-158760
21060,137431,137431,Intersection,Cycles,0,,,0,,11/20/2012 12:00:00 AM +0000,11/20/2012 7:52:00 AM,1,32133,At Intersection (intersection related),Daylight,30TH AVE SW AND SW AVALON WAY,0,1,,2,3547115,Wet,18,"MOTOR VEHICLE STRUCK PEDALCYCLIST, FRONT END AT ANGLE",12325016,4717,0,2,Injury Collision,,45,Bicycle,Matched,N,1,Overcast,0,"(47.567608918000076, -122.37076473499997)",3490,0,N,12-397566
21074,137290,137290,Block,Cycles,222,,,0,,02/17/2012 12:00:00 AM +0000,2/17/2012 5:59:00 PM,2,,Mid-Block (not related to intersection),Dark - Street Lights On,12TH AVE BETWEEN E MADISON ST AND E PIKE ST,1,1,Y,4,3551782,Wet,64,PEDALCYCLIST STRUCK PEDESTRIAN,12048015,1536,0,2,Injury Collision,,45,Bicycle,Matched,N,1,Raining,0,"(47.613495138000076, -122.31678450399994)",10782,0,N,2012-48744
21085,135859,135859,Block,Cycles,161,,,0,,05/24/2012 12:00:00 AM +0000,5/24/2012 12:44:00 PM,1,,Driveway Junction,Daylight,BATTERY ST BETWEEN AURORA AVE AND 7TH AVE,0,1,Y,3,3598899,Wet,24,MOTOR VEHCILE STRUCK PEDESTRIAN,12145031,9078,1,2b,Serious Injury Collision,,45,Bicycle,Matched,N,1,Raining,0,"(47.61779867300004, -122.34308603199997)",0,0,N,2012-160016
21128,136017,136017,Block,Cycles,161,,,0,,02/28/2012 12:00:00 AM +0000,2/28/2012 12:40:00 PM,1,,Driveway Junction,Daylight,REPUBLICAN ST BETWEEN 9TH AVE N AND WESTLAKE AVE N,0,1,Y,2,3562759,Dry,18,"MOTOR VEHICLE STRUCK PEDALCYCLIST, FRONT END AT ANGLE",12059004,12561,0,2,Injury Collision,,45,Bicycle,Matched,N,1,Clear or Partly Cloudy,0,"(47.62321162000006, -122.33910079999998)",31205,0,N,12-60548
21184,137445,137445,Intersection,Cycles,0, ,,0,,05/29/2012 12:00:00 AM +0000,5/29/2012 2:17:00 PM,1,28913,At Intersection (intersection related),Daylight,MERCER ST AND TAYLOR AVE N,0,1,Y,2,3549554,Dry,24,MOTOR VEHCILE STRUCK PEDESTRIAN,12150010,11768,0,2,Injury Collision,,45,Bicycle,Matched,N,1,Clear or Partly Cloudy,0,"(47.62455804800004, -122.34626626299996)",0,630861,N,12-166002
21232,135589,135589,Intersection,Cycles,0,,,0,,11/02/2012 12:00:00 AM +0000,11/2/2012 8:07:00 AM,1,28329,At Intersection (intersection related),Daylight,EASTLAKE AVE E AND E BLAINE ST,0,1,Y,2,3503484,Dry,18,"MOTOR VEHICLE STRUCK PEDALCYCLIST, FRONT END AT ANGLE",12307009,10173,0,2,Injury Collision,,45,Bicycle,Matched,N,1,Clear or Partly Cloudy,0,"(47.63486592400005, -122.32521590599998)",24781,0,N,12 375807
21303,137448,137448,Block,Cycles,132.5,,,0,,05/11/2012 12:00:00 AM +0000,5/11/2012 11:55:00 PM,1,,Mid-Block (not related to intersection),Dark - Street Lights On,15TH NB AVE NW BETWEEN NW 46TH ST AND NW BALLARD WAY,0,1,,1,3566260,Ice,66,PEDALCYCLIST STRUCK OBJECT IN ROAD,12132019,2210,0,2,Injury Collision,,45,Bicycle,Matched,N,0,Clear or Partly Cloudy,0,"(47.662567194000076, -122.37611338299996)",0,0,N,2012-14558
21313,137456,137456,Block,Cycles,213,,,0,,04/23/2012 12:00:00 AM +0000,4/23/2012 4:21:00 PM,0,,Mid-Block (not related to intersection),Daylight,2ND AVE BETWEEN UNION ST AND PIKE ST,0,1,,2,3561064,Dry,54,PEDALCYCLIST STRUCK MOTOR VEHICLE REAR END,12114009,2757,0,1,Property Damage Only Collision,,45,Bicycle,Matched,N,1,Clear or Partly Cloudy,0,"(47.60878749200003, -122.33844845799996)",12168,0,N,12-124162
21358,135882,135882,Block,Cycles,156.5,,,0,,05/13/2012 12:00:00 AM +0000,5/13/2012 2:01:00 PM,1,,Mid-Block (not related to intersection),Daylight,BOREN AVE BETWEEN OLIVE WAY AND HOWELL ST,0,1,,4,3505878,Dry,18,"MOTOR VEHICLE STRUCK PEDALCYCLIST, FRONT END AT ANGLE",12134018,9321,0,2,Injury Collision,,45,Bicycle,Matched,N,2,Clear or Partly Cloudy,0,"(47.61580927300008, -122.33107205099998)",0,0,N,12-147436
21367,136173,136173,Intersection,Cycles,0,,,0,,01/31/2012 12:00:00 AM +0000,1/31/2012 3:05:00 PM,1,31018,At Intersection (intersection related),Daylight,CALIFORNIA AVE SW AND SW HOLGATE ST,0,1,Y,2,3331545,Dry,51,PEDALCYCLIST STRUCK MOTOR VEHICLE FRONT END AT ANGLE,12031005,9535,0,2,Injury Collision,,45,Bicycle,Matched,N,1,Overcast,0,"(47.586768163000045, -122.38632087599996)",32637,0,N,2012-30006
21369,136321,136321,Block,Cycles,330,,,0,,09/17/2012 12:00:00 AM +0000,9/17/2012 6:23:00 PM,1,,Mid-Block (not related to intersection),Daylight,34TH AVE W BETWEEN W EMERSON ST AND W THURMAN ST,0,1,,2,3599214,Dry,21,"MOTOR VEHICLE STRUCK PEDALCYCLIST, REAR END",12261036,5328,0,2,Injury Collision,,45,Bicycle,Matched,N,1,Clear or Partly Cloudy,0,"(47.654959871000074, -122.40089787199997)",29449,0,N,12-315590
21470,137609,137609,Block,Cycles,213,,,0,,09/29/2012 12:00:00 AM +0000,9/29/2012 11:47:00 AM,1,,Driveway Junction,Daylight,2ND AVE BETWEEN PIKE ST AND PINE ST,0,1,,2,3549279,Dry,18,"MOTOR VEHICLE STRUCK PEDALCYCLIST, FRONT END AT ANGLE",12273021,2758,0,2,Injury Collision,,45,Bicycle,Matched,N,1,Clear or Partly Cloudy,0,"(47.609780570000055, -122.33935700699999)",12179,0,N,12-332076
21477,137605,137605,Intersection,Cycles,0,,,0,,09/25/2012 12:00:00 AM +0000,9/25/2012 5:35:00 PM,1,37137,At Intersection (intersection related),Daylight,3RD AVE NW AND NW 103RD S ST,0,1,,3,3551445,Dry,51,PEDALCYCLIST STRUCK MOTOR VEHICLE FRONT END AT ANGLE,12269004,4490,0,2,Injury Collision,,45,Bicycle,Matched,N,1,Clear or Partly Cloudy,0,"(47.70348590400005, -122.36075148499998)",28556,0,N,12 326642
21509,135895,135895,Block,Cycles,185,,,0,Y,03/08/2012 12:00:00 AM +0000,3/8/2012 9:15:00 PM,1,,Mid-Block (not related to intersection),Dark - Street Lights On,15TH AVE E BETWEEN E HARRISON N ST AND E REPUBLICAN S ST,0,1,,2,3551978,Dry,56,PEDALCYCLIST STRUCK MOTOR VEHICLE LEFT SIDE SIDESWIPE,12068008,2007,0,2,Injury Collision,,45,Bicycle,Matched,N,1,Clear or Partly Cloudy,0,"(47.62259390200006, -122.31263653499997)",8568,0,N,12-71645
21518,136045,136045,Block,Cycles,251,,,0,,09/03/2012 12:00:00 AM +0000,9/3/2012 1:31:00 PM,1,,Mid-Block (not related to intersection),Daylight,MAGNOLIA BLVD W BETWEEN 36TH AVE W AND W HOWE W ST,0,1,,2,3549356,Dry,18,"MOTOR VEHICLE STRUCK PEDALCYCLIST, FRONT END AT ANGLE",12247004,11610,0,2,Injury Collision,,45,Bicycle,Matched,N,1,Clear or Partly Cloudy,0,"(47.635291067000026, -122.40451986799997)",14333,0,N,12-295971
21584,136902,136902,Intersection,Cycles,0,,,0,,11/06/2012 12:00:00 AM +0000,11/6/2012 8:38:00 AM,1,27039,At Intersection (intersection related),Daylight,FREMONT AVE N AND N 34TH ST,0,1,Y,2,3613189,Dry,18,"MOTOR VEHICLE STRUCK PEDALCYCLIST, FRONT END AT ANGLE",12311010,10485,0,2,Injury Collision,,45,Bicycle,Matched,N,1,Clear or Partly Cloudy,0,"(47.64958972900007, -122.34974744899995)",8240,0,N,2012-380789
21597,135474,135474,Intersection,Cycles,0,,,0,,06/21/2012 12:00:00 AM +0000,6/21/2012 5:24:00 PM,1,27066,At Intersection (intersection related),Daylight,ROOSEVELT WAY NE AND NE 45TH ST,0,1,,2,3597322,Dry,51,PEDALCYCLIST STRUCK MOTOR VEHICLE FRONT END AT ANGLE,12173021,12599,0,2,Injury Collision,,45,Bicycle,Matched,N,1,Clear or Partly Cloudy,0,"(47.66129873700004, -122.31763816199998)",7020,0,N,12-194995
21670,136338,136338,Intersection,Cycles,0,,,0,,06/22/2012 12:00:00 AM +0000,6/22/2012 3:50:00 PM,1,36351,At Intersection (intersection related),Daylight,AURORA AVE N AND N 107TH N ST,0,1,Y,2,3551378,Wet,18,"MOTOR VEHICLE STRUCK PEDALCYCLIST, FRONT END AT ANGLE",12174011,8987,0,2,Injury Collision,,45,Bicycle,Matched,N,1,Raining,0,"(47.70686821900006, -122.34472400799996)",0,0,N,2012 196505
21689,137054,137054,Block,Cycles,350.5,,,0,,09/19/2012 12:00:00 AM +0000,9/19/2012 5:49:00 PM,1,,Driveway Junction,Daylight,NW 58TH ST BETWEEN 22ND AVE NW AND 24TH AVE NW,0,1,,3,3597438,Dry,51,PEDALCYCLIST STRUCK MOTOR VEHICLE FRONT END AT ANGLE,12263013,18499,0,2,Injury Collision,,45,Bicycle,Matched,N,1,Clear or Partly Cloudy,0,"(47.670914208000056, -122.38616291799997)",0,0,N,12-318367
21728,135619,135619,Intersection,Cycles,0,,,0,,11/29/2012 12:00:00 AM +0000,11/29/2012 9:05:00 AM,1,29872,At Intersection (intersection related),Daylight,BOREN AVE AND PINE ST,0,1,,2,3581811,Wet,18,"MOTOR VEHICLE STRUCK PEDALCYCLIST, FRONT END AT ANGLE",12334008,9320,0,2,Injury Collision,,45,Bicycle,Matched,N,1,Raining,0,"(47.61445724200007, -122.32982243299995)",10321,0,N,12-407643
21767,136055,136055,Intersection,Cycles,0,,,0,,08/14/2012 12:00:00 AM +0000,8/14/2012 6:54:00 AM,1,29516,At Intersection (intersection related),Daylight,7TH AVE AND DEXTER AVE,0,1,Y,5,3549211,Dry,18,"MOTOR VEHICLE STRUCK PEDALCYCLIST, FRONT END AT ANGLE",12227002,10070,0,2,Injury Collision,,45,Bicycle,Matched,N,1,Clear or Partly Cloudy,0,"(47.61798729600008, -122.34240881699998)",13733,0,N,12-268846
21773,136203,136203,Block,Cycles,198,,,0,,08/24/2012 12:00:00 AM +0000,8/24/2012 2:40:00 PM,1,,Mid-Block (but intersection related),Daylight,ROOSEVELT WAY NE BETWEEN NE 42ND N ST AND NE 43RD S ST,0,1,Y,2,3504810,Dry,29,MOTOR VEHICLE OVERTURNED IN ROAD,12237016,12596,0,2,Injury Collision,,45,Bicycle,Matched,N,1,Clear or Partly Cloudy,0,"(47.65891124900003, -122.31776594999997)",8985,0,N,2012 282977
21793,136199,136199,Intersection,Cycles,0,,,0,,02/06/2012 12:00:00 AM +0000,2/6/2012 7:23:00 AM,0,29617,At Intersection (intersection related),Daylight,SPRING ST AND WESTERN AVE,0,1,Y,2,3560891,Dry,18,"MOTOR VEHICLE STRUCK PEDALCYCLIST, FRONT END AT ANGLE",12037005,12858,0,1,Property Damage Only Collision,,45,Bicycle,Matched,N,1,Clear or Partly Cloudy,0,"(47.60494345800004, -122.33800105399996)",12906,0,N,12-36296
21874,135632,135632,Intersection,Cycles,0,,,0,,08/07/2012 12:00:00 AM +0000,8/7/2012 4:52:00 PM,1,29084,At Intersection (intersection related),Daylight,EASTLAKE AVE E AND E NELSON PL,0,1,Y,4,3375467,Dry,11,"MOTOR VEHICLE STRUCK MOTOR VEHICLE, FRONT END AT ANGLE",12220010,10170,0,2,Injury Collision,,45,Bicycle,Matched,N,1,Overcast,0,"(47.63059666800007, -122.32764549999996)",11619,0,N,2012-259960
21906,136213,136213,Intersection,Cycles,0,,,0,,05/15/2012 12:00:00 AM +0000,5/15/2012 7:20:00 PM,1,25791,At Intersection (intersection related),Daylight,12TH AVE NE AND NE 50TH ST,0,1,Y,2,3553912,Dry,18,"MOTOR VEHICLE STRUCK PEDALCYCLIST, FRONT END AT ANGLE",12136012,1570,0,2,Injury Collision,,45,Bicycle,Matched,N,1,Clear or Partly Cloudy,0,"(47.66491734200008, -122.31523873699996)",0,0,N,12-150033
21907,136212,136212,Intersection,Cycles,0,,,0,,11/16/2012 12:00:00 AM +0000,11/16/2012 9:15:00 AM,1,30353,At Intersection (intersection related),Daylight,COLUMBIA ST AND POST AVE,0,1,Y,3,3549067,Dry,18,"MOTOR VEHICLE STRUCK PEDALCYCLIST, FRONT END AT ANGLE",12321020,9727,0,2,Injury Collision,,45,Bicycle,Matched,N,1,Clear or Partly Cloudy,0,"(47.603022106000026, -122.33552344499998)",36663,0,N,12-392989
21910,136209,136209,Block,Cycles,189,,,0,,11/09/2012 12:00:00 AM +0000,11/9/2012 7:50:00 PM,1,,Driveway Junction,Dark - Street Lights On,DEXTER AVE N BETWEEN NEWTON ST AND DEXTER WAY N,0,1,Y,2,3505991,Dry,51,PEDALCYCLIST STRUCK MOTOR VEHICLE FRONT END AT ANGLE,12314027,10089,0,2,Injury Collision,,45,Bicycle,Matched,N,1,Clear or Partly Cloudy,0,"(47.63713759700005, -122.34307525699995)",13013,0,N,12-385327
21920,135926,135926,Block,Cycles,334.5,,,0,,05/11/2012 12:00:00 AM +0000,5/11/2012 7:21:00 PM,1,,Mid-Block (not related to intersection),Daylight,S GARDEN ST BETWEEN 46TH AVE S AND 48TH AVE S,0,1,,2,3617390,Dry,51,PEDALCYCLIST STRUCK MOTOR VEHICLE FRONT END AT ANGLE,12132009,20080,0,2,Injury Collision,,45,Bicycle,Matched,N,1,Clear or Partly Cloudy,0,"(47.53763236800006, -122.27399083499995)",0,0,N,2012-145242
21949,136647,136647,Intersection,Cycles,0,,,0,,10/17/2012 12:00:00 AM +0000,10/17/2012 8:25:00 PM,1,29054,At Intersection (intersection related),Dark - Street Lights On,11TH AVE E AND E JOHN ST,0,1,,2,3476185,Dry,51,PEDALCYCLIST STRUCK MOTOR VEHICLE FRONT END AT ANGLE,12291007,1387,0,2,Injury Collision,,45,Bicycle,Matched,N,1,Clear or Partly Cloudy,0,"(47.61992718400006, -122.31823392599995)",35222,0,N,12-356516
22015,135644,135644,Block,Cycles,334,,,0,,08/15/2012 12:00:00 AM +0000,8/15/2012 5:52:00 PM,1,,Driveway Junction,Daylight,N 80TH ST BETWEEN LINDEN AVE N AND AURORA AVE N,0,1,Y,2,3597173,Dry,24,MOTOR VEHCILE STRUCK PEDESTRIAN,12228004,15894,0,2,Injury Collision,,45,Bicycle,Matched,N,1,Clear or Partly Cloudy,0,"(47.68694144300008, -122.34586092099994)",27290,0,N,12-270964
22027,135501,135501,Intersection,Cycles,0,,,0,,04/25/2012 12:00:00 AM +0000,4/25/2012 7:57:00 AM,1,31997,At Intersection (intersection related),Daylight,44TH AVE SW AND SW OREGON ST,0,1,,2,3553587,Wet,18,"MOTOR VEHICLE STRUCK PEDALCYCLIST, FRONT END AT ANGLE",12116005,6748,0,2,Injury Collision,,45,Bicycle,Matched,N,1,Overcast,0,"(47.56294669000005, -122.38812866799998)",0,0,N,12-125997
22032,135929,135929,Intersection,Cycles,0,,,0,,05/14/2012 12:00:00 AM +0000,5/14/2012 7:23:00 AM,0,165916,At Intersection (intersection related),Daylight,4TH AVE NW AND NW 100TH ST,0,1,,2,3552873,Dry,51,PEDALCYCLIST STRUCK MOTOR VEHICLE FRONT END AT ANGLE,12135015,165918,0,1,Property Damage Only Collision,,45,Bicycle,Matched,N,1,Clear or Partly Cloudy,0,"(47.701493612000036, -122.36206538799996)",0,0,N,2012-148111
22053,136222,136222,Block,Cycles,153,,,0,,04/12/2012 12:00:00 AM +0000,4/12/2012 8:43:00 AM,1,,Mid-Block (but intersection related),Daylight,2ND AVE BETWEEN MARION ST AND MADISON ST,0,1,,2,3598931,Dry,54,PEDALCYCLIST STRUCK MOTOR VEHICLE REAR END,12103022,2752,0,2,Injury Collision,,45,Bicycle,Matched,N,1,Clear or Partly Cloudy,0,"(47.604801732000055, -122.33480218999995)",12111,0,N,12-111008
22054,136221,136221,Intersection,Cycles,0,,,0,,04/12/2012 12:00:00 AM +0000,4/12/2012 8:08:00 PM,1,29577,At Intersection (intersection related),Dusk,5TH AVE AND PINE ST,0,1,,2,3599233,Dry,18,"MOTOR VEHICLE STRUCK PEDALCYCLIST, FRONT END AT ANGLE",12103020,7239,0,2,Injury Collision,,45,Bicycle,Matched,N,1,Clear or Partly Cloudy,0,"(47.61167201000006, -122.33648396599995)",21833,0,N,2012-111672
22055,136220,136220,Intersection,Cycles,0,,,0,,04/12/2012 12:00:00 AM +0000,4/12/2012 7:52:00 AM,1,26007,At Intersection (intersection related),Daylight,20TH AVE NE AND NE RAVENNA EB BV,0,1,Y,2,3554516,Dry,18,"MOTOR VEHICLE STRUCK PEDALCYCLIST, FRONT END AT ANGLE",12103002,2966,0,2,Injury Collision,,45,Bicycle,Matched,N,1,Clear or Partly Cloudy,0,"(47.669178017000036, -122.30649060899998)",32743,0,N,2012-110962
22083,137078,137078,Intersection,Cycles,0,,,0,Y,09/19/2012 12:00:00 AM +0000,9/19/2012 6:14:00 PM,1,24611,At Intersection (intersection related),Daylight,WOODLAWN AVE NE AND NE RAVENNA WB BV,0,1,,2,3597389,Dry,18,"MOTOR VEHICLE STRUCK PEDALCYCLIST, FRONT END AT ANGLE",12263007,13710,0,2,Injury Collision,,45,Bicycle,Matched,N,1,Clear or Partly Cloudy,0,"(47.679027864000034, -122.32482839899995)",10559,0,N,12-318390
22115,136651,136651,Intersection,Cycles,0,,,0,,10/23/2012 12:00:00 AM +0000,10/23/2012 6:05:00 AM,1,26908,At Intersection (intersection related),Dark - Street Lights On,WOODLAWN AVE N AND N 34TH ST,0,1,,2,3504815,Dry,18,"MOTOR VEHICLE STRUCK PEDALCYCLIST, FRONT END AT ANGLE",12297003,13668,1,2b,Serious Injury Collision,,45,Bicycle,Matched,N,1,Clear or Partly Cloudy,0,"(47.64805786900007, -122.33873763099996)",8886,0,N,2012-363568
22126,137647,137647,Intersection,Cycles,0, ,,0,,07/23/2012 12:00:00 AM +0000,7/23/2012 10:25:00 PM,1,26848,At Intersection (intersection related),Dark - Street Lights On,STONE WAY N AND N 40TH ST,0,1,,2,3613138,Dry,51,PEDALCYCLIST STRUCK MOTOR VEHICLE FRONT END AT ANGLE,12205010,12961,0,2,Injury Collision,,45,Bicycle,Matched,N,1,Clear or Partly Cloudy,0,"(47.65538287600003, -122.34243924099997)",6322,0,N,12-238924
22153,135510,135510,Block,Cycles,153,,,0,,07/12/2012 12:00:00 AM +0000,7/12/2012 10:50:00 AM,1,,Mid-Block (not related to intersection),Daylight,2ND AVE BETWEEN BATTERY ST AND WALL ST,0,1,,2,3208425,Dry,56,PEDALCYCLIST STRUCK MOTOR VEHICLE LEFT SIDE SIDESWIPE,12194026,2765,0,2,Injury Collision,,45,Bicycle,Matched,N,1,Clear or Partly Cloudy,0,"(47.615084022000076, -122.34741883299995)",12249,0,N,12-222937
22237,136233,136233,Intersection,Cycles,0,,,0,,09/19/2012 12:00:00 AM +0000,9/19/2012 9:52:00 AM,0,25730,At Intersection (intersection related),Daylight,ROOSEVELT WAY NE AND NE RAVENNA EB BV,0,1,,2,3554265,Dry,51,PEDALCYCLIST STRUCK MOTOR VEHICLE FRONT END AT ANGLE,12263019,12609,0,1,Property Damage Only Collision,,45,Bicycle,Matched,N,1,Clear or Partly Cloudy,0,"(47.67201490300005, -122.31736347399999)",13419,0,N,2012-317791
22238,136232,136232,Block,Cycles,418,,,0,,09/17/2012 12:00:00 AM +0000,9/17/2012 8:58:00 AM,1,,Mid-Block (not related to intersection),Daylight,EASTLAKE AVE E BETWEEN PROSPECT ST AND E NELSON PL,0,1,,2,3549194,Dry,56,PEDALCYCLIST STRUCK MOTOR VEHICLE LEFT SIDE SIDESWIPE,12261017,334269,1,2b,Serious Injury Collision,,45,Bicycle,Matched,N,1,Clear or Partly Cloudy,0,"(47.62965397600004, -122.32861177999996)",11622,0,N,12-314922
22255,137233,137233,Intersection,Cycles,0,,,0,,10/07/2012 12:00:00 AM +0000,10/7/2012 8:35:00 PM,1,29434,At Intersection (intersection related),Dark - Street Lights On,32ND AVE E AND E MADISON ST,0,1,Y,2,3567519,Dry,51,PEDALCYCLIST STRUCK MOTOR VEHICLE FRONT END AT ANGLE,12281001,4940,0,2,Injury Collision,,45,Bicycle,Matched,N,1,Clear or Partly Cloudy,0,"(47.62703978300004, -122.29092938999997)",34508,0,N,2012-343659