OBJECTID,INCKEY,COLDETKEY,ADDRTYPE,COLLISIONTYPE,DISTANCE,EXCEPTRSNCODE,EXCEPTRSNDESC,FATALITIES,INATTENTIONIND,INCDATE,INCDTTM,INJURIES,INTKEY,JUNCTIONTYPE,LIGHTCOND,LOCATION,PEDCOUNT,PEDCYLCOUNT,PEDROWNOTGRNT,PERSONCOUNT,REPORTNO,ROADCOND,SDOT_COLCODE,SDOT_COLDESC,SDOTCOLNUM,SEGKEY,SERIOUSINJURIES,SEVERITYCODE,SEVERITYDESC,SPEEDING,ST_COLCODE,ST_COLDESC,STATUS,UNDERINFL,VEHCOUNT,WEATHER,WIDTH,Shape,SEGLANEKEY,CROSSWALKKEY,HITPARKEDCAR,SPDCASENO
22258,137230,137230,Intersection,Cycles,0, ,,0,,11/29/2012 12:00:00 AM +0000,11/29/2012 6:03:00 PM,1,31517,At Intersection (intersection related),Dark - Street Lights On,RAINIER AVE S AND S MASSACHUSETTS ST,0,1,,2,3502430,Wet,51,PEDALCYCLIST STRUCK MOTOR VEHICLE FRONT END AT ANGLE,12334007,12353,1,2b,Serious Injury Collision,,45,Bicycle,Matched,N,1,Overcast,0,"(47.58841060100008, -122.30582739599998)",0,524935,N,12-408268
22286,135661,135661,Intersection,Cycles,0,,,0,,07/12/2012 12:00:00 AM +0000,7/12/2012 4:07:00 PM,1,26617,At Intersection (intersection related),Daylight,BAKER AVE NW AND NW 44TH ST,0,1,Y,2,3561815,Dry,18,"MOTOR VEHICLE STRUCK PEDALCYCLIST, FRONT END AT ANGLE",12194022,9035,0,2,Injury Collision,,45,Bicycle,Matched,N,1,Clear or Partly Cloudy,0,"(47.66021303300005, -122.35958100399995)",0,0,N,12-223357
22318,136521,136521,Block,Cycles,874.5,,,0,,12/04/2012 12:00:00 AM +0000,12/4/2012 9:53:00 PM,1,,Mid-Block (not related to intersection),Dark - Street Lights On,AURORA AVE N BETWEEN N 117TH PL AND N 125TH ST,0,1,,2,3507809,Wet,51,PEDALCYCLIST STRUCK MOTOR VEHICLE FRONT END AT ANGLE,12339020,8991,0,2,Injury Collision,,45,Bicycle,Matched,N,1,Raining,0,"(47.71717310100007, -122.34489607899997)",15052,0,N,2012-414625
22330,136242,136242,Intersection,Cycles,0, ,,0,,10/05/2012 12:00:00 AM +0000,10/5/2012 6:30:00 PM,1,29530,At Intersection (intersection related),Dusk,6TH AVE AND BELL ST,0,1,Y,2,3502127,Dry,18,"MOTOR VEHICLE STRUCK PEDALCYCLIST, FRONT END AT ANGLE",12279015,7892,0,2,Injury Collision,,45,Bicycle,Matched,N,1,Clear or Partly Cloudy,0,"(47.61669824200004, -122.34221437499997)",0,521733,N,12-341083
22357,139366,139366,Block,Cycles,115,,,0,,07/13/2012 12:00:00 AM +0000,7/13/2012 10:02:00 AM,1,,Mid-Block (not related to intersection),Daylight,S HANFORD ST BETWEEN 3RD AVE S AND 4TH AVE S,0,1,Y,2,3387649,Dry,14,"MOTOR VEHICLE STRUCK MOTOR VEHICLE, REAR END",12195020,20169,0,2,Injury Collision,Y,45,Bicycle,Matched,N,1,Overcast,0,"(47.575573923000036, -122.32952672699997)",0,0,N,12-224345
22367,139223,139223,Block,Cycles,477,,,0,,09/17/2012 12:00:00 AM +0000,9/17/2012 5:12:00 PM,1,,Mid-Block (not related to intersection),Daylight,S MICHIGAN ST BETWEEN 7TH AVE S AND CORSON AVE S,0,1,,3,3467512,Dry,51,PEDALCYCLIST STRUCK MOTOR VEHICLE FRONT END AT ANGLE,12261035,20849,0,2,Injury Collision,,45,Bicycle,Matched,N,1,Clear or Partly Cloudy,0,"(47.547024503000046, -122.32323922799998)",17134,0,N,12-315498
22406,139939,139939,Block,Cycles,331.5, ,,0,,07/11/2012 12:00:00 AM +0000,7/11/2012 10:42:00 AM,1,,Mid-Block (not related to intersection),Daylight,35TH AVE NE BETWEEN NE 70TH ST AND NE 73RD ST,0,1,,2,3551496,Dry,56,PEDALCYCLIST STRUCK MOTOR VEHICLE LEFT SIDE SIDESWIPE,12193034,5361,0,2,Injury Collision,,45,Bicycle,Matched,N,1,Clear or Partly Cloudy,0,"(47.68032248700007, -122.29040187199996)",30309,0,N,2012 221510
22412,139797,139797,Intersection,Cycles,0, ,,0,,10/05/2012 12:00:00 AM +0000,10/5/2012 8:07:00 AM,1,29699,At Intersection (intersection related),Daylight,BATTERY ST AND WESTERN AVE,0,1,Y,2,3561014,Dry,18,"MOTOR VEHICLE STRUCK PEDALCYCLIST, FRONT END AT ANGLE",12279002,9072,0,2,Injury Collision,,45,Bicycle,Matched,N,1,Clear or Partly Cloudy,0,"(47.613479588000075, -122.34867330799995)",0,522625,N,2012-340148
22576,137818,137818,Intersection,Cycles,0,,,0,,03/27/2012 12:00:00 AM +0000,3/27/2012 3:07:00 PM,1,35829,At Intersection (intersection related),Daylight,LINDEN AVE N AND N 128TH ST,0,1,Y,2,3554004,Dry,51,PEDALCYCLIST STRUCK MOTOR VEHICLE FRONT END AT ANGLE,12087011,11452,0,2,Injury Collision,,45,Bicycle,Matched,N,1,Overcast,0,"(47.72230932400004, -122.34832622099998)",0,0,N,12-92936
22591,138242,138242,Intersection,Cycles,0, ,,0,,09/17/2012 12:00:00 AM +0000,9/17/2012 7:27:00 AM,1,29622,At Intersection (intersection related),Daylight,1ST AVE AND MARION ST,1,1,,2,3599210,Dry,64,PEDALCYCLIST STRUCK PEDESTRIAN,12261012,1003,0,2,Injury Collision,,45,Bicycle,Matched,N,0,Clear or Partly Cloudy,0,"(47.60398223800007, -122.33558646699998)",36808,521096,N,12 314812
22606,139105,139105,Block,Cycles,330.5,,,0,,06/22/2012 12:00:00 AM +0000,6/22/2012 6:15:00 PM,0,,Mid-Block (but intersection related),Daylight,ELLIOTT AVE BETWEEN BAY ST AND W DENNY WAY,0,1,Y,2,3599183,Wet,23,"MOTOR VEHICLE STRUCK PEDALCYCLIST, LEFT SIDE SIDESWIPE",12174012,10210,0,1,Property Damage Only Collision,,45,Bicycle,Matched,N,1,Raining,0,"(47.61795105200008, -122.35756633599999)",19064,0,N,12-196432
22636,138962,138962,Intersection,Cycles,0,,,0,,02/29/2012 12:00:00 AM +0000,2/29/2012 7:51:00 AM,1,29082,At Intersection (intersection related),Daylight,FAIRVIEW AVE E AND FAIRVIEW AVE N,0,1,Y,2,3504054,Wet,18,"MOTOR VEHICLE STRUCK PEDALCYCLIST, FRONT END AT ANGLE",12060004,10336,1,2b,Serious Injury Collision,,45,Bicycle,Matched,N,1,Overcast,0,"(47.63190599600006, -122.32688562599998)",25382,0,N,12-61459
22681,139107,139107,Intersection,Cycles,0,,,0,,06/26/2012 12:00:00 AM +0000,6/26/2012 10:55:00 AM,0,37349,At Intersection (intersection related),Daylight,WALLINGFORD AVE N AND N 90TH ST,0,1,Y,2,3503565,Wet,18,"MOTOR VEHICLE STRUCK PEDALCYCLIST, FRONT END AT ANGLE",12178006,13391,0,1,Property Damage Only Collision,,45,Bicycle,Matched,N,1,Raining,0,"(47.69413989800006, -122.33647986199998)",27653,0,N,12-200980
22684,139672,139672,Intersection,Cycles,0, ,,0,,08/09/2012 12:00:00 AM +0000,8/9/2012 3:10:00 PM,1,25789,At Intersection (intersection related),Daylight,ROOSEVELT WAY NE AND NE 50TH ST,0,1,,3,3596943,Dry,24,MOTOR VEHCILE STRUCK PEDESTRIAN,12222018,12601,0,2,Injury Collision,,45,Bicycle,Matched,N,1,Clear or Partly Cloudy,0,"(47.664937344000066, -122.31740379099995)",0,523566,N,12-262579
22897,138975,138975,Intersection,Cycles,0,,,0,,09/19/2012 12:00:00 AM +0000,9/19/2012 12:09:00 PM,1,30355,At Intersection (intersection related),Daylight,2ND AVE AND CHERRY ST,0,1,Y,2,3599218,Dry,18,"MOTOR VEHICLE STRUCK PEDALCYCLIST, FRONT END AT ANGLE",12263008,2750,0,2,Injury Collision,,45,Bicycle,Matched,N,1,Clear or Partly Cloudy,0,"(47.60301939300007, -122.33317224599995)",12035,0,N,12-317954
22898,139401,139401,Block,Cycles,127.5,,,0,,06/07/2012 12:00:00 AM +0000,6/7/2012 9:03:00 AM,1,,Driveway Junction,Daylight,DEXTER AVE N BETWEEN GALER ST AND GARFIELD S ST,0,1,Y,2,3549476,Wet,51,PEDALCYCLIST STRUCK MOTOR VEHICLE FRONT END AT ANGLE,12159016,10084,0,2,Injury Collision,,45,Bicycle,Matched,N,1,Raining,0,"(47.632648234000044, -122.342281878)",12954,0,N,2012-176934
22907,139261,139261,Block,Cycles,309.5,,,0,,08/02/2012 12:00:00 AM +0000,8/2/2012 5:51:00 PM,0,,Driveway Junction,Daylight,NW 46TH ST BETWEEN 14TH AVE NW AND 15TH NB AVE NW,0,1,,2,3613035,Dry,51,PEDALCYCLIST STRUCK MOTOR VEHICLE FRONT END AT ANGLE,12215023,18348,0,1,Property Damage Only Collision,,45,Bicycle,Matched,N,1,Clear or Partly Cloudy,0,"(47.66220360600005, -122.37484952499995)",0,0,N,12-252772
22936,138684,138684,Intersection,Cycles,0,,,0,Y,11/29/2012 12:00:00 AM +0000,11/29/2012 9:19:00 PM,1,31285,At Intersection (intersection related),Dark - Street Lights On,15TH AVE S AND S COLLEGE ST,0,1,,2,3502333,Wet,18,"MOTOR VEHICLE STRUCK PEDALCYCLIST, FRONT END AT ANGLE",12334006,2141,0,2,Injury Collision,Y,45,Bicycle,Matched,N,1,Overcast,0,"(47.582981946000075, -122.31339442999996)",14060,0,N,12-408471
22943,139686,139686,Block,Cycles,1483.5, ,,0,,03/19/2012 12:00:00 AM +0000,3/19/2012 2:18:00 PM,1,,Driveway Junction,Daylight,MONTLAKE BLVD NE BETWEEN NE PACIFIC PL AND 25TH AVE NE,0,1,,2,3544749,Dry,51,PEDALCYCLIST STRUCK MOTOR VEHICLE FRONT END AT ANGLE,12079032,11911,0,2,Injury Collision,,45,Bicycle,Matched,N,1,Clear or Partly Cloudy,0,"(47.65499388400008, -122.30232943699997)",0,630868,N,12-83646
22948,137837,137837,Intersection,Cycles,0,,,0,,08/08/2012 12:00:00 AM +0000,8/8/2012 9:51:00 AM,1,30480,Mid-Block (not related to intersection),Daylight,3RD AVE AND JAMES ST,0,1,Y,2,3200350,Dry,00,NOT ENOUGH INFORMATION / NOT APPLICABLE,12221009,4375,0,2,Injury Collision,,45,Bicycle,Matched,N,1,Clear or Partly Cloudy,0,"(47.60276917600004, -122.33140852799994)",24810,0,N,12-260875
22955,139547,139547,Intersection,Cycles,0,,,0,,05/15/2012 12:00:00 AM +0000,5/15/2012 5:25:00 PM,1,28753,At Intersection (intersection related),Daylight,DEXTER AVE N AND LEE ST,0,1,Y,2,3599011,Dry,18,"MOTOR VEHICLE STRUCK PEDALCYCLIST, FRONT END AT ANGLE",12136020,10083,0,2,Injury Collision,,45,Bicycle,Matched,N,1,Clear or Partly Cloudy,0,"(47.631410781000056, -122.34228891699996)",12941,0,N,12-149901
22977,139540,139540,Block,Cycles,154,,,0,,10/21/2012 12:00:00 AM +0000,10/21/2012 9:18:00 PM,1,,Mid-Block (not related to intersection),Dark - Street Lights On,FREMONT AVE N BETWEEN N 34TH ST AND FREMONT PL N,0,1,,3,3508205,Wet,11,"MOTOR VEHICLE STRUCK MOTOR VEHICLE, FRONT END AT ANGLE",12295015,10485,0,2,Injury Collision,,45,Bicycle,Matched,N,1,Overcast,0,"(47.650009011000066, -122.34979103399996)",8240,0,N,12-361383
22978,139690,139690,Block,Cycles,336,,,0,,08/12/2012 12:00:00 AM +0000,8/12/2012 3:36:00 PM,1,,Mid-Block (not related to intersection),Daylight,10TH AVE E BETWEEN E ALOHA ST AND E PROSPECT ST,0,1,,2,3566042,Dry,56,PEDALCYCLIST STRUCK MOTOR VEHICLE LEFT SIDE SIDESWIPE,12225022,1291,0,2,Injury Collision,,45,Bicycle,Matched,N,1,Clear or Partly Cloudy,0,"(47.627747869000075, -122.32021599599994)",6171,0,N,12 266723
22991,138268,138268,Intersection,Cycles,0,,,0,,09/11/2012 12:00:00 AM +0000,9/11/2012 5:29:00 PM,1,25447,At Intersection (intersection related),Daylight,15TH AVE NW AND BALLARD BR,0,1,Y,2,3554174,Dry,18,"MOTOR VEHICLE STRUCK PEDALCYCLIST, FRONT END AT ANGLE",12255013,2097,0,2,Injury Collision,,45,Bicycle,Matched,N,1,Clear or Partly Cloudy,0,"(47.665049759000055, -122.37622023499995)",18258,0,N,12-307174
23005,137982,137982,Block,Cycles,132,,,0,,11/28/2012 12:00:00 AM +0000,11/28/2012 8:46:00 AM,1,,Mid-Block (not related to intersection),Daylight,NW 80TH ST BETWEEN 21ST AVE NW AND 22ND AVE NW,0,1,,2,3504418,Dry,51,PEDALCYCLIST STRUCK MOTOR VEHICLE FRONT END AT ANGLE,12333007,18904,0,2,Injury Collision,,45,Bicycle,Matched,N,1,Overcast,0,"(47.68683039800004, -122.38379010799997)",0,0,N,12-406390
23035,139129,139129,Block,Cycles,385,,,0,,08/25/2012 12:00:00 AM +0000,8/25/2012 4:29:00 PM,1,,Mid-Block (not related to intersection),Daylight,UNIVERSITY WAY NE BETWEEN NE 52ND ST AND NE 55TH ST,0,1,,2,3504573,Dry,18,"MOTOR VEHICLE STRUCK PEDALCYCLIST, FRONT END AT ANGLE",12238032,13225,0,2,Injury Collision,,45,Bicycle,Matched,N,1,Clear or Partly Cloudy,0,"(47.66749016400007, -122.31303423799994)",5597,0,N,12-284506
23086,139695,139695,Intersection,Cycles,0,,,0,,12/10/2012 12:00:00 AM +0000,12/10/2012 5:01:00 PM,0,30482,At Intersection (intersection related),Dark - Street Lights On,2ND AVE AND JAMES ST,0,1,Y,2,3581864,Dry,18,"MOTOR VEHICLE STRUCK PEDALCYCLIST, FRONT END AT ANGLE",12345023,2749,0,1,Property Damage Only Collision,,45,Bicycle,Matched,N,1,Overcast,0,"(47.60230560100007, -122.33251943999994)",12029,0,N,12-421897
23098,139552,139552,Intersection,Cycles,0,,,0,,05/22/2012 12:00:00 AM +0000,5/22/2012 1:52:00 PM,1,30418,At Intersection (intersection related),Daylight,12TH AVE S AND BOREN AVE S,0,1,Y,3,3552199,Wet,18,"MOTOR VEHICLE STRUCK PEDALCYCLIST, FRONT END AT ANGLE",12143003,1652,0,2,Injury Collision,,45,Bicycle,Matched,N,1,Raining,0,"(47.60085285900004, -122.31696510399996)",34834,0,N,12-157785
23107,139134,139134,Intersection,Cycles,0,,,0,,07/19/2012 12:00:00 AM +0000,7/19/2012 7:30:00 AM,1,37935,At Intersection (intersection related),Daylight,35TH AVE NE AND NE 89TH ST,0,1,Y,2,3554346,Dry,18,"MOTOR VEHICLE STRUCK PEDALCYCLIST, FRONT END AT ANGLE",12201004,5373,0,2,Injury Collision,,45,Bicycle,Matched,N,1,Clear or Partly Cloudy,0,"(47.69309733100005, -122.29064037999996)",4274,0,N,12-233180
23114,138137,138137,Intersection,Cycles,0,,,0,,05/25/2012 12:00:00 AM +0000,5/25/2012 11:25:00 PM,1,26842,At Intersection (intersection related),Dark - Street Lights On,WALLINGFORD AVE N AND N 40TH ST,0,1,,1,3466760,Dry,69,PEDALCYCLIST OVERTURNED IN ROAD,12146009,13368,0,2,Injury Collision,,45,Bicycle,Matched,Y,0,Clear or Partly Cloudy,0,"(47.65564871500004, -122.33625707199997)",6201,0,N,2012-162021
23146,137714,137714,Block,Cycles,82.5,,,0,Y,09/14/2012 12:00:00 AM +0000,9/14/2012 4:38:00 PM,1,,Mid-Block (not related to intersection),Dusk,YESLER WAY BETWEEN WESTERN AVE AND POST AVE,0,1,,3,3377819,Dry,22,"MOTOR VEHICLE STRUCK PEDALCYCLIST, RIGHT SIDE SIDESWIPE",12258013,13759,0,2,Injury Collision,,45,Bicycle,Matched,N,1,Clear or Partly Cloudy,0,"(47.60172277400005, -122.335216576)",9881,0,N,12-311382
23196,137715,137715,Intersection,Cycles,0,,,0,,07/18/2012 12:00:00 AM +0000,7/18/2012 12:06:00 PM,1,28077,At Intersection (intersection related),Daylight,QUEEN ANNE DR AND WARREN AVE N,0,1,,2,3549614,Dry,11,"MOTOR VEHICLE STRUCK MOTOR VEHICLE, FRONT END AT ANGLE",12200006,12326,0,2,Injury Collision,,45,Bicycle,Matched,N,1,Clear or Partly Cloudy,0,"(47.641856691000044, -122.35447245999995)",0,0,N,2012-231474
23205,139562,139562,Intersection,Cycles,0,,,0,,10/24/2012 12:00:00 AM +0000,10/24/2012 6:39:00 PM,1,29878,At Intersection (intersection related),Dark - Street Lights On,BOREN AVE AND PIKE ST,0,1,,2,3377822,Wet,51,PEDALCYCLIST STRUCK MOTOR VEHICLE FRONT END AT ANGLE,12298017,9319,0,2,Injury Collision,,45,Bicycle,Matched,N,1,Raining,0,"(47.613465820000044, -122.32891310199994)",31090,0,N,12-365034
23207,139561,139561,Block,Cycles,311.5,,,0,,10/24/2012 12:00:00 AM +0000,10/24/2012 1:05:00 PM,1,,Mid-Block (not related to intersection),Daylight,NW LEARY WAY BETWEEN 14TH AVE NW AND 15TH NB AVE NW,0,1,Y,2,3507954,Dry,21,"MOTOR VEHICLE STRUCK PEDALCYCLIST, REAR END",12298014,19210,0,2,Injury Collision,,45,Bicycle,Matched,N,1,Clear or Partly Cloudy,0,"(47.66366305500003, -122.37485660399994)",17315,0,N,12-364625
23238,139274,139274,Intersection,Cycles,0, ,,0,,12/29/2012 12:00:00 AM +0000,12/29/2012 11:28:00 AM,1,25949,At Intersection (intersection related),Daylight,25TH AVE NE AND NE BLAKELEY ST,0,1,,2,3503251,Wet,31,DRIVERLESS VEHICLE STRUCK MOTOR VEHICLE FRONT END AT ANGLE,12364002,3723,0,2,Injury Collision,,45,Bicycle,Matched,N,1,Raining,0,"(47.66626671800003, -122.30060497999995)",0,521604,N,2012-443186
23316,138707,138707,Block,Cycles,132,,,0,,04/06/2012 12:00:00 AM +0000,4/6/2012 4:27:00 PM,1,,Mid-Block (not related to intersection),Daylight,GREENWOOD AVE N BETWEEN N 83RD ST AND N 84TH ST,0,1,,2,3596953,Dry,56,PEDALCYCLIST STRUCK MOTOR VEHICLE LEFT SIDE SIDESWIPE,12097014,10750,0,2,Injury Collision,,45,Bicycle,Matched,N,1,Clear or Partly Cloudy,0,"(47.68947398100005, -122.35530123599995)",4540,0,N,12-104462
23350,139143,139143,Block,Cycles,306,,,0,,09/21/2012 12:00:00 AM +0000,9/21/2012 7:26:00 AM,1,,Driveway Junction,Daylight,S COLUMBIAN WAY BETWEEN 16TH AVE S AND VETRN HOSPITAL DR,0,1,,3,3545875,Dry,54,PEDALCYCLIST STRUCK MOTOR VEHICLE REAR END,12265021,19695,0,2,Injury Collision,,45,Bicycle,Matched,N,1,Clear or Partly Cloudy,0,"(47.56262186200007, -122.31191037199994)",15819,0,N,12-320460
23458,138156,138156,Intersection,Cycles,0,,,0,,05/11/2012 12:00:00 AM +0000,5/11/2012 6:24:00 PM,1,24488,At Intersection (intersection related),Daylight,ROOSEVELT WAY NE AND NE 67TH ST,0,1,,2,3504711,Dry,18,"MOTOR VEHICLE STRUCK PEDALCYCLIST, FRONT END AT ANGLE",12132022,12617,0,2,Injury Collision,,45,Bicycle,Matched,N,1,Clear or Partly Cloudy,0,"(47.67728332900003, -122.31738326399994)",9400,0,N,12-145172
23481,139435,139435,Block,Cycles,332,,,0,Y,09/24/2012 12:00:00 AM +0000,9/24/2012 8:57:00 PM,1,,Driveway Junction,Dark - Street Lights On,N 135TH ST BETWEEN LINDEN AVE N AND AURORA AVE N,0,1,,5,3507802,Dry,51,PEDALCYCLIST STRUCK MOTOR VEHICLE FRONT END AT ANGLE,12268018,15182,0,2,Injury Collision,,45,Bicycle,Matched,N,1,Clear or Partly Cloudy,0,"(47.72686059600005, -122.34636730699998)",0,0,N,12-325484
23516,138014,138014,Intersection,Cycles,0,,,0,,07/05/2012 12:00:00 AM +0000,7/5/2012 6:57:00 AM,1,24276,At Intersection (intersection related),Daylight,AURORA AVE N AND GREEN LAKE DR N,0,1,,2,3504629,Dry,18,"MOTOR VEHICLE STRUCK PEDALCYCLIST, FRONT END AT ANGLE",12187007,8961,0,2,Injury Collision,,45,Bicycle,Matched,N,1,Clear or Partly Cloudy,0,"(47.68911276600005, -122.34451443499995)",10506,0,N,12-213183
23564,138878,138878,Intersection,Cycles,0,,,0,,05/27/2012 12:00:00 AM +0000,5/27/2012 10:36:00 AM,1,30114,At Intersection (intersection related),Daylight,20TH AVE AND E MADISON ST,0,1,,2,3567414,Dry,18,"MOTOR VEHICLE STRUCK PEDALCYCLIST, FRONT END AT ANGLE",12148006,2942,0,2,Injury Collision,,45,Bicycle,Matched,N,1,Clear or Partly Cloudy,0,"(47.61726331600005, -122.30613644099998)",23093,0,N,12-163693
23647,139450,139450,Block,Cycles,264,,,0,,07/07/2012 12:00:00 AM +0000,7/7/2012,1,,Mid-Block (not related to intersection),Daylight,31ST AVE SW BETWEEN SW RAYMOND ST AND SW GRAHAM ST,0,1,Y,2,3547262,Dry,18,"MOTOR VEHICLE STRUCK PEDALCYCLIST, FRONT END AT ANGLE",12189008,4867,0,2,Injury Collision,,45,Bicycle,Matched,0,1,Clear or Partly Cloudy,0,"(47.547577587000035, -122.37205234899994)",0,0,N,2012-216662
23686,138027,138027,Intersection,Cycles,0, ,,0,,10/16/2012 12:00:00 AM +0000,10/16/2012 10:07:00 PM,1,28278,At Intersection (intersection related),Dark - No Street Lights,BOYLSTON AVE E AND LAKEVIEW S BV E,0,1,,2,3476183,Dry,51,PEDALCYCLIST STRUCK MOTOR VEHICLE FRONT END AT ANGLE,12290032,9389,0,2,Injury Collision,,45,Bicycle,Matched,N,1,Clear or Partly Cloudy,0,"(47.63307868700008, -122.32263290899999)",8257,0,N,12-355256
23728,138318,138318,Intersection,Cycles,0, ,,0,,08/21/2012 12:00:00 AM +0000,8/21/2012 1:42:00 PM,1,36419,At Intersection (intersection related),Daylight,GREENWOOD AVE N AND HOLMAN RD N,0,1,,2,2792689,Dry,18,"MOTOR VEHICLE STRUCK PEDALCYCLIST, FRONT END AT ANGLE",12234010,10765,1,2b,Serious Injury Collision,,45,Bicycle,Matched,N,1,Clear or Partly Cloudy,0,"(47.70508354100008, -122.35545274599997)",0,522663,N,12-278830
23737,138313,138313,Block,Cycles,218,,,0,,08/16/2012 12:00:00 AM +0000,8/16/2012 11:26:00 AM,1,,Driveway Junction,Daylight,EASTLAKE AVE E BETWEEN HARVARD AVE E AND FUHRMAN AVE E,0,1,Y,2,3544946,Dry,18,"MOTOR VEHICLE STRUCK PEDALCYCLIST, FRONT END AT ANGLE",12229002,10184,0,2,Injury Collision,Y,45,Bicycle,Matched,N,1,Clear or Partly Cloudy,0,"(47.65104751100006, -122.32168580199999)",6064,0,N,12-271924
23750,139173,139173,Intersection,Cycles,0, ,,0,,04/21/2012 12:00:00 AM +0000,4/21/2012 9:44:00 PM,1,26775,At Intersection (intersection related),Dark - Street Lights On,15TH AV W SB OFF RP AND W DRAVUS ST,0,1,Y,2,3598886,Dry,18,"MOTOR VEHICLE STRUCK PEDALCYCLIST, FRONT END AT ANGLE",12112010,2206,0,2,Injury Collision,,45,Bicycle,Matched,N,1,Clear or Partly Cloudy,0,"(47.64847281700003, -122.37675943099998)",0,521084,N,12-122165
23773,139745,139745,Intersection,Cycles,0,,,0,,12/29/2012 12:00:00 AM +0000,12/29/2012 4:45:00 PM,1,29750,At Intersection (intersection related),Dusk,14TH AVE AND E PIKE ST,0,1,Y,2,3593597,Wet,18,"MOTOR VEHICLE STRUCK PEDALCYCLIST, FRONT END AT ANGLE",12364001,1852,0,2,Injury Collision,,45,Bicycle,Matched,N,1,Clear or Partly Cloudy,0,"(47.61412214900008, -122.31422402899994)",11896,0,N,12-443437
23778,139884,139884,Block,Cycles,156.5,,,0,,05/24/2012 12:00:00 AM +0000,5/24/2012 3:19:00 PM,1,,Driveway Junction,Daylight,DEXTER AVE N BETWEEN ROY ST AND VALLEY ST,0,1,Y,3,3549505,Dry,18,"MOTOR VEHICLE STRUCK PEDALCYCLIST, FRONT END AT ANGLE",12145024,10078,0,2,Injury Collision,,45,Bicycle,Matched,N,1,Clear or Partly Cloudy,0,"(47.62583102800005, -122.34233820999998)",12712,0,N,12-160178
23779,139741,139741,Intersection,Cycles,0, ,,0,,07/28/2012 12:00:00 AM +0000,7/28/2012 7:34:00 PM,1,35253,At Intersection (intersection related),Dusk,RENTON AVE S AND S CLOVERDALE ST,0,1,Y,3,3467188,Dry,18,"MOTOR VEHICLE STRUCK PEDALCYCLIST, FRONT END AT ANGLE",12210008,12523,0,2,Injury Collision,,45,Bicycle,Matched,N,1,Clear or Partly Cloudy,0,"(47.526119046000076, -122.27694093599996)",7678,0,N,12-245965
23803,138031,138031,Intersection,Cycles,0, ,,0,,07/14/2012 12:00:00 AM +0000,7/14/2012 8:00:00 PM,2,35443,At Intersection (intersection related),Daylight,RAINIER AVE S AND S HENDERSON ST,0,2,Y,3,3617675,Dry,18,"MOTOR VEHICLE STRUCK PEDALCYCLIST, FRONT END AT ANGLE",12196006,12420,0,2,Injury Collision,,45,Bicycle,Matched,N,1,Clear or Partly Cloudy,0,"(47.52330726800005, -122.26998603899995)",0,525149,N,2012-226425
23836,138608,138608,Block,Cycles,70.5,,,0,,08/12/2012 12:00:00 AM +0000,8/12/2012 3:40:00 PM,1,,Mid-Block (not related to intersection),Daylight,E GALER ST BETWEEN 15TH AVE E AND GRANDVIEW PL E,0,1,,3,3566323,Dry,14,"MOTOR VEHICLE STRUCK MOTOR VEHICLE, REAR END",12225005,14020,0,2,Injury Collision,,45,Bicycle,Matched,N,1,Clear or Partly Cloudy,0,"(47.63233209200007, -122.31221261399998)",8487,0,N,12-266725
23875,139183,139183,Intersection,Cycles,0,,,0,,07/30/2012 12:00:00 AM +0000,7/30/2012 5:09:00 PM,1,29679,At Intersection (intersection related),Daylight,ALASKAN WAY AND BROAD ST,0,1,Y,2,3328148,Dry,18,"MOTOR VEHICLE STRUCK PEDALCYCLIST, FRONT END AT ANGLE",12212012,9410,1,2b,Serious Injury Collision,,45,Bicycle,Matched,N,1,Clear or Partly Cloudy,0,"(47.61503359400007, -122.35487619999998)",0,0,N,12-248434
23892,139749,139749,Block,Cycles,124.5,,,0,,07/07/2012 12:00:00 AM +0000,7/7/2012 9:50:00 PM,1,,Mid-Block (not related to intersection),Dark - Street Lights On,NE 45TH ST BETWEEN 1ST AVE NE AND 2ND AVE NE,0,1,Y,5,3466765,Dry,18,"MOTOR VEHICLE STRUCK PEDALCYCLIST, FRONT END AT ANGLE",12189012,16838,0,2,Injury Collision,,45,Bicycle,Matched,Y,1,Clear or Partly Cloudy,0,"(47.661357277000036, -122.32775751099996)",6532,0,N,2012-216837
23906,139469,139469,Intersection,Cycles,0, ,,0,,10/24/2012 12:00:00 AM +0000,10/24/2012 12:22:00 PM,1,29446,At Intersection (intersection related),Daylight,32ND AVE E AND LAKE WASHINGTON BLVD E,0,1,Y,2,3387175,Wet,18,"MOTOR VEHICLE STRUCK PEDALCYCLIST, FRONT END AT ANGLE",12298006,4939,0,2,Injury Collision,,45,Bicycle,Matched,N,1,Clear or Partly Cloudy,0,"(47.624951432000046, -122.29105074699999)",8970,0,N,12 364569
24016,138477,138477,Block,Cycles,213,,,0,,08/21/2012 12:00:00 AM +0000,8/21/2012 8:57:00 AM,1,,Driveway Junction,Daylight,2ND AVE BETWEEN UNION ST AND PIKE ST,0,1,Y,2,3345957,Dry,18,"MOTOR VEHICLE STRUCK PEDALCYCLIST, FRONT END AT ANGLE",12234021,2757,0,2,Injury Collision,,45,Bicycle,Matched,N,1,Clear or Partly Cloudy,0,"(47.60878749200003, -122.33844845799996)",12168,0,N,12-278490
24044,139190,139190,Block,Cycles,319,,,0,Y,07/09/2012 12:00:00 AM +0000,7/9/2012 5:02:00 PM,1,,Mid-Block (not related to intersection),Daylight,1ST AVE S BETWEEN S HUDSON ST AND S DAWSON ST,0,1,,3,3617542,Dry,14,"MOTOR VEHICLE STRUCK MOTOR VEHICLE, REAR END",12191023,1217,0,2,Injury Collision,,45,Bicycle,Matched,N,1,Clear or Partly Cloudy,0,"(47.556539119000035, -122.334214111)",1371,0,N,2012 219-230