OBJECTID,INCKEY,COLDETKEY,ADDRTYPE,COLLISIONTYPE,DISTANCE,EXCEPTRSNCODE,EXCEPTRSNDESC,FATALITIES,INATTENTIONIND,INCDATE,INCDTTM,INJURIES,INTKEY,JUNCTIONTYPE,LIGHTCOND,LOCATION,PEDCOUNT,PEDCYLCOUNT,PEDROWNOTGRNT,PERSONCOUNT,REPORTNO,ROADCOND,SDOT_COLCODE,SDOT_COLDESC,SDOTCOLNUM,SEGKEY,SERIOUSINJURIES,SEVERITYCODE,SEVERITYDESC,SPEEDING,ST_COLCODE,ST_COLDESC,STATUS,UNDERINFL,VEHCOUNT,WEATHER,WIDTH,Shape,SEGLANEKEY,CROSSWALKKEY,HITPARKEDCAR,SPDCASENO
24052,139615,139615,Intersection,Cycles,0,,,0,,05/19/2012 12:00:00 AM +0000,5/19/2012 1:07:00 PM,1,24496,At Intersection (intersection related),Daylight,WEEDIN PL NE AND NE 65TH ST,0,1,,2,3328425,Dry,18,"MOTOR VEHICLE STRUCK PEDALCYCLIST, FRONT END AT ANGLE",12140002,13489,0,2,Injury Collision,,45,Bicycle,Matched,N,1,Clear or Partly Cloudy,0,"(47.67584614500004, -122.31934286899997)",29235,0,N,12-154441
24056,137909,137909,Block,Cycles,87.5,,,0,,10/13/2012 12:00:00 AM +0000,10/13/2012 10:29:00 PM,1,,Mid-Block (not related to intersection),Dark - Street Lights On,LAKE CITY WAY NE BETWEEN NE 92ND ST AND RAVENNA WR AVE NE,0,1,,2,3508052,Wet,51,PEDALCYCLIST STRUCK MOTOR VEHICLE FRONT END AT ANGLE,12287033,11157,0,2,Injury Collision,,45,Bicycle,Matched,Y,1,Overcast,0,"(47.695989076000046, -122.30571619499995)",0,0,N,12-351512
24090,138344,138344,Intersection,Cycles,0,,,0,Y,10/26/2012 12:00:00 AM +0000,10/26/2012 9:18:00 AM,2,26206,At Intersection (intersection related),Daylight,37TH AVE NE AND NE 57TH ST,0,1,,3,3333782,Wet,51,PEDALCYCLIST STRUCK MOTOR VEHICLE FRONT END AT ANGLE,12300006,5702,0,2,Injury Collision,,45,Bicycle,Matched,N,1,Overcast,0,"(47.67031989800006, -122.28798868999996)",0,0,N,2012 366931
24129,138913,138913,Block,Cycles,330,,,0,,04/04/2012 12:00:00 AM +0000,4/4/2012 7:20:00 PM,1,,Driveway Junction,Daylight,N NORTHGATE WAY BETWEEN MERIDIAN AVE N AND CORLISS AVE N,0,1,Y,2,3504551,Dry,24,MOTOR VEHCILE STRUCK PEDESTRIAN,12095013,16119,0,2,Injury Collision,,45,Bicycle,Matched,N,1,Clear or Partly Cloudy,0,"(47.70865451600008, -122.33265537499994)",0,0,N,2012-102269
24135,138765,138765,Intersection,Cycles,0,,,0,,07/20/2012 12:00:00 AM +0000,7/20/2012 2:31:00 PM,1,29568,At Intersection (intersection related),Daylight,6TH AVE AND PINE ST,0,1,Y,2,3465776,Wet,51,PEDALCYCLIST STRUCK MOTOR VEHICLE FRONT END AT ANGLE,12202013,7884,0,2,Injury Collision,,45,Bicycle,Matched,N,1,Overcast,0,"(47.612136459000055, -122.33537313699998)",21830,0,N,12-234397
24168,139340,139340,Block,Cycles,168,,,0,,02/16/2012 12:00:00 AM +0000,2/16/2012 9:32:00 AM,1,,Mid-Block (not related to intersection),Daylight,FREMONT AVE N BETWEEN FREMONT PL N AND N 36TH ST,0,1,,1,3569019,Wet,66,PEDALCYCLIST STRUCK OBJECT IN ROAD,12047004,10486,0,2,Injury Collision,,45,Bicycle,Matched,N,0,Raining,0,"(47.65088855100004, -122.34988452999994)",8357,0,N,12-47189
24229,138205,138205,Intersection,Cycles,0, ,,0,,07/21/2012 12:00:00 AM +0000,7/21/2012 4:50:00 PM,1,25888,At Intersection (intersection related),Daylight,33RD AVE NE AND NE 65TH ST,0,1,Y,2,3613111,Dry,51,PEDALCYCLIST STRUCK MOTOR VEHICLE FRONT END AT ANGLE,12203004,17289,0,2,Injury Collision,,45,Bicycle,Matched,N,1,Clear or Partly Cloudy,0,"(47.67578182300008, -122.29220842099994)",29860,0,N,12-236007
24283,138922,138922,Block,Cycles,161,,,0,,08/28/2012 12:00:00 AM +0000,8/28/2012 6:34:00 PM,1,,Mid-Block (not related to intersection),Daylight,E PINE ST BETWEEN 11TH AVE AND 12TH AVE,0,1,,3,3553020,Dry,23,"MOTOR VEHICLE STRUCK PEDALCYCLIST, LEFT SIDE SIDESWIPE",12241008,14637,0,2,Injury Collision,,45,Bicycle,Matched,N,1,Clear or Partly Cloudy,0,"(47.61525914900005, -122.31750882199998)",10420,0,N,2012-288655
24287,138920,138920,Block,Cycles,629,,,0,,04/10/2012 12:00:00 AM +0000,4/10/2012 8:17:00 AM,1,,Mid-Block (not related to intersection),Daylight,DELRIDGE WAY SW BETWEEN SW JUNEAU ST AND 24TH AVE SW,1,1,,2,3546965,Dry,64,PEDALCYCLIST STRUCK PEDESTRIAN,12101002,9970,0,2,Injury Collision,,45,Bicycle,Matched,N,0,Clear or Partly Cloudy,0,"(47.548385256000074, -122.36303174499994)",23126,0,N,12-108621
24309,139073,139073,Block,Cycles,537.5,,,0,,05/19/2012 12:00:00 AM +0000,5/19/2012 6:47:00 PM,1,,Mid-Block (not related to intersection),Daylight,SW DAWSON ST BETWEEN 18TH AVE SW AND 21ST AVE SW,0,1,,3,3547083,Dry,51,PEDALCYCLIST STRUCK MOTOR VEHICLE FRONT END AT ANGLE,12140008,22067,0,2,Injury Collision,,45,Bicycle,Matched,N,1,Clear or Partly Cloudy,0,"(47.55608560300004, -122.35897646399997)",29226,0,N,12-154752
24355,139497,139497,Intersection,Cycles,0, ,,0,,01/02/2012 12:00:00 AM +0000,1/2/2012 5:03:00 PM,1,26451,At Intersection (intersection related),Dark - Street Lights On,23RD AVE W AND W EMERSON PL,0,1,,2,3377717,Wet,18,"MOTOR VEHICLE STRUCK PEDALCYCLIST, FRONT END AT ANGLE",12002003,3500,0,2,Injury Collision,,45,Bicycle,Matched,N,1,Raining,0,"(47.65613586500007, -122.38551131599996)",29613,0,N,2012-1666
24374,138213,138213,Block,Cycles,161,,,0,Y,05/01/2012 12:00:00 AM +0000,5/1/2012,1,,Mid-Block (not related to intersection),Daylight,MADISON ST BETWEEN 9TH AVE AND TERRY AVE,0,1,,2,3373408,Dry,18,"MOTOR VEHICLE STRUCK PEDALCYCLIST, FRONT END AT ANGLE",12122013,11590,0,2,Injury Collision,,45,Bicycle,Matched,0,1,Clear or Partly Cloudy,0,"(47.608640310000055, -122.32680704199998)",22732,0,N,12 133091
24405,138929,138929,Intersection,Cycles,0,,,0,,07/26/2012 12:00:00 AM +0000,7/26/2012 9:21:00 PM,1,29804,At Intersection (intersection related),Dark - Street Lights On,14TH AVE AND E CHERRY ST,0,1,,2,3593627,Dry,18,"MOTOR VEHICLE STRUCK PEDALCYCLIST, FRONT END AT ANGLE",12208016,1846,0,2,Injury Collision,,45,Bicycle,Matched,N,1,Clear or Partly Cloudy,0,"(47.60804797800006, -122.31415231799997)",35467,0,N,2012-243211
24425,138503,138503,Intersection,Cycles,0,,,0,,08/22/2012 12:00:00 AM +0000,8/22/2012 5:04:00 PM,1,30730,At Intersection (intersection related),Daylight,20TH AVE AND E YESLER WAY,0,1,Y,2,3593630,Dry,11,"MOTOR VEHICLE STRUCK MOTOR VEHICLE, FRONT END AT ANGLE",12235001,2929,0,2,Injury Collision,,45,Bicycle,Matched,N,1,Clear or Partly Cloudy,0,"(47.60167383500004, -122.30635179799998)",10030,0,N,12-280422
24435,139642,139642,Intersection,Cycles,0,,,0,,02/21/2012 12:00:00 AM +0000,2/21/2012 2:00:00 PM,1,30626,At Intersection (intersection related),Daylight,30TH AVE S AND S MAIN ST,0,1,,2,3566167,Wet,18,"MOTOR VEHICLE STRUCK PEDALCYCLIST, FRONT END AT ANGLE",12052011,4673,0,2,Injury Collision,,45,Bicycle,Matched,N,1,Overcast,0,"(47.60026217400008, -122.29378190899996)",0,0,N,12-52961
24510,138366,138366,Intersection,Cycles,0,,,0,,10/31/2012 12:00:00 AM +0000,10/31/2012 8:33:00 AM,1,29737,At Intersection (intersection related),Daylight,NAGLE PL AND E PINE ST,0,1,Y,2,3552168,Dry,18,"MOTOR VEHICLE STRUCK PEDALCYCLIST, FRONT END AT ANGLE",12305021,11942,0,2,Injury Collision,,45,Bicycle,Matched,N,1,Raining,0,"(47.61524085500008, -122.32001617599997)",10408,0,N,12-373152
24565,138647,138647,Intersection,Cycles,0,,,0,,07/16/2012 12:00:00 AM +0000,7/16/2012 8:49:00 PM,1,27062,At Intersection (intersection related),Daylight,UNIVERSITY WAY NE AND NE 45TH ST,0,1,Y,2,3613133,Dry,00,NOT ENOUGH INFORMATION / NOT APPLICABLE,12198014,13222,0,2,Injury Collision,,45,Bicycle,Matched,N,1,Clear or Partly Cloudy,0,"(47.661269366000056, -122.31312965799998)",5644,0,N,2012-229212
24566,138646,138646,Intersection,Cycles,0,,,0,,07/15/2012 12:00:00 AM +0000,7/15/2012 2:36:00 AM,1,29025,At Intersection (intersection related),Dark - Street Lights Off,10TH AVE E AND E HARRISON ST,0,1,,3,3552355,Dry,51,PEDALCYCLIST STRUCK MOTOR VEHICLE FRONT END AT ANGLE,12197010,1287,0,2,Injury Collision,,45,Bicycle,Matched,Y,1,Clear or Partly Cloudy,0,"(47.62198267400004, -122.31992428599995)",0,0,N,12-226963
24619,141802,141802,Block,Cycles,199.5,,,0,,07/31/2012 12:00:00 AM +0000,7/31/2012 2:32:00 PM,1,,Mid-Block (not related to intersection),Daylight,BOYER AVE E BETWEEN 15TH AVE E AND 14TH AVE E,0,1,,2,3566041,Dry,51,PEDALCYCLIST STRUCK MOTOR VEHICLE FRONT END AT ANGLE,12213032,9361,0,2,Injury Collision,,45,Bicycle,Matched,N,1,Clear or Partly Cloudy,0,"(47.64066638700007, -122.31293803999995)",6029,0,N,12-249564
24624,140224,140224,Intersection,Cycles,0,,,0,,07/18/2012 12:00:00 AM +0000,7/18/2012 6:10:00 PM,1,30145,At Intersection (intersection related),Daylight,19TH AVE AND E UNION ST,0,1,Y,2,3567152,Dry,18,"MOTOR VEHICLE STRUCK PEDALCYCLIST, FRONT END AT ANGLE",12200009,2649,0,2,Injury Collision,,45,Bicycle,Matched,N,1,Clear or Partly Cloudy,0,"(47.61289826800004, -122.30750481599995)",9334,0,N,12-231936
24700,140936,140936,Intersection,Cycles,0,,,0,,02/03/2012 12:00:00 AM +0000,2/3/2012 7:11:00 PM,1,29046,At Intersection (intersection related),Dark - Street Lights On,BROADWAY E AND E THOMAS ST,0,1,Y,2,3551837,Dry,54,PEDALCYCLIST STRUCK MOTOR VEHICLE REAR END,12034007,9453,0,2,Injury Collision,,45,Bicycle,Matched,Y,1,Clear or Partly Cloudy,0,"(47.62107587100007, -122.32089166899999)",6806,0,N,2012-33631
24749,140092,140092,Intersection,Cycles,0, ,,0,,07/13/2012 12:00:00 AM +0000,7/13/2012 1:29:00 PM,1,287171,At Intersection (intersection related),Daylight,BURKE GILMAN TRL AND NE 65TH ST,0,1,,2,3554345,Dry,00,NOT ENOUGH INFORMATION / NOT APPLICABLE,12195008,287215,0,2,Injury Collision,,45,Bicycle,Matched,N,1,Clear or Partly Cloudy,0,"(47.67573704200004, -122.26656513399996)",0,524265,N,12-224577
24831,141237,141237,Intersection,Cycles,0,,,0,,07/24/2012 12:00:00 AM +0000,7/24/2012 10:15:00 PM,1,26848,At Intersection (intersection related),Dark - Street Lights On,STONE WAY N AND N 40TH ST,0,1,,2,3466767,Dry,18,"MOTOR VEHICLE STRUCK PEDALCYCLIST, FRONT END AT ANGLE",12206001,12961,0,2,Injury Collision,,45,Bicycle,Matched,N,1,Clear or Partly Cloudy,0,"(47.65538287600003, -122.34243924099997)",6322,0,N,2012 240369
24836,141096,141096,Block,Cycles,359.5,,,0,Y,06/15/2012 12:00:00 AM +0000,6/15/2012 8:45:00 AM,1,,Driveway Junction,Daylight,WESTLAKE AVE N BETWEEN HALLADAY ST AND NEWELL ST,0,1,,2,3375400,Dry,18,"MOTOR VEHICLE STRUCK PEDALCYCLIST, FRONT END AT ANGLE",12167004,13547,0,2,Injury Collision,,45,Bicycle,Matched,N,1,Clear or Partly Cloudy,0,"(47.64312264800003, -122.34407272099997)",20052,0,N,12-186788
24958,140531,140531,Intersection,Cycles,0,,,0,,01/31/2012 12:00:00 AM +0000,1/31/2012 8:45:00 AM,1,26023,At Intersection (intersection related),Daylight,15TH AVE NE AND NE RAVENNA WB N BV,0,1,,2,3554545,Dry,51,PEDALCYCLIST STRUCK MOTOR VEHICLE FRONT END AT ANGLE,12031002,2043,0,2,Injury Collision,,45,Bicycle,Matched,N,1,Overcast,0,"(47.671205437000026, -122.31189876099995)",29018,0,N,12-29636
24978,141395,141395,Intersection,Cycles,0,,,0,,07/30/2012 12:00:00 AM +0000,7/30/2012 3:06:00 PM,1,24276,At Intersection (intersection related),Daylight,AURORA AVE N AND GREEN LAKE DR N,0,1,,3,3613026,Dry,18,"MOTOR VEHICLE STRUCK PEDALCYCLIST, FRONT END AT ANGLE",12212009,8961,1,2b,Serious Injury Collision,,45,Bicycle,Matched,N,1,Overcast,0,"(47.68911276600005, -122.34451443499995)",0,0,N,2012-248296
25006,140951,140951,Intersection,Cycles,0, ,,0,,01/13/2012 12:00:00 AM +0000,1/13/2012 7:29:00 AM,1,24728,At Intersection (intersection related),Daylight,19TH AVE NE AND NE 80TH ST,0,1,Y,2,3597330,Dry,18,"MOTOR VEHICLE STRUCK PEDALCYCLIST, FRONT END AT ANGLE",12013002,2684,0,2,Injury Collision,,45,Bicycle,Matched,N,1,Clear or Partly Cloudy,0,"(47.686675104000074, -122.30784785199995)",33131,0,N,2012-12698
25025,141827,141827,Intersection,Cycles,0,,,0,,08/14/2012 12:00:00 AM +0000,8/14/2012 12:48:00 PM,1,30138,At Intersection (intersection related),Daylight,16TH AVE AND E PIKE ST,0,1,Y,2,3552213,Dry,18,"MOTOR VEHICLE STRUCK PEDALCYCLIST, FRONT END AT ANGLE",12227003,2229,0,2,Injury Collision,,45,Bicycle,Matched,N,1,Clear or Partly Cloudy,0,"(47.614109402000054, -122.31146599699997)",0,0,N,12 269197
25038,141545,141545,Block,Cycles,213,,,0,,04/05/2012 12:00:00 AM +0000,4/5/2012 5:37:00 PM,1,,Driveway Junction,Daylight,12TH AVE BETWEEN E PINE ST AND E OLIVE ST,0,1,Y,2,3552049,Dry,18,"MOTOR VEHICLE STRUCK PEDALCYCLIST, FRONT END AT ANGLE",12096018,1547,1,2b,Serious Injury Collision,,45,Bicycle,Matched,N,1,Clear or Partly Cloudy,0,"(47.61584669400003, -122.31686348699998)",10846,0,N,12-103298
25081,139970,139970,Block,Cycles,213,,,0,,09/29/2012 12:00:00 AM +0000,9/29/2012 1:27:00 PM,1,,Driveway Junction,Daylight,2ND AVE BETWEEN UNIVERSITY ST AND UNION ST,0,1,,2,3558914,Dry,18,"MOTOR VEHICLE STRUCK PEDALCYCLIST, FRONT END AT ANGLE",12273030,2756,0,2,Injury Collision,,45,Bicycle,Matched,N,1,Clear or Partly Cloudy,0,"(47.60779445000003, -122.33754000999994)",12162,0,N,12-332198
25089,140397,140397,Intersection,Cycles,0,,,0,,02/22/2012 12:00:00 AM +0000,2/22/2012 7:50:00 AM,1,26848,At Intersection (intersection related),Daylight,STONE WAY N AND N 40TH ST,0,1,,2,3596876,Wet,18,"MOTOR VEHICLE STRUCK PEDALCYCLIST, FRONT END AT ANGLE",12053006,12961,0,2,Injury Collision,,45,Bicycle,Matched,N,1,Clear or Partly Cloudy,0,"(47.65538287600003, -122.34243924099997)",6322,0,N,12-53777
25189,139978,139978,Intersection,Cycles,0,,,0,,09/05/2012 12:00:00 AM +0000,9/5/2012 7:09:00 AM,1,34562,At Intersection (intersection related),Daylight,M L KING JR WR WAY S AND S OTHELLO ST,0,1,,2,3467552,Dry,18,"MOTOR VEHICLE STRUCK PEDALCYCLIST, FRONT END AT ANGLE",12249009,11562,0,2,Injury Collision,,45,Bicycle,Matched,N,1,Clear or Partly Cloudy,0,"(47.53704230400007, -122.28129319099997)",20888,0,N,2012-298168
25206,140263,140263,Intersection,Cycles,0, ,,0,,09/28/2012 12:00:00 AM +0000,9/28/2012 5:46:00 PM,1,287171,At Intersection (intersection related),Daylight,BURKE GILMAN TRL AND NE 65TH ST,0,1,,2,3613116,Dry,51,PEDALCYCLIST STRUCK MOTOR VEHICLE FRONT END AT ANGLE,12272017,287215,0,2,Injury Collision,,45,Bicycle,Matched,N,1,Clear or Partly Cloudy,0,"(47.67573704200004, -122.26656513399996)",0,524265,N,12-330911
25216,142122,142122,Block,Cycles,213,,,0,,08/16/2012 12:00:00 AM +0000,8/16/2012 7:30:00 PM,1,,Driveway Junction,Daylight,1ST AVE BETWEEN UNIVERSITY ST AND UNION ST,0,1,Y,2,3465815,Dry,18,"MOTOR VEHICLE STRUCK PEDALCYCLIST, FRONT END AT ANGLE",12229003,1007,0,2,Injury Collision,,45,Bicycle,Matched,N,1,Clear or Partly Cloudy,0,"(47.60733042100003, -122.33865010699998)",36717,0,N,2012 273239
25254,140541,140541,Intersection,Cycles,0, ,,0,,04/23/2012 12:00:00 AM +0000,4/23/2012 4:46:00 PM,1,26629,At Intersection (intersection related),Daylight,8TH AVE NW AND NW 43RD N ST,0,1,Y,3,3504513,Dry,18,"MOTOR VEHICLE STRUCK PEDALCYCLIST, FRONT END AT ANGLE",12114015,8370,0,2,Injury Collision,,45,Bicycle,Matched,N,1,Clear or Partly Cloudy,0,"(47.65926930000006, -122.36612505699998)",0,523915,N,12-124203
25256,140692,140692,Intersection,Cycles,0,,,0,,07/03/2012 12:00:00 AM +0000,7/3/2012 7:52:00 PM,1,31296,At Intersection (intersection related),Daylight,15TH AVE S AND BEACON AVE S,0,1,Y,2,3608360,Dry,51,PEDALCYCLIST STRUCK MOTOR VEHICLE FRONT END AT ANGLE,12185024,2143,0,2,Injury Collision,,45,Bicycle,Matched,N,1,Clear or Partly Cloudy,0,"(47.580593220000026, -122.31341202099998)",15866,0,N,2012-211049
25265,141702,141702,Intersection,Cycles,0,,,0,,04/16/2012 12:00:00 AM +0000,4/16/2012 5:30:00 PM,1,30368,At Intersection (intersection related),Daylight,1ST AVE S AND S KING ST,0,1,,2,3503436,Dry,18,"MOTOR VEHICLE STRUCK PEDALCYCLIST, FRONT END AT ANGLE",12107005,1189,0,2,Injury Collision,,45,Bicycle,Matched,N,1,Clear or Partly Cloudy,0,"(47.59829171500007, -122.33419116099998)",4885,0,N,12-116213
25328,142133,142133,Intersection,Cycles,0,,,0,,06/10/2012 12:00:00 AM +0000,6/10/2012 9:03:00 PM,1,26795,At Intersection (intersection related),Dusk,STONE WAY N AND N ALLEN PL,0,1,Y,2,3551294,Dry,51,PEDALCYCLIST STRUCK MOTOR VEHICLE FRONT END AT ANGLE,12162003,12968,0,2,Injury Collision,,45,Bicycle,Matched,N,1,Clear or Partly Cloudy,0,"(47.66067212100006, -122.34218132399997)",6375,0,N,12 182662
25343,140696,140696,Intersection,Cycles,0,,,0,,08/07/2012 12:00:00 AM +0000,8/7/2012 10:15:00 PM,1,25978,,Dark - Street Lights On,15TH AVE NE AND NE 62ND ST,0,1,Y,2,3553918,Dry,00,NOT ENOUGH INFORMATION / NOT APPLICABLE,12220012,2046,0,2,Injury Collision,,45,Bicycle,Matched,N,1,Clear or Partly Cloudy,0,"(47.673978427000065, -122.31191775499997)",29051,0,N,12 260360
25356,140416,140416,Intersection,Cycles,0, ,,0,,06/24/2012 12:00:00 AM +0000,6/24/2012 10:32:00 AM,1,36017,At Intersection (intersection related),Daylight,NE 137TH ST AND LAKE CITY WAY NE,0,1,Y,2,3551505,Dry,18,"MOTOR VEHICLE STRUCK PEDALCYCLIST, FRONT END AT ANGLE",12176005,11188,0,2,Injury Collision,,45,Bicycle,Matched,N,1,Clear or Partly Cloudy,0,"(47.72828827300003, -122.29225017799996)",0,524439,N,2012-198553
25358,140842,140842,Intersection,Cycles,0,,,0,,11/15/2012 12:00:00 AM +0000,11/15/2012 7:33:00 AM,1,25933,At Intersection (intersection related),Daylight,28TH AVE NE AND NE 55TH ST,0,1,Y,2,3554093,Dry,18,"MOTOR VEHICLE STRUCK PEDALCYCLIST, FRONT END AT ANGLE",12320006,4107,0,2,Injury Collision,,45,Bicycle,Matched,N,1,Clear or Partly Cloudy,0,"(47.66852139000008, -122.29725647299995)",33935,0,N,12-391624
25384,140699,140699,Intersection,Cycles,0,,,0,,07/24/2012 12:00:00 AM +0000,7/24/2012 2:53:00 PM,1,24431,At Intersection (intersection related),Daylight,ROOSEVELT WAY NE AND NE 75TH ST,0,1,Y,2,3504260,Dry,51,PEDALCYCLIST STRUCK MOTOR VEHICLE FRONT END AT ANGLE,12206021,12626,0,2,Injury Collision,,45,Bicycle,Matched,N,1,Clear or Partly Cloudy,0,"(47.68311118200006, -122.317489508)",16656,0,N,2012 239794
25391,141282,141282,Intersection,Cycles,0,,,0,,06/28/2012 12:00:00 AM +0000,6/28/2012 12:13:00 AM,1,26605,At Intersection (intersection related),Dark - Street Lights On,8TH AVE NW AND NW 45TH ST,0,1,Y,2,3552592,Dry,18,"MOTOR VEHICLE STRUCK PEDALCYCLIST, FRONT END AT ANGLE",12180004,8374,0,2,Injury Collision,,45,Bicycle,Matched,Y,1,Clear or Partly Cloudy,0,"(47.661461098000075, -122.36617373599995)",2280,0,N,12-203193
25395,141277,141277,Intersection,Cycles,0,,,0,,04/13/2012 12:00:00 AM +0000,4/13/2012 9:32:00 AM,1,31544,At Intersection (intersection related),Daylight,RAINIER AVE S AND S HOLGATE ST,0,1,,2,3617181,Dry,51,PEDALCYCLIST STRUCK MOTOR VEHICLE FRONT END AT ANGLE,12104002,3309,0,2,Injury Collision,,45,Bicycle,Matched,N,1,Clear or Partly Cloudy,0,"(47.58633027600007, -122.30423939999997)",0,0,N,2012-112171
25401,141134,141134,Block,Cycles,238,,,0,Y,11/18/2012 12:00:00 AM +0000,11/18/2012 6:16:00 PM,1,,Mid-Block (not related to intersection),Dark - Street Lights On,GILMAN AVE W BETWEEN 24TH AVE W AND 25TH AVE W,0,1,,2,3581828,Wet,54,PEDALCYCLIST STRUCK MOTOR VEHICLE REAR END,12323011,10639,0,2,Injury Collision,,45,Bicycle,Matched,N,1,Raining,0,"(47.657157108000035, -122.38807973599995)",15446,0,N,12-395802
25471,140140,140140,Intersection,Cycles,0,,,0,Y,10/12/2012 12:00:00 AM +0000,10/12/2012 8:00:00 AM,1,24268,At Intersection (intersection related),Daylight,GREENWOOD AVE N AND N 83RD ST,0,1,Y,2,3504620,Wet,18,"MOTOR VEHICLE STRUCK PEDALCYCLIST, FRONT END AT ANGLE",12286005,10750,0,2,Injury Collision,,45,Bicycle,Matched,N,1,Overcast,0,"(47.68911342700005, -122.35530100699998)",4533,0,N,12-349425
25511,141434,141434,Block,Cycles,161,,,0,,12/03/2012 12:00:00 AM +0000,12/3/2012 7:10:00 AM,1,,Mid-Block (not related to intersection),Daylight,STEWART ST BETWEEN TERRY AVE AND BOREN AVE,0,1,Y,2,3465665,Wet,18,"MOTOR VEHICLE STRUCK PEDALCYCLIST, FRONT END AT ANGLE",12338016,12907,0,2,Injury Collision,,45,Bicycle,Matched,N,1,Raining,0,"(47.61661180900006, -122.33314897999998)",13687,0,N,12-412418
25519,141292,141292,Intersection,Cycles,0, ,,0,,12/24/2012 12:00:00 AM +0000,12/24/2012 2:03:00 AM,1,30482,At Intersection (intersection related),Dark - Street Lights On,2ND AVE AND JAMES ST,0,1,Y,4,3549563,Wet,18,"MOTOR VEHICLE STRUCK PEDALCYCLIST, FRONT END AT ANGLE",12359010,2749,0,2,Injury Collision,,45,Bicycle,Matched,N,1,Overcast,0,"(47.60230560100007, -122.33251943999994)",0,520980,N,12-437888
25532,141145,141145,Block,Cycles,228.5,,,0,Y,08/14/2012 12:00:00 AM +0000,8/14/2012 9:58:00 AM,1,,Mid-Block (not related to intersection),Daylight,42ND AVE S BETWEEN S GENESEE ST AND S OREGON ST,0,1,,2,3608670,Dry,51,PEDALCYCLIST STRUCK MOTOR VEHICLE FRONT END AT ANGLE,12227005,6537,0,2,Injury Collision,,45,Bicycle,Matched,N,1,Clear or Partly Cloudy,0,"(47.56348654800007, -122.28074837399998)",0,0,N,12-269015
25553,140988,140988,Intersection,Cycles,0, ,,1,,05/29/2012 12:00:00 AM +0000,5/29/2012 6:19:00 AM,0,29878,At Intersection (intersection related),Daylight,BOREN AVE AND PIKE ST,0,1,,2,3546466,Dry,51,PEDALCYCLIST STRUCK MOTOR VEHICLE FRONT END AT ANGLE,12150014,9319,0,3,Fatality Collision,,45,Bicycle,Matched,Y,1,Clear or Partly Cloudy,0,"(47.613465820000044, -122.32891310199994)",31087,0,N,12-165578
25608,140426,140426,Intersection,Cycles,0,,,0,Y,08/04/2012 12:00:00 AM +0000,8/4/2012 1:28:00 AM,1,29703,At Intersection (intersection related),Dark - Street Lights On,1ST AVE AND BLANCHARD ST,0,1,,3,3465785,Dry,51,PEDALCYCLIST STRUCK MOTOR VEHICLE FRONT END AT ANGLE,12217035,1014,1,2b,Serious Injury Collision,Y,45,Bicycle,Matched,Y,1,Clear or Partly Cloudy,0,"(47.61260645700003, -122.34521327099998)",13227,0,N,12-254923
25663,140575,140575,Intersection,Cycles,0,,,0,,11/15/2012 12:00:00 AM +0000,11/15/2012 6:17:00 AM,1,37814,At Intersection (intersection related),Dark - Street Lights On,45TH AVE NE AND NE 95TH ST,0,1,,2,3597011,Dry,18,"MOTOR VEHICLE STRUCK PEDALCYCLIST, FRONT END AT ANGLE",12320007,6814,0,2,Injury Collision,,45,Bicycle,Matched,N,1,Clear or Partly Cloudy,0,"(47.697377578000044, -122.28001774799998)",28479,0,N,2012-391572
25730,140014,140014,Intersection,Cycles,0, ,,0,,07/30/2012 12:00:00 AM +0000,7/30/2012 3:24:00 PM,1,28437,At Intersection (intersection related),Daylight,BOYER AVE E AND E LYNN ST,0,1,,2,3331217,Dry,51,PEDALCYCLIST STRUCK MOTOR VEHICLE FRONT END AT ANGLE,12212004,2245,0,2,Injury Collision,,45,Bicycle,Matched,N,1,Clear or Partly Cloudy,0,"(47.63956180000008, -122.31077139499996)",6033,0,N,12-248324
25752,142015,142015,Intersection,Cycles,0, ,,0,Y,04/14/2012 12:00:00 AM +0000,4/14/2012 6:32:00 PM,1,29747,At Intersection (intersection related),Daylight,11TH AVE AND E PIKE ST,1,1,Y,2,3551910,Dry,64,PEDALCYCLIST STRUCK PEDESTRIAN,12105004,1382,0,2,Injury Collision,,45,Bicycle,Matched,N,0,Clear or Partly Cloudy,0,"(47.61409443200006, -122.31814094999999)",31259,523844,N,12-114058
25764,140157,140157,Block,Cycles,334,,,0,,06/13/2012 12:00:00 AM +0000,6/13/2012 6:22:00 PM,1,,Mid-Block (not related to intersection),Daylight,S CLOVERDALE ST BETWEEN 10TH AVE S AND 12TH AVE S,0,1,,2,3547462,Dry,53,PEDALCYCLIST STRUCK MOTOR VEHICLE LEFT SIDE AT ANGLE,12165019,19650,0,2,Injury Collision,,45,Bicycle,Matched,N,1,Clear or Partly Cloudy,0,"(47.526453024000034, -122.31893494799999)",29049,0,N,2012-184874