OBJECTID,INCKEY,COLDETKEY,ADDRTYPE,COLLISIONTYPE,DISTANCE,EXCEPTRSNCODE,EXCEPTRSNDESC,FATALITIES,INATTENTIONIND,INCDATE,INCDTTM,INJURIES,INTKEY,JUNCTIONTYPE,LIGHTCOND,LOCATION,PEDCOUNT,PEDCYLCOUNT,PEDROWNOTGRNT,PERSONCOUNT,REPORTNO,ROADCOND,SDOT_COLCODE,SDOT_COLDESC,SDOTCOLNUM,SEGKEY,SERIOUSINJURIES,SEVERITYCODE,SEVERITYDESC,SPEEDING,ST_COLCODE,ST_COLDESC,STATUS,UNDERINFL,VEHCOUNT,WEATHER,WIDTH,Shape,SEGLANEKEY,CROSSWALKKEY,HITPARKEDCAR,SPDCASENO
25767,141872,141872,Block,Cycles,130,,,0,,11/03/2012 12:00:00 AM +0000,11/3/2012 9:28:00 PM,1,,Driveway Junction,Dark - Street Lights On,FLORENTIA ST BETWEEN 2ND AVE N AND MAYFAIR AVE N,0,1,,2,3566266,Dry,51,PEDALCYCLIST STRUCK MOTOR VEHICLE FRONT END AT ANGLE,12308018,10459,0,2,Injury Collision,,45,Bicycle,Matched,N,1,Clear or Partly Cloudy,0,"(47.64688608200004, -122.35290206499997)",34782,0,N,2012-377930
25787,141014,141014,Block,Cycles,418,,,0,,08/27/2012 12:00:00 AM +0000,8/27/2012 4:46:00 PM,0,,Driveway Junction,Daylight,EASTLAKE AVE E BETWEEN PROSPECT ST AND E NELSON PL,0,1,,3,3549219,Dry,51,PEDALCYCLIST STRUCK MOTOR VEHICLE FRONT END AT ANGLE,12240028,334269,0,1,Property Damage Only Collision,,45,Bicycle,Matched,N,1,Clear or Partly Cloudy,0,"(47.62965397600004, -122.32861177999996)",11613,0,N,12-287171
25844,141312,141312,Intersection,Cycles,0,,,0,,08/28/2012 12:00:00 AM +0000,8/28/2012 2:55:00 PM,1,32935,At Intersection (intersection related),Daylight,26TH AVE SW AND SW HUDSON ST,0,1,,2,3547048,Dry,51,PEDALCYCLIST STRUCK MOTOR VEHICLE FRONT END AT ANGLE,12241016,3946,0,2,Injury Collision,,45,Bicycle,Matched,N,1,Clear or Partly Cloudy,0,"(47.55748162200007, -122.36553409599998)",0,0,N,2012-288401
25851,141732,141732,Intersection,Cycles,0,,,0,,05/18/2012 12:00:00 AM +0000,5/18/2012 9:31:00 AM,1,30487,At Intersection (intersection related),Daylight,3RD AVE AND YESLER WAY,0,1,,2,2807861,Dry,54,PEDALCYCLIST STRUCK MOTOR VEHICLE REAR END,12139016,4373,0,2,Injury Collision,,45,Bicycle,Matched,N,1,Clear or Partly Cloudy,0,"(47.601716156000066, -122.33026479299997)",35959,0,N,12-152945
25875,140167,140167,Intersection,Cycles,0, ,,0,,12/08/2012 12:00:00 AM +0000,12/8/2012 12:18:00 PM,1,34420,At Intersection (intersection related),Daylight,RAINIER AVE S AND S HOLLY ST,0,1,Y,2,3502482,Dry,18,"MOTOR VEHICLE STRUCK PEDALCYCLIST, FRONT END AT ANGLE",12343005,12403,0,2,Injury Collision,,45,Bicycle,Matched,N,1,Clear or Partly Cloudy,0,"(47.54247599400003, -122.27280766199999)",0,525066,N,12 419276
25935,141315,141315,Block,Cycles,165,,,0,,08/21/2012 12:00:00 AM +0000,8/21/2012 6:58:00 PM,1,,Driveway Junction,Daylight,E MARION ST BETWEEN 12TH AVE AND 13TH AVE,0,1,,2,3593726,Dry,54,PEDALCYCLIST STRUCK MOTOR VEHICLE REAR END,12234028,14427,0,2,Injury Collision,,45,Bicycle,Matched,N,1,Clear or Partly Cloudy,0,"(47.61039229800008, -122.31611229499998)",0,0,N,12-279208
26042,140178,140178,Intersection,Cycles,0, ,,0,,06/22/2012 12:00:00 AM +0000,6/22/2012 5:46:00 PM,1,23895,At Intersection (intersection related),Daylight,15TH AVE NW AND NW 75TH ST,0,1,,2,3553843,Wet,24,MOTOR VEHCILE STRUCK PEDESTRIAN,12174046,2116,0,2,Injury Collision,,45,Bicycle,Matched,N,1,Raining,0,"(47.68323791900008, -122.37678003499997)",0,521277,N,12-196388
26045,140176,140176,Intersection,Cycles,0,,,0,,06/20/2012 12:00:00 AM +0000,6/20/2012 4:34:00 PM,1,167415,At Intersection (intersection related),Daylight,BEACON ER AVE S AND S MORGAN ST,0,1,,2,3617563,Dry,51,PEDALCYCLIST STRUCK MOTOR VEHICLE FRONT END AT ANGLE,12172002,20863,0,2,Injury Collision,,45,Bicycle,Matched,N,1,Clear or Partly Cloudy,0,"(47.54461878500007, -122.29979823699995)",0,0,N,12 193597
26096,141754,141754,Block,Cycles,252,,,0,,07/28/2012 12:00:00 AM +0000,7/28/2012 6:02:00 PM,1,,Mid-Block (not related to intersection),Daylight,FREMONT AVE N BETWEEN N 36TH ST AND N 38TH ST,0,1,,2,3613426,Dry,54,PEDALCYCLIST STRUCK MOTOR VEHICLE REAR END,12210014,10487,0,2,Injury Collision,Y,45,Bicycle,Matched,N,1,Clear or Partly Cloudy,0,"(47.652037807000056, -122.34992726899998)",8360,0,N,12-245866
26099,141331,141331,Block,Cycles,135,,,0,,11/19/2012 12:00:00 AM +0000,11/19/2012 6:31:00 PM,1,,Mid-Block (not related to intersection),Dark - Street Lights On,BELLEVUE AVE E BETWEEN E DENNY WAY AND E LORETTA PL,0,1,,2,3476407,Wet,51,PEDALCYCLIST STRUCK MOTOR VEHICLE FRONT END AT ANGLE,12324016,9217,0,2,Injury Collision,,45,Bicycle,Matched,N,1,Raining,0,"(47.61886143000004, -122.32672701299998)",0,0,N,2012-397046
26117,141750,141750,Block,Cycles,149,,,0,,07/21/2012 12:00:00 AM +0000,7/21/2012 9:06:00 AM,1,,Mid-Block (not related to intersection),Daylight,NW MARKET ST BETWEEN BALLARD AVE NW AND 24TH AVE NW,0,1,Y,2,3596992,Dry,21,"MOTOR VEHICLE STRUCK PEDALCYCLIST, REAR END",12203012,19235,0,2,Injury Collision,,45,Bicycle,Matched,N,1,Clear or Partly Cloudy,0,"(47.668680546000076, -122.38697024799995)",25851,0,N,12-235568
26131,142038,142038,Intersection,Cycles,0,,,0,,04/28/2012 12:00:00 AM +0000,4/28/2012 12:32:00 PM,1,34876,At Intersection (intersection related),Daylight,25TH AVE SW AND SW BARTON ST,0,1,Y,2,3546894,Dry,51,PEDALCYCLIST STRUCK MOTOR VEHICLE FRONT END AT ANGLE,12119005,3813,0,2,Injury Collision,,45,Bicycle,Matched,N,1,Clear or Partly Cloudy,0,"(47.52102329200005, -122.36454783799996)",59260,0,N,2012-129789
26160,142180,142180,Block,Cycles,542.5,,,0,,07/08/2012 12:00:00 AM +0000,7/8/2012 9:36:00 AM,1,,Mid-Block (not related to intersection),Daylight,RAINIER AVE S BETWEEN S BAYVIEW ST AND S MCCLELLAN ST,0,1,,4,3548349,Dry,00,NOT ENOUGH INFORMATION / NOT APPLICABLE,12190014,12364,0,2,Injury Collision,,45,Bicycle,Matched,N,1,Clear or Partly Cloudy,0,"(47.57967346300006, -122.29915965999999)",20062,0,N,12-217565
26223,141343,141343,Intersection,Cycles,0,,,0,,09/08/2012 12:00:00 AM +0000,9/8/2012 2:48:00 PM,1,30542,At Intersection (intersection related),Daylight,6TH AVE S AND S DEARBORN ST,0,1,Y,3,3599152,Dry,18,"MOTOR VEHICLE STRUCK PEDALCYCLIST, FRONT END AT ANGLE",12252006,7987,0,2,Injury Collision,,45,Bicycle,Matched,N,1,Clear or Partly Cloudy,0,"(47.59583727300003, -122.32637379799996)",5806,0,N,12-302881
26267,140049,140049,Block,Cycles,188,,,0,Y,02/02/2012 12:00:00 AM +0000,2/2/2012 11:57:00 AM,1,,Mid-Block (not related to intersection),Daylight,CALIFORNIA AVE SW BETWEEN SW MYRTLE ST AND SW ORCHARD ST,0,1,,2,3546980,Dry,56,PEDALCYCLIST STRUCK MOTOR VEHICLE LEFT SIDE SIDESWIPE,12033035,9571,0,2,Injury Collision,,45,Bicycle,Matched,N,1,Overcast,0,"(47.53940748700006, -122.38727455599997)",2804,0,N,12-31993
26275,141902,141902,Intersection,Cycles,0, ,,0,,01/10/2012 12:00:00 AM +0000,1/10/2012 12:00:00 PM,1,27182,At Intersection (intersection related),Daylight,2ND AVE NE AND NE 45TH ST,0,1,Y,2,3564535,Dry,18,"MOTOR VEHICLE STRUCK PEDALCYCLIST, FRONT END AT ANGLE",12010002,2803,0,2,Injury Collision,,45,Bicycle,Matched,N,1,Clear or Partly Cloudy,0,"(47.661354747000075, -122.32725022499994)",6532,0,N,Dec-37
26377,141199,141199,Intersection,Cycles,0,,,0,,02/07/2012 12:00:00 AM +0000,2/7/2012 2:12:00 PM,1,28379,At Intersection (intersection related),Daylight,24TH AVE E AND INTERLAKEN PL E,0,1,,1,3559449,Dry,69,PEDALCYCLIST OVERTURNED IN ROAD,12038004,3547,0,2,Injury Collision,,45,Bicycle,Matched,N,0,Clear or Partly Cloudy,0,"(47.63359430400004, -122.30159187399994)",22474,0,N,12-37802
26406,142193,142193,Intersection,Cycles,0,,,0,,02/28/2012 12:00:00 AM +0000,2/28/2012 5:12:00 PM,1,29872,At Intersection (intersection related),Dusk,BOREN AVE AND PINE ST,0,1,,2,3504031,Wet,51,PEDALCYCLIST STRUCK MOTOR VEHICLE FRONT END AT ANGLE,12059003,9320,1,2b,Serious Injury Collision,,45,Bicycle,Matched,N,1,Raining,0,"(47.61445724200007, -122.32982243299995)",10318,0,N,2012-60842
26490,140482,140482,Intersection,Cycles,0,,,0,,02/08/2012 12:00:00 AM +0000,2/8/2012 12:33:00 AM,1,29052,At Intersection (intersection related),Dark - Street Lights On,BROADWAY E AND E OLIVE WAY,0,1,,2,3567625,Wet,18,"MOTOR VEHICLE STRUCK PEDALCYCLIST, FRONT END AT ANGLE",12039014,9452,0,2,Injury Collision,,45,Bicycle,Matched,N,1,Raining,0,"(47.61990774700007, -122.32087289199995)",35208,0,N,12-38347
26500,141356,141356,Intersection,Cycles,0,,,0,,09/06/2012 12:00:00 AM +0000,9/6/2012 8:41:00 AM,1,28872,At Intersection (intersection related),Daylight,5TH AVE N AND ALOHA ST,0,1,Y,2,2805047,Dry,18,"MOTOR VEHICLE STRUCK PEDALCYCLIST, FRONT END AT ANGLE",12250006,7267,0,2,Injury Collision,,45,Bicycle,Matched,N,1,Clear or Partly Cloudy,0,"(47.62715946700007, -122.34754993099995)",0,0,N,12-299639
26542,141779,141779,Intersection,Cycles,0,,,0,,09/07/2012 12:00:00 AM +0000,9/7/2012 6:01:00 AM,1,30752,At Intersection (intersection related),Dark - Street Lights On,18TH AVE S AND S JACKSON ST,0,1,Y,2,3567684,Dry,18,"MOTOR VEHICLE STRUCK PEDALCYCLIST, FRONT END AT ANGLE",12251004,2592,0,2,Injury Collision,,45,Bicycle,Matched,N,1,Clear or Partly Cloudy,0,"(47.599238971000034, -122.308967844)",11040,0,N,12-300843
26592,140638,140638,Intersection,Cycles,0, ,,0,,08/25/2012 12:00:00 AM +0000,8/25/2012 12:15:00 PM,1,24276,At Intersection (intersection related),Daylight,AURORA AVE N AND GREEN LAKE DR N,0,1,,2,3597383,Dry,18,"MOTOR VEHICLE STRUCK PEDALCYCLIST, FRONT END AT ANGLE",12238002,8961,0,2,Injury Collision,,45,Bicycle,Matched,N,1,Clear or Partly Cloudy,0,"(47.68911276600005, -122.34451443499995)",0,522353,N,12-284210
26594,140636,140636,Intersection,Cycles,0,,,0,,06/12/2012 12:00:00 AM +0000,6/12/2012 6:11:00 PM,1,31247,At Intersection (intersection related),Daylight,15TH AVE S AND S HOLGATE ST,0,1,Y,2,3617515,Wet,51,PEDALCYCLIST STRUCK MOTOR VEHICLE FRONT END AT ANGLE,12164006,2137,0,2,Injury Collision,,45,Bicycle,Matched,N,1,Raining,0,"(47.58636267900005, -122.31336274799997)",14075,0,N,12-183695
26683,141368,141368,Intersection,Cycles,0,,,0,,10/14/2012 12:00:00 AM +0000,10/14/2012 5:34:00 PM,0,25758,At Intersection (intersection related),Daylight,BROOKLYN AVE NE AND NE RAVENNA WB BV,0,1,Y,2,3508057,Wet,18,"MOTOR VEHICLE STRUCK PEDALCYCLIST, FRONT END AT ANGLE",12288019,9489,0,1,Property Damage Only Collision,,45,Bicycle,Matched,N,1,Raining,0,"(47.67145247600007, -122.31417406099996)",28930,0,N,12 352601
26783,143308,143308,Intersection,Cycles,0, ,,0,,01/04/2013 12:00:00 AM +0000,1/4/2013 1:06:00 AM,1,30028,At Intersection (intersection related),Dark - Street Lights On,23RD AVE AND E SPRING ST,0,1,,2,3476630,Wet,21,"MOTOR VEHICLE STRUCK PEDALCYCLIST, REAR END",13004001,3362,0,2,Injury Collision,,45,Bicycle,Matched,N,1,Raining,0,"(47.61158943600003, -122.30274429599996)",22610,0,N,2013 3611
26832,144146,144146,Block,Cycles,227, ,,0,Y,02/05/2013 12:00:00 AM +0000,2/5/2013 6:02:00 PM,0,,Mid-Block (not related to intersection),Dark - Street Lights On,S DEARBORN ST BETWEEN 13TH AVE S AND CORWIN PL S,0,1,,2,3567884,Dry,55,PEDALCYCLIST STRUCK MOTOR VEHICLE RIGHT SIDE SIDESWIPE,13036037,19833,0,1,Property Damage Only Collision,,45,Bicycle,Matched,N,1,Overcast,0,"(47.595818457000064, -122.31500518799999)",0,0,N,2013-041335
26848,143867,143867,Block,Cycles,327, ,,0,,02/09/2013 12:00:00 AM +0000,2/9/2013 3:17:00 PM,1,,Driveway Junction,Daylight,FAUNTLEROY WAY SW BETWEEN SW EDMUNDS ST AND SW HUDSON ST,0,1,Y,3,3380678,Wet,51,PEDALCYCLIST STRUCK MOTOR VEHICLE FRONT END AT ANGLE,13040027,10388,0,2,Injury Collision,,45,Bicycle,Matched,N,1,Raining,0,"(47.55835791800007, -122.38145936499996)",0,0,N,13-46072
26957,143455,143455,Intersection,Cycles,0, ,,0,,02/07/2013 12:00:00 AM +0000,2/7/2013 5:48:00 AM,1,35902,At Intersection (intersection related),Dark - Street Lights On,ROOSEVELT WAY NE AND NE 125TH N ST,0,1,Y,2,3503357,Wet,18,"MOTOR VEHICLE STRUCK PEDALCYCLIST, FRONT END AT ANGLE",13038008,1305,1,2b,Serious Injury Collision,,45,Bicycle,Matched,N,1,Raining,0,"(47.71974505000003, -122.31813230799997)",16882,0,N,13-43012
26980,144156,144156,Block,Cycles,133, ,,0,,01/14/2013 12:00:00 AM +0000,1/14/2013 5:44:00 PM,0,,Driveway Junction,Dark - Street Lights On,8TH AVE NW BETWEEN NW 63RD ST AND NW 64TH ST,0,1,Y,3,3503151,Wet,51,PEDALCYCLIST STRUCK MOTOR VEHICLE FRONT END AT ANGLE,13014017,8393,0,1,Property Damage Only Collision,,45,Bicycle,Matched,N,1,Clear or Partly Cloudy,0,"(47.67489954200005, -122.36606720499998)",2464,0,N,13-15963
27013,142517,142517,Block,Cycles,153,,,0,,09/02/2012 12:00:00 AM +0000,9/2/2012 7:00:00 PM,1,,Mid-Block (not related to intersection),Daylight,6TH AVE S BETWEEN S LANE ST AND S DEARBORN ST,0,1,Y,2,3560237,Dry,21,"MOTOR VEHICLE STRUCK PEDALCYCLIST, REAR END",12246005,7986,0,2,Injury Collision,,45,Bicycle,Matched,N,1,Clear or Partly Cloudy,0,"(47.596258136000074, -122.32637212399999)",5797,0,N,2012-295201
27057,142803,142803,Block,Cycles,329.5, ,,0,,01/07/2013 12:00:00 AM +0000,1/7/2013 6:08:00 PM,1,,Mid-Block (not related to intersection),Dark - Street Lights On,10TH AVE E BETWEEN E LYNN ST AND E MILLER ST,0,1,,2,3476385,Wet,54,PEDALCYCLIST STRUCK MOTOR VEHICLE REAR END,13007022,1300,0,2,Injury Collision,,45,Bicycle,Matched,N,1,Raining,0,"(47.64044969200006, -122.32006083999994)",6096,0,N,13-9119
27070,143740,143740,Block,Cycles,371, ,,0,,01/10/2013 12:00:00 AM +0000,1/10/2013 8:15:00 AM,1,,Driveway Junction,Daylight,AURORA AVE N BETWEEN N 109TH ST AND N 112TH ST,0,1,,2,3503132,Wet,51,PEDALCYCLIST STRUCK MOTOR VEHICLE FRONT END AT ANGLE,13010025,8988,0,2,Injury Collision,,45,Bicycle,Matched,N,1,Raining,0,"(47.70905834800004, -122.34476001099995)",0,0,N,2013-010874
27075,143605,143605,Intersection,Cycles,0, ,,0,,02/14/2013 12:00:00 AM +0000,2/14/2013 10:59:00 AM,1,27078,At Intersection (intersection related),Daylight,15TH AVE NE AND NE 43RD ST,0,1,,2,3503280,Wet,51,PEDALCYCLIST STRUCK MOTOR VEHICLE FRONT END AT ANGLE,13045002,2034,0,2,Injury Collision,,45,Bicycle,Matched,N,1,Overcast,0,"(47.659781475000045, -122.31203248399999)",0,524562,N,13-51811
27085,143467,143467,Intersection,Cycles,0, ,,0,,03/12/2013 12:00:00 AM +0000,3/12/2013 10:38:00 PM,1,30190,At Intersection (intersection related),Dark - Street Lights On,20TH AVE AND E JEFFERSON ST,0,1,Y,2,3476495,Wet,51,PEDALCYCLIST STRUCK MOTOR VEHICLE FRONT END AT ANGLE,13071010,2934,0,2,Injury Collision,,45,Bicycle,Matched,N,1,Overcast,0,"(47.60616745200008, -122.30633165599994)",34934,0,N,13-84689
27122,142241,142241,Intersection,Cycles,0,,,0,,07/15/2012 12:00:00 AM +0000,7/15/2012 9:19:00 PM,1,29177,At Intersection (intersection related),Dark - Street Lights On,E HOWELL ST AND E OLIVE WAY,0,1,,3,3593537,Dry,51,PEDALCYCLIST STRUCK MOTOR VEHICLE FRONT END AT ANGLE,12197007,14170,1,2b,Serious Injury Collision,,45,Bicycle,Matched,N,1,Clear or Partly Cloudy,0,"(47.61773646800003, -122.32625385499995)",23271,0,N,2012-227809
27228,143895,143895,Block,Cycles,304, ,,0,Y,03/01/2013 12:00:00 AM +0000,3/1/2013 5:26:00 PM,1,,Mid-Block (not related to intersection),Daylight,ALASKAN WAY BETWEEN VINE ST AND CLAY ST,0,1,,4,3581760,Dry,21,"MOTOR VEHICLE STRUCK PEDALCYCLIST, REAR END",13060011,8732,1,2b,Serious Injury Collision,Y,45,Bicycle,Matched,N,3,Clear or Partly Cloudy,0,"(47.61388302300003, -122.35309719799994)",20776,0,N,13-70409
27304,142947,142947,Block,Cycles,213, ,,0,,03/07/2013 12:00:00 AM +0000,3/7/2013 3:26:00 PM,1,,,Daylight,16TH AVE BETWEEN E CHERRY ST AND E COLUMBIA ST,0,1,,2,3476758,Dry,00,NOT ENOUGH INFORMATION / NOT APPLICABLE,13066022,2224,0,2,Injury Collision,,45,Bicycle,Matched,N,1,Clear or Partly Cloudy,0,"(47.60862008000004, -122.31153752999995)",0,0,N,13-78111
27306,142945,142945,Block,Cycles,311, ,,0,,02/20/2013 12:00:00 AM +0000,2/20/2013 8:00:00 AM,1,,Mid-Block (not related to intersection),Daylight,BROADWAY BETWEEN HARVARD AVE AND E UNION ST,0,1,,1,3476738,Dry,66,PEDALCYCLIST STRUCK OBJECT IN ROAD,13051008,9445,0,2,Injury Collision,,45,Bicycle,Matched,N,0,Clear or Partly Cloudy,0,"(47.61210999000008, -122.32076121799997)",42081,0,N,13-58539
27401,144324,144324,Intersection,Cycles,0, ,,0,,01/29/2013 12:00:00 AM +0000,1/29/2013 8:47:00 PM,1,27142,At Intersection (intersection related),Dark - Street Lights On,UNIVERSITY WAY NE AND NE CAMPUS EB PY,0,1,Y,2,3508025,Wet,51,PEDALCYCLIST STRUCK MOTOR VEHICLE FRONT END AT ANGLE,13029007,13217,0,2,Injury Collision,,45,Bicycle,Matched,N,1,Raining,0,"(47.65598766700003, -122.31326821399995)",5681,0,N,13-33348
27407,142823,142823,Intersection,Cycles,0, ,,0,,02/14/2013 12:00:00 AM +0000,2/14/2013 4:36:00 PM,1,34561,At Intersection (intersection related),Dusk,38TH AVE S AND S OTHELLO ST,0,1,Y,2,3671762,Dry,51,PEDALCYCLIST STRUCK MOTOR VEHICLE FRONT END AT ANGLE,13045027,21051,0,2,Injury Collision,,45,Bicycle,Matched,N,1,Overcast,0,"(47.53703456900007, -122.28470685799999)",24178,0,N,2013-52203
27511,143628,143628,Intersection,Cycles,0, ,,0,,03/04/2013 12:00:00 AM +0000,3/4/2013 6:40:00 PM,1,29592,At Intersection (intersection related),Dark - Street Lights On,2ND AVE AND PIKE ST,0,1,,2,3581730,Dry,18,"MOTOR VEHICLE STRUCK PEDALCYCLIST, FRONT END AT ANGLE",13063001,2758,0,2,Injury Collision,,45,Bicycle,Matched,N,1,Clear or Partly Cloudy,0,"(47.60928514300008, -122.33890369399995)",0,525565,N,13-74487
27558,144193,144193,Block,Cycles,185, ,,0,,03/07/2013 12:00:00 AM +0000,3/7/2013 8:50:00 AM,1,,Mid-Block (not related to intersection),Daylight,UNIVERSITY BR BETWEEN FUHRMAN AVE E AND POINT A,0,1,,1,3609006,Wet,69,PEDALCYCLIST OVERTURNED IN ROAD,13066021,13189,0,2,Injury Collision,,45,Bicycle,Matched,N,0,Raining,0,"(47.65202472800007, -122.32092404899998)",15437,0,N,2013-77698
27595,142694,142694,Intersection,Cycles,0, ,,0,,01/02/2013 12:00:00 AM +0000,1/2/2013 8:25:00 PM,0,26605,At Intersection (intersection related),Dark - Street Lights On,8TH AVE NW AND NW 45TH ST,0,1,,2,3507759,Dry,51,PEDALCYCLIST STRUCK MOTOR VEHICLE FRONT END AT ANGLE,13002006,8374,0,1,Property Damage Only Collision,,45,Bicycle,Matched,N,1,Clear or Partly Cloudy,0,"(47.661461098000075, -122.36617373599995)",2280,0,N,2013 2190
27620,143779,143779,Intersection,Cycles,0, ,,0,,01/15/2013 12:00:00 AM +0000,1/15/2013 1:27:00 PM,1,36228,At Intersection (intersection related),Daylight,3RD AVE NW AND NW 117TH ST,0,1,,2,3609245,Dry,51,PEDALCYCLIST STRUCK MOTOR VEHICLE FRONT END AT ANGLE,13015002,4500,0,2,Injury Collision,,45,Bicycle,Matched,N,1,Clear or Partly Cloudy,0,"(47.71418069500004, -122.36088963299994)",28627,0,N,13-16888
27664,144203,144203,Block,Cycles,197, ,,0,,02/13/2013 12:00:00 AM +0000,2/13/2013 6:00:00 PM,1,,Mid-Block (not related to intersection),Daylight,HARVARD AVE BETWEEN E UNION ST AND E PIKE ST,0,1,Y,2,3581755,Unknown,18,"MOTOR VEHICLE STRUCK PEDALCYCLIST, FRONT END AT ANGLE",13044018,10840,1,2b,Serious Injury Collision,,45,Bicycle,Matched,N,1,Unknown,0,"(47.61352518600006, -122.32210217199997)",0,0,N,2013-51018
27693,142841,142841,Intersection,Cycles,0, ,,0,,01/19/2013 12:00:00 AM +0000,1/19/2013 5:54:00 PM,1,25464,At Intersection (intersection related),Dark - Street Lights On,LEARY WAY NW AND NW 46TH ST,0,1,,2,3608967,Dry,51,PEDALCYCLIST STRUCK MOTOR VEHICLE FRONT END AT ANGLE,13019001,11347,0,2,Injury Collision,,45,Bicycle,Matched,N,1,Overcast,0,"(47.66219540600008, -122.36786512799995)",17230,0,N,13-21943
27836,142573,142573,Intersection,Cycles,0,,,0,,08/15/2012 12:00:00 AM +0000,8/15/2012 1:45:00 PM,1,30477,At Intersection (intersection related),Daylight,6TH AVE AND JEFFERSON ST,0,1,Y,2,3562811,Dry,18,"MOTOR VEHICLE STRUCK PEDALCYCLIST, FRONT END AT ANGLE",12228005,7872,0,2,Injury Collision,,45,Bicycle,Matched,N,1,Clear or Partly Cloudy,0,"(47.60344580700007, -122.32742361199996)",0,0,N,12-270665
27845,142984,142984,Intersection,Cycles,0, ,,0,,01/11/2013 12:00:00 AM +0000,1/11/2013 2:00:00 PM,0,29962,At Intersection (intersection related),Daylight,7TH AVE AND JAMES ST,0,1,,2,3611372,Dry,51,PEDALCYCLIST STRUCK MOTOR VEHICLE FRONT END AT ANGLE,13011030,8152,0,1,Property Damage Only Collision,,45,Bicycle,Matched,N,1,Clear or Partly Cloudy,0,"(47.60462517900004, -122.32697031499998)",24843,0,N,2013-12619
27862,142849,142849,Intersection,Cycles,0, ,,0,,01/08/2013 12:00:00 AM +0000,1/8/2013 8:00:00 AM,1,29424,At Intersection (intersection related),Daylight,36TH AVE E AND E MADISON ST,0,1,Y,2,3551885,Wet,18,"MOTOR VEHICLE STRUCK PEDALCYCLIST, FRONT END AT ANGLE",13008008,14369,0,2,Injury Collision,,45,Bicycle,Matched,N,1,Raining,0,"(47.62982978600007, -122.28681326999998)",34382,0,N,13 8485
27871,142710,142710,Intersection,Cycles,0, ,,0,,02/26/2013 12:00:00 AM +0000,2/26/2013 8:56:00 AM,1,28242,At Intersection (intersection related),Daylight,10TH AVE E AND E BOSTON ST,0,1,,2,3476261,Dry,51,PEDALCYCLIST STRUCK MOTOR VEHICLE FRONT END AT ANGLE,13057005,1299,0,2,Injury Collision,Y,45,Bicycle,Matched,N,1,Clear or Partly Cloudy,0,"(47.63840322500005, -122.32007129499999)",6106,0,N,13-65850
27887,143656,143656,Block,Cycles,307, ,,0,,01/16/2013 12:00:00 AM +0000,1/16/2013 4:48:00 PM,1,,Driveway Junction,Dusk,LAKE WASHINGTON BLVD S BETWEEN 43RD AVE S AND 46TH AVE S,0,1,,2,3502525,Dry,18,"MOTOR VEHICLE STRUCK PEDALCYCLIST, FRONT END AT ANGLE",13016012,11233,0,2,Injury Collision,,45,Bicycle,Matched,N,1,Clear or Partly Cloudy,0,"(47.57002063500005, -122.27834393699999)",38095,0,N,2013-18318
27901,143517,143517,Intersection,Cycles,0, ,,0,,01/20/2013 12:00:00 AM +0000,1/20/2013 1:23:00 PM,1,29541,At Intersection (intersection related),Daylight,VIRGINIA ST AND WESTLAKE AVE,0,1,,2,3581387,Dry,18,"MOTOR VEHICLE STRUCK PEDALCYCLIST, FRONT END AT ANGLE",13020005,13316,0,2,Injury Collision,,45,Bicycle,Matched,N,1,Clear or Partly Cloudy,0,"(47.61483186400005, -122.33774456799995)",25297,0,N,2013-022778
28115,143003,143003,Intersection,Cycles,0, ,,0,,02/05/2013 12:00:00 AM +0000,2/5/2013 7:34:00 PM,0,29515,At Intersection (intersection related),Dark - Street Lights On,DENNY WAY AND DEXTER AVE,0,1,,2,3549434,Dry,51,PEDALCYCLIST STRUCK MOTOR VEHICLE FRONT END AT ANGLE,13036017,10011,0,1,Property Damage Only Collision,,45,Bicycle,Matched,N,1,Overcast,0,"(47.618550165000045, -122.34240185299996)",12566,0,N,2013-51522
28152,143391,143391,Block,Cycles,213, ,,0,,02/21/2013 12:00:00 AM +0000,2/21/2013 2:00:00 PM,1,,,Daylight,14TH AVE BETWEEN E COLUMBIA ST AND E MARION ST,0,1,,1,3476801,Wet,00,NOT ENOUGH INFORMATION / NOT APPLICABLE,13052028,1847,1,2b,Serious Injury Collision,,45,Bicycle,Matched,N,0,Raining,0,"(47.60979877600005, -122.31414002699995)",0,0,N,13-6119
28258,142314,142314,Intersection,Cycles,0, ,,0,,01/12/2012 12:00:00 AM +0000,1/12/2012 3:32:00 PM,1,29589,At Intersection (intersection related),Daylight,4TH AVE AND PIKE ST,1,1,Y,2,3546136,Dry,64,PEDALCYCLIST STRUCK PEDESTRIAN,12012018,6131,0,2,Injury Collision,,45,Bicycle,Matched,N,0,Clear or Partly Cloudy,0,"(47.61021404200005, -122.33668342799996)",23694,521863,N,2012-12058
28292,143544,143544,Intersection,Cycles,0, ,,0,,02/24/2013 12:00:00 AM +0000,2/24/2013 7:20:00 PM,1,25940,At Intersection (intersection related),Dark - Street Lights On,25TH AVE NE AND NE 54TH ST,0,1,Y,2,3551114,Dry,51,PEDALCYCLIST STRUCK MOTOR VEHICLE FRONT END AT ANGLE,13055002,3724,0,2,Injury Collision,,45,Bicycle,Matched,N,1,Clear or Partly Cloudy,0,"(47.66797835300008, -122.30061611399998)",18812,0,N,2013-64054