OBJECTID,INCKEY,COLDETKEY,ADDRTYPE,COLLISIONTYPE,DISTANCE,EXCEPTRSNCODE,EXCEPTRSNDESC,FATALITIES,INATTENTIONIND,INCDATE,INCDTTM,INJURIES,INTKEY,JUNCTIONTYPE,LIGHTCOND,LOCATION,PEDCOUNT,PEDCYLCOUNT,PEDROWNOTGRNT,PERSONCOUNT,REPORTNO,ROADCOND,SDOT_COLCODE,SDOT_COLDESC,SDOTCOLNUM,SEGKEY,SERIOUSINJURIES,SEVERITYCODE,SEVERITYDESC,SPEEDING,ST_COLCODE,ST_COLDESC,STATUS,UNDERINFL,VEHCOUNT,WEATHER,WIDTH,Shape,SEGLANEKEY,CROSSWALKKEY,HITPARKEDCAR,SPDCASENO
28294,143543,143543,Intersection,Cycles,0, ,,0,,01/15/2013 12:00:00 AM +0000,1/15/2013 3:50:00 PM,1,36926,At Intersection (intersection related),Daylight,21ST AVE NW AND NW 96TH ST,0,1,,2,3551274,Dry,51,PEDALCYCLIST STRUCK MOTOR VEHICLE FRONT END AT ANGLE,13015028,3162,0,2,Injury Collision,,45,Bicycle,Matched,N,1,Clear or Partly Cloudy,0,"(47.698981477000075, -122.38303568299995)",0,0,N,13-17037
28296,143542,143542,Block,Cycles,288, ,,0,,02/20/2013 12:00:00 AM +0000,2/20/2013 7:26:00 PM,1,,Mid-Block (not related to intersection),Dark - Street Lights On,19TH AVE E BETWEEN E THOMAS ST AND E HARRISON ST,0,1,,2,3593389,Wet,18,"MOTOR VEHICLE STRUCK PEDALCYCLIST, FRONT END AT ANGLE",13051004,2656,0,2,Injury Collision,,45,Bicycle,Matched,N,1,Raining,0,"(47.62127501300006, -122.30733746399994)",8736,0,N,13-59248
28300,143013,143013,Block,Cycles,169.5, ,,0,,02/07/2013 12:00:00 AM +0000,2/7/2013 4:15:00 PM,1,,Driveway Junction,Daylight,FAUNTLEROY WAY SW BETWEEN 41ST AVE SW AND 42ND AVE SW,0,1,,2,3505006,Dry,18,"MOTOR VEHICLE STRUCK PEDALCYCLIST, FRONT END AT ANGLE",13038007,10398,0,2,Injury Collision,,45,Bicycle,Matched,N,1,Clear or Partly Cloudy,0,"(47.545234590000064, -122.38508198499994)",2881,0,N,13-43689
28301,143012,143012,Intersection,Cycles,0, ,,0,,02/19/2013 12:00:00 AM +0000,2/19/2013 10:14:00 AM,1,29947,At Intersection (intersection related),Daylight,6TH AVE AND MADISON ST,0,1,,3,3549436,Dry,51,PEDALCYCLIST STRUCK MOTOR VEHICLE FRONT END AT ANGLE,13050021,7877,0,2,Injury Collision,,45,Bicycle,Matched,N,1,Clear or Partly Cloudy,0,"(47.60701683800005, -122.33068899799997)",22702,0,N,13-57477
28497,142476,142476,Block,Cycles,333.5,,,0,,08/22/2012 12:00:00 AM +0000,8/22/2012 5:55:00 PM,1,,Mid-Block (not related to intersection),Daylight,CALIFORNIA AVE SW BETWEEN ERSKINE WAY SW AND SW HUDSON ST,0,1,,4,3553209,Dry,56,PEDALCYCLIST STRUCK MOTOR VEHICLE LEFT SIDE SIDESWIPE,12235011,9555,0,2,Injury Collision,,45,Bicycle,Matched,N,1,Clear or Partly Cloudy,0,"(47.55841253300008, -122.38685637199995)",2708,0,N,12-280475
28549,143557,143557,Block,Cycles,332.5, ,,0,,03/01/2013 12:00:00 AM +0000,3/1/2013 2:30:00 PM,2,,Mid-Block (not related to intersection),Daylight,UNIVERSITY WAY NE BETWEEN NE 45TH ST AND NE 47TH ST,1,1,Y,2,3501390,Dry,64,PEDALCYCLIST STRUCK PEDESTRIAN,13060025,13222,0,2,Injury Collision,,45,Bicycle,Matched,N,0,Overcast,0,"(47.662179209000044, -122.31311572699997)",5644,522430,N,13 70175
28554,143427,143427,Intersection,Cycles,0, ,,0,,01/07/2013 12:00:00 AM +0000,1/7/2013 9:33:00 AM,1,29087,At Intersection (intersection related),Daylight,FAIRVIEW AVE N AND YALE AVE N,0,1,,2,3581626,Wet,18,"MOTOR VEHICLE STRUCK PEDALCYCLIST, FRONT END AT ANGLE",13007003,10357,0,2,Injury Collision,,45,Bicycle,Matched,N,1,Raining,0,"(47.62871326700008, -122.33090658799995)",25368,0,N,2013-7319
28582,144261,144261,Block,Cycles,161, ,,0,,01/23/2013 12:00:00 AM +0000,1/23/2013 8:38:00 AM,0,,Driveway Junction,Daylight,S JACKSON ST BETWEEN 16TH AVE S AND 17TH AVE S,0,1,Y,2,2617495,Dry,18,"MOTOR VEHICLE STRUCK PEDALCYCLIST, FRONT END AT ANGLE",13023022,20496,0,1,Property Damage Only Collision,,45,Bicycle,Matched,N,1,Overcast,0,"(47.59922818500007, -122.31092683899999)",11025,0,N,2013-25691
28619,143840,143840,Intersection,Cycles,0, ,,0,,02/04/2013 12:00:00 AM +0000,2/4/2013 5:26:00 PM,1,30375,At Intersection (intersection related),Dark - Street Lights On,ALASKAN E RDWY WAY AND YESLER WAY,0,1,Y,2,3504024,Dry,18,"MOTOR VEHICLE STRUCK PEDALCYCLIST, FRONT END AT ANGLE",13035006,8744,0,2,Injury Collision,,45,Bicycle,Matched,N,1,Clear or Partly Cloudy,0,"(47.60172456400005, -122.33603405699995)",0,522606,N,13-40122
28626,142902,142902,Intersection,Cycles,0, ,,0,,03/04/2013 12:00:00 AM +0000,3/4/2013 4:05:00 PM,1,27043,At Intersection (intersection related),Daylight,TROLL AVE N AND N 34TH ST,0,1,Y,2,3613220,Dry,51,PEDALCYCLIST STRUCK MOTOR VEHICLE FRONT END AT ANGLE,13063017,9002,0,2,Injury Collision,,45,Bicycle,Matched,N,1,Clear or Partly Cloudy,0,"(47.64924012200004, -122.34741874299999)",8816,0,N,2013 74332
28657,144406,144406,Block,Cycles,161, ,,0,,01/19/2013 12:00:00 AM +0000,1/19/2013 5:52:00 PM,1,,Driveway Junction,Dark - Street Lights On,HARRISON ST BETWEEN WESTLAKE AVE N AND TERRY AVE N,0,1,,4,3581435,Dry,18,"MOTOR VEHICLE STRUCK PEDALCYCLIST, FRONT END AT ANGLE",13019020,10767,0,2,Injury Collision,,45,Bicycle,Matched,N,1,Overcast,0,"(47.622038857000064, -122.33780561999998)",0,0,N,13-21940
28683,143707,143707,Intersection,Cycles,0, ,,0,,02/13/2013 12:00:00 AM +0000,2/13/2013 8:58:00 AM,1,30437,At Intersection (intersection related),Daylight,RAINIER AVE S AND S WELLER ST,0,1,,2,3559747,Wet,18,"MOTOR VEHICLE STRUCK PEDALCYCLIST, FRONT END AT ANGLE",13044020,12343,0,2,Injury Collision,,45,Bicycle,Matched,N,1,Raining,0,"(47.59749163500004, -122.31275995099998)",24369,0,N,2013-50420
28736,143987,143987,Block,Cycles,882, ,,0,,01/17/2013 12:00:00 AM +0000,1/17/2013 5:32:00 PM,1,,Mid-Block (not related to intersection),Dark - Street Lights On,DEXTER AVE N BETWEEN HALLADAY ST AND 4TH S AVE N,0,1,Y,2,3503821,Dry,18,"MOTOR VEHICLE STRUCK PEDALCYCLIST, FRONT END AT ANGLE",13017030,10094,0,2,Injury Collision,,45,Bicycle,Matched,N,1,Clear or Partly Cloudy,0,"(47.64426570300003, -122.34665163399995)",13856,0,N,13-19589
28800,142910,142910,Intersection,Cycles,0, ,,0,,01/16/2013 12:00:00 AM +0000,1/16/2013 2:53:00 PM,2,29948,At Intersection (intersection related),Daylight,5TH AVE AND MADISON ST,0,1,,3,3582009,Dry,18,"MOTOR VEHICLE STRUCK PEDALCYCLIST, FRONT END AT ANGLE",13016003,7230,1,2b,Serious Injury Collision,,45,Bicycle,Matched,N,2,Clear or Partly Cloudy,0,"(47.606552746000034, -122.33179812299994)",22694,0,N,13-18147
28822,143298,143298,Intersection,Cycles,0, ,,0,,02/05/2013 12:00:00 AM +0000,2/5/2013 2:45:00 PM,0,33963,At Intersection (intersection related),Daylight,DELRIDGE WAY SW AND SW ORCHARD ST,0,1,,2,3197906,Wet,18,"MOTOR VEHICLE STRUCK PEDALCYCLIST, FRONT END AT ANGLE",13036005,9978,0,1,Property Damage Only Collision,Y,45,Bicycle,Matched,N,1,Overcast,0,"(47.537954167000066, -122.36109186599998)",0,525435,N,13-41150
28838,143573,143573,Intersection,Cycles,0, ,,0,,01/25/2013 12:00:00 AM +0000,1/25/2013 9:16:00 PM,1,29739,At Intersection (intersection related),Dark - Street Lights On,11TH AVE AND E PINE ST,0,1,Y,2,3476652,Dry,18,"MOTOR VEHICLE STRUCK PEDALCYCLIST, FRONT END AT ANGLE",13025011,1383,0,2,Injury Collision,,45,Bicycle,Matched,N,1,Clear or Partly Cloudy,0,"(47.615254391000065, -122.318159434)",10420,0,N,13-28938
28880,143994,143994,Intersection,Cycles,0, ,,0,Y,01/07/2013 12:00:00 AM +0000,1/7/2013 7:42:00 AM,1,29009,At Intersection (intersection related),Dawn,15TH AVE E AND E MERCER S ST,0,1,,2,3476343,Dry,21,"MOTOR VEHICLE STRUCK PEDALCYCLIST, REAR END",13007004,2010,0,2,Injury Collision,,45,Bicycle,Matched,N,1,Raining,0,"(47.62424930900005, -122.31260681999998)",8559,0,N,13-7219
28926,146135,146155,Block,Cycles,95.5, ,,0,,05/12/2013 12:00:00 AM +0000,5/12/2013,1,,Mid-Block (not related to intersection),Unknown,EAST GREEN LAKE WAY N BETWEEN 4TH AVE NE AND NE RAVENNA SR BV,1,1,,2,3503268,Dry,00,NOT ENOUGH INFORMATION / NOT APPLICABLE,,14083,0,2,Injury Collision,,45,Bicycle,Matched,N,0,Overcast,0,"(47.67871258200006, -122.32652875699995)",7410,0,N,2013 159890
28986,146336,146356,Intersection,Cycles,0, ,,0,,05/18/2013 12:00:00 AM +0000,5/18/2013 10:57:00 AM,1,38385,At Intersection (intersection related),Daylight,56TH AVE S AND S AVON ST,0,1,Y,2,3579281,Dry,51,PEDALCYCLIST STRUCK MOTOR VEHICLE FRONT END AT ANGLE,,7755,0,2,Injury Collision,,45,Bicycle,Matched,N,1,Overcast,0,"(47.50134658600007, -122.26239735699994)",0,0,N,13-166945
28999,147335,147355,Intersection,Cycles,0, ,,0,,06/02/2013 12:00:00 AM +0000,6/2/2013 6:31:00 PM,1,35826,At Intersection (intersection related),Daylight,LINDEN AVE N AND N 130TH ST,0,1,Y,2,3641677,Dry,18,"MOTOR VEHICLE STRUCK PEDALCYCLIST, FRONT END AT ANGLE",,11453,0,2,Injury Collision,,45,Bicycle,Matched,N,1,Clear or Partly Cloudy,0,"(47.72321837800007, -122.34819529899994)",0,523683,N,13-188564
29037,144571,144571,Intersection,Cycles,0, ,,0,,01/23/2013 12:00:00 AM +0000,1/23/2013 5:05:00 PM,1,28058,At Intersection (intersection related),Dusk,4TH AVE N AND DEXTER S AVE N,0,1,,3,3582014,Wet,23,"MOTOR VEHICLE STRUCK PEDALCYCLIST, LEFT SIDE SIDESWIPE",13023028,10095,0,2,Injury Collision,,45,Bicycle,Matched,N,1,Raining,0,"(47.64570977100004, -122.34948774899999)",13884,0,N,13-26260
29074,145053,145053,Block,Cycles,150, ,,0,,04/24/2013 12:00:00 AM +0000,4/24/2013 5:20:00 PM,1,,Mid-Block (but intersection related),Daylight,NE 97TH ST BETWEEN SAND POINT WAY NE AND 48TH AVE NE,0,1,Y,2,3508075,Dry,21,"MOTOR VEHICLE STRUCK PEDALCYCLIST, REAR END",,17940,0,2,Injury Collision,,45,Bicycle,Matched,N,1,Clear or Partly Cloudy,0,"(47.69933594400004, -122.27712016899994)",0,0,N,13-137475
29218,145987,146007,Intersection,Cycles,0, ,,0,,05/10/2013 12:00:00 AM +0000,5/10/2013 5:42:00 PM,1,29603,At Intersection (intersection related),Daylight,2ND AVE AND UNIVERSITY ST,0,1,Y,2,3573552,Dry,18,"MOTOR VEHICLE STRUCK PEDALCYCLIST, FRONT END AT ANGLE",,2756,0,2,Injury Collision,,45,Bicycle,Matched,N,1,Clear or Partly Cloudy,0,"(47.60729905800008, -122.33708679799997)",12162,0,N,13-157588
29279,146778,146798,Intersection,Cycles,0, ,,0,,05/22/2013 12:00:00 AM +0000,5/22/2013 3:40:00 PM,1,27153,At Intersection (intersection related),Daylight,EASTLAKE AVE E AND FUHRMAN AVE E,0,1,,2,3476566,Dry,23,"MOTOR VEHICLE STRUCK PEDALCYCLIST, LEFT SIDE SIDESWIPE",,10579,0,2,Injury Collision,,45,Bicycle,Matched,N,1,Overcast,0,"(47.65157827200005, -122.32127525699997)",15459,0,N,13-172558
29296,147174,147194,Block,Cycles,331.5, ,,0,,10/03/2012 12:00:00 AM +0000,10/3/2012 2:38:00 PM,0,,Mid-Block (not related to intersection),Daylight,AURORA AVE N BETWEEN N 135TH ST AND N 137TH ST,0,1,Y,2,3504697,Dry,18,"MOTOR VEHICLE STRUCK PEDALCYCLIST, FRONT END AT ANGLE",,8996,0,1,Property Damage Only Collision,,45,Bicycle,Matched,N,1,Clear or Partly Cloudy,0,"(47.72776724800008, -122.34502702499998)",0,0,N,2012-337811
29319,145253,145253,Intersection,Cycles,0, ,,1,Y,05/01/2013 12:00:00 AM +0000,5/1/2013 7:10:00 AM,0,32154,At Intersection (intersection related),Daylight,EAST MARGINAL WAY S AND S HANFORD ST,0,1,,2,3502608,Dry,51,PEDALCYCLIST STRUCK MOTOR VEHICLE FRONT END AT ANGLE,,14385,0,3,Fatality Collision,,45,Bicycle,Matched,N,1,Other,0,"(47.575579772000026, -122.33999040199996)",4678,0,N,13 145227
29364,145822,145842,Intersection,Cycles,0, ,,0,Y,05/06/2013 12:00:00 AM +0000,5/6/2013 9:45:00 AM,1,26886,At Intersection (intersection related),Daylight,STONE WAY N AND N 36TH ST,0,1,,2,3612892,Dry,51,PEDALCYCLIST STRUCK MOTOR VEHICLE FRONT END AT ANGLE,,12957,0,2,Injury Collision,,45,Bicycle,Matched,N,1,Clear or Partly Cloudy,0,"(47.650533523000036, -122.34267836099997)",6292,0,N,13-151763
29432,147359,147379,Intersection,Cycles,0, ,,0,,06/02/2013 12:00:00 AM +0000,6/2/2013 3:52:00 PM,1,29570,At Intersection (intersection related),Daylight,AURORA SB AVE N AND DENNY WAY,0,1,,2,3573328,Dry,18,"MOTOR VEHICLE STRUCK PEDALCYCLIST, FRONT END AT ANGLE",,9006,0,2,Injury Collision,,45,Bicycle,Matched,N,1,Clear or Partly Cloudy,0,"(47.61855574900005, -122.34376188299996)",0,521699,N,13-188425
29477,144597,144597,Intersection,Cycles,0, ,,0,Y,02/11/2013 12:00:00 AM +0000,2/11/2013 1:22:00 PM,1,28300,At Intersection (intersection related),Daylight,EASTLAKE AVE E AND E ROANOKE ST,0,1,,3,3559746,Wet,51,PEDALCYCLIST STRUCK MOTOR VEHICLE FRONT END AT ANGLE,13042007,10179,0,2,Injury Collision,,45,Bicycle,Matched,N,1,Overcast,0,"(47.643190643000025, -122.32588681199996)",24724,0,N,13-48167
29523,146411,146431,Block,Cycles,516, ,,0,,05/16/2013 12:00:00 AM +0000,5/16/2013 6:38:00 PM,1,,Mid-Block (not related to intersection),Daylight,UNIVERSITY BR BETWEEN POINT B AND EASTLAKE AVE NE,0,1,,4,3503269,Dry,18,"MOTOR VEHICLE STRUCK PEDALCYCLIST, FRONT END AT ANGLE",,13191,0,2,Injury Collision,,45,Bicycle,Matched,N,1,Clear or Partly Cloudy,0,"(47.654215958000066, -122.31923589299998)",11649,0,N,2013-164913
29579,146991,147011,Block,Cycles,332.5, ,,0,,05/28/2013 12:00:00 AM +0000,5/28/2013 12:30:00 PM,1,,Mid-Block (not related to intersection),Daylight,BROOKLYN AVE NE BETWEEN NE 45TH ST AND NE 47TH ST,0,1,,2,3641580,Dry,56,PEDALCYCLIST STRUCK MOTOR VEHICLE LEFT SIDE SIDESWIPE,,9482,0,2,Injury Collision,,45,Bicycle,Matched,N,1,Clear or Partly Cloudy,0,"(47.66218694400004, -122.31426195299997)",31456,0,N,13-180568
29588,144762,144762,Intersection,Cycles,0, ,,0,,04/19/2013 12:00:00 AM +0000,4/19/2013 1:39:00 PM,1,29788,At Intersection (intersection related),Daylight,MARION ST AND MINOR AVE,0,1,,2,3606026,Wet,18,"MOTOR VEHICLE STRUCK PEDALCYCLIST, FRONT END AT ANGLE",,11673,0,2,Injury Collision,,45,Bicycle,Matched,N,1,Raining,0,"(47.60908893800007, -122.32337662399999)",0,0,N,2013-131372
29688,147005,147025,Intersection,Cycles,0, ,,0,,03/08/2011 12:00:00 AM +0000,3/8/2011 4:05:00 PM,1,27041,At Intersection (intersection related),Daylight,ALBION PL N AND N 34TH ST,0,1,Y,2,3565087,Dry,18,"MOTOR VEHICLE STRUCK PEDALCYCLIST, FRONT END AT ANGLE",,8774,0,2,Injury Collision,,45,Bicycle,Matched,Y,1,Clear or Partly Cloudy,0,"(47.64884179300003, -122.34476587499995)",0,0,N,11 77627
29749,147197,147217,Intersection,Cycles,0, ,,0,,05/29/2013 12:00:00 AM +0000,5/29/2013 7:00:00 PM,1,287172,At Intersection (intersection related),Daylight,BURKE GILMAN TRL AND NE 70TH ST,0,1,,2,3608883,Dry,51,PEDALCYCLIST STRUCK MOTOR VEHICLE FRONT END AT ANGLE,,287216,0,2,Injury Collision,,45,Bicycle,Matched,N,1,Overcast,0,"(47.679372199000056, -122.26531461999997)",0,524581,N,13-182517
29752,147006,147026,Block,Cycles,503.5, ,,0,Y,05/25/2013 12:00:00 AM +0000,5/25/2013 9:18:00 AM,1,,Mid-Block (not related to intersection),Daylight,SW BARTON ST BETWEEN 26TH AVE SW AND 29TH AVE SW,1,1,,2,3465281,Dry,00,NOT ENOUGH INFORMATION / NOT APPLICABLE,,21846,1,2b,Serious Injury Collision,,45,Bicycle,Matched,N,0,Clear or Partly Cloudy,0,"(47.52103009700005, -122.36792955699997)",0,0,N,13-176461
29778,145089,145089,Intersection,Cycles,0, ,,0,Y,04/25/2013 12:00:00 AM +0000,4/25/2013 3:29:00 PM,1,25758,At Intersection (intersection related),Daylight,BROOKLYN AVE NE AND NE RAVENNA WB BV,0,1,,2,3501517,Dry,18,"MOTOR VEHICLE STRUCK PEDALCYCLIST, FRONT END AT ANGLE",,9489,0,2,Injury Collision,,45,Bicycle,Matched,N,1,Clear or Partly Cloudy,0,"(47.67145247600007, -122.31417406099996)",28932,0,N,13-138618
29786,144943,144943,Intersection,Cycles,0, ,,0,Y,04/23/2013 12:00:00 AM +0000,4/23/2013 3:06:00 PM,1,28085,At Intersection (intersection related),Daylight,AURORA AVE N AND HALLADAY ST,0,1,,2,3506132,Dry,51,PEDALCYCLIST STRUCK MOTOR VEHICLE FRONT END AT ANGLE,,8918,0,2,Injury Collision,,45,Bicycle,Matched,N,1,Clear or Partly Cloudy,0,"(47.64225512400003, -122.34694325799995)",16935,0,N,13-136017
29860,144483,144483,Block,Cycles,160.5, ,,0,,02/03/2013 12:00:00 AM +0000,2/3/2013 2:16:00 AM,1,,,Dark - Street Lights On,CEDAR ST BETWEEN 4TH AVE AND DENNY WAY,0,2,,3,3549009,Dry,00,NOT ENOUGH INFORMATION / NOT APPLICABLE,13034018,9643,0,2,Injury Collision,,45,Bicycle,Matched,Y,1,Clear or Partly Cloudy,0,"(47.61812919000005, -122.34762418099996)",41816,0,N,13-38466
29908,145107,145107,Block,Cycles,130.5, ,,0,,04/28/2013 12:00:00 AM +0000,4/28/2013 9:53:00 AM,1,,Mid-Block (not related to intersection),Daylight,E PINE ST BETWEEN BELMONT AVE AND BOYLSTON AVE,0,1,,2,3606076,Wet,54,PEDALCYCLIST STRUCK MOTOR VEHICLE REAR END,,14631,0,2,Injury Collision,Y,45,Bicycle,Matched,N,1,Raining,0,"(47.615228063000075, -122.32394607099997)",10368,0,N,13-142037
29948,145867,145887,Intersection,Cycles,0, ,,0,,05/04/2013 12:00:00 AM +0000,5/4/2013,1,30851,At Intersection (intersection related),Unknown,LAKE PARK DR S AND LAKE WASHINGTON BLVD S,0,1,Y,3,3344447,Dry,18,"MOTOR VEHICLE STRUCK PEDALCYCLIST, FRONT END AT ANGLE",,11193,0,2,Injury Collision,,45,Bicycle,Matched,N,1,Clear or Partly Cloudy,0,"(47.58295465400005, -122.28765893499997)",38003,0,N,13 149135
29961,146039,146059,Block,Cycles,127.5, ,,0,,05/12/2013 12:00:00 AM +0000,5/12/2013 1:43:00 AM,0,,Mid-Block (not related to intersection),Dark - Street Lights On,NE 50TH ST BETWEEN 9TH AVE NE AND ROOSEVELT WAY NE,0,1,,2,3613512,Dry,21,"MOTOR VEHICLE STRUCK PEDALCYCLIST, REAR END",,16929,0,1,Property Damage Only Collision,,45,Bicycle,Matched,N,1,Clear or Partly Cloudy,0,"(47.664940743000045, -122.31792288099996)",21448,0,N,13-159563
30003,146455,146475,Intersection,Cycles,0, ,,0,Y,05/19/2013 12:00:00 AM +0000,5/19/2013 4:30:00 PM,1,275586,At Intersection (intersection related),Daylight,GREENWOOD AVE N AND PHINNEY AVE N,0,1,,4,3641803,Dry,56,PEDALCYCLIST STRUCK MOTOR VEHICLE LEFT SIDE SIDESWIPE,,10734,0,2,Injury Collision,,45,Bicycle,Matched,N,1,Clear or Partly Cloudy,0,"(47.67789543500004, -122.35517069999997)",4303,0,N,2013-168610
30104,146460,146480,Block,Cycles,127.5, ,,0,Y,05/20/2013 12:00:00 AM +0000,5/20/2013 6:29:00 PM,1,,Mid-Block (not related to intersection),Daylight,6TH AVE BETWEEN OLIVE WAY AND STEWART ST,0,1,,2,3644276,Dry,51,PEDALCYCLIST STRUCK MOTOR VEHICLE FRONT END AT ANGLE,,7886,0,2,Injury Collision,Y,45,Bicycle,Matched,N,1,Clear or Partly Cloudy,0,"(47.61337526800003, -122.33664679399999)",25428,0,N,13-170088
30143,146686,146706,Intersection,Cycles,0, ,,0,,05/17/2013 12:00:00 AM +0000,5/17/2013 4:35:00 PM,1,27105,At Intersection (intersection related),Daylight,UNIVERSITY WAY NE AND NE 41ST ST,0,1,Y,4,3501665,Dry,18,"MOTOR VEHICLE STRUCK PEDALCYCLIST, FRONT END AT ANGLE",,13219,0,2,Injury Collision,,45,Bicycle,Matched,N,1,Clear or Partly Cloudy,0,"(47.656834220000064, -122.31324600799996)",5667,0,N,13-165972
30162,146679,146699,Intersection,Cycles,0, ,,0,Y,05/22/2013 12:00:00 AM +0000,5/22/2013 9:06:00 AM,1,26775,At Intersection (intersection related),Daylight,15TH AV W SB OFF RP AND W DRAVUS ST,0,1,,2,3644256,Wet,51,PEDALCYCLIST STRUCK MOTOR VEHICLE FRONT END AT ANGLE,,2206,0,2,Injury Collision,,45,Bicycle,Matched,N,1,Raining,0,"(47.64847281700003, -122.37675943099998)",29994,0,N,2013-172104
30164,146856,146876,Block,Cycles,263.5, ,,0,,05/25/2013 12:00:00 AM +0000,5/25/2013 1:42:00 PM,1,,Mid-Block (not related to intersection),Daylight,LAKESIDE AVE BETWEEN E YESLER WAY AND LAKE WASHINGTON BLVD,0,1,,2,3606183,Dry,56,PEDALCYCLIST STRUCK MOTOR VEHICLE LEFT SIDE SIDESWIPE,,11252,0,2,Injury Collision,,45,Bicycle,Matched,N,1,Clear or Partly Cloudy,0,"(47.602350311000066, -122.28497101999994)",35102,0,N,13-176662
30322,144658,144658,Block,Cycles,194.5, ,,0,,04/15/2013 12:00:00 AM +0000,4/15/2013 6:56:00 PM,1,,Mid-Block (not related to intersection),Daylight,2ND AV ET S BETWEEN S MAIN ST AND S WASHINGTON ST,0,1,,2,3581940,Dry,18,"MOTOR VEHICLE STRUCK PEDALCYCLIST, FRONT END AT ANGLE",,2925,0,2,Injury Collision,,45,Bicycle,Matched,N,1,Clear or Partly Cloudy,0,"(47.60043376600004, -122.33077753399999)",12005,0,N,2013 126658
30343,144982,144982,Block,Cycles,116, ,,0,,09/18/2012 12:00:00 AM +0000,9/18/2012 5:30:00 PM,1,,Mid-Block (not related to intersection),Daylight,RAINIER AVE S BETWEEN S CHARLES S ST AND S NORMAN ST,0,1,,5,3567685,Dry,23,"MOTOR VEHICLE STRUCK PEDALCYCLIST, LEFT SIDE SIDESWIPE",,12347,0,2,Injury Collision,,45,Bicycle,Matched,N,1,Clear or Partly Cloudy,0,"(47.59379007500007, -122.30993511599996)",19911,0,N,12 219995
30353,144985,144985,Intersection,Cycles,0, ,,0,,09/11/2012 12:00:00 AM +0000,9/11/2012 2:35:00 PM,1,35704,At Intersection (intersection related),Daylight,AURORA AVE N AND N 145TH ST,0,1,Y,1,E192354,Dry,18,"MOTOR VEHICLE STRUCK PEDALCYCLIST, FRONT END AT ANGLE",,15267,0,2,Injury Collision,,45,Bicycle,Matched,Y,1,Clear or Partly Cloudy,0,"(47.734128428000076, -122.34509710399999)",0,521697,N,
30385,146068,146088,Block,Cycles,127.5, ,,0,,05/13/2013 12:00:00 AM +0000,5/13/2013 12:15:00 PM,1,,Mid-Block (not related to intersection),Daylight,6TH AVE BETWEEN OLIVE WAY AND STEWART ST,0,1,,2,3208670,Wet,56,PEDALCYCLIST STRUCK MOTOR VEHICLE LEFT SIDE SIDESWIPE,,7886,0,2,Injury Collision,,45,Bicycle,Matched,N,1,Raining,0,"(47.61337526800003, -122.33664679399999)",25428,0,N,13-160963
30386,146258,146278,Block,Cycles,237, ,,0,,05/15/2013 12:00:00 AM +0000,5/15/2013 5:53:00 PM,0,,Mid-Block (not related to intersection),Daylight,N 34TH ST BETWEEN STONE WAY N AND N NORTHLAKE PL,0,1,,2,3503049,Wet,56,PEDALCYCLIST STRUCK MOTOR VEHICLE LEFT SIDE SIDESWIPE,,15290,0,1,Property Damage Only Collision,,45,Bicycle,Matched,N,1,Raining,0,"(47.64839598200007, -122.34184053199999)",8864,0,N,2013-163656
30410,146250,146270,Intersection,Cycles,0, ,,0,Y,05/15/2013 12:00:00 AM +0000,5/15/2013,0,34011,At Intersection (intersection related),Unknown,SYLVAN WAY SW AND SW MORGAN W ST,0,1,,2,3465279,Dry,18,"MOTOR VEHICLE STRUCK PEDALCYCLIST, FRONT END AT ANGLE",,4869,0,1,Property Damage Only Collision,,45,Bicycle,Matched,N,1,Clear or Partly Cloudy,0,"(47.54465308200008, -122.37253412799998)",0,613429,N,13 163056
30428,147263,147283,Block,Cycles,331.5, ,,0,,05/29/2013 12:00:00 AM +0000,5/29/2013 3:44:00 PM,0,,Mid-Block (not related to intersection),Daylight,19TH AVE NE BETWEEN NE 80TH ST AND NE 82ND ST,0,1,,2,3641860,Wet,51,PEDALCYCLIST STRUCK MOTOR VEHICLE FRONT END AT ANGLE,,2684,0,1,Property Damage Only Collision,,45,Bicycle,Matched,N,1,Clear or Partly Cloudy,0,"(47.68758264500008, -122.30786836599998)",0,0,N,13-182263
30435,147261,147281,Block,Cycles,345.5, ,,0,,05/29/2013 12:00:00 AM +0000,5/29/2013 6:30:00 AM,1,,Driveway Junction,Daylight,4TH AVE S BETWEEN I90 WB 4TH AV OFF RP AND S ROYAL BROUGHAM WAY,0,1,Y,2,3643935,Wet,51,PEDALCYCLIST STRUCK MOTOR VEHICLE FRONT END AT ANGLE,,6233,0,2,Injury Collision,,45,Bicycle,Matched,N,1,Raining,0,"(47.59334252900004, -122.32904865899997)",0,0,N,2013-181624
30478,144666,144666,Block,Cycles,266, ,,0,,04/15/2013 12:00:00 AM +0000,4/15/2013 8:35:00 AM,1,,Mid-Block (not related to intersection),Daylight,ROOSEVELT WAY NE BETWEEN NE 43RD N ST AND NE 45TH ST,0,1,,2,3608784,Dry,54,PEDALCYCLIST STRUCK MOTOR VEHICLE REAR END,,12598,0,2,Injury Collision,,45,Bicycle,Matched,N,1,Clear or Partly Cloudy,0,"(47.660577379000074, -122.31772271499995)",9002,0,N,13-126024
30545,146081,146101,Intersection,Cycles,0, ,,0,Y,05/13/2013 12:00:00 AM +0000,5/13/2013,1,29062,At Intersection (intersection related),Unknown,14TH AVE AND E DENNY WAY,0,1,,2,3593914,Dry,51,PEDALCYCLIST STRUCK MOTOR VEHICLE FRONT END AT ANGLE,,1856,0,2,Injury Collision,,45,Bicycle,Matched,N,1,Overcast,0,"(47.618787514000076, -122.31429862199997)",0,0,N,13 160776