OBJECTID,INCKEY,COLDETKEY,ADDRTYPE,COLLISIONTYPE,DISTANCE,EXCEPTRSNCODE,EXCEPTRSNDESC,FATALITIES,INATTENTIONIND,INCDATE,INCDTTM,INJURIES,INTKEY,JUNCTIONTYPE,LIGHTCOND,LOCATION,PEDCOUNT,PEDCYLCOUNT,PEDROWNOTGRNT,PERSONCOUNT,REPORTNO,ROADCOND,SDOT_COLCODE,SDOT_COLDESC,SDOTCOLNUM,SEGKEY,SERIOUSINJURIES,SEVERITYCODE,SEVERITYDESC,SPEEDING,ST_COLCODE,ST_COLDESC,STATUS,UNDERINFL,VEHCOUNT,WEATHER,WIDTH,Shape,SEGLANEKEY,CROSSWALKKEY,HITPARKEDCAR,SPDCASENO
30546,146495,146515,Intersection,Cycles,0, ,,0,,05/20/2013 12:00:00 AM +0000,5/20/2013 7:20:00 AM,1,24205,At Intersection (intersection related),Daylight,8TH AVE NW AND NW 67TH ST,0,1,Y,2,3609109,Dry,18,"MOTOR VEHICLE STRUCK PEDALCYCLIST, FRONT END AT ANGLE",,8396,0,2,Injury Collision,,45,Bicycle,Matched,N,1,Clear or Partly Cloudy,0,"(47.67777043500007, -122.36602025599996)",2504,0,N,13-169319
30556,146265,146285,Intersection,Cycles,0, ,,0,Y,05/16/2013 12:00:00 AM +0000,5/16/2013 4:20:00 PM,1,30543,At Intersection (intersection related),Daylight,MAYNARD AVE S AND S DEARBORN ST,0,1,Y,2,3581529,Dry,51,PEDALCYCLIST STRUCK MOTOR VEHICLE FRONT END AT ANGLE,,11704,0,2,Injury Collision,,45,Bicycle,Matched,N,1,Clear or Partly Cloudy,0,"(47.59583534300003, -122.32506845099999)",5807,0,N,13-164788
30586,147272,147292,Block,Cycles,115, ,,0,,05/29/2013 12:00:00 AM +0000,5/29/2013 9:27:00 AM,1,,Mid-Block (not related to intersection),Daylight,12TH AVE BETWEEN E JAMES CT AND E CHERRY ST,0,1,Y,2,3606233,Wet,51,PEDALCYCLIST STRUCK MOTOR VEHICLE FRONT END AT ANGLE,,1531,0,2,Injury Collision,,45,Bicycle,Matched,N,1,Overcast,0,"(47.607741531000045, -122.31677998999999)",10655,0,N,13-181816
30592,146882,146902,Intersection,Cycles,0, ,,0,Y,05/27/2013 12:00:00 AM +0000,5/27/2013 12:25:00 PM,1,29809,At Intersection (intersection related),Daylight,12TH AVE AND E JEFFERSON ST,0,1,,2,3593760,Wet,18,"MOTOR VEHICLE STRUCK PEDALCYCLIST, FRONT END AT ANGLE",,1529,0,2,Injury Collision,,45,Bicycle,Matched,N,1,Raining,0,"(47.60620304500003, -122.31678046599995)",10458,0,N,2013-179177
30637,144526,144526,Block,Cycles,181, ,,0,,02/05/2013 12:00:00 AM +0000,2/5/2013 5:05:00 PM,1,,Mid-Block (not related to intersection),Dark - Street Lights On,12TH AVE BETWEEN E YESLER WAY AND E FIR ST,0,1,,3,3476661,Wet,55,PEDALCYCLIST STRUCK MOTOR VEHICLE RIGHT SIDE SIDESWIPE,13036008,1523,0,2,Injury Collision,,45,Bicycle,Matched,N,1,Raining,0,"(47.602188270000056, -122.316781849)",10556,0,N,2013-41284
30689,146268,146288,Intersection,Cycles,0, ,,0,Y,05/16/2013 12:00:00 AM +0000,5/16/2013 1:05:00 PM,1,30851,At Intersection (intersection related),Daylight,LAKE PARK DR S AND LAKE WASHINGTON BLVD S,0,1,,2,3548391,Dry,18,"MOTOR VEHICLE STRUCK PEDALCYCLIST, FRONT END AT ANGLE",,11193,1,2b,Serious Injury Collision,,45,Bicycle,Matched,N,1,Clear or Partly Cloudy,0,"(47.58295465400005, -122.28765893499997)",38003,0,N,13 164549
30716,146895,146915,Intersection,Cycles,0, ,,0,,05/16/2013 12:00:00 AM +0000,5/16/2013 5:29:00 PM,1,36192,At Intersection (intersection related),Daylight,35TH AVE NE AND NE 125TH ST,0,1,,2,3502786,Dry,18,"MOTOR VEHICLE STRUCK PEDALCYCLIST, FRONT END AT ANGLE",,5396,0,2,Injury Collision,,45,Bicycle,Matched,N,1,Clear or Partly Cloudy,0,"(47.71925343700008, -122.29078406199994)",0,521432,N,13-164848
30740,144683,144683,Intersection,Cycles,0, ,,0,,04/16/2013 12:00:00 AM +0000,4/16/2013 5:03:00 PM,1,31886,At Intersection (intersection related),Daylight,35TH AVE SW AND SW DAKOTA ST,0,1,Y,2,3465426,Dry,18,"MOTOR VEHICLE STRUCK PEDALCYCLIST, FRONT END AT ANGLE",,5448,0,2,Injury Collision,,45,Bicycle,Matched,N,1,Clear or Partly Cloudy,0,"(47.56648697500003, -122.376186658)",0,0,N,13-127777
30744,147277,147297,Block,Cycles,242, ,,0,,05/29/2013 12:00:00 AM +0000,5/29/2013 6:21:00 PM,1,,Mid-Block (not related to intersection),Daylight,12TH AVE BETWEEN E SPRING ST AND E MADISON ST,0,1,Y,2,3551860,Dry,51,PEDALCYCLIST STRUCK MOTOR VEHICLE FRONT END AT ANGLE,,1535,0,2,Injury Collision,,45,Bicycle,Matched,N,1,Clear or Partly Cloudy,0,"(47.61222458800006, -122.31675618699995)",10751,0,N,13-182476
30759,144678,144678,Intersection,Cycles,0, ,,0,,04/14/2013 12:00:00 AM +0000,4/14/2013 4:24:00 PM,1,29238,At Intersection (intersection related),Daylight,LAKE WASHINGTON BLVD E AND E MADISON ST,0,1,Y,2,3593288,Dry,18,"MOTOR VEHICLE STRUCK PEDALCYCLIST, FRONT END AT ANGLE",,4786,0,2,Injury Collision,,45,Bicycle,Matched,N,1,Clear or Partly Cloudy,0,"(47.626017801000046, -122.29244003299999)",8965,0,N,13-125324
30764,146714,146734,Block,Cycles,216.5, ,,0,Y,05/20/2013 12:00:00 AM +0000,5/20/2013 5:43:00 PM,0,,Mid-Block (not related to intersection),Daylight,1ST AVE BETWEEN BROAD ST AND EAGLE ST,1,1,,3,3581636,Dry,64,PEDALCYCLIST STRUCK PEDESTRIAN,,1021,0,1,Property Damage Only Collision,,45,Bicycle,Matched,N,1,Clear or Partly Cloudy,0,"(47.61730797700005, -122.35316711799999)",13275,0,N,13-170038
30772,145009,145009,Intersection,Cycles,0, ,,0,,04/24/2013 12:00:00 AM +0000,4/24/2013 1:05:00 PM,1,33778,At Intersection (intersection related),Daylight,CALIFORNIA AVE SW AND SW FRONTENAC ST,0,1,,2,3505273,Dry,51,PEDALCYCLIST STRUCK MOTOR VEHICLE FRONT END AT ANGLE,,9570,0,2,Injury Collision,,45,Bicycle,Matched,N,1,Clear or Partly Cloudy,0,"(47.540730960000076, -122.38726040999995)",2801,0,N,13-137160
30814,146108,146128,Intersection,Cycles,0, ,,0,,05/08/2013 12:00:00 AM +0000,5/8/2013 9:25:00 PM,0,35158,At Intersection (intersection related),Unknown,5TH AVE S AND S CLOVERDALE ST,0,1,,2,2804377,Dry,18,"MOTOR VEHICLE STRUCK PEDALCYCLIST, FRONT END AT ANGLE",,7384,0,1,Property Damage Only Collision,,45,Bicycle,Matched,N,1,Clear or Partly Cloudy,0,"(47.52648114400006, -122.32819875799998)",33763,0,N,13-155176
30863,147098,147118,Intersection,Cycles,0, ,,0,,10/16/2012 12:00:00 AM +0000,10/16/2012 6:43:00 PM,1,34946,At Intersection (intersection related),Dark - Street Lights On,34TH AVE SW AND SW BARTON ST,0,1,,7,3505262,Dry,51,PEDALCYCLIST STRUCK MOTOR VEHICLE FRONT END AT ANGLE,,5304,0,2,Injury Collision,,45,Bicycle,Matched,N,1,Clear or Partly Cloudy,0,"(47.52106402900006, -122.37540298999994)",0,0,N,2012-355052
30912,145188,145188,Intersection,Cycles,0, ,,0,,04/25/2013 12:00:00 AM +0000,4/25/2013 6:45:00 PM,1,29932,At Intersection (intersection related),Daylight,4TH AVE AND SENECA ST,0,1,Y,2,3606028,Unknown,18,"MOTOR VEHICLE STRUCK PEDALCYCLIST, FRONT END AT ANGLE",,6128,0,2,Injury Collision,,45,Bicycle,Matched,N,1,Unknown,0,"(47.607514998000056, -122.33421346899996)",12714,0,N,13-141155
30942,145018,145018,Intersection,Cycles,0, ,,0,,04/24/2013 12:00:00 AM +0000,4/24/2013 6:54:00 PM,1,30480,At Intersection (intersection related),Daylight,3RD AVE AND JAMES ST,0,1,,3,2618858,Dry,18,"MOTOR VEHICLE STRUCK PEDALCYCLIST, FRONT END AT ANGLE",,4375,0,2,Injury Collision,,45,Bicycle,Matched,N,2,Clear or Partly Cloudy,0,"(47.60276917600004, -122.33140852799994)",24808,0,N,13 137541
30956,146115,146135,Block,Cycles,334, ,,0,,05/14/2013 12:00:00 AM +0000,5/14/2013 8:59:00 AM,1,,Mid-Block (not related to intersection),Daylight,DELRIDGE WAY SW BETWEEN SW GENESEE ST AND SW OREGON ST,0,1,Y,2,3465501,Dry,18,"MOTOR VEHICLE STRUCK PEDALCYCLIST, FRONT END AT ANGLE",,9962,0,2,Injury Collision,,45,Bicycle,Matched,N,1,Clear or Partly Cloudy,0,"(47.56381410100005, -122.36333747999998)",22916,0,N,13-161933
30963,146111,146131,Intersection,Cycles,0, ,,0,Y,05/14/2013 12:00:00 AM +0000,5/14/2013 4:38:00 PM,1,27013,At Intersection (intersection related),Daylight,PHINNEY AVE N AND N 39TH ST,0,1,Y,2,3641854,Dry,18,"MOTOR VEHICLE STRUCK PEDALCYCLIST, FRONT END AT ANGLE",,12133,0,2,Injury Collision,,45,Bicycle,Matched,N,1,Clear or Partly Cloudy,0,"(47.654151968000065, -122.35446577199997)",27012,0,N,13-162381
30971,146306,146326,Intersection,Cycles,0, ,,0,,04/25/2013 12:00:00 AM +0000,4/25/2013 3:45:00 PM,1,287164,At Intersection (intersection related),Daylight,30TH AVE NE AND BURKE GILMAN TRL,0,1,,2,3501658,Dry,18,"MOTOR VEHICLE STRUCK PEDALCYCLIST, FRONT END AT ANGLE",,287208,0,2,Injury Collision,,45,Bicycle,Matched,N,1,Clear or Partly Cloudy,0,"(47.66444733600008, -122.29561786299996)",0,525568,N,13-138638
30982,146302,146322,Block,Cycles,213, ,,0,Y,05/15/2013 12:00:00 AM +0000,5/15/2013 7:15:00 AM,2,,Driveway Junction,Daylight,2ND AVE BETWEEN UNION ST AND PIKE ST,0,2,,3,3550108,Dry,18,"MOTOR VEHICLE STRUCK PEDALCYCLIST, FRONT END AT ANGLE",,2757,0,2,Injury Collision,,45,Bicycle,Matched,N,1,Clear or Partly Cloudy,0,"(47.60878749200003, -122.33844845799996)",12168,0,N,2013-162992
30988,146299,146319,Block,Cycles,242, ,,0,,05/16/2013 12:00:00 AM +0000,5/16/2013 8:50:00 AM,1,,Mid-Block (not related to intersection),Daylight,12TH AVE BETWEEN E SPRING ST AND E MADISON ST,0,1,,2,3593682,Dry,56,PEDALCYCLIST STRUCK MOTOR VEHICLE LEFT SIDE SIDESWIPE,,1535,0,2,Injury Collision,,45,Bicycle,Matched,N,1,Overcast,0,"(47.61222458800006, -122.31675618699995)",10747,0,N,13-164288
31002,147106,147126,Block,Cycles,332.5, ,,0,,10/09/2012 12:00:00 AM +0000,10/9/2012 2:25:00 PM,1,,Mid-Block (not related to intersection),Daylight,UNIVERSITY WAY NE BETWEEN NE 45TH ST AND NE 47TH ST,0,1,,2,3504746,Dry,22,"MOTOR VEHICLE STRUCK PEDALCYCLIST, RIGHT SIDE SIDESWIPE",,13222,0,2,Injury Collision,,45,Bicycle,Matched,N,1,Clear or Partly Cloudy,0,"(47.662179209000044, -122.31311572699997)",5645,0,N,2012-345868
31010,146541,146561,Block,Cycles,213, ,,0,Y,05/20/2013 12:00:00 AM +0000,5/20/2013 6:00:00 PM,1,,Mid-Block (not related to intersection),Daylight,13TH AVE BETWEEN E COLUMBIA ST AND E MARION ST,0,1,,2,3606201,Dry,56,PEDALCYCLIST STRUCK MOTOR VEHICLE LEFT SIDE SIDESWIPE,,1734,0,2,Injury Collision,,45,Bicycle,Matched,N,1,Clear or Partly Cloudy,0,"(47.60980405300006, -122.31544538499998)",0,0,N,13-170080
31011,147317,147337,Block,Cycles,1967, ,,1,,05/30/2013 12:00:00 AM +0000,5/30/2013 6:48:00 AM,0,,Mid-Block (not related to intersection),Daylight,AIRPORT WAY S BETWEEN CITY LIMITS C AND S NORFOLK ST,0,1,,2,3502170,Dry,21,"MOTOR VEHICLE STRUCK PEDALCYCLIST, REAR END",,8702,0,3,Fatality Collision,,45,Bicycle,Matched,N,1,Overcast,0,"(47.51412594400006, -122.28840763199997)",19366,0,N,2013-183176
31115,146121,146141,Intersection,Cycles,0, ,,0,,05/14/2013 12:00:00 AM +0000,5/14/2013 5:23:00 PM,1,26675,At Intersection (intersection related),Daylight,3RD AVE NW AND NW 39TH ST,0,1,Y,2,3503048,Dry,18,"MOTOR VEHICLE STRUCK PEDALCYCLIST, FRONT END AT ANGLE",,4434,0,2,Injury Collision,,45,Bicycle,Matched,N,1,Clear or Partly Cloudy,0,"(47.65414464000003, -122.36083823399997)",0,0,N,2013-162423
31196,147326,147346,Intersection,Cycles,0, ,,0,,06/01/2013 12:00:00 AM +0000,6/1/2013 7:21:00 AM,1,29579,At Intersection (intersection related),Daylight,4TH AVE AND PINE ST,0,1,,2,3503942,Dry,18,"MOTOR VEHICLE STRUCK PEDALCYCLIST, FRONT END AT ANGLE",,6133,0,2,Injury Collision,,45,Bicycle,Matched,N,1,Clear or Partly Cloudy,0,"(47.61120737300007, -122.33759198199999)",23687,0,N,13-186417
31200,147324,147344,Intersection,Cycles,0, ,,0,,05/30/2013 12:00:00 AM +0000,5/30/2013 3:00:00 PM,1,27070,At Intersection (intersection related),Daylight,7TH AVE NE AND NE 45TH ST,0,1,Y,2,3503274,Dry,18,"MOTOR VEHICLE STRUCK PEDALCYCLIST, FRONT END AT ANGLE",,8174,0,2,Injury Collision,,45,Bicycle,Matched,N,1,Clear or Partly Cloudy,0,"(47.661319003000074, -122.32072786099997)",0,522069,N,2013 183858
31369,150675,150695,Intersection,Cycles,0, ,,0,,07/17/2013 12:00:00 AM +0000,7/17/2013 5:44:00 PM,1,29565,At Intersection (intersection related),Daylight,4TH AVE AND STEWART ST,0,1,,2,3574972,Dry,18,"MOTOR VEHICLE STRUCK PEDALCYCLIST, FRONT END AT ANGLE",,6136,0,2,Injury Collision,,45,Bicycle,Matched,N,1,Clear or Partly Cloudy,0,"(47.612293874000045, -122.33873242799996)",12778,0,N,13-254038
31375,147712,147732,Intersection,Cycles,0, ,,0,Y,06/05/2013 12:00:00 AM +0000,6/5/2013 7:35:00 AM,1,34187,At Intersection (intersection related),Daylight,CORSON AVE S AND EAST MARGINAL WAY S,0,1,,2,3579418,Dry,51,PEDALCYCLIST STRUCK MOTOR VEHICLE FRONT END AT ANGLE,,14413,0,2,Injury Collision,,45,Bicycle,Matched,N,1,Clear or Partly Cloudy,0,"(47.54051322000004, -122.32368438399999)",1200,0,N,13-19345
31382,148110,148130,Intersection,Cycles,0, ,,0,Y,06/13/2013 12:00:00 AM +0000,6/13/2013 8:35:00 PM,1,29015,At Intersection (intersection related),Daylight,12TH AVE E AND E REPUBLICAN ST,0,1,,3,3606339,Dry,18,"MOTOR VEHICLE STRUCK PEDALCYCLIST, FRONT END AT ANGLE",,1554,0,2,Injury Collision,,45,Bicycle,Matched,N,1,Clear or Partly Cloudy,0,"(47.62311417900003, -122.31675474899998)",10938,0,N,2013-205248
31443,148668,148688,Intersection,Cycles,0, ,,0,,06/24/2013 12:00:00 AM +0000,6/24/2013 2:18:00 PM,1,25940,At Intersection (intersection related),Daylight,25TH AVE NE AND NE 54TH ST,0,1,,3,3641867,Dry,18,"MOTOR VEHICLE STRUCK PEDALCYCLIST, FRONT END AT ANGLE",,3724,0,2,Injury Collision,,45,Bicycle,Matched,N,1,Clear or Partly Cloudy,0,"(47.66797835300008, -122.30061611399998)",0,0,N,13-220144
31447,149870,149890,Intersection,Cycles,0, ,,0,,07/07/2013 12:00:00 AM +0000,7/7/2013 1:46:00 AM,1,29533,At Intersection (intersection related),Dark - Street Lights On,4TH AVE AND BELL ST,0,1,,2,3574966,Dry,18,"MOTOR VEHICLE STRUCK PEDALCYCLIST, FRONT END AT ANGLE",,6140,0,2,Injury Collision,,45,Bicycle,Matched,N,1,Clear or Partly Cloudy,0,"(47.61536891700007, -122.34393441299994)",0,522506,N,2013-239312
31448,149869,149889,Intersection,Cycles,0, ,,0,Y,07/08/2013 12:00:00 AM +0000,7/8/2013 1:45:00 PM,1,35449,At Intersection (intersection related),Daylight,RAINIER AVE S AND S FISHER PL,0,1,,2,3579931,Dry,18,"MOTOR VEHICLE STRUCK PEDALCYCLIST, FRONT END AT ANGLE",,12423,0,2,Injury Collision,,45,Bicycle,Matched,N,1,Clear or Partly Cloudy,0,"(47.521410787000036, -122.269997478)",0,0,N,13-241091
31507,147715,147735,Intersection,Cycles,0, ,,0,,06/04/2013 12:00:00 AM +0000,6/4/2013 2:30:00 PM,1,33334,At Intersection (intersection related),Daylight,BEACON WR AVE S AND S DAWSON ST,0,1,,4,3579416,Dry,18,"MOTOR VEHICLE STRUCK PEDALCYCLIST, FRONT END AT ANGLE",,9133,0,2,Injury Collision,,45,Bicycle,Matched,N,1,Clear or Partly Cloudy,0,"(47.555915723000055, -122.30353585299997)",0,630862,N,2013-191724
31550,148675,148695,Intersection,Cycles,0, ,,0,,06/21/2013 12:00:00 AM +0000,6/21/2013 5:55:00 PM,1,29703,At Intersection (intersection related),Daylight,1ST AVE AND BLANCHARD ST,0,1,,2,3574701,Dry,18,"MOTOR VEHICLE STRUCK PEDALCYCLIST, FRONT END AT ANGLE",,1014,0,2,Injury Collision,,45,Bicycle,Matched,N,1,Clear or Partly Cloudy,0,"(47.61260645700003, -122.34521327099998)",13231,0,N,13-216236
31619,149445,149465,Intersection,Cycles,0, ,,0,,07/03/2013 12:00:00 AM +0000,7/3/2013 6:47:00 AM,1,25432,At Intersection (intersection related),Daylight,8TH AVE NW AND NW 54TH ST,0,1,Y,2,3503395,Dry,51,PEDALCYCLIST STRUCK MOTOR VEHICLE FRONT END AT ANGLE,,8383,0,2,Injury Collision,,45,Bicycle,Matched,N,1,Clear or Partly Cloudy,0,"(47.66791249800008, -122.36617990299999)",2394,0,N,13-232900
31658,147726,147746,Intersection,Cycles,0, ,,0,,06/05/2013 12:00:00 AM +0000,6/5/2013 9:03:00 AM,1,29734,At Intersection (intersection related),Daylight,BOYLSTON AVE AND E PINE ST,0,1,Y,2,3476748,Dry,18,"MOTOR VEHICLE STRUCK PEDALCYCLIST, FRONT END AT ANGLE",,9375,0,2,Injury Collision,,45,Bicycle,Matched,N,1,Clear or Partly Cloudy,0,"(47.61523114200003, -122.32341547099998)",10374,0,N,2013-192451
31662,147724,147744,Intersection,Cycles,0, ,,0,,06/05/2013 12:00:00 AM +0000,6/5/2013 8:36:00 AM,1,32505,At Intersection (intersection related),Daylight,M L KING JR WR WAY S AND S ALASKA ST,0,1,Y,15,3502199,Dry,00,NOT ENOUGH INFORMATION / NOT APPLICABLE,,11539,0,2,Injury Collision,,45,Bicycle,Matched,N,1,Clear or Partly Cloudy,0,"(47.560821436000026, -122.29351188599998)",0,524847,N,13-192417
31667,150463,150483,Intersection,Cycles,0, ,,0,,07/16/2013 12:00:00 AM +0000,7/16/2013 7:23:00 PM,1,29084,At Intersection (intersection related),Daylight,EASTLAKE AVE E AND E NELSON PL,0,1,,3,3581791,Dry,18,"MOTOR VEHICLE STRUCK PEDALCYCLIST, FRONT END AT ANGLE",,10170,0,2,Injury Collision,,45,Bicycle,Matched,N,1,Clear or Partly Cloudy,0,"(47.63059666800007, -122.32764549999996)",11619,0,N,13-252791
31680,147723,147743,Intersection,Cycles,0, ,,0,Y,06/03/2013 12:00:00 AM +0000,6/3/2013 9:30:00 AM,1,26896,At Intersection (intersection related),Daylight,STONE WAY N AND N 34TH ST,0,1,,2,3503275,Dry,51,PEDALCYCLIST STRUCK MOTOR VEHICLE FRONT END AT ANGLE,,12955,0,2,Injury Collision,,45,Bicycle,Matched,N,1,Clear or Partly Cloudy,0,"(47.64854072800006, -122.34277540199997)",8843,0,N,2013-191485
31706,148460,148480,Intersection,Cycles,0, ,,0,Y,06/20/2013 12:00:00 AM +0000,6/20/2013 6:36:00 PM,1,36527,At Intersection (intersection related),Unknown,ROOSEVELT WAY NE AND NE 105TH ST,0,1,Y,2,3646252,Wet,51,PEDALCYCLIST STRUCK MOTOR VEHICLE FRONT END AT ANGLE,,12651,1,2b,Serious Injury Collision,,45,Bicycle,Matched,N,1,Raining,0,"(47.70492007900003, -122.31779966899995)",7573,0,N,2013-214967
31707,148459,148479,Intersection,Cycles,0, ,,0,,06/20/2013 12:00:00 AM +0000,6/20/2013 4:30:00 PM,1,37407,At Intersection (intersection related),Daylight,FREMONT AVE N AND N 100TH ST,0,1,,5,3646276,Wet,51,PEDALCYCLIST STRUCK MOTOR VEHICLE FRONT END AT ANGLE,,10543,0,2,Injury Collision,,45,Bicycle,Matched,N,1,Raining,0,"(47.70144567700004, -122.35003997299998)",0,0,N,13-214839
31730,149887,149907,Intersection,Cycles,0, ,,0,,07/06/2013 12:00:00 AM +0000,7/6/2013 10:13:00 PM,1,28057,At Intersection (intersection related),Dark - Street Lights On,NICKERSON ST AND WESTLAKE AVE N,0,1,Y,2,3574965,Dry,18,"MOTOR VEHICLE STRUCK PEDALCYCLIST, FRONT END AT ANGLE",,6170,0,2,Injury Collision,,45,Bicycle,Matched,N,1,Clear or Partly Cloudy,0,"(47.64614702700004, -122.34974100999995)",13884,0,N,13-238 914
31731,149454,149474,Block,Cycles,692.5, ,,0,Y,07/03/2013 12:00:00 AM +0000,7/3/2013 12:58:00 PM,1,,Mid-Block (not related to intersection),Daylight,HARBOR AVE SW BETWEEN SW MARYLAND PL AND CALIFORNIA WAY SW,0,1,Y,2,3465308,Dry,18,"MOTOR VEHICLE STRUCK PEDALCYCLIST, FRONT END AT ANGLE",,10814,0,2,Injury Collision,,45,Bicycle,Matched,N,1,Clear or Partly Cloudy,0,"(47.59131555300007, -122.38237552699997)",4106,0,N,13-233332
31749,149687,149707,Intersection,Cycles,0, ,,0,,07/06/2013 12:00:00 AM +0000,7/6/2013 12:38:00 PM,1,25978,At Intersection (intersection related),Daylight,15TH AVE NE AND NE 62ND ST,0,1,,2,3645929,Dry,51,PEDALCYCLIST STRUCK MOTOR VEHICLE FRONT END AT ANGLE,,2046,0,2,Injury Collision,,45,Bicycle,Matched,N,1,Clear or Partly Cloudy,0,"(47.673978427000065, -122.31191775499997)",29057,0,N,13 238225
31766,150472,150492,Block,Cycles,116, ,,0,,07/16/2013 12:00:00 AM +0000,7/16/2013 2:16:00 PM,1,,Driveway Junction,Daylight,12TH AVE BETWEEN E REMINGTON CT AND E JEFFERSON ST,0,1,Y,2,3672387,Dry,18,"MOTOR VEHICLE STRUCK PEDALCYCLIST, FRONT END AT ANGLE",,1528,0,2,Injury Collision,,45,Bicycle,Matched,N,1,Clear or Partly Cloudy,0,"(47.60588380000007, -122.31678057699997)",0,0,N,2013-258414
31800,147939,147959,Intersection,Cycles,0, ,,0,,06/10/2013 12:00:00 AM +0000,6/10/2013 8:36:00 AM,1,29536,At Intersection (intersection related),Daylight,7TH AVE AND LENORA ST,0,1,,2,3506055,Dry,51,PEDALCYCLIST STRUCK MOTOR VEHICLE FRONT END AT ANGLE,,8164,0,2,Injury Collision,,45,Bicycle,Matched,N,1,Clear or Partly Cloudy,0,"(47.61582545500005, -122.33875323399997)",13747,0,N,13-199889
31866,149246,149266,Intersection,Cycles,0, ,,0,Y,07/02/2013 12:00:00 AM +0000,7/2/2013 8:19:00 AM,1,589794,At Intersection (intersection related),Daylight,MERCER NR ST AND WESTLAKE AVE N,0,1,Y,2,3560971,Dry,18,"MOTOR VEHICLE STRUCK PEDALCYCLIST, FRONT END AT ANGLE",,13537,0,2,Injury Collision,,45,Bicycle,Matched,N,1,Clear or Partly Cloudy,0,"(47.62469578100007, -122.33843433499999)",0,523122,N,13-231515
31895,149696,149716,Block,Cycles,159, ,,0,Y,07/07/2013 12:00:00 AM +0000,7/7/2013,1,,Mid-Block (not related to intersection),Dark - Street Lights On,GREENWOOD AVE N BETWEEN N 68TH ST AND N 70TH ST,0,1,,2,3645931,Dry,54,PEDALCYCLIST STRUCK MOTOR VEHICLE REAR END,,10735,0,2,Injury Collision,,45,Bicycle,Matched,N,1,Clear or Partly Cloudy,0,"(47.67916901500007, -122.35531973299999)",4313,0,N,13-239156
31900,149906,149926,Block,Cycles,320.5, ,,0,,07/10/2013 12:00:00 AM +0000,7/10/2013 9:35:00 AM,1,,Mid-Block (not related to intersection),Daylight,EASTLAKE AVE E BETWEEN LAKEVIEW BLVD E AND ALOHA ST,0,1,,2,3574967,Dry,54,PEDALCYCLIST STRUCK MOTOR VEHICLE REAR END,,10168,0,2,Injury Collision,,45,Bicycle,Matched,N,1,Clear or Partly Cloudy,0,"(47.62599733500008, -122.32919341399997)",11578,0,N,13-243666
31918,150493,150513,Block,Cycles,68.5, ,,0,,07/15/2013 12:00:00 AM +0000,7/15/2013 7:45:00 AM,1,,Mid-Block (not related to intersection),Daylight,15TH AVE W BETWEEN ELLIOTT AVE W AND MAGNOLIA BR OFF RP,0,1,,2,3581790,Dry,21,"MOTOR VEHICLE STRUCK PEDALCYCLIST, REAR END",,2183,0,2,Injury Collision,,45,Bicycle,Matched,N,1,Clear or Partly Cloudy,0,"(47.63286085400006, -122.37607529299999)",19310,0,N,13-250492
31967,148141,148161,Block,Cycles,130.5, ,,0,,06/07/2013 12:00:00 AM +0000,6/7/2013 1:39:00 PM,1,,Mid-Block (not related to intersection),Daylight,E PINE ST BETWEEN SUMMIT AVE AND BELMONT AVE,0,1,,2,3606330,Dry,11,"MOTOR VEHICLE STRUCK MOTOR VEHICLE, FRONT END AT ANGLE",,14630,0,2,Injury Collision,Y,45,Bicycle,Matched,N,1,Clear or Partly Cloudy,0,"(47.61522186600007, -122.32500275399997)",10354,0,N,2013-195799
32068,149910,149930,Block,Cycles,198, ,,0,,07/10/2013 12:00:00 AM +0000,7/10/2013 8:17:00 AM,0,,Driveway Junction,Daylight,ROOSEVELT WAY NE BETWEEN NE 42ND N ST AND NE 43RD S ST,0,1,,2,3645954,Dry,51,PEDALCYCLIST STRUCK MOTOR VEHICLE FRONT END AT ANGLE,,12596,0,1,Property Damage Only Collision,,45,Bicycle,Matched,N,1,Clear or Partly Cloudy,0,"(47.65891124900003, -122.31776594999997)",8990,0,N,2013-243608
32228,150533,150553,Block,Cycles,214, ,,0,,07/11/2013 12:00:00 AM +0000,7/11/2013 10:50:00 PM,1,,Driveway Junction,Dark - Street Lights On,1ST AVE BETWEEN STEWART ST AND VIRGINIA ST,0,1,,3,3574709,Dry,00,NOT ENOUGH INFORMATION / NOT APPLICABLE,,1011,0,2,Injury Collision,,45,Bicycle,Matched,N,1,Clear or Partly Cloudy,0,"(47.61068110100007, -122.34195802499994)",0,0,N,13-245924
32257,148523,148543,Intersection,Cycles,0, ,,0,,06/20/2013 12:00:00 AM +0000,6/20/2013 6:33:00 PM,0,30501,At Intersection (intersection related),Daylight,5TH AVE S AND S MAIN ST,0,1,,2,2618873,Wet,18,"MOTOR VEHICLE STRUCK PEDALCYCLIST, FRONT END AT ANGLE",,7358,0,1,Property Damage Only Collision,,45,Bicycle,Matched,N,1,Raining,0,"(47.60003407600004, -122.32766333399996)",35996,0,N,13-214964
32274,148522,148542,Intersection,Cycles,0, ,,0,,06/19/2013 12:00:00 AM +0000,6/19/2013 6:06:00 PM,1,29928,At Intersection (intersection related),Daylight,6TH AVE AND SENECA ST,0,1,,3,3465771,Dry,51,PEDALCYCLIST STRUCK MOTOR VEHICLE FRONT END AT ANGLE,,7879,0,2,Injury Collision,,45,Bicycle,Matched,N,1,Overcast,0,"(47.60844356500007, -122.33199536299998)",36492,0,N,13-213494