OBJECTID,INCKEY,COLDETKEY,ADDRTYPE,COLLISIONTYPE,DISTANCE,EXCEPTRSNCODE,EXCEPTRSNDESC,FATALITIES,INATTENTIONIND,INCDATE,INCDTTM,INJURIES,INTKEY,JUNCTIONTYPE,LIGHTCOND,LOCATION,PEDCOUNT,PEDCYLCOUNT,PEDROWNOTGRNT,PERSONCOUNT,REPORTNO,ROADCOND,SDOT_COLCODE,SDOT_COLDESC,SDOTCOLNUM,SEGKEY,SERIOUSINJURIES,SEVERITYCODE,SEVERITYDESC,SPEEDING,ST_COLCODE,ST_COLDESC,STATUS,UNDERINFL,VEHCOUNT,WEATHER,WIDTH,Shape,SEGLANEKEY,CROSSWALKKEY,HITPARKEDCAR,SPDCASENO
32288,147977,147997,Block,Cycles,363.5, ,,0,Y,06/11/2013 12:00:00 AM +0000,6/11/2013 12:33:00 PM,1,,Driveway Junction,Daylight,ELLIOTT AVE W BETWEEN W HARRISON ST AND 6TH AVE W,0,1,,2,3572987,Dry,18,"MOTOR VEHICLE STRUCK PEDALCYCLIST, FRONT END AT ANGLE",,10216,0,2,Injury Collision,,45,Bicycle,Matched,N,1,Overcast,0,"(47.622913469000025, -122.36362334799998)",19202,0,N,2013-201707
32369,150575,150595,Block,Cycles,213, ,,0,Y,07/11/2013 12:00:00 AM +0000,7/11/2013 8:45:00 AM,0,,Mid-Block (not related to intersection),Daylight,2ND AVE BETWEEN UNIVERSITY ST AND UNION ST,0,1,,3,3550112,Dry,18,"MOTOR VEHICLE STRUCK PEDALCYCLIST, FRONT END AT ANGLE",,2756,0,1,Property Damage Only Collision,,45,Bicycle,Matched,N,1,Clear or Partly Cloudy,0,"(47.60779445000003, -122.33754000999994)",12162,0,N,2013-244995
32405,148336,148356,Block,Cycles,213, ,,0,,06/19/2013 12:00:00 AM +0000,6/19/2013 8:25:00 AM,1,,Mid-Block (not related to intersection),Daylight,5TH AVE BETWEEN UNIVERSITY ST AND UNION ST,0,1,,2,3549119,Dry,55,PEDALCYCLIST STRUCK MOTOR VEHICLE RIGHT SIDE SIDESWIPE,,7233,0,2,Injury Collision,,45,Bicycle,Matched,N,1,Clear or Partly Cloudy,0,"(47.609187847000044, -122.33421014599998)",24889,0,N,
32407,148332,148352,Block,Cycles,213, ,,0,,06/19/2013 12:00:00 AM +0000,6/19/2013 5:53:00 PM,1,,Driveway Junction,Daylight,BOREN AVE BETWEEN PINE ST AND OLIVE WAY,0,1,Y,2,3574927,Dry,18,"MOTOR VEHICLE STRUCK PEDALCYCLIST, FRONT END AT ANGLE",,9320,0,2,Injury Collision,,45,Bicycle,Matched,N,1,Overcast,0,"(47.61495247200003, -122.33027463099995)",0,0,N,2013-213477
32438,149278,149298,Block,Cycles,213, ,,0,,07/02/2013 12:00:00 AM +0000,7/2/2013 7:00:00 PM,1,,Mid-Block (not related to intersection),Daylight,12TH AVE BETWEEN E COLUMBIA ST AND E MARION ST,0,1,,2,3606350,Dry,18,"MOTOR VEHICLE STRUCK PEDALCYCLIST, FRONT END AT ANGLE",,1533,0,2,Injury Collision,,45,Bicycle,Matched,N,1,Clear or Partly Cloudy,0,"(47.609809435000045, -122.31677966199999)",10701,0,N,13-232336
32493,150156,150176,Block,Cycles,161, ,,0,,07/11/2013 12:00:00 AM +0000,7/11/2013 5:05:00 PM,1,,Mid-Block (not related to intersection),Daylight,E JOHN ST BETWEEN 10TH AVE E AND 11TH AVE E,0,1,,2,3606515,Dry,18,"MOTOR VEHICLE STRUCK PEDALCYCLIST, FRONT END AT ANGLE",,14244,0,2,Injury Collision,,45,Bicycle,Matched,N,1,Clear or Partly Cloudy,0,"(47.61992217900007, -122.31888862999995)",35215,0,N,2013-245542
32514,147806,147826,Block,Cycles,333, ,,0,,06/05/2013 12:00:00 AM +0000,6/5/2013 3:19:00 PM,1,,Mid-Block (not related to intersection),Daylight,15TH AVE W BETWEEN GILMAN UPPER DR W AND W ARMOUR ST,0,1,,3,3345973,Dry,23,"MOTOR VEHICLE STRUCK PEDALCYCLIST, LEFT SIDE SIDESWIPE",,2191,0,2,Injury Collision,,45,Bicycle,Matched,N,1,Clear or Partly Cloudy,0,"(47.64385526900003, -122.37617328999994)",16108,0,N,12-192940
32586,149288,149308,Intersection,Cycles,0, ,,0,Y,07/02/2013 12:00:00 AM +0000,7/2/2013 2:05:00 PM,2,28925,At Intersection (intersection related),Daylight,5TH AVE N AND HARRISON ST,0,1,Y,3,3643735,Dry,51,PEDALCYCLIST STRUCK MOTOR VEHICLE FRONT END AT ANGLE,,7262,1,2b,Serious Injury Collision,,45,Bicycle,Matched,N,1,Clear or Partly Cloudy,0,"(47.62207493500006, -122.34759184799998)",23596,0,N,2013-231919
32625,150360,150380,Intersection,Cycles,0, ,,0,,07/13/2013 12:00:00 AM +0000,7/13/2013 9:05:00 PM,1,489799,At Intersection (intersection related),Daylight,9TH AV I5 EXPRESS ON RP AND I5 EXPRESS PIKE ST RP,0,1,,5,3643742,Dry,51,PEDALCYCLIST STRUCK MOTOR VEHICLE FRONT END AT ANGLE,,489839,0,2,Injury Collision,,45,Bicycle,Matched,N,1,Clear or Partly Cloudy,0,"(47.612792951000074, -122.33095438199996)",0,522304,N,2013-248733
32640,150353,150373,Block,Cycles,1842, ,,0,,07/13/2013 12:00:00 AM +0000,7/13/2013 7:21:00 AM,0,,Mid-Block (not related to intersection),Daylight,LAKE WASHINGTON BLVD S BETWEEN LAKE PARK DR S AND S HORTON NR ST,0,1,,2,3617747,Dry,56,PEDALCYCLIST STRUCK MOTOR VEHICLE LEFT SIDE SIDESWIPE,,11230,0,1,Property Damage Only Collision,,45,Bicycle,Matched,N,1,Clear or Partly Cloudy,0,"(47.578874744000075, -122.28370626699996)",38079,0,N,2013-247907
32666,148015,148035,Block,Cycles,124.5, ,,0,Y,06/07/2013 12:00:00 AM +0000,6/7/2013 11:00:00 PM,0,,Driveway Junction,Dark - Street Lights On,NE 45TH ST BETWEEN 1ST AVE NE AND 2ND AVE NE,0,1,,3,3501752,Dry,51,PEDALCYCLIST STRUCK MOTOR VEHICLE FRONT END AT ANGLE,,16838,0,1,Property Damage Only Collision,,45,Bicycle,Matched,N,1,Clear or Partly Cloudy,0,"(47.661357277000036, -122.32775751099996)",6532,0,N,13-196667
32694,148572,148592,Intersection,Cycles,0, ,,0,,06/22/2013 12:00:00 AM +0000,6/22/2013 5:12:00 PM,0,25679,At Intersection (intersection related),Daylight,FREMONT AVE N AND N 47TH ST,0,1,,2,3646258,Dry,51,PEDALCYCLIST STRUCK MOTOR VEHICLE FRONT END AT ANGLE,,10500,0,1,Property Damage Only Collision,,45,Bicycle,Matched,N,1,Clear or Partly Cloudy,0,"(47.66287542100008, -122.35002843499996)",8476,0,N,13-217721
32700,148548,148568,Intersection,Cycles,0, ,,0,,08/03/2011 12:00:00 AM +0000,8/3/2011 4:07:00 PM,1,32711,At Intersection (intersection related),Daylight,39TH AVE S AND S GENESEE ST,0,1,,3,3374047,Dry,51,PEDALCYCLIST STRUCK MOTOR VEHICLE FRONT END AT ANGLE,,6016,1,2b,Serious Injury Collision,,45,Bicycle,Matched,N,1,Clear or Partly Cloudy,0,"(47.56413113900004, -122.28388134099998)",0,0,N,2011-252783
32703,148770,148790,Block,Cycles,204, ,,0,Y,06/24/2013 12:00:00 AM +0000,6/24/2013 4:30:00 PM,1,,Mid-Block (not related to intersection),Daylight,BEACH DR SW BETWEEN SW DOUGLAS PL AND SW GENESEE ST,0,1,,2,3380624,Dry,56,PEDALCYCLIST STRUCK MOTOR VEHICLE LEFT SIDE SIDESWIPE,,9097,0,2,Injury Collision,,45,Bicycle,Matched,N,1,Clear or Partly Cloudy,0,"(47.565371955000046, -122.40757953399998)",4014,0,N,13-220338
32721,148576,148596,Intersection,Cycles,0, ,,0,Y,06/22/2013 12:00:00 AM +0000,6/22/2013 11:35:00 AM,1,26896,At Intersection (intersection related),Daylight,STONE WAY N AND N 34TH ST,0,1,,5,3646103,Dry,18,"MOTOR VEHICLE STRUCK PEDALCYCLIST, FRONT END AT ANGLE",,12955,0,2,Injury Collision,,45,Bicycle,Matched,N,1,Clear or Partly Cloudy,0,"(47.64854072800006, -122.34277540199997)",0,523424,N,13 217270
32732,149784,149804,Block,Cycles,201.5, ,,0,,07/09/2013 12:00:00 AM +0000,7/9/2013 4:25:00 PM,0,,Mid-Block (not related to intersection),Daylight,SEATTLE BLVD S BETWEEN S DEARBORN ST AND 6TH W AVE S,0,1,Y,2,3581534,Dry,00,NOT ENOUGH INFORMATION / NOT APPLICABLE,,8651,0,1,Property Damage Only Collision,,45,Bicycle,Matched,N,1,Clear or Partly Cloudy,0,"(47.59546316700005, -122.32703162399997)",0,522974,N,13-242724
32829,148775,148795,Intersection,Cycles,0, ,,0,,06/24/2013 12:00:00 AM +0000,6/24/2013 11:36:00 PM,1,26071,At Intersection (intersection related),Unknown,20TH AVE NE AND NE 47TH ST,0,1,,4,3551122,Dry,51,PEDALCYCLIST STRUCK MOTOR VEHICLE FRONT END AT ANGLE,,2961,0,2,Injury Collision,,45,Bicycle,Matched,N,1,Clear or Partly Cloudy,0,"(47.663075922000075, -122.30651728899994)",0,0,N,2013-220822
32880,149127,149147,Block,Cycles,252, ,,0,,06/28/2013 12:00:00 AM +0000,6/28/2013 5:34:00 PM,1,,Mid-Block (not related to intersection),Daylight,FREMONT AVE N BETWEEN N 36TH ST AND N 38TH ST,0,1,,2,3646161,Dry,18,"MOTOR VEHICLE STRUCK PEDALCYCLIST, FRONT END AT ANGLE",,10487,0,2,Injury Collision,,45,Bicycle,Matched,N,1,Clear or Partly Cloudy,0,"(47.652037807000056, -122.34992726899998)",8364,0,N,13-225962
32903,150370,150390,Intersection,Cycles,0, ,,0,,07/13/2013 12:00:00 AM +0000,7/13/2013 3:24:00 PM,1,25134,At Intersection (intersection related),Daylight,20TH AVE NW AND NW 58TH ST,0,1,,2,3645806,Dry,51,PEDALCYCLIST STRUCK MOTOR VEHICLE FRONT END AT ANGLE,,3021,0,2,Injury Collision,,45,Bicycle,Matched,N,1,Clear or Partly Cloudy,0,"(47.670908987000075, -122.38212446099999)",11423,0,N,13-248366
32952,148219,148239,Block,Cycles,384.5, ,,0,,06/15/2013 12:00:00 AM +0000,6/15/2013 9:27:00 AM,1,,Mid-Block (not related to intersection),Daylight,SHILSHOLE AVE NW BETWEEN 20TH AVE NW AND NW VERNON PL,0,1,,2,3646433,Dry,18,"MOTOR VEHICLE STRUCK PEDALCYCLIST, FRONT END AT ANGLE",,12830,0,2,Injury Collision,,45,Bicycle,Matched,N,1,Clear or Partly Cloudy,0,"(47.665083726000034, -122.38310489199995)",17202,0,N,13-207540
32957,148032,148052,Intersection,Cycles,0, ,,0,,06/11/2013 12:00:00 AM +0000,6/11/2013 6:13:00 PM,2,29675,At Intersection (intersection related),Daylight,3RD AVE AND VINE ST,0,1,,2,3572989,Dry,18,"MOTOR VEHICLE STRUCK PEDALCYCLIST, FRONT END AT ANGLE",,4393,0,2,Injury Collision,,45,Bicycle,Matched,N,1,Clear or Partly Cloudy,0,"(47.61657884200008, -122.34796376599996)",35620,0,N,13-202125
32960,147661,147681,Block,Cycles,230, ,,0,,06/02/2013 12:00:00 AM +0000,6/2/2013 5:20:00 AM,0,,Mid-Block (not related to intersection),Unknown,RAINIER AVE S BETWEEN S FONTANELLE ST AND S AUSTIN ST,0,1,,2,3579437,Unknown,00,NOT ENOUGH INFORMATION / NOT APPLICABLE,,12410,0,1,Property Damage Only Collision,,45,Bicycle,Matched,N,1,Unknown,0,"(47.53530364400007, -122.26998118199998)",0,0,N,2013-187909
33014,149607,149627,Block,Cycles,161, ,,0,,07/07/2013 12:00:00 AM +0000,7/7/2013 3:00:00 AM,1,,Mid-Block (not related to intersection),Dark - Street Lights On,E PIKE ST BETWEEN 10TH AVE AND 11TH AVE,0,1,,2,3551815,Dry,56,PEDALCYCLIST STRUCK MOTOR VEHICLE LEFT SIDE SIDESWIPE,,14601,0,2,Injury Collision,,45,Bicycle,Matched,N,1,Clear or Partly Cloudy,0,"(47.61408978500003, -122.31879588799995)",31243,0,N,2013 239847
33019,149610,149630,Block,Cycles,395, ,,0,,07/06/2013 12:00:00 AM +0000,7/6/2013 4:55:00 PM,1,,Mid-Block (not related to intersection),Daylight,LAKESIDE AVE S BETWEEN E YESLER WAY AND S LESCHI PL,0,1,Y,2,3552086,Dry,56,PEDALCYCLIST STRUCK MOTOR VEHICLE LEFT SIDE SIDESWIPE,,11258,1,2b,Serious Injury Collision,,45,Bicycle,Matched,N,1,Clear or Partly Cloudy,0,"(47.60062927900003, -122.28571336199997)",35091,0,N,13-238476
33022,149332,149352,Block,Cycles,162, ,,0,,06/24/2013 12:00:00 AM +0000,6/24/2013 4:28:00 PM,1,,Mid-Block (not related to intersection),Daylight,S OTHELLO ST BETWEEN 38TH AVE S AND 39TH AVE S,0,1,,2,3579542,Dry,51,PEDALCYCLIST STRUCK MOTOR VEHICLE FRONT END AT ANGLE,,21051,0,2,Injury Collision,,45,Bicycle,Matched,N,1,Overcast,0,"(47.53704013300006, -122.28405373499999)",24182,0,N,13-2203325
33107,148599,148619,Intersection,Cycles,0, ,,0,,06/22/2013 12:00:00 AM +0000,6/22/2013 8:08:00 PM,1,29161,At Intersection (intersection related),Dusk,SUMMIT AVE E AND E OLIVE WAY,0,1,Y,5,3552083,Dry,18,"MOTOR VEHICLE STRUCK PEDALCYCLIST, FRONT END AT ANGLE",,12991,0,2,Injury Collision,,45,Bicycle,Matched,Y,1,Clear or Partly Cloudy,0,"(47.61889599600005, -122.32528836099999)",23263,0,N,2013-217854
33133,148606,148626,Intersection,Cycles,0, ,,0,,06/19/2013 12:00:00 AM +0000,6/19/2013 8:00:00 AM,1,32155,At Intersection (intersection related),Daylight,EAST MARGINAL WAY S AND S HORTON ST,0,1,,2,3465505,Unknown,51,PEDALCYCLIST STRUCK MOTOR VEHICLE FRONT END AT ANGLE,,14386,1,2b,Serious Injury Collision,,45,Bicycle,Matched,N,1,Unknown,0,"(47.574388440000064, -122.33993395799996)",4642,0,N,2013-214726
33146,149341,149361,Block,Cycles,161, ,,0,Y,05/17/2013 12:00:00 AM +0000,5/17/2013 7:50:00 AM,1,,Mid-Block (but intersection related),Daylight,E PINE ST BETWEEN 10TH AVE AND 11TH AVE,1,1,Y,2,3550226,Dry,64,PEDALCYCLIST STRUCK PEDESTRIAN,,14636,1,2b,Serious Injury Collision,,45,Bicycle,Matched,N,0,Clear or Partly Cloudy,0,"(47.61524975200007, -122.31881447599994)",10414,0,N,2013-165448
33190,149826,149846,Block,Cycles,949, ,,0,Y,06/29/2013 12:00:00 AM +0000,6/29/2013 4:59:00 PM,1,,Mid-Block (not related to intersection),Daylight,SEAVIEW AVE NW BETWEEN NW 75TH ST AND SEAVIEW PL NW,0,1,,2,3501679,Dry,56,PEDALCYCLIST STRUCK MOTOR VEHICLE LEFT SIDE SIDESWIPE,,12763,0,2,Injury Collision,,45,Bicycle,Matched,N,1,Clear or Partly Cloudy,0,"(47.685295428000074, -122.40278888899996)",0,0,N,2013-227466
33293,148249,148269,Block,Cycles,161, ,,0,,06/13/2013 12:00:00 AM +0000,6/13/2013 10:20:00 AM,1,,Driveway Junction,Daylight,STEWART ST BETWEEN TERRY AVE AND BOREN AVE,0,1,,2,3548997,Dry,18,"MOTOR VEHICLE STRUCK PEDALCYCLIST, FRONT END AT ANGLE",,12907,0,2,Injury Collision,,45,Bicycle,Matched,N,1,Clear or Partly Cloudy,0,"(47.61661180900006, -122.33314897999998)",0,0,N,13-204503
33335,148962,148982,Intersection,Cycles,0, ,,0,,05/25/2011 12:00:00 AM +0000,5/25/2011 2:34:00 PM,1,26741,At Intersection (intersection related),Daylight,15TH AVE W AND W EMERSON ST,0,1,,2,3560790,Wet,54,PEDALCYCLIST STRUCK MOTOR VEHICLE REAR END,,2198,0,2,Injury Collision,,45,Bicycle,Matched,N,1,Raining,0,"(47.65399335500007, -122.37621487399997)",0,0,N,11-166641
33439,148634,148654,Block,Cycles,175.5, ,,0,,10/27/2012 12:00:00 AM +0000,10/27/2012 6:03:00 AM,1,,Mid-Block (not related to intersection),Dark - Street Lights On,NE 75TH ST BETWEEN 27TH AVE NE AND 28TH AVE NE,0,1,,2,3508315,Wet,54,PEDALCYCLIST STRUCK MOTOR VEHICLE REAR END,,17526,0,2,Injury Collision,,45,Bicycle,Matched,N,1,Raining,0,"(47.68304737700004, -122.29791416299997)",40936,0,N,2012-368231
33548,148660,148680,Block,Cycles,312.5, ,,0,,06/22/2013 12:00:00 AM +0000,6/22/2013 12:40:00 PM,1,,Driveway Junction,Daylight,30TH AVE NE BETWEEN NE 107TH ST AND NE 110TH ST,0,1,,2,3502841,Dry,51,PEDALCYCLIST STRUCK MOTOR VEHICLE FRONT END AT ANGLE,,4627,0,2,Injury Collision,,45,Bicycle,Matched,N,1,Clear or Partly Cloudy,0,"(47.707541992000074, -122.29622749299995)",33486,0,N,13-217328
33566,148265,148285,Block,Cycles,922.5, ,,0,Y,06/16/2013 12:00:00 AM +0000,6/16/2013 11:40:00 AM,1,,Driveway Junction,Daylight,HARBOR AVE SW BETWEEN SW HARBOR LN AND SW SPOKANE NR ST,0,1,,2,3465456,Dry,51,PEDALCYCLIST STRUCK MOTOR VEHICLE FRONT END AT ANGLE,,10821,0,2,Injury Collision,,45,Bicycle,Matched,N,1,Clear or Partly Cloudy,0,"(47.574311359000035, -122.37093230899995)",0,0,N,13-209127
33573,147887,147907,Block,Cycles,213, ,,0,,06/05/2013 12:00:00 AM +0000,6/5/2013 5:46:00 PM,2,,Mid-Block (not related to intersection),Daylight,2ND AVE BETWEEN BLANCHARD ST AND BELL ST,0,1,,3,3573129,Dry,55,PEDALCYCLIST STRUCK MOTOR VEHICLE RIGHT SIDE SIDESWIPE,,2763,0,2,Injury Collision,,45,Bicycle,Matched,Y,1,Clear or Partly Cloudy,0,"(47.61365459900003, -122.34500193399998)",12217,0,N,2013-193134
33596,152221,152241,Block,Cycles,213, ,,0,,08/09/2013 12:00:00 AM +0000,8/9/2013 5:03:00 PM,1,,Mid-Block (not related to intersection),Daylight,BROADWAY BETWEEN E PINE ST AND XW E OLIVE ST,0,1,,1,3672479,Dry,69,PEDALCYCLIST OVERTURNED IN ROAD,,9448,0,2,Injury Collision,,45,Bicycle,Matched,N,0,Clear or Partly Cloudy,0,"(47.61581794700004, -122.32080786599994)",6854,0,N,2013-286297
33701,153856,153876,Block,Cycles,168, ,,0,Y,06/12/2013 12:00:00 AM +0000,6/12/2013 7:45:00 PM,1,,Mid-Block (not related to intersection),Daylight,FREMONT AVE N BETWEEN FREMONT PL N AND N 36TH ST,0,1,,2,3646427,Dry,23,"MOTOR VEHICLE STRUCK PEDALCYCLIST, LEFT SIDE SIDESWIPE",,10486,0,2,Injury Collision,,45,Bicycle,Matched,N,1,Clear or Partly Cloudy,0,"(47.65088855100004, -122.34988452999994)",8245,0,N,2013 203624
33728,152229,152249,Block,Cycles,300, ,,0,,03/06/2013 12:00:00 AM +0000,3/6/2013 4:09:00 AM,1,,Mid-Block (not related to intersection),Dark - Street Lights On,SW SPOKANE ST BETWEEN SW KLICKITAT SR WAY AND 11TH CR AVE SW,0,2,,2,3553634,Dry,61,PEDALCYCLIST STRUCK PEDALCYCLIST REAR END,,22807,0,2,Injury Collision,,45,Bicycle,Matched,N,0,Clear or Partly Cloudy,0,"(47.57144715600003, -122.34758371999999)",0,0,N,13-76204
33797,153713,153733,Block,Cycles,55.5, ,,0,,09/09/2013 12:00:00 AM +0000,9/9/2013 7:10:00 PM,1,,Mid-Block (not related to intersection),Dusk,31ST AVE NW BETWEEN NW 96TH ST AND NW ESPLANADE,0,1,,2,3572951,Dry,00,NOT ENOUGH INFORMATION / NOT APPLICABLE,,4825,0,2,Injury Collision,Y,45,Bicycle,Matched,N,1,Clear or Partly Cloudy,0,"(47.69930505100007, -122.39604628799998)",0,0,N,2013-328410
33818,150693,150713,Intersection,Cycles,0, ,,0,,07/17/2013 12:00:00 AM +0000,7/17/2013 4:14:00 PM,1,30076,At Intersection (intersection related),Daylight,24TH AVE AND E CHERRY ST,0,1,,3,3606458,Dry,51,PEDALCYCLIST STRUCK MOTOR VEHICLE FRONT END AT ANGLE,,3516,0,2,Injury Collision,,45,Bicycle,Matched,N,1,Clear or Partly Cloudy,0,"(47.60800607300007, -122.30147660299997)",0,0,N,13-253934
33847,151512,151532,Block,Cycles,212, ,,0,Y,08/01/2013 12:00:00 AM +0000,8/1/2013 12:58:00 PM,1,,Mid-Block (not related to intersection),Daylight,FAIRVIEW AVE N BETWEEN HARRISON ST AND REPUBLICAN ST,0,1,,2,3581671,Dry,18,"MOTOR VEHICLE STRUCK PEDALCYCLIST, FRONT END AT ANGLE",,10348,0,2,Injury Collision,,45,Bicycle,Matched,N,1,Clear or Partly Cloudy,0,"(47.62257974200003, -122.33427672899995)",25111,0,N,2013-274624
33850,152237,152257,Block,Cycles,253, ,,0,,03/07/2013 12:00:00 AM +0000,3/7/2013 11:30:00 AM,1,,Mid-Block (not related to intersection),Daylight,RAINIER AVE S BETWEEN S HUDSON ST AND 39TH N AVE S,0,1,,2,3672033,Dry,18,"MOTOR VEHICLE STRUCK PEDALCYCLIST, FRONT END AT ANGLE",,12388,0,2,Injury Collision,,45,Bicycle,Matched,N,1,Clear or Partly Cloudy,0,"(47.55645156800006, -122.28410238699996)",0,0,N,13-77871
33863,151334,151354,Block,Cycles,153, ,,0,,07/26/2013 12:00:00 AM +0000,7/26/2013 2:47:00 PM,0,,Mid-Block (not related to intersection),Daylight,5TH AVE BETWEEN MADISON ST AND SPRING ST,0,1,,3,3573467,Dry,23,"MOTOR VEHICLE STRUCK PEDALCYCLIST, LEFT SIDE SIDESWIPE",,7230,0,1,Property Damage Only Collision,,45,Bicycle,Matched,N,2,Clear or Partly Cloudy,0,"(47.60690836600003, -122.33212363599995)",36252,0,N,13 266241
33952,151340,151360,Intersection,Cycles,0, ,,0,,07/27/2013 12:00:00 AM +0000,7/27/2013 4:50:00 PM,1,28057,At Intersection (intersection related),Daylight,NICKERSON ST AND WESTLAKE AVE N,0,1,,4,3574477,Dry,18,"MOTOR VEHICLE STRUCK PEDALCYCLIST, FRONT END AT ANGLE",,6170,0,2,Injury Collision,,45,Bicycle,Matched,N,1,Clear or Partly Cloudy,0,"(47.64614702700004, -122.34974100999995)",13898,0,N,13-267902
34022,152051,152071,Block,Cycles,132, ,,0,,03/24/2013 12:00:00 AM +0000,3/24/2013 1:57:00 PM,0,,Mid-Block (not related to intersection),Daylight,AURORA AVE N BETWEEN N 82ND ST AND GREEN LAKE DR N,0,1,Y,3,3501620,Dry,21,"MOTOR VEHICLE STRUCK PEDALCYCLIST, REAR END",,8960,0,1,Property Damage Only Collision,,45,Bicycle,Matched,N,1,Clear or Partly Cloudy,0,"(47.68874955500007, -122.34451256099999)",16466,0,N,13-99085
34035,153108,153128,Intersection,Cycles,0, ,,0,,08/29/2013 12:00:00 AM +0000,8/29/2013 5:05:00 PM,1,30071,At Intersection (intersection related),Daylight,M L KING JR WAY AND E CHERRY ST,0,1,,1,3672581,Wet,69,PEDALCYCLIST OVERTURNED IN ROAD,,11486,0,2,Injury Collision,,45,Bicycle,Matched,N,0,Raining,0,"(47.607996624000066, -122.29625430699997)",0,0,N,13-313507
34103,153726,153746,Intersection,Cycles,0, ,,0,,12/28/2010 12:00:00 AM +0000,12/28/2010 12:29:00 PM,0,31379,At Intersection (intersection related),Daylight,1ST AVE S AND S HANFORD ST,0,1,,2,3374530,Dry,54,PEDALCYCLIST STRUCK MOTOR VEHICLE REAR END,,1210,0,1,Property Damage Only Collision,,45,Bicycle,Matched,N,1,Clear or Partly Cloudy,0,"(47.57557557400003, -122.33420302499997)",5367,0,N,2010-444868
34108,150738,150758,Block,Cycles,197, ,,0,,07/18/2013 12:00:00 AM +0000,7/18/2013 8:10:00 AM,1,,Mid-Block (not related to intersection),Daylight,FLORENTIA ST BETWEEN NICKERSON ST AND FREMONT BR,0,1,,2,3506142,Dry,56,PEDALCYCLIST STRUCK MOTOR VEHICLE LEFT SIDE SIDESWIPE,,10461,0,2,Injury Collision,,45,Bicycle,Matched,N,1,Clear or Partly Cloudy,0,"(47.64688218800006, -122.35055543599998)",17114,0,N,13 255427
34150,151731,151751,Intersection,Cycles,0, ,,0,,07/02/2010 12:00:00 AM +0000,7/2/2010 6:34:00 PM,1,29238,At Intersection (intersection related),Daylight,LAKE WASHINGTON BLVD E AND E MADISON ST,0,1,Y,2,3332312,Wet,18,"MOTOR VEHICLE STRUCK PEDALCYCLIST, FRONT END AT ANGLE",,4786,0,2,Injury Collision,,45,Bicycle,Matched,N,1,Raining,0,"(47.626017801000046, -122.29244003299999)",8965,0,N,10-225404
34152,151729,151749,Intersection,Cycles,0, ,,0,,07/01/2010 12:00:00 AM +0000,7/1/2010 5:55:00 PM,1,24249,At Intersection (intersection related),Daylight,WINONA AVE N AND N 77TH ST,0,1,,2,3376626,Dry,51,PEDALCYCLIST STRUCK MOTOR VEHICLE FRONT END AT ANGLE,,13628,0,2,Injury Collision,,45,Bicycle,Matched,N,1,Clear or Partly Cloudy,0,"(47.68475561300005, -122.33990346599995)",27873,0,N,10-224001
34193,152799,152819,Intersection,Cycles,0, ,,0,Y,08/23/2013 12:00:00 AM +0000,8/23/2013 8:53:00 AM,1,28530,At Intersection (intersection related),Daylight,MCGILVRA BLVD E AND E MADISON N ST,1,1,Y,3,3672510,Dry,64,PEDALCYCLIST STRUCK PEDESTRIAN,,11721,0,2,Injury Collision,Y,45,Bicycle,Matched,N,1,Overcast,0,"(47.63372768100004, -122.28106301599996)",34285,524080,N,13 304547
34208,152794,152814,Block,Cycles,311, ,,0,,08/22/2013 12:00:00 AM +0000,8/22/2013 11:47:00 AM,1,,Mid-Block (not related to intersection),Daylight,BROADWAY BETWEEN HARVARD AVE AND E UNION ST,0,1,,1,3672509,Dry,66,PEDALCYCLIST STRUCK OBJECT IN ROAD,,9445,0,2,Injury Collision,,45,Bicycle,Matched,N,0,Clear or Partly Cloudy,0,"(47.61210999000008, -122.32076121799997)",6882,0,N,13-303287
34212,151216,151236,Intersection,Cycles,0, ,,0,,07/25/2013 12:00:00 AM +0000,7/25/2013 4:11:00 PM,1,28783,At Intersection (intersection related),Daylight,DEXTER AVE N AND HARRISON ST,0,1,,2,3573343,Dry,51,PEDALCYCLIST STRUCK MOTOR VEHICLE FRONT END AT ANGLE,,10074,1,2b,Serious Injury Collision,,45,Bicycle,Matched,N,1,Clear or Partly Cloudy,0,"(47.62205574500007, -122.34237158599996)",12620,0,N,2013-2634946
34213,151579,151599,Block,Cycles,127.5, ,,0,,08/02/2013 12:00:00 AM +0000,8/2/2013 10:36:00 AM,1,,Mid-Block (not related to intersection),Daylight,NE 50TH ST BETWEEN 9TH AVE NE AND ROOSEVELT WAY NE,0,1,Y,2,3572458,Wet,55,PEDALCYCLIST STRUCK MOTOR VEHICLE RIGHT SIDE SIDESWIPE,,16929,0,2,Injury Collision,,45,Bicycle,Matched,N,1,Raining,0,"(47.664940743000045, -122.31792288099996)",21441,0,N,2013-275850
34227,151211,151231,Intersection,Cycles,0, ,,0,Y,07/25/2013 12:00:00 AM +0000,7/25/2013 8:35:00 AM,1,28028,At Intersection (intersection related),Daylight,DEXTER AVE N AND GARFIELD N ST,0,1,,2,3560973,Dry,18,"MOTOR VEHICLE STRUCK PEDALCYCLIST, FRONT END AT ANGLE",,10086,0,2,Injury Collision,,45,Bicycle,Matched,N,1,Clear or Partly Cloudy,0,"(47.633420201000035, -122.34228296399999)",12978,0,N,13-264463
34233,151012,151032,Block,Cycles,727.5, ,,0,,07/19/2013 12:00:00 AM +0000,7/19/2013 8:14:00 PM,2,,Driveway Junction,Daylight,WESTLAKE AVE N BETWEEN NEWELL ST AND NICKERSON ST,0,1,Y,2,3643746,Dry,18,"MOTOR VEHICLE STRUCK PEDALCYCLIST, FRONT END AT ANGLE",,13548,0,2,Injury Collision,,45,Bicycle,Matched,Y,1,Clear or Partly Cloudy,0,"(47.64502969000006, -122.34730070499995)",20053,0,N,2013-257040