OBJECTID,INCKEY,COLDETKEY,ADDRTYPE,COLLISIONTYPE,DISTANCE,EXCEPTRSNCODE,EXCEPTRSNDESC,FATALITIES,INATTENTIONIND,INCDATE,INCDTTM,INJURIES,INTKEY,JUNCTIONTYPE,LIGHTCOND,LOCATION,PEDCOUNT,PEDCYLCOUNT,PEDROWNOTGRNT,PERSONCOUNT,REPORTNO,ROADCOND,SDOT_COLCODE,SDOT_COLDESC,SDOTCOLNUM,SEGKEY,SERIOUSINJURIES,SEVERITYCODE,SEVERITYDESC,SPEEDING,ST_COLCODE,ST_COLDESC,STATUS,UNDERINFL,VEHCOUNT,WEATHER,WIDTH,Shape,SEGLANEKEY,CROSSWALKKEY,HITPARKEDCAR,SPDCASENO
34285,151740,151760,Block,Cycles,154.5, ,,0,,07/07/2010 12:00:00 AM +0000,7/7/2010 1:57:00 AM,1,,Mid-Block (not related to intersection),Dark - Street Lights On,12TH AVE BETWEEN E SPRUCE ST AND E ALDER ST,0,1,,3,3329761,Dry,11,"MOTOR VEHICLE STRUCK MOTOR VEHICLE, FRONT END AT ANGLE",,1525,0,2,Injury Collision,,45,Bicycle,Matched,Y,1,Clear or Partly Cloudy,0,"(47.60393590800004, -122.31678132899998)",10568,0,N,2010-231744
34291,152616,152636,Block,Cycles,222, ,,0,,08/16/2013 12:00:00 AM +0000,8/16/2013 7:26:00 PM,1,,Mid-Block (not related to intersection),Daylight,12TH AVE BETWEEN E MADISON ST AND E PIKE ST,0,1,,2,3672505,Dry,18,"MOTOR VEHICLE STRUCK PEDALCYCLIST, FRONT END AT ANGLE",,1536,0,2,Injury Collision,,45,Bicycle,Matched,N,1,Clear or Partly Cloudy,0,"(47.613495138000076, -122.31678450399994)",10773,0,N,2013-295754
34299,151735,151755,Block,Cycles,154, ,,0,,07/03/2010 12:00:00 AM +0000,7/3/2010 9:30:00 PM,1,,Mid-Block (not related to intersection),Dusk,22ND AVE BETWEEN E JAMES N ST AND E CHERRY ST,0,1,,1,3332313,Dry,18,"MOTOR VEHICLE STRUCK PEDALCYCLIST, FRONT END AT ANGLE",,3228,0,2,Injury Collision,,45,Bicycle,Matched,N,0,Clear or Partly Cloudy,0,"(47.60758746700003, -122.30375225399996)",0,0,N,10-227069
34308,151733,151753,Intersection,Cycles,0, ,,0,,07/02/2010 12:00:00 AM +0000,7/2/2010 8:40:00 AM,1,29947,At Intersection (intersection related),Daylight,6TH AVE AND MADISON ST,0,1,Y,2,3330906,Wet,24,MOTOR VEHCILE STRUCK PEDESTRIAN,,7877,0,2,Injury Collision,,45,Bicycle,Matched,N,1,Overcast,0,"(47.60701683800005, -122.33068899799997)",0,521705,N,2010-224789
34315,153143,153163,Intersection,Cycles,0, ,,0,,08/31/2013 12:00:00 AM +0000,8/31/2013 3:45:00 PM,1,37407,At Intersection (intersection related),Daylight,FREMONT AVE N AND N 100TH ST,0,1,,3,3572878,Dry,18,"MOTOR VEHICLE STRUCK PEDALCYCLIST, FRONT END AT ANGLE",,10543,0,2,Injury Collision,,45,Bicycle,Matched,N,1,Clear or Partly Cloudy,0,"(47.70144567700004, -122.35003997299998)",0,0,N,13-316171
34325,153138,153158,Intersection,Cycles,0, ,,0,,08/29/2013 12:00:00 AM +0000,8/29/2013 3:37:00 PM,0,37326,At Intersection (intersection related),Daylight,AURORA AVE N AND N 94TH ST,0,1,,2,3579622,Wet,18,"MOTOR VEHICLE STRUCK PEDALCYCLIST, FRONT END AT ANGLE",,8973,0,1,Property Damage Only Collision,,45,Bicycle,Matched,N,1,Overcast,0,"(47.69708410000004, -122.34459941499995)",16320,0,N,13-313375
34347,151032,151052,Block,Cycles,130, ,,0,,07/20/2013 12:00:00 AM +0000,7/20/2013 4:52:00 PM,1,,Mid-Block (but intersection related),Daylight,RAVENNA AVE NE BETWEEN NE 55TH N ST AND NE RAVENNA EB BV,0,1,,3,3609049,Dry,18,"MOTOR VEHICLE STRUCK PEDALCYCLIST, FRONT END AT ANGLE",,12455,0,2,Injury Collision,,45,Bicycle,Matched,N,1,Clear or Partly Cloudy,0,"(47.669052942000064, -122.30394611099996)",32835,0,N,13-258171
34354,153747,153767,Block,Cycles,142,NEI,"Not Enough Information, or Insufficient Location Information",0,,10/11/2010 12:00:00 AM +0000,10/11/2010 12:45:00 PM,0,,Mid-Block (not related to intersection),Unknown,24TH AVE NW BETWEEN NW MARKET ST AND NW 56TH ST,0,1,Y,2,3383315,Unknown,00,NOT ENOUGH INFORMATION / NOT APPLICABLE,,3590,0,1,Property Damage Only Collision,,45,Bicycle,Matched,N,1,Unknown,0,"(47.66906686100003, -122.38758186299998)",25854,0,N,10-356309
34376,151583,151603,Block,Cycles,161, ,,0,Y,08/01/2013 12:00:00 AM +0000,8/1/2013 8:50:00 AM,1,,Mid-Block (not related to intersection),Daylight,JAMES ST BETWEEN 4TH AVE AND 5TH AVE,0,1,,2,3550116,Dry,54,PEDALCYCLIST STRUCK MOTOR VEHICLE REAR END,,11052,0,2,Injury Collision,,45,Bicycle,Matched,N,1,Clear or Partly Cloudy,0,"(47.60346436700007, -122.32974397299995)",24819,0,N,2013-274350
34381,151749,151769,Intersection,Cycles,0, ,,0,,08/05/2013 12:00:00 AM +0000,8/5/2013 1:00:00 PM,1,24369,At Intersection (intersection related),Daylight,LINDEN AVE N AND N 65TH ST,0,1,,5,3572462,Dry,51,PEDALCYCLIST STRUCK MOTOR VEHICLE FRONT END AT ANGLE,,11411,0,2,Injury Collision,,45,Bicycle,Matched,N,1,Clear or Partly Cloudy,0,"(47.67606025400005, -122.34830501799996)",0,0,N,13-280352
34391,151743,151763,Block,Cycles,213, ,,0,,07/07/2010 12:00:00 AM +0000,7/7/2010 8:01:00 AM,1,,Mid-Block (not related to intersection),Daylight,7TH AVE BETWEEN STEWART ST AND VIRGINIA ST,0,1,,2,3329859,Dry,23,"MOTOR VEHICLE STRUCK PEDALCYCLIST, LEFT SIDE SIDESWIPE",,8161,0,2,Injury Collision,,45,Bicycle,Matched,N,1,Clear or Partly Cloudy,0,"(47.61467145100005, -122.33680297599994)",37034,0,N,10-231937
34400,151226,151246,Intersection,Cycles,0, ,,0,,07/25/2013 12:00:00 AM +0000,7/25/2013 4:07:00 PM,0,167336,At Intersection (intersection related),Daylight,BEACON ER AVE S AND S GRAHAM ST,0,1,,2,3589855,Wet,51,PEDALCYCLIST STRUCK MOTOR VEHICLE FRONT END AT ANGLE,,20116,0,1,Property Damage Only Collision,,45,Bicycle,Matched,N,1,Clear or Partly Cloudy,0,"(47.54637207700006, -122.30033204199998)",0,524751,N,2013-264934
34417,152634,152654,Intersection,Cycles,0, ,,0,,08/19/2013 12:00:00 AM +0000,8/19/2013 5:04:00 PM,1,36986,At Intersection (intersection related),Daylight,17TH AVE NW AND NW 85TH ST,0,1,,3,3572728,Dry,18,"MOTOR VEHICLE STRUCK PEDALCYCLIST, FRONT END AT ANGLE",,2458,0,2,Injury Collision,,45,Bicycle,Matched,N,1,Clear or Partly Cloudy,0,"(47.69060246500004, -122.37895652499998)",0,0,N,13-299698
34458,153152,153172,Intersection,Cycles,0, ,,0,,08/30/2013 12:00:00 AM +0000,8/30/2013 3:32:00 PM,2,23860,At Intersection (intersection related),Daylight,15TH AVE NW AND NW 83RD ST,0,1,,3,3502770,Dry,18,"MOTOR VEHICLE STRUCK PEDALCYCLIST, FRONT END AT ANGLE",,2119,0,2,Injury Collision,,45,Bicycle,Matched,N,1,Clear or Partly Cloudy,0,"(47.68872436500004, -122.37679944799999)",0,0,N,13-314712
34459,152813,152833,Intersection,Cycles,0, ,,0,Y,08/09/2013 12:00:00 AM +0000,8/9/2013 7:21:00 PM,1,25606,At Intersection (intersection related),Daylight,PHINNEY AVE N AND N 60TH ST,0,1,,2,3326098,Dry,51,PEDALCYCLIST STRUCK MOTOR VEHICLE FRONT END AT ANGLE,,12155,0,2,Injury Collision,,45,Bicycle,Matched,N,1,Clear or Partly Cloudy,0,"(47.67248685200008, -122.35437964699997)",3843,0,N,13-286440
34494,150765,150785,Block,Cycles,107.5, ,,0,,07/18/2013 12:00:00 AM +0000,7/18/2013 4:57:00 PM,2,,Mid-Block (not related to intersection),Daylight,12TH AVE BETWEEN E BARCLAY CT AND E JAMES CT,0,2,Y,2,3606460,Dry,00,NOT ENOUGH INFORMATION / NOT APPLICABLE,,1530,0,2,Injury Collision,,45,Bicycle,Matched,N,0,Clear or Partly Cloudy,0,"(47.60713100100003, -122.31678018499997)",10655,0,N,2013-255397
34567,153161,153181,Intersection,Cycles,0, ,,0,,08/30/2013 12:00:00 AM +0000,8/30/2013 6:34:00 PM,1,29459,At Intersection (intersection related),Daylight,37TH AVE E AND LAKE WASHINGTON BLVD E,0,1,,2,3476710,Dry,51,PEDALCYCLIST STRUCK MOTOR VEHICLE FRONT END AT ANGLE,,11204,1,2b,Serious Injury Collision,,45,Bicycle,Matched,N,1,Clear or Partly Cloudy,0,"(47.62251474200008, -122.28551409399995)",0,0,N,13-314929
34586,152645,152665,Intersection,Cycles,0, ,,0,,08/13/2013 12:00:00 AM +0000,8/13/2013 6:45:00 PM,1,23894,At Intersection (intersection related),Daylight,24TH AVE NW AND NW 75TH ST,0,1,,2,3553936,Dry,18,"MOTOR VEHICLE STRUCK PEDALCYCLIST, FRONT END AT ANGLE",,3604,0,2,Injury Collision,,45,Bicycle,Matched,N,1,Clear or Partly Cloudy,0,"(47.68318391400004, -122.38755895899999)",2181,0,N,13-291627
34621,153374,153394,Block,Cycles,221.5, ,,0,,09/03/2013 12:00:00 AM +0000,9/3/2013 11:22:00 AM,1,,Driveway Junction,Daylight,23RD AVE BETWEEN E UNION ST AND E PIKE ST,0,1,,2,3326099,Wet,18,"MOTOR VEHICLE STRUCK PEDALCYCLIST, FRONT END AT ANGLE",,3363,0,2,Injury Collision,,45,Bicycle,Matched,N,1,Raining,0,"(47.61354689900003, -122.30269424)",0,0,N,13-319661
34628,153608,153628,Intersection,Cycles,0, ,,0,,09/09/2013 12:00:00 AM +0000,9/9/2013 7:54:00 PM,1,24247,At Intersection (intersection related),Dusk,EAST GREEN LAKE DR N AND N 77TH ST,0,1,Y,2,3645996,Dry,18,"MOTOR VEHICLE STRUCK PEDALCYCLIST, FRONT END AT ANGLE",,14066,0,2,Injury Collision,,45,Bicycle,Matched,N,1,Clear or Partly Cloudy,0,"(47.684396667000044, -122.33501327199997)",7346,0,N,13-328454
34630,153180,153184,Block,Cycles,161, ,,0,,09/01/2013 12:00:00 AM +0000,9/1/2013 1:04:00 PM,1,,Mid-Block (not related to intersection),Daylight,LENORA ST BETWEEN WESTERN AVE AND 1ST AVE,0,1,,5,3574402,Dry,55,PEDALCYCLIST STRUCK MOTOR VEHICLE RIGHT SIDE SIDESWIPE,,11366,0,2,Injury Collision,Y,45,Bicycle,Matched,N,2,Clear or Partly Cloudy,0,"(47.61150400100007, -122.34434338299997)",36975,0,N,13 317287
34637,151243,151263,Intersection,Cycles,0, ,,0,,07/24/2013 12:00:00 AM +0000,7/24/2013 4:48:00 PM,1,30170,At Intersection (intersection related),Daylight,20TH AVE AND E COLUMBIA ST,0,1,,2,3672430,Dry,51,PEDALCYCLIST STRUCK MOTOR VEHICLE FRONT END AT ANGLE,,2937,0,2,Injury Collision,,45,Bicycle,Matched,N,1,Clear or Partly Cloudy,0,"(47.60910003400005, -122.30631127899994)",0,0,N,2013-263741
34646,151604,151624,Intersection,Cycles,0, ,,0,,08/05/2013 12:00:00 AM +0000,8/5/2013 6:28:00 PM,1,27034,At Intersection (intersection related),Daylight,TROLL AVE N AND N 35TH ST,0,1,Y,2,3642009,Dry,51,PEDALCYCLIST STRUCK MOTOR VEHICLE FRONT END AT ANGLE,,9003,0,2,Injury Collision,,45,Bicycle,Matched,N,1,Clear or Partly Cloudy,0,"(47.65015880000004, -122.34742988899995)",17515,0,N,2013-280756
34661,151047,151067,Block,Cycles,309.5, ,,0,,07/20/2013 12:00:00 AM +0000,7/20/2013 4:28:00 PM,1,,Mid-Block (not related to intersection),Daylight,NW 46TH ST BETWEEN 14TH AVE NW AND 15TH NB AVE NW,0,1,,2,3545120,Dry,56,PEDALCYCLIST STRUCK MOTOR VEHICLE LEFT SIDE SIDESWIPE,,18348,0,2,Injury Collision,,45,Bicycle,Matched,N,1,Clear or Partly Cloudy,0,"(47.66220360600005, -122.37484952499995)",17213,0,N,13-258145
34666,151045,151065,Block,Cycles,134, ,,0,,07/21/2013 12:00:00 AM +0000,7/21/2013 1:04:00 PM,1,,Mid-Block (not related to intersection),Daylight,4TH AVE N BETWEEN NICKERSON ST AND FREMONT BR,0,1,,2,3506143,Dry,51,PEDALCYCLIST STRUCK MOTOR VEHICLE FRONT END AT ANGLE,,6170,0,2,Injury Collision,,45,Bicycle,Matched,N,1,Clear or Partly Cloudy,0,"(47.646511546000056, -122.34975553799995)",13898,0,N,13-*259257
34673,151947,151967,Block,Cycles,116.5, ,,0,,07/28/2010 12:00:00 AM +0000,7/28/2010 8:05:00 AM,0,,Mid-Block (not related to intersection),Daylight,LAKESIDE AVE S BETWEEN S LANE ST AND 35TH AVE S,0,1,Y,2,3329198,Dry,23,"MOTOR VEHICLE STRUCK PEDALCYCLIST, LEFT SIDE SIDESWIPE",,11262,0,1,Property Damage Only Collision,,45,Bicycle,Matched,N,1,Clear or Partly Cloudy,0,"(47.59629348800007, -122.28764138699995)",34071,0,N,2010-260191
34675,151946,151966,Block,Cycles,155.5, ,,0,,07/28/2010 12:00:00 AM +0000,7/28/2010 8:57:00 AM,1,,Mid-Block (not related to intersection),Daylight,12TH AVE S BETWEEN S JACKSON ST AND S KING ST,0,1,,2,3332583,Dry,51,PEDALCYCLIST STRUCK MOTOR VEHICLE FRONT END AT ANGLE,,1654,0,2,Injury Collision,,45,Bicycle,Matched,N,1,Clear or Partly Cloudy,0,"(47.59876469300008, -122.31722540399994)",38925,0,N,10-260237
34692,152142,152162,Block,Cycles,150, ,,0,Y,08/10/2013 12:00:00 AM +0000,8/10/2013 4:48:00 PM,1,,Mid-Block (not related to intersection),Daylight,S JACKSON ST BETWEEN 25TH AVE S AND 26TH AVE S,0,1,,2,3552058,Dry,18,"MOTOR VEHICLE STRUCK PEDALCYCLIST, FRONT END AT ANGLE",,20503,0,2,Injury Collision,,45,Bicycle,Matched,N,1,Clear or Partly Cloudy,0,"(47.59926044100007, -122.29927796999999)",11269,0,N,13 287600
34701,151760,151780,Intersection,Cycles,0, ,,0,,07/07/2010 12:00:00 AM +0000,7/7/2010 8:41:00 PM,1,29795,At Intersection (intersection related),Daylight,12TH AVE AND E CHERRY ST,0,1,,1,3332376,Dry,69,PEDALCYCLIST OVERTURNED IN ROAD,,1532,0,2,Injury Collision,,45,Bicycle,Matched,N,0,Clear or Partly Cloudy,0,"(47.60805877800004, -122.316779914)",10679,0,N,10-232780
34737,152648,152668,Intersection,Cycles,0, ,,0,Y,08/14/2013 12:00:00 AM +0000,8/14/2013 8:45:00 AM,1,29613,At Intersection (intersection related),Daylight,2ND AVE AND SPRING ST,0,1,,2,3550118,Dry,18,"MOTOR VEHICLE STRUCK PEDALCYCLIST, FRONT END AT ANGLE",,2754,0,2,Injury Collision,,45,Bicycle,Matched,N,1,Clear or Partly Cloudy,0,"(47.605872617000045, -122.33578172399996)",12144,0,N,2013-292344
34741,153782,153802,Block,Cycles,139.5, ,,0,Y,09/11/2013 12:00:00 AM +0000,9/11/2013 8:53:00 AM,1,,Driveway Junction,Daylight,15TH AVE W BETWEEN W HOWE ST AND W NEWTON ST,0,1,,2,3574654,Dry,18,"MOTOR VEHICLE STRUCK PEDALCYCLIST, FRONT END AT ANGLE",,2186,0,2,Injury Collision,,45,Bicycle,Matched,N,1,Clear or Partly Cloudy,0,"(47.63633468300003, -122.37613940999995)",19025,0,N,2013-330470
34764,153609,153629,Intersection,Cycles,0, ,,0,,09/10/2013 12:00:00 AM +0000,9/10/2013 4:30:00 PM,1,27093,At Intersection (intersection related),Daylight,ROOSEVELT WAY NE AND NE 42ND S ST,0,1,,3,3641710,Dry,51,PEDALCYCLIST STRUCK MOTOR VEHICLE FRONT END AT ANGLE,,12595,0,2,Injury Collision,,45,Bicycle,Matched,N,1,Clear or Partly Cloudy,0,"(47.65751422500006, -122.31780212899997)",8986,0,N,2013-329653
34797,151253,151273,Intersection,Cycles,0, ,,0,,07/28/2013 12:00:00 AM +0000,7/28/2013 11:40:00 AM,1,30234,At Intersection (intersection related),Daylight,34TH AVE AND E OLIVE ST,0,1,,3,3593600,Dry,51,PEDALCYCLIST STRUCK MOTOR VEHICLE FRONT END AT ANGLE,,5211,0,2,Injury Collision,,45,Bicycle,Matched,N,1,Clear or Partly Cloudy,0,"(47.61649590600007, -122.289205375)",9795,0,N,13 269001
34805,151249,151269,Intersection,Cycles,0, ,,0,,07/27/2013 12:00:00 AM +0000,7/27/2013 1:08:00 PM,1,29948,At Intersection (intersection related),Daylight,5TH AVE AND MADISON ST,0,1,,2,3641655,Dry,18,"MOTOR VEHICLE STRUCK PEDALCYCLIST, FRONT END AT ANGLE",,7230,0,2,Injury Collision,,45,Bicycle,Matched,N,1,Clear or Partly Cloudy,0,"(47.606552746000034, -122.33179812299994)",22694,0,N,2013-267638
34817,152148,152168,Block,Cycles,126.5, ,,0,,09/27/2010 12:00:00 AM +0000,9/27/2010 7:14:00 AM,1,,Mid-Block (not related to intersection),Daylight,EASTLAKE AVE NE BETWEEN NE 41ST ST AND 11TH AVE NE,0,1,,2,3286950,Wet,21,"MOTOR VEHICLE STRUCK PEDALCYCLIST, REAR END",,10187,0,2,Injury Collision,,45,Bicycle,Matched,N,1,Raining,0,"(47.657160488000045, -122.31687596599994)",30558,0,N,2010-337602
34852,151951,151971,Intersection,Cycles,0, ,,0,,08/03/2010 12:00:00 AM +0000,8/3/2010 2:00:00 PM,1,33334,At Intersection (intersection related),Daylight,BEACON WR AVE S AND S DAWSON ST,0,1,,2,3387812,Dry,51,PEDALCYCLIST STRUCK MOTOR VEHICLE FRONT END AT ANGLE,,9133,0,2,Injury Collision,,45,Bicycle,Matched,N,1,Clear or Partly Cloudy,0,"(47.555915723000055, -122.30353585299997)",0,0,N,2010-268638
34856,153008,153028,Block,Cycles,114, ,,0,Y,08/16/2013 12:00:00 AM +0000,8/16/2013 5:54:00 PM,0,,Mid-Block (not related to intersection),Daylight,SW AVALON WAY BETWEEN SW CHARLESTOWN ST AND SW BRADFORD ST,0,1,,2,3465311,Dry,54,PEDALCYCLIST STRUCK MOTOR VEHICLE REAR END,,21817,0,1,Property Damage Only Collision,,45,Bicycle,Matched,N,1,Clear or Partly Cloudy,0,"(47.56955574600005, -122.37071275099999)",3422,0,N,13-295658
34859,153409,153429,Block,Cycles,72, ,,0,,09/03/2013 12:00:00 AM +0000,9/3/2013 7:46:00 AM,2,,Mid-Block (not related to intersection),Dawn,ROOSEVELT WAY NE BETWEEN NE 43RD S ST AND NE 43RD N ST,0,2,,3,3501714,Wet,00,NOT ENOUGH INFORMATION / NOT APPLICABLE,,12597,0,2,Injury Collision,Y,45,Bicycle,Matched,N,1,Raining,0,"(47.65965170000004, -122.31774664399995)",8995,0,N,2013 319453
34892,153791,153811,Intersection,Cycles,0, ,,0,Y,06/13/2013 12:00:00 AM +0000,6/13/2013 7:08:00 AM,1,27149,At Intersection (intersection related),Daylight,15TH AVE NE AND NE PACIFIC ST,0,1,Y,2,3520208,Dry,18,"MOTOR VEHICLE STRUCK PEDALCYCLIST, FRONT END AT ANGLE",,2028,0,2,Injury Collision,,45,Bicycle,Matched,N,1,Clear or Partly Cloudy,0,"(47.65297596400006, -122.31246414499998)",0,520838,N,13-001560
34930,151412,151432,Block,Cycles,283, ,,0,,07/30/2013 12:00:00 AM +0000,7/30/2013 6:02:00 PM,1,,Mid-Block (not related to intersection),Daylight,14TH AVE S BETWEEN S ATLANTIC ST AND S MASSACHUSETTS ST,0,1,,2,3589801,Dry,51,PEDALCYCLIST STRUCK MOTOR VEHICLE FRONT END AT ANGLE,,1925,0,2,Injury Collision,,45,Bicycle,Matched,N,1,Clear or Partly Cloudy,0,"(47.58921408600003, -122.31485614599995)",37515,0,N,2013-272208
34970,151965,151985,Intersection,Cycles,0, ,,0,,08/08/2013 12:00:00 AM +0000,8/8/2013 5:57:00 PM,1,28724,At Intersection (intersection related),Daylight,DEXTER AVE N AND HIGHLAND DR,0,1,,2,3197945,Dry,18,"MOTOR VEHICLE STRUCK PEDALCYCLIST, FRONT END AT ANGLE",,10081,0,2,Injury Collision,,45,Bicycle,Matched,N,1,Clear or Partly Cloudy,0,"(47.62971974100003, -122.34230363299997)",12797,0,N,13-284979
35025,153804,153824,Block,Cycles,129.5, ,,0,Y,09/11/2013 12:00:00 AM +0000,9/11/2013 4:38:00 PM,0,,Mid-Block (not related to intersection),Daylight,S JACKSON ST BETWEEN 22ND AVE S AND 23RD AVE S,0,1,,2,3606308,Dry,56,PEDALCYCLIST STRUCK MOTOR VEHICLE LEFT SIDE SIDESWIPE,,20501,0,1,Property Damage Only Collision,,45,Bicycle,Matched,N,1,Clear or Partly Cloudy,0,"(47.59927789900007, -122.30276121699995)",11145,0,N,2013-331058
35038,153797,153817,Intersection,Cycles,0, ,,0,,08/13/2010 12:00:00 AM +0000,8/13/2010 12:16:00 PM,1,27065,At Intersection (intersection related),Daylight,11TH AVE NE AND NE 45TH ST,0,1,,2,3559185,Dry,51,PEDALCYCLIST STRUCK MOTOR VEHICLE FRONT END AT ANGLE,,1409,0,2,Injury Collision,,45,Bicycle,Matched,N,1,Clear or Partly Cloudy,0,"(47.66129196000003, -122.31657893399995)",6999,0,N,10-281976
35050,150875,150895,Intersection,Cycles,0, ,,0,,07/19/2013 12:00:00 AM +0000,7/19/2013 1:45:00 PM,1,29859,At Intersection (intersection related),Daylight,BELMONT AVE AND E PINE ST,0,1,Y,2,3672390,Dry,51,PEDALCYCLIST STRUCK MOTOR VEHICLE FRONT END AT ANGLE,,9234,0,2,Injury Collision,,45,Bicycle,Matched,N,1,Clear or Partly Cloudy,0,"(47.61522500500007, -122.32447263599994)",10368,0,N,13-256558
35053,153634,153654,Intersection,Cycles,0, ,,0,,09/09/2013 12:00:00 AM +0000,9/9/2013 12:40:00 PM,1,29950,At Intersection (intersection related),Daylight,3RD AVE AND SPRING ST,1,1,Y,2,3573051,Dry,64,PEDALCYCLIST STRUCK PEDESTRIAN,,4380,0,2,Injury Collision,,45,Bicycle,Matched,N,0,Clear or Partly Cloudy,0,"(47.60633735400006, -122.33467152699995)",35851,521566,N,13-327727
35055,150874,150894,Intersection,Cycles,0, ,,0,,07/19/2013 12:00:00 AM +0000,7/19/2013 6:47:00 PM,1,30418,At Intersection (intersection related),Daylight,12TH AVE S AND BOREN AVE S,0,1,,2,3672393,Dry,51,PEDALCYCLIST STRUCK MOTOR VEHICLE FRONT END AT ANGLE,,1652,0,2,Injury Collision,,45,Bicycle,Matched,N,1,Clear or Partly Cloudy,0,"(47.60085285900004, -122.31696510399996)",24389,0,N,13 256942
35102,152866,152886,Block,Cycles,245, ,,0,,08/18/2013 12:00:00 AM +0000,8/18/2013 2:20:00 PM,1,,Driveway Junction,Daylight,WESTLAKE AVE N BETWEEN REPUBLICAN ST AND MERCER SR ST,0,1,,2,3574921,Dry,18,"MOTOR VEHICLE STRUCK PEDALCYCLIST, FRONT END AT ANGLE",,13536,0,2,Injury Collision,,45,Bicycle,Matched,N,1,Clear or Partly Cloudy,0,"(47.62387939000007, -122.33844085199996)",0,0,N,2013 298351
35119,152161,152181,Block,Cycles,341.5, ,,0,,08/11/2013 12:00:00 AM +0000,8/11/2013 10:29:00 PM,1,,Mid-Block (not related to intersection),Dark - Street Lights Off,20TH AVE W BETWEEN THORNDYKE AVE W AND W DRAVUS ST,0,1,,2,3573009,Dry,56,PEDALCYCLIST STRUCK MOTOR VEHICLE LEFT SIDE SIDESWIPE,,3090,0,2,Injury Collision,,45,Bicycle,Matched,N,1,Clear or Partly Cloudy,0,"(47.647520858000064, -122.38197774699995)",15603,0,N,2013-289369
35207,151988,152008,Intersection,Cycles,0, ,,0,,08/08/2013 12:00:00 AM +0000,8/8/2013 4:52:00 PM,1,30781,At Intersection (intersection related),Daylight,RAINIER AVE S AND S DEARBORN ST,0,1,,3,3672503,Dry,18,"MOTOR VEHICLE STRUCK PEDALCYCLIST, FRONT END AT ANGLE",,12345,0,2,Injury Collision,,45,Bicycle,Matched,N,1,Clear or Partly Cloudy,0,"(47.595873881000045, -122.31152960299994)",0,522981,N,2013-284903
35212,151640,151660,Intersection,Cycles,0, ,,0,,08/02/2013 12:00:00 AM +0000,8/2/2013 5:19:00 PM,1,29082,At Intersection (intersection related),Daylight,FAIRVIEW AVE E AND FAIRVIEW AVE N,0,1,Y,3,3573474,Wet,51,PEDALCYCLIST STRUCK MOTOR VEHICLE FRONT END AT ANGLE,,10336,0,2,Injury Collision,,45,Bicycle,Matched,N,1,Clear or Partly Cloudy,0,"(47.63190599600006, -122.32688562599998)",41840,0,N,2013-276352
35335,150891,150911,Intersection,Cycles,0, ,,0,,07/20/2013 12:00:00 AM +0000,7/20/2013 9:27:00 PM,1,28332,At Intersection (intersection related),Dusk,EASTLAKE AVE E AND E GARFIELD ST,0,1,,3,3581833,Dry,18,"MOTOR VEHICLE STRUCK PEDALCYCLIST, FRONT END AT ANGLE",,10172,0,2,Injury Collision,,45,Bicycle,Matched,N,1,Clear or Partly Cloudy,0,"(47.63385962000007, -122.32558709099999)",24787,0,N,13-258487
35373,152483,152503,Intersection,Cycles,0, ,,0,,08/14/2013 12:00:00 AM +0000,8/14/2013 2:25:00 PM,1,28797,At Intersection (intersection related),Daylight,DEXTER AVE N AND JOHN ST,0,1,,2,3644151,Dry,51,PEDALCYCLIST STRUCK MOTOR VEHICLE FRONT END AT ANGLE,,10072,1,2b,Serious Injury Collision,,45,Bicycle,Matched,N,1,Overcast,0,"(47.61971961300003, -122.342391712)",12574,0,N,2013-292732
35400,152883,152903,Block,Cycles,339.5, ,,0,,08/13/2013 12:00:00 AM +0000,8/13/2013 7:12:00 PM,0,,Mid-Block (not related to intersection),Daylight,44TH AVE S BETWEEN S CLOVERDALE ST AND S TRENTON ST,0,1,,2,3589940,Dry,21,"MOTOR VEHICLE STRUCK PEDALCYCLIST, REAR END",,6727,0,1,Property Damage Only Collision,,45,Bicycle,Matched,N,1,Clear or Partly Cloudy,0,"(47.525190079000026, -122.278058553)",0,0,N,13-291648
35409,153047,153067,Block,Cycles,213, ,,0,,08/11/2013 12:00:00 AM +0000,8/11/2013 4:30:00 PM,1,,Mid-Block (not related to intersection),Daylight,1ST AVE BETWEEN PIKE ST AND PINE ST,1,1,,2,3554039,Dry,69,PEDALCYCLIST OVERTURNED IN ROAD,,1009,0,2,Injury Collision,,45,Bicycle,Matched,N,0,Clear or Partly Cloudy,0,"(47.60931643300006, -122.34046666699999)",36657,0,N,13-312247
35420,152717,152737,Block,Cycles,238, ,,0,,08/20/2013 12:00:00 AM +0000,8/20/2013 3:07:00 PM,1,,Driveway Junction,Daylight,CALIFORNIA AVE SW BETWEEN SW BARTON ST AND SW BRACE POINT E DR,0,1,,2,3504910,Dry,51,PEDALCYCLIST STRUCK MOTOR VEHICLE FRONT END AT ANGLE,,9590,0,2,Injury Collision,,45,Bicycle,Matched,N,1,Clear or Partly Cloudy,0,"(47.52181669500004, -122.38746939199996)",29353,0,N,13-300869
35450,153471,153491,Intersection,Cycles,0, ,,0,,09/08/2013 12:00:00 AM +0000,9/8/2013 5:45:00 PM,1,30173,At Intersection (intersection related),Daylight,23RD AVE AND E CHERRY ST,0,1,Y,2,3672443,Dry,51,PEDALCYCLIST STRUCK MOTOR VEHICLE FRONT END AT ANGLE,,3359,0,2,Injury Collision,Y,45,Bicycle,Matched,N,1,Clear or Partly Cloudy,0,"(47.60800896100005, -122.30276995599996)",9564,0,N,13-236950