OBJECTID,INCKEY,COLDETKEY,ADDRTYPE,COLLISIONTYPE,DISTANCE,EXCEPTRSNCODE,EXCEPTRSNDESC,FATALITIES,INATTENTIONIND,INCDATE,INCDTTM,INJURIES,INTKEY,JUNCTIONTYPE,LIGHTCOND,LOCATION,PEDCOUNT,PEDCYLCOUNT,PEDROWNOTGRNT,PERSONCOUNT,REPORTNO,ROADCOND,SDOT_COLCODE,SDOT_COLDESC,SDOTCOLNUM,SEGKEY,SERIOUSINJURIES,SEVERITYCODE,SEVERITYDESC,SPEEDING,ST_COLCODE,ST_COLDESC,STATUS,UNDERINFL,VEHCOUNT,WEATHER,WIDTH,Shape,SEGLANEKEY,CROSSWALKKEY,HITPARKEDCAR,SPDCASENO
35499,152488,152508,Block,Cycles,161, ,,0,,07/07/2010 12:00:00 AM +0000,7/7/2010 8:50:00 AM,1,,Mid-Block (not related to intersection),Daylight,E JEFFERSON ST BETWEEN 17TH AVE AND 18TH AVE,0,1,,2,3287268,Dry,22,"MOTOR VEHICLE STRUCK PEDALCYCLIST, RIGHT SIDE SIDESWIPE",,14225,0,2,Injury Collision,,45,Bicycle,Matched,N,1,Clear or Partly Cloudy,0,"(47.60617278900003, -122.30959758699998)",10500,0,N,2010-232001
35500,152889,152909,Block,Cycles,621, ,,0,Y,08/20/2013 12:00:00 AM +0000,8/20/2013 6:50:00 PM,1,,Mid-Block (not related to intersection),Daylight,LAKE WASHINGTON BLVD S BETWEEN S DAWSON ST AND LAKE WASHINGTON WR BLVD S,0,1,,2,3589985,Dry,18,"MOTOR VEHICLE STRUCK PEDALCYCLIST, FRONT END AT ANGLE",,11245,0,2,Injury Collision,,45,Bicycle,Matched,N,1,Clear or Partly Cloudy,0,"(47.55318298900005, -122.26047698999997)",38081,0,N,13-301108
35517,152186,152206,Intersection,Cycles,0, ,,0,,08/10/2013 12:00:00 AM +0000,8/10/2013 9:27:00 PM,0,32354,At Intersection (intersection related),Dark - Street Lights On,1ST AVE S AND S SPOKANE NR ST,0,1,,3,3589953,Dry,51,PEDALCYCLIST STRUCK MOTOR VEHICLE FRONT END AT ANGLE,,1213,0,1,Property Damage Only Collision,,45,Bicycle,Matched,N,1,Overcast,0,"(47.571706608000056, -122.33419697499994)",0,525550,N,13-287941
35531,152003,152023,Block,Cycles,1842, ,,0,,03/22/2013 12:00:00 AM +0000,3/22/2013 3:09:00 PM,1,,Mid-Block (not related to intersection),Daylight,LAKE WASHINGTON BLVD S BETWEEN LAKE PARK DR S AND S HORTON NR ST,0,1,,3,3671740,Dry,56,PEDALCYCLIST STRUCK MOTOR VEHICLE LEFT SIDE SIDESWIPE,,11230,0,2,Injury Collision,,45,Bicycle,Matched,N,1,Clear or Partly Cloudy,0,"(47.578874744000075, -122.28370626699996)",38080,0,N,13-96637
35539,153482,153502,Intersection,Cycles,0, ,,0,,09/04/2013 12:00:00 AM +0000,9/4/2013 5:24:00 PM,1,29737,At Intersection (intersection related),Daylight,NAGLE PL AND E PINE ST,0,1,Y,3,3606533,Dry,18,"MOTOR VEHICLE STRUCK PEDALCYCLIST, FRONT END AT ANGLE",,11942,0,2,Injury Collision,,45,Bicycle,Matched,N,1,Clear or Partly Cloudy,0,"(47.61524085500008, -122.32001617599997)",10408,0,N,13-321541
35590,150922,150942,Intersection,Cycles,0, ,,0,,07/19/2013 12:00:00 AM +0000,7/19/2013 9:44:00 PM,1,29590,At Intersection (intersection related),Dark - Street Lights On,4TH AVE AND UNION ST,0,1,Y,6,3566268,Dry,18,"MOTOR VEHICLE STRUCK PEDALCYCLIST, FRONT END AT ANGLE",,6130,0,2,Injury Collision,,45,Bicycle,Matched,N,1,Clear or Partly Cloudy,0,"(47.60922110800004, -122.33577524599997)",12743,0,N,13-257160
35591,151307,151327,Intersection,Cycles,0, ,,0,Y,07/26/2013 12:00:00 AM +0000,7/26/2013 8:04:00 PM,1,25468,At Intersection (intersection related),Daylight,15TH NB AVE NW AND NW LEARY WAY,0,1,,3,3572426,Unknown,18,"MOTOR VEHICLE STRUCK PEDALCYCLIST, FRONT END AT ANGLE",,2212,1,2b,Serious Injury Collision,,45,Bicycle,Matched,N,1,Unknown,0,"(47.66366435200007, -122.37612339299994)",18245,0,N,13-266665
35601,151134,151154,Intersection,Cycles,0, ,,0,Y,07/24/2013 12:00:00 AM +0000,7/24/2013 4:36:00 PM,1,30481,At Intersection (intersection related),Daylight,3RD AVE AND CHERRY ST,0,1,,3,3573603,Dry,18,"MOTOR VEHICLE STRUCK PEDALCYCLIST, FRONT END AT ANGLE",,4376,0,2,Injury Collision,,45,Bicycle,Matched,N,1,Clear or Partly Cloudy,0,"(47.603483890000064, -122.33206224599996)",0,521558,N,13-263725
35680,152740,152760,Intersection,Cycles,0, ,,0,,08/22/2013 12:00:00 AM +0000,8/22/2013 8:00:00 PM,1,29916,At Intersection (intersection related),Daylight,8TH AVE AND SENECA ST,0,1,,2,3590008,Dry,18,"MOTOR VEHICLE STRUCK PEDALCYCLIST, FRONT END AT ANGLE",,8278,0,2,Injury Collision,,45,Bicycle,Matched,N,1,Clear or Partly Cloudy,0,"(47.60937180500008, -122.32977650099997)",35515,0,N,13-303927
35725,153483,153503,Block,Cycles,133, ,,0,,08/30/2013 12:00:00 AM +0000,8/30/2013 9:55:00 PM,1,,Mid-Block (but intersection related),Dark - Street Lights On,NW MARKET ST BETWEEN 7TH AVE NW AND 8TH AVE NW,0,1,,2,3566269,Dry,51,PEDALCYCLIST STRUCK MOTOR VEHICLE FRONT END AT ANGLE,,19222,0,2,Injury Collision,Y,45,Bicycle,Matched,N,1,Clear or Partly Cloudy,0,"(47.66865278700004, -122.36563606499999)",2408,0,N,13-315182
35766,151502,151522,Block,Cycles,213, ,,0,,08/01/2013 12:00:00 AM +0000,8/1/2013 8:51:00 AM,1,,Mid-Block (not related to intersection),Daylight,WESTLAKE AVE N BETWEEN THOMAS ST AND HARRISON ST,0,1,Y,2,3560974,Dry,18,"MOTOR VEHICLE STRUCK PEDALCYCLIST, FRONT END AT ANGLE",,13534,0,2,Injury Collision,,45,Bicycle,Matched,N,1,Overcast,0,"(47.62145629200006, -122.33846055199996)",25117,0,N,13-274346
35771,151861,151881,Block,Cycles,213, ,,0,,08/06/2013 12:00:00 AM +0000,8/6/2013 9:12:00 AM,1,,Mid-Block (not related to intersection),Daylight,QUEEN ANNE AVE N BETWEEN HARRISON ST AND REPUBLICAN ST,0,1,Y,3,3197944,Dry,18,"MOTOR VEHICLE STRUCK PEDALCYCLIST, FRONT END AT ANGLE",,12297,0,2,Injury Collision,,45,Bicycle,Matched,N,1,Clear or Partly Cloudy,0,"(47.62269121600008, -122.35672458699997)",12324,0,N,2013-281474
35785,155560,155580,Alley,Cycles,, ,,0,Y,10/21/2013 12:00:00 AM +0000,10/21/2013 12:25:00 PM,1,,,Daylight,,0,1,,3,3503119,Dry,00,NOT ENOUGH INFORMATION / NOT APPLICABLE,,,0,2,Injury Collision,Y,45,Bicycle,Matched,N,1,Overcast,0,,0,0,N,13-382342
35814,152210,152230,Block,Cycles,185, ,,0,Y,08/09/2013 12:00:00 AM +0000,8/9/2013 7:14:00 PM,0,,Mid-Block (not related to intersection),Daylight,UNIVERSITY BR BETWEEN FUHRMAN AVE E AND POINT A,0,1,,2,3606159,Dry,23,"MOTOR VEHICLE STRUCK PEDALCYCLIST, LEFT SIDE SIDESWIPE",,13189,0,1,Property Damage Only Collision,,45,Bicycle,Matched,N,1,Clear or Partly Cloudy,0,"(47.65202472800007, -122.32092404899998)",15462,0,N,13-286439
35827,155905,155925,Block,Cycles,401, ,,0,,10/28/2013 12:00:00 AM +0000,10/28/2013 12:10:00 PM,1,,Mid-Block (not related to intersection),Daylight,6TH AVE S BETWEEN S HOLGATE ST AND S WALKER ST,0,1,,2,3643646,Dry,51,PEDALCYCLIST STRUCK MOTOR VEHICLE FRONT END AT ANGLE,,7992,0,2,Injury Collision,,45,Bicycle,Matched,N,1,Clear or Partly Cloudy,0,"(47.58507696200007, -122.32597324799997)",0,0,N,2013-391372
35835,156228,156248,Block,Cycles,135, ,,0,,10/16/2013 12:00:00 AM +0000,10/16/2013 1:40:00 PM,1,,Mid-Block (not related to intersection),Daylight,MERIDIAN AVE N BETWEEN N 54TH ST AND N 55TH ST,0,1,,2,3646110,Unknown,51,PEDALCYCLIST STRUCK MOTOR VEHICLE FRONT END AT ANGLE,,11802,1,2b,Serious Injury Collision,,45,Bicycle,Matched,N,1,Unknown,0,"(47.66831166800006, -122.33366789999997)",31696,0,N,2013-398314
35842,156072,156092,Block,Cycles,161, ,,0,,10/24/2013 12:00:00 AM +0000,10/24/2013 2:25:00 PM,1,,Mid-Block (not related to intersection),Daylight,JAMES ST BETWEEN 2ND AVE AND 3RD AVE,0,1,,2,3585177,Dry,18,"MOTOR VEHICLE STRUCK PEDALCYCLIST, FRONT END AT ANGLE",,11050,0,2,Injury Collision,,45,Bicycle,Matched,N,1,Overcast,0,"(47.60253667200004, -122.33196570599995)",24805,0,N,13 386345
35843,155746,155766,Intersection,Cycles,0, ,,0,Y,10/23/2013 12:00:00 AM +0000,10/23/2013 8:40:00 AM,1,27043,At Intersection (intersection related),Daylight,TROLL AVE N AND N 34TH ST,0,1,,2,3582252,Dry,18,"MOTOR VEHICLE STRUCK PEDALCYCLIST, FRONT END AT ANGLE",,9002,0,2,Injury Collision,,45,Bicycle,Matched,N,1,Overcast,0,"(47.64924012200004, -122.34741874299999)",8816,0,N,13-384640
35851,155744,155764,Intersection,Cycles,0, ,,0,,10/24/2013 12:00:00 AM +0000,10/24/2013 8:15:00 PM,1,166923,At Intersection (intersection related),Dark - Street Lights On,BEACON ER AVE S AND S COLUMBIAN WAY,0,1,Y,2,3574739,Dry,18,"MOTOR VEHICLE STRUCK PEDALCYCLIST, FRONT END AT ANGLE",,19700,0,2,Injury Collision,,45,Bicycle,Matched,N,1,Clear or Partly Cloudy,0,"(47.55963760800006, -122.30438636099996)",0,525560,N,2013 386751
35865,154017,154037,Block,Cycles,380, ,,0,,09/06/2013 12:00:00 AM +0000,9/6/2013 3:24:00 AM,1,,Mid-Block (not related to intersection),Dark - Street Lights On,1ST AVE S BETWEEN S ROYAL BROUGHAM WAY AND S ATLANTIC ST,0,1,,2,3643837,Wet,21,"MOTOR VEHICLE STRUCK PEDALCYCLIST, REAR END",,1202,0,2,Injury Collision,,45,Bicycle,Matched,N,1,Raining,0,"(47.59135531000004, -122.33419497799997)",5226,0,N,13 323388
35877,154530,154550,Block,Cycles,154.5, ,,0,,09/21/2013 12:00:00 AM +0000,9/21/2013 7:49:00 PM,1,,Mid-Block (not related to intersection),Dark - Street Lights On,M L KING JR WAY S BETWEEN S HOLGATE ST AND S PLUM ST,0,1,,2,3590203,Dry,21,"MOTOR VEHICLE STRUCK PEDALCYCLIST, REAR END",,11513,1,2b,Serious Injury Collision,,45,Bicycle,Matched,N,1,Clear or Partly Cloudy,0,"(47.58590509800007, -122.29812770099994)",37774,0,N,13-344809
35893,154855,154875,Intersection,Cycles,0, ,,0,,09/28/2013 12:00:00 AM +0000,9/28/2013 12:55:00 PM,1,37418,At Intersection (intersection related),Daylight,GREENWOOD AVE N AND N 95TH ST,0,1,,2,3641606,Wet,51,PEDALCYCLIST STRUCK MOTOR VEHICLE FRONT END AT ANGLE,,10757,0,2,Injury Collision,,45,Bicycle,Matched,N,1,Raining,0,"(47.69783859900008, -122.35537700999998)",0,0,N,2013 353240
35905,155384,155404,Intersection,Cycles,0, ,,0,,10/14/2013 12:00:00 AM +0000,10/14/2013 7:15:00 PM,1,29561,At Intersection (intersection related),Dark - Street Lights On,2ND AVE AND LENORA ST,0,1,,3,3645962,Dry,18,"MOTOR VEHICLE STRUCK PEDALCYCLIST, FRONT END AT ANGLE",,2762,0,2,Injury Collision,,45,Bicycle,Matched,N,1,Clear or Partly Cloudy,0,"(47.612501902000076, -122.34305260499997)",12197,0,N,2013-373894
36016,154214,154234,Block,Cycles,263.5, ,,0,,09/19/2013 12:00:00 AM +0000,9/19/2013 4:28:00 PM,1,,Mid-Block (not related to intersection),Daylight,LAKESIDE AVE BETWEEN E YESLER WAY AND LAKE WASHINGTON BLVD,0,1,,2,3672681,Dry,54,PEDALCYCLIST STRUCK MOTOR VEHICLE REAR END,,11252,0,2,Injury Collision,,45,Bicycle,Matched,N,1,Clear or Partly Cloudy,0,"(47.602350311000066, -122.28497101999994)",35103,0,N,13-341836
36019,154708,154728,Intersection,Cycles,0, ,,0,Y,09/26/2013 12:00:00 AM +0000,9/26/2013 3:43:00 PM,1,31082,At Intersection (intersection related),Daylight,CALIFORNIA AVE SW AND SW LANDER ST,0,1,Y,2,3386101,Dry,18,"MOTOR VEHICLE STRUCK PEDALCYCLIST, FRONT END AT ANGLE",,9541,1,2b,Serious Injury Collision,,45,Bicycle,Matched,N,1,Clear or Partly Cloudy,0,"(47.57931014500008, -122.386621376)",0,522657,N,13 350639
36032,154544,154564,Block,Cycles,213, ,,0,,09/19/2013 12:00:00 AM +0000,9/19/2013 3:55:00 PM,2,,Mid-Block (but intersection related),Daylight,3RD AVE BETWEEN UNION ST AND PIKE ST,1,1,,3,3644036,Dry,21,"MOTOR VEHICLE STRUCK PEDALCYCLIST, REAR END",,4383,0,2,Injury Collision,,45,Bicycle,Matched,N,1,Clear or Partly Cloudy,0,"(47.60925181700003, -122.33733769199995)",35807,0,N,13 341772
36066,155918,155938,Block,Cycles,130.5, ,,0,,10/27/2013 12:00:00 AM +0000,10/27/2013 4:26:00 PM,0,,Mid-Block (not related to intersection),Daylight,E PINE ST BETWEEN BELMONT AVE AND BOYLSTON AVE,0,1,Y,2,3672855,Dry,56,PEDALCYCLIST STRUCK MOTOR VEHICLE LEFT SIDE SIDESWIPE,,14631,0,1,Property Damage Only Collision,,45,Bicycle,Matched,N,1,Clear or Partly Cloudy,0,"(47.615228063000075, -122.32394607099997)",10368,0,N,2013-390503
36105,155601,155621,Block,Cycles,123, ,,0,,10/16/2013 12:00:00 AM +0000,10/16/2013 5:30:00 PM,1,,Mid-Block (but intersection related),Daylight,6TH AVE BETWEEN WESTLAKE AVE AND VIRGINIA ST,0,1,Y,2,3570477,Dry,00,NOT ENOUGH INFORMATION / NOT APPLICABLE,,7888,0,2,Injury Collision,,45,Bicycle,Matched,N,1,Clear or Partly Cloudy,0,"(47.614168290000066, -122.33793724999998)",25437,0,N,13-377514
36199,155237,155257,Intersection,Cycles,0, ,,0,,10/09/2013 12:00:00 AM +0000,10/9/2013 2:48:00 PM,1,28294,At Intersection (intersection related),Daylight,EASTLAKE AVE E AND E EDGAR ST,0,1,,2,3606537,Dry,51,PEDALCYCLIST STRUCK MOTOR VEHICLE FRONT END AT ANGLE,,10180,0,2,Injury Collision,,45,Bicycle,Matched,N,1,Clear or Partly Cloudy,0,"(47.64449321800004, -122.32588269599995)",24696,0,N,13-367218
36261,154561,154581,Intersection,Cycles,0, ,,0,,09/25/2013 12:00:00 AM +0000,9/25/2013 7:51:00 AM,1,25432,At Intersection (intersection related),Daylight,8TH AVE NW AND NW 54TH ST,0,1,,4,3609358,Wet,51,PEDALCYCLIST STRUCK MOTOR VEHICLE FRONT END AT ANGLE,,8383,0,2,Injury Collision,,45,Bicycle,Matched,N,1,Overcast,0,"(47.66791249800008, -122.36617990299999)",2394,0,N,13-348951
36320,155063,155083,Intersection,Cycles,0, ,,0,,10/06/2013 12:00:00 AM +0000,10/6/2013 12:04:00 PM,1,24323,At Intersection (intersection related),Daylight,FREMONT AVE N AND N 73RD ST,0,1,,2,3609292,Dry,18,"MOTOR VEHICLE STRUCK PEDALCYCLIST, FRONT END AT ANGLE",,10516,0,2,Injury Collision,,45,Bicycle,Matched,N,1,Clear or Partly Cloudy,0,"(47.68180341500005, -122.34989069199997)",0,0,N,13-363466
36338,154914,154934,Block,Cycles,165, ,,0,,10/01/2013 12:00:00 AM +0000,10/1/2013 8:26:00 AM,1,,Mid-Block (not related to intersection),Daylight,NE 110TH ST BETWEEN 35TH AVE NE AND 36TH AVE NE,0,1,,2,3501410,Wet,51,PEDALCYCLIST STRUCK MOTOR VEHICLE FRONT END AT ANGLE,,16289,0,2,Injury Collision,,45,Bicycle,Matched,N,1,Raining,0,"(47.70836469600005, -122.29009500399997)",0,0,N,13-356623
36415,154091,154111,Intersection,Cycles,0, ,,0,Y,09/16/2013 12:00:00 AM +0000,9/16/2013 5:30:00 PM,1,31344,At Intersection (intersection related),Daylight,1ST AVE S AND S MASSACHUSETTS ST,0,1,,2,3581597,Dry,18,"MOTOR VEHICLE STRUCK PEDALCYCLIST, FRONT END AT ANGLE",,1204,0,2,Injury Collision,,45,Bicycle,Matched,N,1,Clear or Partly Cloudy,0,"(47.58822858900004, -122.33419664299998)",0,600377,N,13-337923
36430,154237,154257,Block,Cycles,185, ,,0,,08/09/2012 12:00:00 AM +0000,8/9/2012 2:41:00 PM,1,,Mid-Block (not related to intersection),Daylight,W COMMODORE WAY BETWEEN 21ST AVE W AND 22ND AVE W,0,1,,2,3549355,Dry,18,"MOTOR VEHICLE STRUCK PEDALCYCLIST, FRONT END AT ANGLE",,23163,0,2,Injury Collision,,45,Bicycle,Matched,N,1,Clear or Partly Cloudy,0,"(47.65953408100006, -122.38390964399997)",0,0,N,12-262529
36456,155070,155090,Intersection,Cycles,0, ,,0,,10/05/2013 12:00:00 AM +0000,10/5/2013 2:07:00 PM,1,30851,At Intersection (intersection related),Daylight,LAKE PARK DR S AND LAKE WASHINGTON BLVD S,0,1,Y,2,3671921,Dry,18,"MOTOR VEHICLE STRUCK PEDALCYCLIST, FRONT END AT ANGLE",,11193,0,2,Injury Collision,,45,Bicycle,Matched,N,1,Clear or Partly Cloudy,0,"(47.58295465400005, -122.28765893499997)",38003,0,N,13-362350
36468,154922,154942,Intersection,Cycles,0, ,,0,,10/02/2013 12:00:00 AM +0000,10/2/2013 3:26:00 PM,1,30482,At Intersection (intersection related),Daylight,2ND AVE AND JAMES ST,0,1,Y,2,3585426,Wet,18,"MOTOR VEHICLE STRUCK PEDALCYCLIST, FRONT END AT ANGLE",,2749,0,2,Injury Collision,,45,Bicycle,Matched,N,1,Overcast,0,"(47.60230560100007, -122.33251943999994)",12029,0,N,13-358375
36498,153922,153942,Block,Cycles,108, ,,0,Y,09/12/2013 12:00:00 AM +0000,9/12/2013 2:39:00 PM,1,,Mid-Block (not related to intersection),Daylight,N 36TH ST BETWEEN ASHWORTH AVE N AND CARR PL N,0,1,,2,3642148,Dry,00,NOT ENOUGH INFORMATION / NOT APPLICABLE,,15332,0,2,Injury Collision,,45,Bicycle,Matched,N,1,Clear or Partly Cloudy,0,"(47.65051496800004, -122.33980374699996)",0,0,N,2013-332235
36502,155943,155963,Intersection,Cycles,0, ,,0,Y,10/28/2013 12:00:00 AM +0000,10/28/2013 9:40:00 AM,1,29729,At Intersection (intersection related),Daylight,12TH AVE AND E OLIVE ST,0,1,Y,2,3672575,Dry,18,"MOTOR VEHICLE STRUCK PEDALCYCLIST, FRONT END AT ANGLE",,1548,0,2,Injury Collision,,45,Bicycle,Matched,N,1,Clear or Partly Cloudy,0,"(47.61643219200005, -122.31687284899999)",10853,0,N,13 391218
36555,154250,154270,Intersection,Cycles,0, ,,0,,08/14/2012 12:00:00 AM +0000,8/14/2012 10:06:00 AM,0,29809,At Intersection (intersection related),Daylight,12TH AVE AND E JEFFERSON ST,0,1,Y,2,3552212,Dry,21,"MOTOR VEHICLE STRUCK PEDALCYCLIST, REAR END",,1529,0,1,Property Damage Only Collision,,45,Bicycle,Matched,N,1,Clear or Partly Cloudy,0,"(47.60620304500003, -122.31678046599995)",10465,0,N,12-269024
36559,154932,154952,Block,Cycles,132, ,,0,Y,10/01/2013 12:00:00 AM +0000,10/1/2013 1:45:00 PM,1,,Mid-Block (not related to intersection),Daylight,NE 45TH ST BETWEEN 2ND AVE NE AND THACKERAY PL NE,0,1,,2,3582129,Dry,18,"MOTOR VEHICLE STRUCK PEDALCYCLIST, FRONT END AT ANGLE",,16839,0,2,Injury Collision,,45,Bicycle,Matched,N,1,Clear or Partly Cloudy,0,"(47.66135208600008, -122.32671661299997)",6536,0,N,13-356982
36577,154243,154263,Block,Cycles,153, ,,0,Y,09/18/2013 12:00:00 AM +0000,9/18/2013 2:23:00 PM,0,,Driveway Junction,Daylight,6TH AVE S BETWEEN S LANE ST AND S DEARBORN ST,0,1,,2,3574876,Dry,18,"MOTOR VEHICLE STRUCK PEDALCYCLIST, FRONT END AT ANGLE",,7986,0,1,Property Damage Only Collision,,45,Bicycle,Matched,N,1,Clear or Partly Cloudy,0,"(47.596258136000074, -122.32637212399999)",0,0,N,13-340335
36583,154584,154604,Block,Cycles,326.5, ,,0,,09/25/2013 12:00:00 AM +0000,9/25/2013 12:07:00 PM,0,,Mid-Block (not related to intersection),Daylight,WALLINGFORD AVE N BETWEEN N 80TH ST AND N 82ND ST,0,1,,2,3554042,Wet,18,"MOTOR VEHICLE STRUCK PEDALCYCLIST, FRONT END AT ANGLE",,13387,0,1,Property Damage Only Collision,,45,Bicycle,Matched,N,1,Overcast,0,"(47.68781239100008, -122.33641385299995)",27605,0,N,13-349197
36602,155948,155968,Intersection,Cycles,0, ,,0,Y,10/27/2013 12:00:00 AM +0000,10/27/2013 9:06:00 AM,1,29158,At Intersection (intersection related),Daylight,BELMONT AVE E AND E DENNY WAY,0,1,,2,3672854,Wet,18,"MOTOR VEHICLE STRUCK PEDALCYCLIST, FRONT END AT ANGLE",,9236,0,2,Injury Collision,,45,Bicycle,Matched,N,1,Raining,0,"(47.618483387000026, -122.324004807)",35198,0,N,2013-390128
36605,155647,155667,Intersection,Cycles,0, ,,0,,10/22/2013 12:00:00 AM +0000,10/22/2013 8:35:00 AM,1,29603,At Intersection (intersection related),Daylight,2ND AVE AND UNIVERSITY ST,0,1,Y,2,3573557,Dry,18,"MOTOR VEHICLE STRUCK PEDALCYCLIST, FRONT END AT ANGLE",,2756,0,2,Injury Collision,,45,Bicycle,Matched,N,1,Overcast,0,"(47.60729905800008, -122.33708679799997)",12162,0,N,13 383390
36640,154253,154273,Block,Cycles,336, ,,0,,08/11/2012 12:00:00 AM +0000,8/11/2012 9:41:00 AM,1,,Mid-Block (not related to intersection),Daylight,19TH AVE BETWEEN E ALDER ST AND E JEFFERSON ST,0,1,,2,3552272,Dry,16,"MOTOR VEHICLE STRUCK MOTOR VEHICLE, LEFT SIDE SIDESWIPE",,2643,0,2,Injury Collision,,45,Bicycle,Matched,N,1,Clear or Partly Cloudy,0,"(47.605241619000026, -122.30764226399998)",8655,0,N,2012-265063
36661,156138,156158,Intersection,Cycles,0, ,,0,,11/03/2013 12:00:00 AM +0000,11/3/2013 1:10:00 PM,1,27298,At Intersection (intersection related),Daylight,NE PACIFIC PL AND NE PACIFIC ST,0,1,,2,3210215,Dry,51,PEDALCYCLIST STRUCK MOTOR VEHICLE FRONT END AT ANGLE,,18037,0,2,Injury Collision,,45,Bicycle,Matched,N,1,Overcast,0,"(47.650543277000054, -122.30761623199999)",0,524624,N,13-399489
36666,154116,154136,Intersection,Cycles,0, ,,0,,08/22/2012 12:00:00 AM +0000,8/22/2012 5:22:00 PM,1,26916,At Intersection (intersection related),Dusk,BURKE AVE N AND N NORTHLAKE WAY,0,1,Y,3,3376825,Dry,18,"MOTOR VEHICLE STRUCK PEDALCYCLIST, FRONT END AT ANGLE",,9499,0,2,Injury Collision,,45,Bicycle,Matched,N,1,Clear or Partly Cloudy,0,"(47.64687291300004, -122.33516875699996)",0,630885,N,12-280446
36675,153937,153957,Intersection,Cycles,0, ,,0,,09/11/2013 12:00:00 AM +0000,9/11/2013 11:00:00 AM,1,26627,At Intersection (intersection related),Daylight,LEARY WAY NW AND NW 43RD ST,0,1,Y,2,3646000,Dry,18,"MOTOR VEHICLE STRUCK PEDALCYCLIST, FRONT END AT ANGLE",,11342,0,2,Injury Collision,,45,Bicycle,Matched,N,1,Clear or Partly Cloudy,0,"(47.65894425400006, -122.36471610299998)",0,523087,N,13-330605
36687,153933,153953,Intersection,Cycles,0, ,,0,,09/12/2013 12:00:00 AM +0000,9/12/2013 3:00:00 PM,1,27167,At Intersection (intersection related),Daylight,UNIVERSITY WAY NE AND NE PACIFIC ST,0,1,Y,2,3672587,Dry,18,"MOTOR VEHICLE STRUCK PEDALCYCLIST, FRONT END AT ANGLE",,13215,0,2,Injury Collision,,45,Bicycle,Matched,N,1,Clear or Partly Cloudy,0,"(47.65339944100003, -122.31333457599999)",0,524617,N,13-331064
36699,154589,154609,Block,Cycles,692.5, ,,0,,09/19/2013 12:00:00 AM +0000,9/19/2013 5:20:00 PM,1,,Mid-Block (but intersection related),Daylight,HARBOR AVE SW BETWEEN SW MARYLAND PL AND CALIFORNIA WAY SW,0,1,Y,2,3465538,Dry,18,"MOTOR VEHICLE STRUCK PEDALCYCLIST, FRONT END AT ANGLE",,10814,0,2,Injury Collision,,45,Bicycle,Matched,N,1,Clear or Partly Cloudy,0,"(47.59131555300007, -122.38237552699997)",4155,0,N,2013-341898
36701,154935,154955,Block,Cycles,252, ,,0,Y,10/01/2013 12:00:00 AM +0000,10/1/2013 8:50:00 AM,1,,Driveway Junction,Daylight,FREMONT AVE N BETWEEN N 36TH ST AND N 38TH ST,1,1,,4,3582130,Wet,18,"MOTOR VEHICLE STRUCK PEDALCYCLIST, FRONT END AT ANGLE",,10487,0,2,Injury Collision,,45,Bicycle,Matched,N,1,Raining,0,"(47.652037807000056, -122.34992726899998)",8364,0,N,13-356719
36717,155275,155295,Intersection,Cycles,0, ,,0,,10/11/2013 12:00:00 AM +0000,10/11/2013 5:43:00 PM,1,36202,At Intersection (intersection related),Dusk,35TH AVE NE AND NE 130TH S ST,0,1,,3,3502890,Dry,18,"MOTOR VEHICLE STRUCK PEDALCYCLIST, FRONT END AT ANGLE",,5397,0,2,Injury Collision,,45,Bicycle,Matched,N,1,Clear or Partly Cloudy,0,"(47.72263940000005, -122.29083126699999)",7835,0,N,13-320034
36756,155821,155841,Block,Cycles,213, ,,0,Y,10/24/2013 12:00:00 AM +0000,10/24/2013 10:54:00 PM,1,,Mid-Block (not related to intersection),Dark - Street Lights On,WESTLAKE AVE N BETWEEN THOMAS ST AND HARRISON ST,0,1,,2,3581836,Dry,54,PEDALCYCLIST STRUCK MOTOR VEHICLE REAR END,,13534,0,2,Injury Collision,,45,Bicycle,Matched,N,1,Clear or Partly Cloudy,0,"(47.62145629200006, -122.33846055199996)",25130,0,N,13-386921
36835,156537,156557,Block,Cycles,161, ,,0,,05/04/2011 12:00:00 AM +0000,5/4/2011 9:54:00 AM,1,,Mid-Block (not related to intersection),Daylight,S DEARBORN ST BETWEEN 7TH AVE S AND 8TH AVE S,0,1,Y,2,2898375,Dry,18,"MOTOR VEHICLE STRUCK PEDALCYCLIST, FRONT END AT ANGLE",,19829,0,2,Injury Collision,,45,Bicycle,Matched,N,1,Clear or Partly Cloudy,0,"(47.59583224000005, -122.32311316699997)",0,0,N,11-141785
36848,155463,155483,Intersection,Cycles,0, ,,0,,10/13/2013 12:00:00 AM +0000,10/13/2013 6:00:00 PM,1,29865,At Intersection (intersection related),Unknown,BOREN AVE AND OLIVE WAY,0,1,,2,3643608,Unknown,51,PEDALCYCLIST STRUCK MOTOR VEHICLE FRONT END AT ANGLE,,9321,0,2,Injury Collision,,45,Bicycle,Matched,N,1,Unknown,0,"(47.615449718000036, -122.33072969599999)",0,523743,N,2013-374618
36903,155833,155853,Intersection,Cycles,0, ,,0,,10/25/2013 12:00:00 AM +0000,10/25/2013 7:14:00 PM,1,25334,At Intersection (intersection related),Dark - Street Lights On,3RD AVE NW AND NW MARKET ST,0,1,,2,3502814,Dry,51,PEDALCYCLIST STRUCK MOTOR VEHICLE FRONT END AT ANGLE,,4454,0,2,Injury Collision,,45,Bicycle,Matched,N,1,Clear or Partly Cloudy,0,"(47.66692039000003, -122.36080133399997)",22096,0,N,13 387979