OBJECTID,INCKEY,COLDETKEY,ADDRTYPE,COLLISIONTYPE,DISTANCE,EXCEPTRSNCODE,EXCEPTRSNDESC,FATALITIES,INATTENTIONIND,INCDATE,INCDTTM,INJURIES,INTKEY,JUNCTIONTYPE,LIGHTCOND,LOCATION,PEDCOUNT,PEDCYLCOUNT,PEDROWNOTGRNT,PERSONCOUNT,REPORTNO,ROADCOND,SDOT_COLCODE,SDOT_COLDESC,SDOTCOLNUM,SEGKEY,SERIOUSINJURIES,SEVERITYCODE,SEVERITYDESC,SPEEDING,ST_COLCODE,ST_COLDESC,STATUS,UNDERINFL,VEHCOUNT,WEATHER,WIDTH,Shape,SEGLANEKEY,CROSSWALKKEY,HITPARKEDCAR,SPDCASENO
36909,155831,155851,Block,Cycles,322.5, ,,0,,10/25/2013 12:00:00 AM +0000,10/25/2013 7:41:00 PM,1,,Mid-Block (not related to intersection),Dark - Street Lights On,BROOKLYN AVE NE BETWEEN NE PACIFIC ST AND NE 40TH ST,0,1,Y,2,3582680,Dry,18,"MOTOR VEHICLE STRUCK PEDALCYCLIST, FRONT END AT ANGLE",,9475,0,2,Injury Collision,,45,Bicycle,Matched,N,1,Clear or Partly Cloudy,0,"(47.65448187100003, -122.31446453699999)",0,525567,N,13-388008
36916,155828,155848,Block,Cycles,335, ,,0,,10/28/2013 12:00:00 AM +0000,10/28/2013 11:50:00 AM,1,,Mid-Block (not related to intersection),Daylight,ROOSEVELT WAY NE BETWEEN NE 45TH ST AND NE 47TH ST,0,1,,4,3582523,Dry,56,PEDALCYCLIST STRUCK MOTOR VEHICLE LEFT SIDE SIDESWIPE,,12599,0,2,Injury Collision,,45,Bicycle,Matched,N,2,Clear or Partly Cloudy,0,"(47.662198043000046, -122.31745114299997)",10833,0,N,13-391352
36931,154133,154153,Block,Cycles,451.5, ,,0,,08/06/2012 12:00:00 AM +0000,8/6/2012 9:59:00 AM,1,,Mid-Block (not related to intersection),Daylight,S HENDERSON ST BETWEEN RAINIER AVE S AND 53RD AVE S,0,1,Y,2,3467160,Dry,18,"MOTOR VEHICLE STRUCK PEDALCYCLIST, FRONT END AT ANGLE",,20245,0,2,Injury Collision,,45,Bicycle,Matched,N,1,Overcast,0,"(47.52330258200004, -122.26816089599998)",3806,0,N,2012-258122
36941,154609,154629,Block,Cycles,265.5, ,,0,,09/24/2013 12:00:00 AM +0000,9/24/2013 7:07:00 PM,1,,Mid-Block (but intersection related),Dark - Street Lights On,NW 45TH ST BETWEEN 9TH AVE NW AND 11TH AVE NW,0,2,,2,3582291,Dry,18,"MOTOR VEHICLE STRUCK PEDALCYCLIST, FRONT END AT ANGLE",,18336,0,2,Injury Collision,,45,Bicycle,Matched,Y,0,Overcast,0,"(47.661468177000074, -122.36969047599996)",0,0,N,13 348478
36979,155296,155316,Intersection,Cycles,0, ,,0,,10/12/2013 12:00:00 AM +0000,10/12/2013 7:49:00 PM,1,27094,At Intersection (intersection related),Dark - Street Lights On,9TH AVE NE AND NE 42ND ST,0,1,,4,3284800,Dry,51,PEDALCYCLIST STRUCK MOTOR VEHICLE FRONT END AT ANGLE,,8539,0,2,Injury Collision,,45,Bicycle,Matched,N,1,Clear or Partly Cloudy,0,"(47.657515871000044, -122.31879625099998)",0,0,N,2013-371414
36991,154797,154817,Intersection,Cycles,0, ,,0,,09/30/2013 12:00:00 AM +0000,9/30/2013 11:38:00 AM,1,28777,At Intersection (intersection related),Daylight,FAIRVIEW AVE N AND HARRISON ST,0,1,,2,3549031,Wet,51,PEDALCYCLIST STRUCK MOTOR VEHICLE FRONT END AT ANGLE,,10348,0,2,Injury Collision,,45,Bicycle,Matched,N,1,Raining,0,"(47.621999806000076, -122.33427421599998)",25100,0,N,13-355599
37024,155836,155856,Block,Cycles,161, ,,0,Y,10/27/2013 12:00:00 AM +0000,10/27/2013 4:24:00 PM,1,,Mid-Block (but intersection related),Daylight,PIKE ST BETWEEN BOREN AVE AND MELROSE AVE,0,1,,2,3585164,Wet,54,PEDALCYCLIST STRUCK MOTOR VEHICLE REAR END,,12207,0,2,Injury Collision,,45,Bicycle,Matched,N,1,Overcast,0,"(47.61369730700005, -122.32836055699994)",31087,0,N,2013-390500
37085,154448,154468,Intersection,Cycles,0, ,,0,,09/21/2013 12:00:00 AM +0000,9/21/2013 4:51:00 PM,1,25443,At Intersection (intersection related),Daylight,8TH AVE NW AND NW 50TH ST,0,1,,2,3608814,Dry,18,"MOTOR VEHICLE STRUCK PEDALCYCLIST, FRONT END AT ANGLE",,8379,0,2,Injury Collision,,45,Bicycle,Matched,N,1,Clear or Partly Cloudy,0,"(47.66503748100007, -122.36618751699996)",0,0,N,13 344631
37095,155302,155322,Intersection,Cycles,0, ,,0,,10/12/2013 12:00:00 AM +0000,10/12/2013 6:56:00 PM,1,34499,At Intersection (intersection related),Dark - Street Lights On,RENTON AVE S AND S CHICAGO ST,0,1,,3,3502043,Dry,18,"MOTOR VEHICLE STRUCK PEDALCYCLIST, FRONT END AT ANGLE",,12514,0,2,Injury Collision,,45,Bicycle,Matched,N,1,Clear or Partly Cloudy,0,"(47.53248587100006, -122.27857513499998)",7620,0,N,2013-371358
37167,156011,156031,Intersection,Cycles,0, ,,0,,10/30/2013 12:00:00 AM +0000,10/30/2013 9:52:00 PM,1,27065,At Intersection (intersection related),Dark - Street Lights On,11TH AVE NE AND NE 45TH ST,0,1,,2,3554050,Wet,51,PEDALCYCLIST STRUCK MOTOR VEHICLE FRONT END AT ANGLE,,1409,0,2,Injury Collision,,45,Bicycle,Matched,N,1,Raining,0,"(47.66129196000003, -122.31657893399995)",8938,0,N,13-394539
37267,155130,155150,Intersection,Cycles,0, ,,0,,10/04/2013 12:00:00 AM +0000,10/4/2013 3:47:00 PM,1,29112,At Intersection (intersection related),Daylight,BELMONT AVE E AND E ROY ST,0,1,,2,3672778,Dry,18,"MOTOR VEHICLE STRUCK PEDALCYCLIST, FRONT END AT ANGLE",,9242,1,2b,Serious Injury Collision,,45,Bicycle,Matched,N,1,Clear or Partly Cloudy,0,"(47.62511809200004, -122.32404140599999)",36113,0,N,13-361093
37272,155497,155517,Block,Cycles,125.5, ,,0,,10/04/2013 12:00:00 AM +0000,10/4/2013 5:32:00 PM,1,,Mid-Block (not related to intersection),Daylight,PHINNEY AVE N BETWEEN N 60TH ST AND N 61ST ST,0,1,,2,3642068,Dry,00,NOT ENOUGH INFORMATION / NOT APPLICABLE,,12155,0,2,Injury Collision,,45,Bicycle,Matched,N,1,Clear or Partly Cloudy,0,"(47.67282886400005, -122.35437723999996)",3848,0,N,13-361208
37283,155333,155353,Block,Cycles,252, ,,0,,10/13/2013 12:00:00 AM +0000,10/13/2013 12:52:00 PM,1,,Mid-Block (not related to intersection),Daylight,FREMONT AVE N BETWEEN N 36TH ST AND N 38TH ST,0,1,Y,4,3465362,Dry,18,"MOTOR VEHICLE STRUCK PEDALCYCLIST, FRONT END AT ANGLE",,10487,0,2,Injury Collision,,45,Bicycle,Matched,N,1,Clear or Partly Cloudy,0,"(47.652037807000056, -122.34992726899998)",8364,0,N,13-372221
37297,155858,155878,Block,Cycles,213.5, ,,0,,10/29/2013 12:00:00 AM +0000,10/29/2013 7:40:00 AM,1,,Mid-Block (not related to intersection),Daylight,BOREN AVE BETWEEN HOWELL ST AND STEWART ST,0,1,,2,3574503,Dry,55,PEDALCYCLIST STRUCK MOTOR VEHICLE RIGHT SIDE SIDESWIPE,,9322,0,2,Injury Collision,,45,Bicycle,Matched,N,1,Clear or Partly Cloudy,0,"(47.616557131000036, -122.33206585699998)",21773,0,N,13-392395
37317,156014,156034,Intersection,Cycles,0, ,,0,Y,10/30/2013 12:00:00 AM +0000,10/30/2013 9:00:00 AM,1,24372,At Intersection (intersection related),Daylight,ROOSEVELT WAY NE AND NE 84TH ST,0,1,,2,3576776,Dry,51,PEDALCYCLIST STRUCK MOTOR VEHICLE FRONT END AT ANGLE,,12634,0,2,Injury Collision,,45,Bicycle,Matched,N,1,Overcast,0,"(47.68964535500004, -122.31760348899996)",16573,0,N,13-393716
37330,154158,154178,Intersection,Cycles,0, ,,0,,09/01/2013 12:00:00 AM +0000,9/1/2013 11:42:00 AM,1,38351,At Intersection (intersection related),Daylight,CORNELL AVE S AND RAINIER AVE S,0,1,Y,2,3502560,Dry,18,"MOTOR VEHICLE STRUCK PEDALCYCLIST, FRONT END AT ANGLE",,9815,0,2,Injury Collision,,45,Bicycle,Matched,N,1,Clear or Partly Cloudy,0,"(47.511051586000065, -122.24703115299997)",5005,0,N,13-317213
37333,154157,154177,Intersection,Cycles,0, ,,0,,09/15/2013 12:00:00 AM +0000,9/15/2013 2:09:00 PM,1,27100,At Intersection (intersection related),Daylight,ROOSEVELT WAY NE AND NE 41ST ST,0,1,,2,3503118,Dry,51,PEDALCYCLIST STRUCK MOTOR VEHICLE FRONT END AT ANGLE,,12594,0,2,Injury Collision,,45,Bicycle,Matched,N,1,Overcast,0,"(47.65688930500005, -122.31781902899996)",8967,0,N,13-336357
37436,156037,156057,Intersection,Cycles,0, ,,0,,10/31/2013 12:00:00 AM +0000,10/31/2013 6:04:00 PM,1,29826,At Intersection (intersection related),Dusk,12TH AVE AND E ALDER ST,0,1,,2,3672785,Dry,18,"MOTOR VEHICLE STRUCK PEDALCYCLIST, FRONT END AT ANGLE",,1526,0,2,Injury Collision,,45,Bicycle,Matched,N,1,Overcast,0,"(47.604360385000064, -122.31678113299995)",10590,0,N,2013-395549
37470,153986,154006,Intersection,Cycles,0, ,,0,,09/11/2013 12:00:00 AM +0000,9/11/2013 4:07:00 PM,1,28724,At Intersection (intersection related),Daylight,DEXTER AVE N AND HIGHLAND DR,0,1,Y,2,3573101,Dry,51,PEDALCYCLIST STRUCK MOTOR VEHICLE FRONT END AT ANGLE,,10081,0,2,Injury Collision,,45,Bicycle,Matched,N,1,Clear or Partly Cloudy,0,"(47.62971974100003, -122.34230363299997)",12797,0,N,13-332724
37476,153983,154003,Intersection,Cycles,0, ,,0,,09/13/2013 12:00:00 AM +0000,9/13/2013 5:08:00 PM,1,28791,At Intersection (intersection related),Daylight,THOMAS ST AND WESTLAKE AVE N,1,1,Y,2,3574415,Dry,00,NOT ENOUGH INFORMATION / NOT APPLICABLE,,13140,0,2,Injury Collision,,45,Bicycle,Matched,N,0,Overcast,0,"(47.62087408300005, -122.33846537399995)",24570,0,N,2013 333808
37497,154491,154511,Block,Cycles,162.5, ,,0,,09/23/2013 12:00:00 AM +0000,9/23/2013 12:40:00 PM,0,,Mid-Block (not related to intersection),Daylight,S BAILEY ST BETWEEN CORSON AVE S AND CARLETON AVE S,0,1,,3,3550324,Dry,00,NOT ENOUGH INFORMATION / NOT APPLICABLE,,19416,0,1,Property Damage Only Collision,,45,Bicycle,Matched,N,1,Overcast,0,"(47.54741482400004, -122.32079700999998)",0,0,N,13-346 784
37504,154649,154669,Intersection,Cycles,0, ,,0,,09/26/2013 12:00:00 AM +0000,9/26/2013 6:00:00 PM,0,29880,At Intersection (intersection related),Daylight,9TH AVE AND PINE ST,0,1,,2,3573491,Dry,18,"MOTOR VEHICLE STRUCK PEDALCYCLIST, FRONT END AT ANGLE",,8521,0,1,Property Damage Only Collision,,45,Bicycle,Matched,N,1,Clear or Partly Cloudy,0,"(47.61352793100008, -122.33204186699999)",21786,0,N,2013-350817
37708,155881,155901,Block,Cycles,168, ,,0,,10/23/2013 12:00:00 AM +0000,10/23/2013 9:50:00 AM,1,,Mid-Block (not related to intersection),Daylight,N NORTHGATE WAY BETWEEN AURORA AVE N AND MIDVALE AVE N,0,1,,2,3613397,Dry,51,PEDALCYCLIST STRUCK MOTOR VEHICLE FRONT END AT ANGLE,,16111,0,2,Injury Collision,,45,Bicycle,Matched,N,1,Clear or Partly Cloudy,0,"(47.70505030700008, -122.34401368799996)",0,0,N,13-384710
37715,155729,155749,Block,Cycles,330, ,,0,,10/14/2013 12:00:00 AM +0000,10/14/2013 12:34:00 PM,1,,Mid-Block (not related to intersection),Daylight,N NORTHGATE WAY BETWEEN MERIDIAN AVE N AND CORLISS AVE N,0,1,,2,3646249,Dry,51,PEDALCYCLIST STRUCK MOTOR VEHICLE FRONT END AT ANGLE,,16119,0,2,Injury Collision,,45,Bicycle,Matched,N,1,Clear or Partly Cloudy,0,"(47.70865451600008, -122.33265537499994)",0,0,N,13 373427
37731,156616,156636,Intersection,Cycles,0, ,,0,,11/07/2013 12:00:00 AM +0000,11/7/2013 3:30:00 PM,1,23940,At Intersection (intersection related),Daylight,17TH AVE NW AND NW 67TH ST,0,1,,2,3564641,Wet,18,"MOTOR VEHICLE STRUCK PEDALCYCLIST, FRONT END AT ANGLE",,2451,0,2,Injury Collision,,45,Bicycle,Matched,N,1,Raining,0,"(47.67771391600007, -122.37890792699994)",0,0,N,13-405207
37753,156421,156441,Block,Cycles,125, ,,0,,11/05/2013 12:00:00 AM +0000,11/5/2013 11:40:00 AM,1,,Mid-Block (not related to intersection),Unknown,NE 65TH ST BETWEEN 4TH AVE NE AND 5TH W AVE NE,0,1,Y,2,3646296,Wet,18,"MOTOR VEHICLE STRUCK PEDALCYCLIST, FRONT END AT ANGLE",,17252,0,2,Injury Collision,,45,Bicycle,Matched,N,1,Overcast,0,"(47.67588716200004, -122.32389547399998)",6656,0,N,13-402304
37774,154509,154529,Intersection,Cycles,0, ,,0,,09/24/2013 12:00:00 AM +0000,9/24/2013 8:12:00 PM,0,29051,At Intersection (intersection related),Dark - Street Lights On,HARVARD AVE E AND E OLIVE WAY,0,1,,3,3672683,Dry,18,"MOTOR VEHICLE STRUCK PEDALCYCLIST, FRONT END AT ANGLE",,10846,0,1,Property Damage Only Collision,,45,Bicycle,Matched,N,1,Clear or Partly Cloudy,0,"(47.61989820000008, -122.32220598799995)",23225,0,N,13-348541
37783,154665,154685,Block,Cycles,329, ,,0,,09/26/2013 12:00:00 AM +0000,9/26/2013 11:40:00 PM,1,,Mid-Block (not related to intersection),Dark - Street Lights On,NW 85TH ST BETWEEN 6TH AVE NW AND 8TH AVE NW,0,1,,2,3502813,Dry,55,PEDALCYCLIST STRUCK MOTOR VEHICLE RIGHT SIDE SIDESWIPE,,18960,0,2,Injury Collision,,45,Bicycle,Matched,N,1,Clear or Partly Cloudy,0,"(47.69064791800008, -122.36465469299998)",21460,0,N,13-351120
37814,155371,155391,Intersection,Cycles,0, ,,0,,10/14/2013 12:00:00 AM +0000,10/14/2013 7:00:00 PM,1,27273,At Intersection (intersection related),Dark - No Street Lights,N 36TH ST AND N PACIFIC ST,0,1,Y,2,3585502,Dry,51,PEDALCYCLIST STRUCK MOTOR VEHICLE FRONT END AT ANGLE,,9764,0,2,Injury Collision,,45,Bicycle,Matched,N,1,Clear or Partly Cloudy,0,"(47.65050201500003, -122.33154340399994)",0,0,N,13-373987
37826,155025,155045,Intersection,Cycles,0, ,,0,,10/06/2013 12:00:00 AM +0000,10/6/2013 2:26:00 PM,1,30447,At Intersection (intersection related),Daylight,8TH AVE S AND S DEARBORN ST,0,1,,2,3574430,Dry,51,PEDALCYCLIST STRUCK MOTOR VEHICLE FRONT END AT ANGLE,,19830,0,2,Injury Collision,,45,Bicycle,Matched,N,1,Clear or Partly Cloudy,0,"(47.59583116700003, -122.32245866299996)",5851,0,N,13-363566
37868,154199,154219,Block,Cycles,65.5, ,,0,,09/06/2013 12:00:00 AM +0000,9/6/2013 6:45:00 PM,1,,Mid-Block (not related to intersection),Daylight,SW SPOKANE SR ST BETWEEN SPOKANE TURN RD AND SW AVALON WAY,0,1,,2,3380442,Dry,51,PEDALCYCLIST STRUCK MOTOR VEHICLE FRONT END AT ANGLE,,22842,0,2,Injury Collision,,45,Bicycle,Matched,N,1,Clear or Partly Cloudy,0,"(47.57138887700006, -122.37036041599998)",38750,0,N,2013-324270
37891,156432,156452,Intersection,Cycles,0, ,,0,,11/06/2013 12:00:00 AM +0000,11/6/2013 10:15:00 AM,1,29603,At Intersection (intersection related),Daylight,2ND AVE AND UNIVERSITY ST,0,1,,2,3546322,Dry,18,"MOTOR VEHICLE STRUCK PEDALCYCLIST, FRONT END AT ANGLE",,2756,0,2,Injury Collision,,45,Bicycle,Matched,N,1,Overcast,0,"(47.60729905800008, -122.33708679799997)",12162,0,N,13-402952
37896,156431,156451,Intersection,Cycles,0, ,,0,Y,11/07/2013 12:00:00 AM +0000,11/7/2013 5:20:00 PM,1,287171,At Intersection (intersection related),Dark - Street Lights On,BURKE GILMAN TRL AND NE 65TH ST,0,1,,2,3503120,Wet,18,"MOTOR VEHICLE STRUCK PEDALCYCLIST, FRONT END AT ANGLE",,287215,0,2,Injury Collision,,45,Bicycle,Matched,N,1,Raining,0,"(47.67573704200004, -122.26656513399996)",0,524265,N,13-404570
37898,156430,156450,Intersection,Cycles,0, ,,0,,11/07/2013 12:00:00 AM +0000,11/7/2013 7:54:00 AM,1,287158,At Intersection (intersection related),Daylight,BROOKLYN AVE NE AND BURKE GILMAN TRL,0,1,,2,3501719,Wet,18,"MOTOR VEHICLE STRUCK PEDALCYCLIST, FRONT END AT ANGLE",,287256,0,2,Injury Collision,,45,Bicycle,Matched,N,1,Raining,0,"(47.654209094000066, -122.31447179599996)",0,525567,N,2013-403979
37911,158254,158274,Intersection,Cycles,0, ,,0,,12/10/2013 12:00:00 AM +0000,12/10/2013 8:06:00 AM,1,26896,At Intersection (intersection related),Daylight,STONE WAY N AND N 34TH ST,0,1,,5,3501356,Dry,18,"MOTOR VEHICLE STRUCK PEDALCYCLIST, FRONT END AT ANGLE",,12955,0,2,Injury Collision,,45,Bicycle,Matched,N,1,Overcast,0,"(47.64854072800006, -122.34277540199997)",0,523424,N,13-442233
37916,158415,158435,Intersection,Cycles,0, ,,0,,12/11/2013 12:00:00 AM +0000,12/11/2013 6:56:00 PM,1,36855,At Intersection (intersection related),Dark - Street Lights On,35TH AVE NE AND NE 105TH ST,0,1,,2,3645918,Wet,51,PEDALCYCLIST STRUCK MOTOR VEHICLE FRONT END AT ANGLE,,5388,0,2,Injury Collision,,45,Bicycle,Matched,N,1,Overcast,0,"(47.70478491400007, -122.29087462099994)",4114,0,N,13-444060
37946,158966,158986,Intersection,Cycles,0, ,,0,,12/24/2013 12:00:00 AM +0000,12/24/2013 2:44:00 PM,1,30492,At Intersection (intersection related),Daylight,2ND AV ET S AND S WASHINGTON ST,0,1,,2,3641010,Dry,18,"MOTOR VEHICLE STRUCK PEDALCYCLIST, FRONT END AT ANGLE",,2926,0,2,Injury Collision,,45,Bicycle,Matched,N,1,Clear or Partly Cloudy,0,"(47.60087849000007, -122.33121486499999)",12011,0,N,2013-458506
37978,157045,157065,Intersection,Cycles,0, ,,0,,11/14/2013 12:00:00 AM +0000,11/14/2013 9:36:00 PM,1,29547,At Intersection (intersection related),Dark - Street Lights On,3RD AVE AND BLANCHARD ST,0,1,,2,3644094,Dry,18,"MOTOR VEHICLE STRUCK PEDALCYCLIST, FRONT END AT ANGLE",,4389,0,2,Injury Collision,,45,Bicycle,Matched,N,1,Clear or Partly Cloudy,0,"(47.61393610700003, -122.34349377199999)",35698,0,N,13-413438
37982,156823,156843,Intersection,Cycles,0, ,,0,,11/08/2013 12:00:00 AM +0000,11/8/2013 12:43:00 PM,1,27153,At Intersection (intersection related),Daylight,EASTLAKE AVE E AND FUHRMAN AVE E,0,1,,2,3672884,Dry,18,"MOTOR VEHICLE STRUCK PEDALCYCLIST, FRONT END AT ANGLE",,10579,1,2b,Serious Injury Collision,,45,Bicycle,Matched,N,1,Clear or Partly Cloudy,0,"(47.65157827200005, -122.32127525699997)",6078,0,N,2013-405499
38003,156815,156835,Intersection,Cycles,0, ,,0,Y,11/08/2013 12:00:00 AM +0000,11/8/2013 9:09:00 AM,0,32340,At Intersection (intersection related),Daylight,1ST AVE S AND S SPOKANE SR ST,0,1,,2,3643233,Dry,18,"MOTOR VEHICLE STRUCK PEDALCYCLIST, FRONT END AT ANGLE",,1214,0,1,Property Damage Only Collision,,45,Bicycle,Matched,N,1,Clear or Partly Cloudy,0,"(47.57139257500006, -122.33419371699995)",39236,0,N,2013-405284
38007,159824,159844,Block,Cycles,335.5, ,,0,,01/09/2014 12:00:00 AM +0000,1/9/2014 3:30:00 PM,3,,Mid-Block (not related to intersection),Daylight,HAMLET AVE S BETWEEN 53RD AVE S AND SEWARD PARK AVE S,2,1,,6,3671796,Wet,16,"MOTOR VEHICLE STRUCK MOTOR VEHICLE, LEFT SIDE SIDESWIPE",,10807,0,2,Injury Collision,,45,Bicycle,Matched,N,1,Raining,0,"(47.525137424000036, -122.26556529699997)",0,0,N,14-9265
38084,158059,158079,Block,Cycles,124.5, ,,0,Y,10/08/2013 12:00:00 AM +0000,10/8/2013 3:08:00 PM,1,,Mid-Block (not related to intersection),Daylight,NE 45TH ST BETWEEN 1ST AVE NE AND 2ND AVE NE,0,1,,2,3582463,Dry,18,"MOTOR VEHICLE STRUCK PEDALCYCLIST, FRONT END AT ANGLE",,16838,0,2,Injury Collision,,45,Bicycle,Matched,N,1,Clear or Partly Cloudy,0,"(47.661357277000036, -122.32775751099996)",6532,0,N,2013-365932
38154,156637,156657,Block,Cycles,765, ,,0,Y,11/07/2013 12:00:00 AM +0000,11/7/2013 8:37:00 AM,1,,Mid-Block (not related to intersection),Daylight,FAIRVIEW AVE N BETWEEN YALE AVE N AND FAIRVIEW AVE E,0,1,,2,3573315,Wet,21,"MOTOR VEHICLE STRUCK PEDALCYCLIST, REAR END",,10357,0,2,Injury Collision,,45,Bicycle,Matched,N,1,Raining,0,"(47.63029977200006, -122.32888190799997)",25370,0,N,13-404024
38235,158794,158814,Intersection,Cycles,0, ,,0,,12/19/2013 12:00:00 AM +0000,12/19/2013 11:00:00 PM,1,24695,At Intersection (intersection related),Unknown,25TH AVE NE AND NE 65TH ST,0,1,,2,3646175,Unknown,18,"MOTOR VEHICLE STRUCK PEDALCYCLIST, FRONT END AT ANGLE",,3728,0,2,Injury Collision,,45,Bicycle,Matched,N,1,Unknown,0,"(47.67577422000005, -122.30065154699997)",29767,0,N,13-455311
38362,157631,157651,Block,Cycles,147, ,,0,Y,11/23/2013 12:00:00 AM +0000,11/23/2013 12:38:00 PM,1,,Mid-Block (not related to intersection),Daylight,N 46TH ST BETWEEN BAGLEY AVE N AND CORLISS AVE N,0,1,,3,3508191,Dry,18,"MOTOR VEHICLE STRUCK PEDALCYCLIST, FRONT END AT ANGLE",,15574,0,2,Injury Collision,,45,Bicycle,Matched,N,1,Clear or Partly Cloudy,0,"(47.66262431400003, -122.33194354999995)",0,0,N,13-423816
38435,159375,159395,Intersection,Cycles,0, ,,0,,12/31/2013 12:00:00 AM +0000,12/31/2013 8:58:00 PM,1,29939,At Intersection (intersection related),Dark - Street Lights On,COLUMBIA ST AND TERRY AVE,0,1,,3,3585792,Dry,51,PEDALCYCLIST STRUCK MOTOR VEHICLE FRONT END AT ANGLE,,9736,0,2,Injury Collision,,45,Bicycle,Matched,N,1,Clear or Partly Cloudy,0,"(47.607446209000045, -122.324945792)",0,0,N,13-465481
38456,157293,157313,Intersection,Cycles,0, ,,0,,11/19/2013 12:00:00 AM +0000,11/19/2013 5:30:00 PM,1,25949,At Intersection (intersection related),Dark - Street Lights On,25TH AVE NE AND NE BLAKELEY ST,0,1,Y,2,3386458,Dry,18,"MOTOR VEHICLE STRUCK PEDALCYCLIST, FRONT END AT ANGLE",,3723,0,2,Injury Collision,,45,Bicycle,Matched,N,1,Overcast,0,"(47.66626671800003, -122.30060497999995)",0,524371,N,13-419864
38483,158630,158650,Block,Cycles,213, ,,0,Y,12/19/2013 12:00:00 AM +0000,12/19/2013 4:17:00 PM,1,,Mid-Block (not related to intersection),Dusk,2ND AVE BETWEEN PIKE ST AND PINE ST,0,1,Y,3,3640959,Dry,18,"MOTOR VEHICLE STRUCK PEDALCYCLIST, FRONT END AT ANGLE",,2758,0,2,Injury Collision,,45,Bicycle,Matched,N,1,Clear or Partly Cloudy,0,"(47.609780570000055, -122.33935700699999)",12179,0,N,13-453133
38497,158823,158843,Block,Cycles,210, ,,0,Y,12/17/2013 12:00:00 AM +0000,12/17/2013 6:40:00 PM,1,,Mid-Block (not related to intersection),Dark - Street Lights Off,EASTLAKE AVE E BETWEEN THOMAS ST AND HARRISON ST,0,1,,2,3593822,Unknown,56,PEDALCYCLIST STRUCK MOTOR VEHICLE LEFT SIDE SIDESWIPE,,10164,0,2,Injury Collision,,45,Bicycle,Matched,N,1,Unknown,0,"(47.62139831400003, -122.32914562799999)",11566,0,N,2013-455229
38598,157461,157481,Intersection,Cycles,0, ,,0,,11/22/2013 12:00:00 AM +0000,11/22/2013 8:48:00 AM,1,30409,At Intersection (intersection related),Daylight,13TH AVE AND E YESLER WAY,0,1,,2,3673013,Dry,18,"MOTOR VEHICLE STRUCK PEDALCYCLIST, FRONT END AT ANGLE",,1728,0,2,Injury Collision,,45,Bicycle,Matched,N,1,Clear or Partly Cloudy,0,"(47.60169019500006, -122.31492849999995)",10007,0,N,13-422326
38605,157645,157665,Block,Cycles,121, ,,0,Y,11/29/2013 12:00:00 AM +0000,11/29/2013 4:34:00 PM,1,,Mid-Block (not related to intersection),Dark - Street Lights On,NE 65TH ST BETWEEN 28TH AVE NE AND 29TH AVE NE,0,1,,2,3572807,Dry,18,"MOTOR VEHICLE STRUCK PEDALCYCLIST, FRONT END AT ANGLE",,17281,0,2,Injury Collision,,45,Bicycle,Matched,N,1,Clear or Partly Cloudy,0,"(47.675777734000064, -122.29692434999998)",29805,0,N,13-430260
38717,159679,159699,Block,Cycles,334, ,,0,,01/06/2014 12:00:00 AM +0000,1/6/2014 7:16:00 AM,1,,Mid-Block (not related to intersection),Dawn,39TH AVE NE BETWEEN NE 62ND ST AND NE 65TH ST,0,1,,2,3646303,Ice,11,"MOTOR VEHICLE STRUCK MOTOR VEHICLE, FRONT END AT ANGLE",,5990,0,2,Injury Collision,,45,Bicycle,Matched,N,1,Clear or Partly Cloudy,0,"(47.674883916000056, -122.28581706599999)",0,0,N,14-5362
38747,158308,158328,Intersection,Cycles,0, ,,0,Y,12/12/2013 12:00:00 AM +0000,12/12/2013 2:05:00 PM,1,29865,At Intersection (intersection related),Daylight,BOREN AVE AND OLIVE WAY,0,1,,2,3640932,Wet,18,"MOTOR VEHICLE STRUCK PEDALCYCLIST, FRONT END AT ANGLE",,9321,1,2b,Serious Injury Collision,,45,Bicycle,Matched,Y,1,Raining,0,"(47.615449718000036, -122.33072969599999)",23287,0,N,2013-444868
38749,157665,157685,Intersection,Cycles,0, ,,0,Y,12/01/2013 12:00:00 AM +0000,12/1/2013 9:05:00 AM,1,25793,At Intersection (intersection related),Daylight,UNIVERSITY WAY NE AND NE 50TH ST,0,1,,3,3576976,Wet,18,"MOTOR VEHICLE STRUCK PEDALCYCLIST, FRONT END AT ANGLE",,13224,0,2,Injury Collision,,45,Bicycle,Matched,N,1,Overcast,0,"(47.66490072400006, -122.31307415999999)",5611,0,N,2013-432148
38846,159691,159711,Block,Cycles,160.5, ,,0,Y,01/06/2014 12:00:00 AM +0000,1/6/2014 4:54:00 PM,1,,Mid-Block (not related to intersection),Dark - Street Lights On,E UNION ST BETWEEN 27TH AVE AND M L KING JR WAY,0,1,,2,3567634,Dry,23,"MOTOR VEHICLE STRUCK PEDALCYCLIST, LEFT SIDE SIDESWIPE",,14905,0,2,Injury Collision,,45,Bicycle,Matched,N,1,Clear or Partly Cloudy,0,"(47.61293808800008, -122.29685170899995)",9486,0,N,14-5973
38885,157327,157347,Intersection,Cycles,0, ,,0,Y,11/19/2013 12:00:00 AM +0000,11/19/2013 12:47:00 PM,1,27153,At Intersection (intersection related),Daylight,EASTLAKE AVE E AND FUHRMAN AVE E,0,1,,4,3672411,Wet,51,PEDALCYCLIST STRUCK MOTOR VEHICLE FRONT END AT ANGLE,,10579,0,2,Injury Collision,,45,Bicycle,Matched,N,1,Overcast,0,"(47.65157827200005, -122.32127525699997)",15462,0,N,13-418843