OBJECTID,INCKEY,COLDETKEY,ADDRTYPE,COLLISIONTYPE,DISTANCE,EXCEPTRSNCODE,EXCEPTRSNDESC,FATALITIES,INATTENTIONIND,INCDATE,INCDTTM,INJURIES,INTKEY,JUNCTIONTYPE,LIGHTCOND,LOCATION,PEDCOUNT,PEDCYLCOUNT,PEDROWNOTGRNT,PERSONCOUNT,REPORTNO,ROADCOND,SDOT_COLCODE,SDOT_COLDESC,SDOTCOLNUM,SEGKEY,SERIOUSINJURIES,SEVERITYCODE,SEVERITYDESC,SPEEDING,ST_COLCODE,ST_COLDESC,STATUS,UNDERINFL,VEHCOUNT,WEATHER,WIDTH,Shape,SEGLANEKEY,CROSSWALKKEY,HITPARKEDCAR,SPDCASENO
38916,157883,157903,Block,Cycles,492, ,,0,,12/04/2013 12:00:00 AM +0000,12/4/2013 6:03:00 PM,1,,Mid-Block (not related to intersection),Dark - Street Lights On,SW AVALON WAY BETWEEN SW GENESEE ST AND 35TH AVE SW,0,1,,2,3386027,Dry,56,PEDALCYCLIST STRUCK MOTOR VEHICLE LEFT SIDE SIDESWIPE,,21820,0,2,Injury Collision,,45,Bicycle,Matched,N,1,Clear or Partly Cloudy,0,"(47.56407560000008, -122.37419372599999)",3532,0,N,13-436100
38932,158493,158513,Block,Cycles,161, ,,0,,03/13/2013 12:00:00 AM +0000,3/13/2013 7:08:00 AM,1,,Mid-Block (not related to intersection),Daylight,SENECA ST BETWEEN 8TH AVE AND 9TH AVE,0,1,,2,3581414,Dry,51,PEDALCYCLIST STRUCK MOTOR VEHICLE FRONT END AT ANGLE,,12778,0,2,Injury Collision,,45,Bicycle,Matched,N,1,Clear or Partly Cloudy,0,"(47.60960331900003, -122.32922283399995)",9110,0,N,2013-085040
38933,158145,158165,Block,Cycles,147.5, ,,0,,12/08/2013 12:00:00 AM +0000,12/8/2013 2:58:00 PM,1,,Mid-Block (not related to intersection),Daylight,E MADISON ST BETWEEN 10TH AVE AND E SENECA ST,0,1,,2,3585660,Dry,51,PEDALCYCLIST STRUCK MOTOR VEHICLE FRONT END AT ANGLE,,14339,0,2,Injury Collision,,45,Bicycle,Matched,N,1,Clear or Partly Cloudy,0,"(47.611969455000064, -122.31884003299996)",22951,0,N,2013-440487
38941,158319,158339,Intersection,Cycles,0, ,,0,Y,12/12/2013 12:00:00 AM +0000,12/12/2013 7:47:00 AM,1,34380,At Intersection (intersection related),Daylight,SWIFT AVE S AND S WARSAW ST,0,1,Y,2,3671689,Wet,18,"MOTOR VEHICLE STRUCK PEDALCYCLIST, FRONT END AT ANGLE",,3475,0,2,Injury Collision,,45,Bicycle,Matched,N,1,Overcast,0,"(47.54406693100003, -122.30416204199997)",13656,0,N,2013-444533
38978,159461,159481,Block,Cycles,422.5,NEI,"Not Enough Information, or Insufficient Location Information",0,,11/23/2013 12:00:00 AM +0000,11/23/2013 9:00:00 AM,1,,Mid-Block (not related to intersection),Daylight,WALLA WALLA RD NE BETWEEN DEAD END 1 AND MONTLAKE BLVD NE,0,1,,1,3519551,Ice,00,NOT ENOUGH INFORMATION / NOT APPLICABLE,,594822,0,2,Injury Collision,,45,Bicycle,Matched,N,0,Clear or Partly Cloudy,0,"(47.659412607000036, -122.29903422799998)",0,0,N,13-003237
39126,159062,159082,Block,Cycles,273, ,,0,,12/27/2013 12:00:00 AM +0000,12/27/2013 2:54:00 PM,1,,Mid-Block (not related to intersection),Daylight,NW 60TH ST BETWEEN 24TH AVE NW AND DEAD END 3,0,1,,2,3501687,Wet,18,"MOTOR VEHICLE STRUCK PEDALCYCLIST, FRONT END AT ANGLE",,18520,0,2,Injury Collision,,45,Bicycle,Matched,N,1,Overcast,0,"(47.67237565900007, -122.38869305599997)",0,0,N,13-461102
39136,159060,159080,Intersection,Cycles,0, ,,0,Y,12/28/2013 12:00:00 AM +0000,12/28/2013 5:27:00 PM,1,35472,At Intersection (intersection related),Dark - Street Lights On,51ST AVE S AND S ROXBURY ST,0,1,,3,3467439,Dry,51,PEDALCYCLIST STRUCK MOTOR VEHICLE FRONT END AT ANGLE,,7530,0,2,Injury Collision,,45,Bicycle,Matched,N,1,Clear or Partly Cloudy,0,"(47.51685113700006, -122.27002476599995)",0,522022,N,2013-462336
39141,156755,156775,Intersection,Cycles,0, ,,0,,11/07/2013 12:00:00 AM +0000,11/7/2013 5:35:00 PM,1,24304,At Intersection (intersection related),Dark - Street Lights On,GREENWOOD AVE N AND N 77TH ST,0,1,,2,3582178,Wet,51,PEDALCYCLIST STRUCK MOTOR VEHICLE FRONT END AT ANGLE,,10744,0,2,Injury Collision,Y,45,Bicycle,Matched,N,1,Raining,0,"(47.68474778900003, -122.35529822399997)",4477,0,N,13-404586
39165,156937,156957,Intersection,Cycles,0, ,,0,,11/14/2013 12:00:00 AM +0000,11/14/2013 9:58:00 AM,1,35449,At Intersection (intersection related),Daylight,RAINIER AVE S AND S FISHER PL,0,1,,2,3643215,Wet,51,PEDALCYCLIST STRUCK MOTOR VEHICLE FRONT END AT ANGLE,,12423,0,2,Injury Collision,,45,Bicycle,Matched,N,1,Overcast,0,"(47.521410787000036, -122.269997478)",0,0,N,13-412615
39173,156936,156956,Intersection,Cycles,0, ,,0,,11/14/2013 12:00:00 AM +0000,11/14/2013 6:36:00 AM,1,29737,At Intersection (intersection related),Dark - Street Lights On,NAGLE PL AND E PINE ST,0,1,Y,2,3606380,Dry,18,"MOTOR VEHICLE STRUCK PEDALCYCLIST, FRONT END AT ANGLE",,11942,0,2,Injury Collision,,45,Bicycle,Matched,N,1,Clear or Partly Cloudy,0,"(47.61524085500008, -122.32001617599997)",10408,0,N,13-412438
39327,157710,157730,Block,Cycles,237.5, ,,0,,11/29/2013 12:00:00 AM +0000,11/29/2013 10:34:00 AM,2,,Mid-Block (not related to intersection),Daylight,EASTLAKE AVE E BETWEEN E ROANOKE ST AND E EDGAR ST,0,1,Y,2,3585607,Dry,21,"MOTOR VEHICLE STRUCK PEDALCYCLIST, REAR END",,10179,0,2,Injury Collision,,45,Bicycle,Matched,N,1,Overcast,0,"(47.64384056200004, -122.32588475799997)",24704,0,N,2013-429972
39387,156965,156985,Intersection,Cycles,0, ,,0,,09/07/2013 12:00:00 AM +0000,9/7/2013 3:50:00 PM,1,35773,At Intersection (intersection related),Daylight,LINDEN AVE N AND N 145TH ST,0,1,,0,E269115,Dry,18,"MOTOR VEHICLE STRUCK PEDALCYCLIST, FRONT END AT ANGLE",,15265,0,2,Injury Collision,,45,Bicycle,Matched,N,1,Clear or Partly Cloudy,0,"(47.734129007000035, -122.34780152899998)",0,523874,N,13-210131
39407,159516,159536,Block,Cycles,542.5, ,,0,,01/02/2014 12:00:00 AM +0000,1/2/2014 9:29:00 PM,1,,Mid-Block (not related to intersection),Dark - Street Lights Off,RAINIER AVE S BETWEEN S BAYVIEW ST AND S MCCLELLAN ST,0,1,,4,3504165,Wet,21,"MOTOR VEHICLE STRUCK PEDALCYCLIST, REAR END",,12364,0,2,Injury Collision,,45,Bicycle,Matched,N,1,Raining,0,"(47.57967346300006, -122.29915965999999)",20014,0,N,2014-2107
39416,159086,159106,Intersection,Cycles,0, ,,0,Y,12/28/2013 12:00:00 AM +0000,12/28/2013 5:17:00 PM,0,27110,At Intersection (intersection related),Dark - Street Lights On,UNIVERSITY BR OFF RP AND NE 40TH ST,0,1,,2,3582118,Dry,18,"MOTOR VEHICLE STRUCK PEDALCYCLIST, FRONT END AT ANGLE",,,0,1,Property Damage Only Collision,,45,Bicycle,Matched,N,1,Overcast,0,,30581,0,N,13-462329
39420,156768,156788,Intersection,Cycles,0, ,,0,Y,11/12/2013 12:00:00 AM +0000,11/12/2013 8:30:00 PM,1,27090,At Intersection (intersection related),Dark - Street Lights On,UNIVERSITY WAY NE AND NE 42ND ST,0,1,,2,3582682,Dry,18,"MOTOR VEHICLE STRUCK PEDALCYCLIST, FRONT END AT ANGLE",,13220,0,2,Injury Collision,,45,Bicycle,Matched,N,1,Clear or Partly Cloudy,0,"(47.65831484900008, -122.31320716799996)",41818,0,N,13-410758
39467,157544,157564,Block,Cycles,57.5, ,,0,,11/21/2013 12:00:00 AM +0000,11/21/2013 12:00:00 PM,0,,,Daylight,17TH AVE BETWEEN E PINE ST AND E MADISON ST,0,1,,2,3585576,Dry,00,NOT ENOUGH INFORMATION / NOT APPLICABLE,,2365,0,1,Property Damage Only Collision,,45,Bicycle,Matched,N,1,Clear or Partly Cloudy,0,"(47.61543076000004, -122.31015223499998)",0,0,N,13-422414
39498,158366,158386,Block,Cycles,380, ,,0,,12/13/2013 12:00:00 AM +0000,12/13/2013 2:29:00 PM,1,,Mid-Block (not related to intersection),Unknown,1ST AVE S BETWEEN S STACY ST AND S LANDER ST,0,1,,2,3467437,Wet,51,PEDALCYCLIST STRUCK MOTOR VEHICLE FRONT END AT ANGLE,,1207,1,2b,Serious Injury Collision,,45,Bicycle,Matched,N,1,Clear or Partly Cloudy,0,"(47.58085453500007, -122.33420024799995)",5317,0,N,2013-446230
39525,156780,156800,Block,Cycles,199, ,,0,Y,11/07/2013 12:00:00 AM +0000,11/7/2013 3:58:00 PM,1,,Mid-Block (not related to intersection),Daylight,S MYRTLE PL BETWEEN 33RD AVE S AND 35TH AVE S,0,1,,4,3643568,Dry,51,PEDALCYCLIST STRUCK MOTOR VEHICLE FRONT END AT ANGLE,,20901,0,2,Injury Collision,,45,Bicycle,Matched,N,1,Clear or Partly Cloudy,0,"(47.538125311000044, -122.28926742199997)",0,0,N,2013-404476
39590,157937,157957,Intersection,Cycles,0, ,,0,,10/08/2013 12:00:00 AM +0000,10/8/2013 9:34:00 PM,1,28375,At Intersection (intersection related),Dark - Street Lights On,24TH AVE E AND BOYER AVE E,0,1,,3,3606165,Dry,51,PEDALCYCLIST STRUCK MOTOR VEHICLE FRONT END AT ANGLE,,3549,0,2,Injury Collision,,45,Bicycle,Matched,Y,2,Overcast,0,"(47.63524417700006, -122.30156537499994)",22451,0,N,13-366361
39689,156787,156807,Intersection,Cycles,0, ,,0,,11/13/2013 12:00:00 AM +0000,11/13/2013 2:00:00 PM,0,33128,At Intersection (intersection related),Daylight,13TH AVE S AND S BAILEY ST,0,1,,2,3590137,Dry,51,PEDALCYCLIST STRUCK MOTOR VEHICLE FRONT END AT ANGLE,,1809,0,1,Property Damage Only Collision,,45,Bicycle,Matched,N,1,Clear or Partly Cloudy,0,"(47.54797378100005, -122.31610420199996)",32942,0,N,2013-411620
39691,156786,156806,Block,Cycles,198, ,,0,,11/08/2013 12:00:00 AM +0000,11/8/2013 8:07:00 AM,1,,Mid-Block (not related to intersection),Daylight,ROOSEVELT WAY NE BETWEEN NE 42ND N ST AND NE 43RD S ST,0,1,,3,3646387,Dry,51,PEDALCYCLIST STRUCK MOTOR VEHICLE FRONT END AT ANGLE,,12596,0,2,Injury Collision,,45,Bicycle,Matched,N,2,Overcast,0,"(47.65891124900003, -122.31776594999997)",8990,0,N,13-405221
39692,157192,157212,Intersection,Cycles,0, ,,0,,11/18/2013 12:00:00 AM +0000,11/18/2013 6:00:00 PM,1,25706,At Intersection (intersection related),Dark - Street Lights On,NE 63RD ST AND NE RAVENNA WB BV,0,1,Y,2,3206168,Wet,18,"MOTOR VEHICLE STRUCK PEDALCYCLIST, FRONT END AT ANGLE",,17222,0,2,Injury Collision,,45,Bicycle,Matched,N,1,Raining,0,"(47.674171675000025, -122.32028043499997)",28777,0,N,2013-418006
39769,158378,158398,Intersection,Cycles,0, ,,0,,12/13/2013 12:00:00 AM +0000,12/13/2013 7:34:00 AM,1,29862,At Intersection (intersection related),Dawn,BELLEVUE AVE AND E PINE ST,0,1,,2,3585701,Wet,18,"MOTOR VEHICLE STRUCK PEDALCYCLIST, FRONT END AT ANGLE",,9213,0,2,Injury Collision,,45,Bicycle,Matched,N,1,Raining,0,"(47.61521815300006, -122.32680418799998)",10342,0,N,2013-445677
39848,157569,157589,Block,Cycles,164.5, ,,0,,11/26/2013 12:00:00 AM +0000,11/26/2013 6:10:00 PM,1,,Mid-Block (not related to intersection),Dark - Street Lights On,E PIKE ST BETWEEN BROADWAY AND 10TH AVE,0,1,,2,3575037,Wet,56,PEDALCYCLIST STRUCK MOTOR VEHICLE LEFT SIDE SIDESWIPE,,14600,0,2,Injury Collision,,45,Bicycle,Matched,N,1,Overcast,0,"(47.61408040200007, -122.320115596)",31226,0,N,13-427543
39855,157394,157414,Intersection,Cycles,0, ,,0,Y,11/23/2013 12:00:00 AM +0000,11/23/2013 3:13:00 PM,1,27491,At Intersection (intersection related),Daylight,34TH AVE W AND W SMITH S ST,0,1,,3,3581698,Dry,18,"MOTOR VEHICLE STRUCK PEDALCYCLIST, FRONT END AT ANGLE",,5320,0,2,Injury Collision,,45,Bicycle,Matched,N,1,Clear or Partly Cloudy,0,"(47.64052577700005, -122.40098512299994)",29507,0,N,13-423956
39857,157393,157413,Intersection,Cycles,0, ,,0,Y,11/23/2013 12:00:00 AM +0000,11/23/2013 4:24:00 PM,1,32599,At Intersection (intersection related),Daylight,50TH AVE S AND S OREGON ST,0,1,,2,3579962,Dry,18,"MOTOR VEHICLE STRUCK PEDALCYCLIST, FRONT END AT ANGLE",,7442,0,2,Injury Collision,,45,Bicycle,Matched,N,1,Clear or Partly Cloudy,0,"(47.562938505000034, -122.27071926599996)",8150,0,N,13-424048
39890,158563,158583,Intersection,Cycles,0, ,,0,,12/16/2013 12:00:00 AM +0000,12/16/2013 5:38:00 PM,1,30403,At Intersection (intersection related),Dark - Street Lights On,12TH AVE AND E FIR ST,0,1,Y,2,3585609,Dry,18,"MOTOR VEHICLE STRUCK PEDALCYCLIST, FRONT END AT ANGLE",,1524,0,2,Injury Collision,,45,Bicycle,Matched,N,1,Clear or Partly Cloudy,0,"(47.60268590700008, -122.31678180399996)",10566,0,N,13-449833
39997,157579,157599,Block,Cycles,380, ,,0,,11/26/2013 12:00:00 AM +0000,11/26/2013 5:07:00 PM,0,,Mid-Block (not related to intersection),Dark - Street Lights On,1ST AVE S BETWEEN S STACY ST AND S LANDER ST,0,1,Y,4,3590143,Wet,18,"MOTOR VEHICLE STRUCK PEDALCYCLIST, FRONT END AT ANGLE",,1207,0,1,Property Damage Only Collision,,45,Bicycle,Matched,N,1,Raining,0,"(47.58085453500007, -122.33420024799995)",5318,0,N,2013-427479
40130,157256,157276,Block,Cycles,153, ,,0,,11/20/2013 12:00:00 AM +0000,11/20/2013 4:47:00 PM,1,,Mid-Block (not related to intersection),Dark - Street Lights On,1ST AVE S BETWEEN YESLER WAY AND S WASHINGTON ST,0,1,,2,3465963,Dry,18,"MOTOR VEHICLE STRUCK PEDALCYCLIST, FRONT END AT ANGLE",,1185,0,2,Injury Collision,,45,Bicycle,Matched,N,1,Clear or Partly Cloudy,0,"(47.60130412800004, -122.33418005599998)",36174,0,N,13-420372
40132,157409,157429,Intersection,Cycles,0, ,,0,,11/23/2013 12:00:00 AM +0000,11/23/2013 11:44:00 AM,1,36357,At Intersection (intersection related),Daylight,N 107TH ST AND N NORTHGATE WAY,0,1,Y,2,3613170,Dry,18,"MOTOR VEHICLE STRUCK PEDALCYCLIST, FRONT END AT ANGLE",,15040,0,2,Injury Collision,,45,Bicycle,Matched,N,1,Clear or Partly Cloudy,0,"(47.70685410200008, -122.33620563999995)",0,0,N,2013-423766
40138,157043,157063,Intersection,Cycles,0, ,,0,Y,11/15/2013 12:00:00 AM +0000,11/15/2013 5:24:00 PM,1,30379,At Intersection (intersection related),Daylight,ALASKAN WAY AND MARION ST,0,1,,2,3643866,Dry,18,"MOTOR VEHICLE STRUCK PEDALCYCLIST, FRONT END AT ANGLE",,8719,0,2,Injury Collision,,45,Bicycle,Matched,N,1,Clear or Partly Cloudy,0,"(47.60306058300006, -122.33778754599996)",0,0,N,13-414430
40169,161963,161983,Intersection,Cycles,0, ,,0,Y,02/11/2014 12:00:00 AM +0000,2/11/2014 7:30:00 PM,1,30436,At Intersection (intersection related),Dark - Street Lights On,12TH AVE S AND S WELLER ST,0,1,,2,3586176,Wet,18,"MOTOR VEHICLE STRUCK PEDALCYCLIST, FRONT END AT ANGLE",,21537,0,2,Injury Collision,,45,Bicycle,Matched,N,1,Raining,0,"(47.59749957200006, -122.31722672699999)",16233,0,N,2014-45975
40187,163120,163140,Block,Cycles,333.5, ,,0,,03/03/2014 12:00:00 AM +0000,3/3/2014 4:26:00 PM,1,,Mid-Block (not related to intersection),Daylight,15TH AVE W BETWEEN W BERTONA ST AND W RUFFNER ST,0,1,Y,2,3373283,Dry,18,"MOTOR VEHICLE STRUCK PEDALCYCLIST, FRONT END AT ANGLE",,2194,0,2,Injury Collision,,45,Bicycle,Matched,N,1,Clear or Partly Cloudy,0,"(47.65125313600004, -122.37625597999994)",19330,0,N,2014-66760
40189,163105,163125,Intersection,Cycles,0, ,,0,,03/01/2014 12:00:00 AM +0000,3/1/2014 3:40:00 PM,1,30511,At Intersection (intersection related),Daylight,6TH AVE S AND S JACKSON ST,0,1,,4,3574440,Wet,18,"MOTOR VEHICLE STRUCK PEDALCYCLIST, FRONT END AT ANGLE",,7983,0,2,Injury Collision,,45,Bicycle,Matched,N,1,Unknown,0,"(47.599192756000036, -122.326360524)",24416,0,N,14-64696
40218,163551,163571,Intersection,Cycles,0, ,,0,,03/14/2013 12:00:00 AM +0000,3/14/2013 6:29:00 PM,0,25793,At Intersection (intersection related),Daylight,UNIVERSITY WAY NE AND NE 50TH ST,0,1,Y,2,3609224,Wet,18,"MOTOR VEHICLE STRUCK PEDALCYCLIST, FRONT END AT ANGLE",,13224,0,1,Property Damage Only Collision,,45,Bicycle,Matched,N,1,Raining,0,"(47.66490072400006, -122.31307415999999)",5611,0,N,13-87061
40220,163550,163570,Intersection,Cycles,0, ,,0,Y,03/19/2013 12:00:00 AM +0000,3/19/2013 5:58:00 AM,1,30757,At Intersection (intersection related),Dark - Street Lights On,23RD AVE S AND S JACKSON ST,0,1,Y,2,3476765,Dry,51,PEDALCYCLIST STRUCK MOTOR VEHICLE FRONT END AT ANGLE,,3444,0,2,Injury Collision,,45,Bicycle,Matched,N,1,Clear or Partly Cloudy,0,"(47.59928129300005, -122.30223345099995)",0,525077,N,2013-92442
40320,163556,163576,Block,Cycles,161, ,,0,,03/15/2013 12:00:00 AM +0000,3/15/2013 5:30:00 PM,1,,Driveway Junction,Daylight,VIRGINIA ST BETWEEN 8TH AVE AND 9TH AVE,0,1,,2,3643676,Dry,18,"MOTOR VEHICLE STRUCK PEDALCYCLIST, FRONT END AT ANGLE",,13318,0,2,Injury Collision,,45,Bicycle,Matched,N,1,Clear or Partly Cloudy,0,"(47.61605226900008, -122.33616684299994)",0,0,N,2013-88147
40352,163558,163578,Intersection,Cycles,0, ,,0,,03/14/2013 12:00:00 AM +0000,3/14/2013 2:02:00 PM,1,28753,At Intersection (intersection related),Daylight,DEXTER AVE N AND LEE ST,0,1,Y,3,3643891,Dry,18,"MOTOR VEHICLE STRUCK PEDALCYCLIST, FRONT END AT ANGLE",,10083,0,2,Injury Collision,,45,Bicycle,Matched,N,1,Clear or Partly Cloudy,0,"(47.631410781000056, -122.34228891699996)",12941,0,N,13-86720
40408,160424,160444,Intersection,Cycles,0, ,,0,,01/22/2014 12:00:00 AM +0000,1/22/2014 8:20:00 AM,1,37396,At Intersection (intersection related),Daylight,GREENWOOD AVE N AND N 100TH ST,0,1,,3,3582409,Wet,51,PEDALCYCLIST STRUCK MOTOR VEHICLE FRONT END AT ANGLE,,10760,0,2,Injury Collision,,45,Bicycle,Matched,N,1,Overcast,0,"(47.70146108500006, -122.35541487499995)",4755,0,N,2014-23320
40471,161406,161426,Block,Cycles,190, ,,0,,02/04/2014 12:00:00 AM +0000,2/4/2014 8:55:00 AM,1,,Mid-Block (not related to intersection),Daylight,MTS N RAINIER CONNCT TRL BETWEEN MTS DEARBORN CONNCTR TRL AND RAINIER AVE S,0,1,,3,3583103,Dry,51,PEDALCYCLIST STRUCK MOTOR VEHICLE FRONT END AT ANGLE,,519922,0,2,Injury Collision,,45,Bicycle,Matched,N,1,Overcast,0,"(47.591175304000046, -122.30720905899994)",0,525602,N,14-30081
40509,163147,163167,Block,Cycles,135.5, ,,0,Y,01/24/2011 12:00:00 AM +0000,1/24/2011 7:18:00 PM,0,,Mid-Block (but intersection related),Dark - Street Lights On,NW 85TH ST BETWEEN 30TH AVE NW AND 31ST AVE NW,0,1,Y,2,3568903,Wet,18,"MOTOR VEHICLE STRUCK PEDALCYCLIST, FRONT END AT ANGLE",,18988,0,1,Property Damage Only Collision,,45,Bicycle,Matched,N,1,Overcast,0,"(47.69056959800008, -122.39637852899995)",0,0,N,11-28489
40545,160016,160036,Block,Cycles,213, ,,0,Y,01/13/2014 12:00:00 AM +0000,1/13/2014 9:40:00 AM,1,,Mid-Block (not related to intersection),Daylight,DEXTER AVE N BETWEEN THOMAS ST AND HARRISON ST,0,1,,3,3550122,Dry,56,PEDALCYCLIST STRUCK MOTOR VEHICLE LEFT SIDE SIDESWIPE,,10073,0,2,Injury Collision,,45,Bicycle,Matched,N,2,Overcast,0,"(47.62147070300006, -122.34237666999996)",12620,0,N,2014-13328
40566,161103,161123,Block,Cycles,100, ,,0,,02/01/2014 12:00:00 AM +0000,2/1/2014 2:40:00 PM,1,,Driveway Junction,Daylight,25TH AVE NE BETWEEN NE 54TH ST AND NE 55TH ST,0,1,Y,4,3591652,Dry,18,"MOTOR VEHICLE STRUCK PEDALCYCLIST, FRONT END AT ANGLE",,3724,0,2,Injury Collision,,45,Bicycle,Matched,N,2,Overcast,0,"(47.66825068600008, -122.30061727099996)",18812,0,N,14-35260
40571,161803,161823,Intersection,Cycles,0, ,,0,Y,02/01/2014 12:00:00 AM +0000,2/1/2014 2:30:00 AM,1,29775,At Intersection (intersection related),Dark - Street Lights On,13TH AVE AND E SPRING ST,0,1,,2,3586101,Dry,51,PEDALCYCLIST STRUCK MOTOR VEHICLE FRONT END AT ANGLE,,1736,0,2,Injury Collision,,45,Bicycle,Matched,N,1,Clear or Partly Cloudy,0,"(47.61155749300008, -122.31543289299998)",0,0,N,14-34768
40595,163427,163447,Block,Cycles,146, ,,0,Y,03/15/2013 12:00:00 AM +0000,3/15/2013 2:13:00 PM,1,,Mid-Block (not related to intersection),Daylight,ROOSEVELT WAY NE BETWEEN NE 55TH ST AND NE 56TH ST,0,1,,2,3503236,Dry,53,PEDALCYCLIST STRUCK MOTOR VEHICLE LEFT SIDE AT ANGLE,,12604,0,2,Injury Collision,,45,Bicycle,Matched,N,1,Clear or Partly Cloudy,0,"(47.66897546900003, -122.31736368799994)",9155,0,N,13-87936
40706,160439,160459,Intersection,Cycles,0, ,,0,,01/22/2014 12:00:00 AM +0000,1/22/2014 1:53:00 PM,1,27145,At Intersection (intersection related),Daylight,15TH AVE NE AND NE CAMPUS WB PY,0,1,,2,3591576,Dry,18,"MOTOR VEHICLE STRUCK PEDALCYCLIST, FRONT END AT ANGLE",,2031,0,2,Injury Collision,,45,Bicycle,Matched,N,1,Clear or Partly Cloudy,0,"(47.65620565000006, -122.31212642399998)",21308,0,N,14-23624
40756,160050,160070,Intersection,Cycles,0, ,,0,,01/14/2014 12:00:00 AM +0000,1/14/2014 9:00:00 AM,1,29694,At Intersection (intersection related),Daylight,ALASKAN WAY AND CLAY ST,0,1,,2,3288753,Dry,18,"MOTOR VEHICLE STRUCK PEDALCYCLIST, FRONT END AT ANGLE",,8733,0,2,Injury Collision,,45,Bicycle,Matched,N,1,Overcast,0,"(47.61443342600006, -122.35402457599997)",20786,0,N,14-14487
40763,163582,163602,Intersection,Cycles,0, ,,0,,03/19/2013 12:00:00 AM +0000,3/19/2013 8:10:00 AM,1,30192,At Intersection (intersection related),Daylight,18TH AVE AND E JEFFERSON ST,0,1,,2,3605931,Dry,51,PEDALCYCLIST STRUCK MOTOR VEHICLE FRONT END AT ANGLE,,2535,1,2b,Serious Injury Collision,,45,Bicycle,Matched,N,1,Clear or Partly Cloudy,0,"(47.60616997200003, -122.30894195199994)",10498,0,N,2013-92547
40769,163580,163600,Intersection,Cycles,0, ,,0,,03/19/2013 12:00:00 AM +0000,3/19/2013 2:42:00 PM,1,29863,At Intersection (intersection related),Daylight,MELROSE AVE AND PINE ST,0,1,Y,2,3599453,Wet,18,"MOTOR VEHICLE STRUCK PEDALCYCLIST, FRONT END AT ANGLE",,11745,0,2,Injury Collision,,45,Bicycle,Matched,N,1,Raining,0,"(47.615238420000026, -122.32790375499997)",10336,0,N,2013-92942
40776,160051,160071,Intersection,Cycles,0, ,,0,Y,01/10/2014 12:00:00 AM +0000,1/10/2014 6:00:00 PM,0,29894,At Intersection (intersection related),Dark - Street Lights On,6TH AVE AND PIKE ST,0,1,,2,3577257,Wet,00,NOT ENOUGH INFORMATION / NOT APPLICABLE,,7883,0,1,Property Damage Only Collision,Y,45,Bicycle,Matched,N,1,Overcast,0,"(47.61114239800003, -122.33446376999996)",25508,0,N,14-10656
40817,160445,160465,Intersection,Cycles,0, ,,0,,01/22/2014 12:00:00 AM +0000,1/22/2014 11:22:00 AM,1,25416,At Intersection (intersection related),Daylight,15TH AVE NW AND NW MARKET ST,0,1,,2,3608722,Dry,24,MOTOR VEHCILE STRUCK PEDESTRIAN,,2102,0,2,Injury Collision,,45,Bicycle,Matched,N,1,Overcast,0,"(47.668666908000034, -122.376214474)",0,525122,N,2014-23455
41019,163460,163480,Intersection,Cycles,0, ,,0,Y,03/03/2014 12:00:00 AM +0000,3/3/2014 8:30:00 AM,0,24276,At Intersection (intersection related),Daylight,AURORA AVE N AND GREEN LAKE DR N,0,1,,2,3583606,Dry,18,"MOTOR VEHICLE STRUCK PEDALCYCLIST, FRONT END AT ANGLE",,8961,0,1,Property Damage Only Collision,,45,Bicycle,Matched,N,1,Clear or Partly Cloudy,0,"(47.68911276600005, -122.34451443499995)",0,524409,N,2014-66664
41129,162666,162686,Block,Cycles,153, ,,0,,02/17/2014 12:00:00 AM +0000,2/17/2014 5:35:00 PM,1,,Mid-Block (not related to intersection),Dark - Street Lights On,4TH AVE BETWEEN VINE ST AND CEDAR ST,0,1,Y,2,3644022,Dry,18,"MOTOR VEHICLE STRUCK PEDALCYCLIST, FRONT END AT ANGLE",,6143,0,2,Injury Collision,,45,Bicycle,Matched,N,1,Clear or Partly Cloudy,0,"(47.61751842100006, -122.34757051799994)",12874,0,N,14-52189
41144,163607,163627,Intersection,Cycles,0, ,,0,,03/18/2013 12:00:00 AM +0000,3/18/2013 8:35:00 AM,1,26710,At Intersection (intersection related),Daylight,9TH AVE NW AND NW 45TH ST,0,1,Y,2,3503389,Dry,18,"MOTOR VEHICLE STRUCK PEDALCYCLIST, FRONT END AT ANGLE",,8563,0,2,Injury Collision,,45,Bicycle,Matched,N,1,Overcast,0,"(47.66146692900003, -122.36861555399997)",0,0,N,13-91365
41194,159910,159930,Intersection,Cycles,0, ,,0,,01/06/2014 12:00:00 AM +0000,1/6/2014 8:30:00 AM,1,29082,At Intersection (intersection related),Daylight,FAIRVIEW AVE E AND FAIRVIEW AVE N,0,1,,2,3585008,Dry,51,PEDALCYCLIST STRUCK MOTOR VEHICLE FRONT END AT ANGLE,,10336,0,2,Injury Collision,,45,Bicycle,Matched,N,1,Clear or Partly Cloudy,0,"(47.63190599600006, -122.32688562599998)",41840,0,N,14-5440
41212,161644,161664,Block,Cycles,148, ,,0,,01/23/2014 12:00:00 AM +0000,1/23/2014 2:24:00 PM,1,,Driveway Junction,Daylight,NE 65TH ST BETWEEN 14TH AVE NE AND 15TH AVE NE,0,1,,2,3608723,Dry,18,"MOTOR VEHICLE STRUCK PEDALCYCLIST, FRONT END AT ANGLE",,17265,0,2,Injury Collision,,45,Bicycle,Matched,N,1,Clear or Partly Cloudy,0,"(47.67578858600007, -122.31253248799999)",29273,0,N,14-24867