OBJECTID,INCKEY,COLDETKEY,ADDRTYPE,COLLISIONTYPE,DISTANCE,EXCEPTRSNCODE,EXCEPTRSNDESC,FATALITIES,INATTENTIONIND,INCDATE,INCDTTM,INJURIES,INTKEY,JUNCTIONTYPE,LIGHTCOND,LOCATION,PEDCOUNT,PEDCYLCOUNT,PEDROWNOTGRNT,PERSONCOUNT,REPORTNO,ROADCOND,SDOT_COLCODE,SDOT_COLDESC,SDOTCOLNUM,SEGKEY,SERIOUSINJURIES,SEVERITYCODE,SEVERITYDESC,SPEEDING,ST_COLCODE,ST_COLDESC,STATUS,UNDERINFL,VEHCOUNT,WEATHER,WIDTH,Shape,SEGLANEKEY,CROSSWALKKEY,HITPARKEDCAR,SPDCASENO
41226,161640,161660,Block,Cycles,330, ,,0,,02/06/2014 12:00:00 AM +0000,2/6/2014 2:50:00 PM,1,,Driveway Junction,Daylight,LAKE CITY WAY NE BETWEEN NE 143RD ST AND NE 145TH ST,0,1,Y,2,3591708,Dry,18,"MOTOR VEHICLE STRUCK PEDALCYCLIST, FRONT END AT ANGLE",,11190,0,2,Injury Collision,,45,Bicycle,Matched,N,1,Overcast,0,"(47.73284649900006, -122.29240305399998)",17683,0,N,14-40307
41267,162677,162697,Block,Cycles,367, ,,0,,02/22/2014 12:00:00 AM +0000,2/22/2014 10:25:00 AM,1,,Mid-Block (not related to intersection),Daylight,BEACON AVE S BETWEEN S STEVENS ST AND S HANFORD ST,0,1,Y,2,3583007,Wet,18,"MOTOR VEHICLE STRUCK PEDALCYCLIST, FRONT END AT ANGLE",,9122,0,2,Injury Collision,,45,Bicycle,Matched,N,1,Overcast,0,"(47.576073543000064, -122.30951713499996)",13386,0,N,2014-57122
41281,162991,163011,Block,Cycles,357, ,,0,,07/26/2010 12:00:00 AM +0000,7/26/2010 6:44:00 AM,1,,Mid-Block (but intersection related),Daylight,EASTLAKE AVE E BETWEEN E ALLISON ST AND HARVARD AVE E,0,1,Y,2,3329197,Dry,18,"MOTOR VEHICLE STRUCK PEDALCYCLIST, FRONT END AT ANGLE",,10183,0,2,Injury Collision,,45,Bicycle,Matched,N,1,Clear or Partly Cloudy,0,"(47.64965019300007, -122.32276631399998)",6064,0,N,10-259345
41322,163839,163859,Block,Cycles,260, ,,0,Y,02/12/2014 12:00:00 AM +0000,2/12/2014 8:15:00 PM,0,,Mid-Block (but intersection related),Dark - Street Lights On,MELROSE AVE BETWEEN E OLIVE PL AND E DENNY WAY,0,1,,2,3577412,Dry,18,"MOTOR VEHICLE STRUCK PEDALCYCLIST, FRONT END AT ANGLE",,11757,0,1,Property Damage Only Collision,,45,Bicycle,Matched,N,1,Clear or Partly Cloudy,0,"(47.61778204700005, -122.32786403299997)",11531,0,N,14-47029
41324,163638,163658,Block,Cycles,137.5, ,,0,,03/17/2013 12:00:00 AM +0000,3/17/2013 4:48:00 PM,1,,Mid-Block (not related to intersection),Daylight,EAST GREEN LAKE DR N BETWEEN 4TH AVE NE AND LATONA AVE NE,0,1,,3,3507932,Wet,18,"MOTOR VEHICLE STRUCK PEDALCYCLIST, FRONT END AT ANGLE",,14059,0,2,Injury Collision,,45,Bicycle,Matched,N,1,Raining,0,"(47.68139851700005, -122.32708109099997)",7304,0,N,2013-90639
41379,161662,161682,Block,Cycles,329.5, ,,0,,01/24/2014 12:00:00 AM +0000,1/24/2014 9:24:00 AM,1,,Mid-Block (but intersection related),Daylight,YESLER WAY BETWEEN TERRACE ST AND 6TH AVE,0,1,,2,3641488,Dry,51,PEDALCYCLIST STRUCK MOTOR VEHICLE FRONT END AT ANGLE,,13766,0,2,Injury Collision,Y,45,Bicycle,Matched,N,1,Clear or Partly Cloudy,0,"(47.60171208300005, -122.32768801499998)",9972,0,N,2014-25740
41402,162229,162249,Block,Cycles,172.5, ,,0,,02/10/2014 12:00:00 AM +0000,2/10/2014 8:59:00 PM,1,,Driveway Junction,Dark - No Street Lights,LINDEN AVE N BETWEEN N 94TH ST AND N 95TH ST,0,1,,3,3608725,Dry,18,"MOTOR VEHICLE STRUCK PEDALCYCLIST, FRONT END AT ANGLE",,11439,0,2,Injury Collision,,45,Bicycle,Matched,N,1,Clear or Partly Cloudy,0,"(47.69734203200005, -122.34729734899997)",0,0,N,14-44757
41413,163003,163023,Block,Cycles,334.5, ,,0,,07/27/2010 12:00:00 AM +0000,7/27/2010 4:45:00 PM,0,,Mid-Block (not related to intersection),Unknown,NW MARKET ST BETWEEN 26TH AVE NW AND 28TH AVE NW,0,1,,2,3345286,Unknown,51,PEDALCYCLIST STRUCK MOTOR VEHICLE FRONT END AT ANGLE,,19237,0,1,Property Damage Only Collision,,45,Bicycle,Matched,N,1,Unknown,0,"(47.66866164900006, -122.39149959699995)",25921,0,N,2010-260315
41423,162998,163018,Block,Cycles,130.5, ,,0,,07/26/2010 12:00:00 AM +0000,7/26/2010 10:30:00 AM,1,,Mid-Block (not related to intersection),Daylight,E PINE ST BETWEEN BELMONT AVE AND BOYLSTON AVE,0,1,Y,3,3332576,Dry,18,"MOTOR VEHICLE STRUCK PEDALCYCLIST, FRONT END AT ANGLE",,14631,0,2,Injury Collision,,45,Bicycle,Matched,N,1,Clear or Partly Cloudy,0,"(47.615228063000075, -122.32394607099997)",10368,0,N,2010-257544
41474,160540,160560,Intersection,Cycles,0, ,,0,,01/24/2014 12:00:00 AM +0000,1/24/2014 4:15:00 PM,1,26052,At Intersection (intersection related),Daylight,15TH AVE NE AND NE 50TH ST,0,1,,2,3591306,Dry,18,"MOTOR VEHICLE STRUCK PEDALCYCLIST, FRONT END AT ANGLE",,2037,0,2,Injury Collision,,45,Bicycle,Matched,N,1,Clear or Partly Cloudy,0,"(47.66489281100007, -122.31193741899995)",28979,0,N,14-26153
41512,160091,160111,Intersection,Cycles,0, ,,0,,01/05/2014 12:00:00 AM +0000,1/5/2014 12:24:00 PM,1,31372,At Intersection (intersection related),Daylight,1ST AVE S AND S LANDER ST,0,1,,3,3643157,Dry,18,"MOTOR VEHICLE STRUCK PEDALCYCLIST, FRONT END AT ANGLE",,1208,0,2,Injury Collision,,45,Bicycle,Matched,N,1,Clear or Partly Cloudy,0,"(47.579811138000025, -122.33420081399998)",0,524927,N,2014-4668
41544,162695,162715,Block,Cycles,270.5, ,,0,,02/21/2014 12:00:00 AM +0000,2/21/2014 11:23:00 AM,1,,Mid-Block (not related to intersection),Daylight,15TH AVE NE BETWEEN NE 41ST ST AND NE 42ND ST,0,1,,2,3591584,Wet,51,PEDALCYCLIST STRUCK MOTOR VEHICLE FRONT END AT ANGLE,,2032,0,2,Injury Collision,,45,Bicycle,Matched,N,1,Overcast,0,"(47.657559098000036, -122.31209078899997)",21324,0,N,14-56046
41749,160572,160592,Block,Cycles,922.5, ,,0,Y,01/25/2014 12:00:00 AM +0000,1/25/2014 2:42:00 PM,1,,Driveway Junction,Daylight,HARBOR AVE SW BETWEEN SW HARBOR LN AND SW SPOKANE NR ST,0,1,Y,3,3386159,Dry,51,PEDALCYCLIST STRUCK MOTOR VEHICLE FRONT END AT ANGLE,,10821,0,2,Injury Collision,,45,Bicycle,Matched,N,1,Clear or Partly Cloudy,0,"(47.574311359000035, -122.37093230899995)",0,0,N,14-2720
41882,159944,159964,Intersection,Cycles,0, ,,0,Y,01/05/2014 12:00:00 AM +0000,1/5/2014 12:54:00 PM,1,27153,At Intersection (intersection related),Daylight,EASTLAKE AVE E AND FUHRMAN AVE E,0,1,Y,2,3585837,Dry,51,PEDALCYCLIST STRUCK MOTOR VEHICLE FRONT END AT ANGLE,,10579,0,2,Injury Collision,,45,Bicycle,Matched,N,1,Clear or Partly Cloudy,0,"(47.65157827200005, -122.32127525699997)",6078,0,N,14-4689
41979,163517,163537,Block,Cycles,372, ,,0,,03/14/2013 12:00:00 AM +0000,3/14/2013 8:20:00 AM,1,,Mid-Block (not related to intersection),Daylight,DEXTER AVE N BETWEEN HAYES ST AND HOWE ST,0,1,Y,2,3581415,Dry,18,"MOTOR VEHICLE STRUCK PEDALCYCLIST, FRONT END AT ANGLE",,10087,0,2,Injury Collision,,45,Bicycle,Matched,N,1,Clear or Partly Cloudy,0,"(47.63498698700005, -122.34228517999998)",12989,0,N,2013-86367
42056,162287,162307,Block,Cycles,489, ,,0,,02/11/2014 12:00:00 AM +0000,2/11/2014 12:58:00 PM,1,,Driveway Junction,Daylight,LAKE WASHINGTON BLVD S BETWEEN S ADAMS ST AND S GENESEE WAY,0,1,,2,3643047,Dry,18,"MOTOR VEHICLE STRUCK PEDALCYCLIST, FRONT END AT ANGLE",,11239,0,2,Injury Collision,,45,Bicycle,Matched,N,1,Clear or Partly Cloudy,0,"(47.56409721500006, -122.26874998999995)",38131,0,N,2014-45397
42148,160983,161003,Block,Cycles,165, ,,0,Y,01/29/2014 12:00:00 AM +0000,1/29/2014 6:45:00 PM,1,,Driveway Junction,Dark - Street Lights On,N 87TH ST BETWEEN PALATINE AVE N AND GREENWOOD AVE N,0,1,,2,3582445,Wet,18,"MOTOR VEHICLE STRUCK PEDALCYCLIST, FRONT END AT ANGLE",,15975,0,2,Injury Collision,,45,Bicycle,Matched,N,1,Clear or Partly Cloudy,0,"(47.69242228500008, -122.35599290199997)",0,0,N,14-32005
42149,159982,160002,Intersection,Cycles,0, ,,0,,01/09/2014 12:00:00 AM +0000,1/9/2014 2:50:00 PM,1,36499,At Intersection (intersection related),Daylight,5TH AVE NE AND NE NORTHGATE WAY,0,1,,2,3591403,Wet,18,"MOTOR VEHICLE STRUCK PEDALCYCLIST, FRONT END AT ANGLE",,7256,0,2,Injury Collision,,45,Bicycle,Matched,N,1,Overcast,0,"(47.708594134000066, -122.32327545299995)",14514,0,N,14-9628
42180,160613,160633,Block,Cycles,396.5, ,,0,Y,01/24/2014 12:00:00 AM +0000,1/24/2014 8:54:00 AM,1,,Driveway Junction,Daylight,STONE WAY N BETWEEN N 36TH ST AND N 38TH ST,0,1,,2,3576878,Dry,18,"MOTOR VEHICLE STRUCK PEDALCYCLIST, FRONT END AT ANGLE",,12957,0,2,Injury Collision,,45,Bicycle,Matched,N,1,Clear or Partly Cloudy,0,"(47.651618651000035, -122.342626914)",6292,0,N,14-25709
42207,161347,161367,Intersection,Cycles,0, ,,0,,01/28/2014 12:00:00 AM +0000,1/28/2014 8:49:00 AM,1,30177,At Intersection (intersection related),Daylight,19TH AVE AND E CHERRY ST,0,1,,2,3585902,Wet,18,"MOTOR VEHICLE STRUCK PEDALCYCLIST, FRONT END AT ANGLE",,2645,0,2,Injury Collision,,45,Bicycle,Matched,N,1,Overcast,0,"(47.60802107500007, -122.30762262699994)",8657,0,N,2014-30226
42236,161043,161063,Block,Cycles,76, ,,0,,01/30/2014 12:00:00 AM +0000,1/30/2014 8:21:00 PM,1,,Mid-Block (but intersection related),Dark - Street Lights On,E PINE ST BETWEEN BELLEVUE AVE AND CRAWFORD PL,0,1,Y,3,3586079,Wet,18,"MOTOR VEHICLE STRUCK PEDALCYCLIST, FRONT END AT ANGLE",,14628,0,2,Injury Collision,,45,Bicycle,Matched,N,1,Raining,0,"(47.61521616700003, -122.32649732799996)",10348,0,N,2014-33255
42258,163533,163553,Intersection,Cycles,0, ,,0,,03/20/2013 12:00:00 AM +0000,3/20/2013 8:50:00 AM,1,37450,At Intersection (intersection related),Daylight,DAYTON AVE N AND N 87TH ST,0,1,,2,3613392,Wet,51,PEDALCYCLIST STRUCK MOTOR VEHICLE FRONT END AT ANGLE,,9929,0,2,Injury Collision,,45,Bicycle,Matched,N,1,Raining,0,"(47.69241034100003, -122.35262053599996)",0,0,N,13-95087
42266,162854,162874,Intersection,Cycles,0, ,,0,,02/25/2014 12:00:00 AM +0000,2/25/2014 8:00:00 AM,1,28530,At Intersection (intersection related),Daylight,MCGILVRA BLVD E AND E MADISON N ST,0,1,,2,3582366,Dry,18,"MOTOR VEHICLE STRUCK PEDALCYCLIST, FRONT END AT ANGLE",,11721,0,2,Injury Collision,,45,Bicycle,Matched,N,1,Clear or Partly Cloudy,0,"(47.63372768100004, -122.28106301599996)",34286,0,N,14-59806
42283,163362,163382,Intersection,Cycles,0, ,,0,,02/01/2013 12:00:00 AM +0000,2/1/2013 3:50:00 PM,1,287157,At Intersection (intersection related),Daylight,ADAMS LN NE AND BURKE GILMAN TRL,0,1,,2,3270335,Dry,18,"MOTOR VEHICLE STRUCK PEDALCYCLIST, FRONT END AT ANGLE",,287254,0,2,Injury Collision,,45,Bicycle,Matched,N,1,Clear or Partly Cloudy,0,"(47.65479501000004, -122.31675463299996)",0,630884,N,13-000305
42352,165991,166011,Block,Cycles,237.5, ,,0,Y,04/16/2014 12:00:00 AM +0000,4/16/2014 3:38:00 PM,1,,Driveway Junction,Daylight,EASTLAKE AVE E BETWEEN E ROANOKE ST AND E EDGAR ST,0,1,,2,3567639,Wet,51,PEDALCYCLIST STRUCK MOTOR VEHICLE FRONT END AT ANGLE,,10179,0,2,Injury Collision,,45,Bicycle,Matched,N,1,Raining,0,"(47.64384056200004, -122.32588475799997)",0,0,N,14-116583
42367,166158,166178,Intersection,Cycles,0, ,,0,Y,03/28/2014 12:00:00 AM +0000,3/28/2014 7:30:00 AM,1,29536,At Intersection (intersection related),Daylight,7TH AVE AND LENORA ST,0,1,,2,3641264,Wet,51,PEDALCYCLIST STRUCK MOTOR VEHICLE FRONT END AT ANGLE,,8164,0,2,Injury Collision,,45,Bicycle,Matched,N,1,Raining,0,"(47.61582545500005, -122.33875323399997)",13747,0,N,2014-94048
42385,166804,166824,Block,Cycles,160.5, ,,0,,04/11/2014 12:00:00 AM +0000,4/11/2014 2:55:00 PM,1,,Mid-Block (not related to intersection),Daylight,S JACKSON ST BETWEEN 2ND AVE S AND 3RD AVE S,0,1,,1,3641332,Dry,69,PEDALCYCLIST OVERTURNED IN ROAD,,20484,0,2,Injury Collision,,45,Bicycle,Matched,N,0,Clear or Partly Cloudy,0,"(47.59919974400003, -122.33092876799998)",0,0,N,14-110833
42426,167577,167597,Intersection,Cycles,0, ,,0,,05/13/2014 12:00:00 AM +0000,5/13/2014 8:01:00 AM,1,29603,At Intersection (intersection related),Daylight,2ND AVE AND UNIVERSITY ST,0,1,Y,2,3549702,Dry,18,"MOTOR VEHICLE STRUCK PEDALCYCLIST, FRONT END AT ANGLE",,2756,0,2,Injury Collision,,45,Bicycle,Matched,N,1,Clear or Partly Cloudy,0,"(47.60729905800008, -122.33708679799997)",12162,0,N,2014-148185
42436,167999,168019,Block,Cycles,256.5, ,,0,,05/06/2014 12:00:00 AM +0000,5/6/2014 7:07:00 PM,1,,Driveway Junction,Daylight,NW 54TH ST BETWEEN NW MARKET ST AND 30TH WR AVE NW,0,1,,3,3702952,Dry,18,"MOTOR VEHICLE STRUCK PEDALCYCLIST, FRONT END AT ANGLE",,18440,0,2,Injury Collision,,45,Bicycle,Matched,N,1,Clear or Partly Cloudy,0,"(47.66827122900003, -122.39537296699996)",25972,0,N,14-140215
42478,166160,166180,Intersection,Cycles,0, ,,0,,04/03/2014 12:00:00 AM +0000,4/3/2014 8:12:00 AM,0,30542,At Intersection (intersection related),Daylight,6TH AVE S AND S DEARBORN ST,0,1,,3,3641279,Dry,18,"MOTOR VEHICLE STRUCK PEDALCYCLIST, FRONT END AT ANGLE",,7987,0,1,Property Damage Only Collision,,45,Bicycle,Matched,N,1,Clear or Partly Cloudy,0,"(47.59583727300003, -122.32637379799996)",5806,0,N,2014-100996
42484,165566,165586,Block,Cycles,1815.735893094999938, ,,0,,03/07/2014 12:00:00 AM +0000,3/7/2014 4:02:00 PM,1,,Mid-Block (not related to intersection),Daylight,BURKE GILMAN TRL BETWEEN MONTLAKE CUT CONNCTR TRL AND PEND OREILLE RD NE,0,1,,1,3519568,Dry,29,MOTOR VEHICLE OVERTURNED IN ROAD,,287259,0,2,Injury Collision,,45,Bicycle,Matched,N,0,Overcast,0,"(47.655223231000036, -122.30266158799998)",0,0,N,14-000627
42496,165792,165812,Block,Cycles,130, ,,0,Y,03/31/2014 12:00:00 AM +0000,3/31/2014 1:06:00 PM,1,,Ramp Junction,Daylight,STONE WAY N BETWEEN N 44TH ST AND N ALLEN PL,0,1,,2,3597123,Dry,51,PEDALCYCLIST STRUCK MOTOR VEHICLE FRONT END AT ANGLE,,12967,0,2,Injury Collision,,45,Bicycle,Matched,N,1,Clear or Partly Cloudy,0,"(47.660314449000055, -122.34219936299996)",6370,0,N,14-97570
42539,163940,163964,Intersection,Cycles,0, ,,0,,03/05/2014 12:00:00 AM +0000,3/5/2014 6:30:00 PM,1,589794,At Intersection (intersection related),Dark - Street Lights On,MERCER NR ST AND WESTLAKE AVE N,0,1,,2,3583611,Wet,18,"MOTOR VEHICLE STRUCK PEDALCYCLIST, FRONT END AT ANGLE",,13537,0,2,Injury Collision,,45,Bicycle,Matched,N,1,Raining,0,"(47.62469578100007, -122.33843433499999)",0,523902,N,2014-69254
42609,166013,166033,Intersection,Cycles,0, ,,0,,04/04/2014 12:00:00 AM +0000,4/4/2014 9:09:00 PM,1,29575,At Intersection (intersection related),Dark - Street Lights On,6TH AVE AND DENNY WAY,0,1,,5,3581843,Wet,18,"MOTOR VEHICLE STRUCK PEDALCYCLIST, FRONT END AT ANGLE",,7895,0,2,Injury Collision,,45,Bicycle,Matched,N,1,Raining,0,"(47.618560546000026, -122.34500581799995)",23463,0,N,14-103057
42648,166630,166650,Block,Cycles,137.5, ,,0,Y,04/27/2014 12:00:00 AM +0000,4/27/2014 12:10:00 PM,1,,Mid-Block (not related to intersection),Unknown,EAST GREEN LAKE WAY N BETWEEN SUNNYSIDE AVE N AND 1ST AVE NE,0,1,Y,3,3572921,Unknown,18,"MOTOR VEHICLE STRUCK PEDALCYCLIST, FRONT END AT ANGLE",,14080,0,2,Injury Collision,,45,Bicycle,Matched,N,1,Unknown,0,"(47.67833493400008, -122.32883586599996)",7398,0,N,14-128842
42735,163961,163981,Intersection,Cycles,0, ,,0,,03/11/2014 12:00:00 AM +0000,3/11/2014 8:25:00 PM,1,31368,At Intersection (intersection related),Dark - Street Lights On,6TH AVE S AND S LANDER ST,0,1,,2,3579311,Dry,51,PEDALCYCLIST STRUCK MOTOR VEHICLE FRONT END AT ANGLE,,7996,0,2,Injury Collision,,45,Bicycle,Matched,N,1,Clear or Partly Cloudy,0,"(47.57980932500004, -122.32597667499999)",19547,0,N,14-75792
42742,166179,166199,Intersection,Cycles,0, ,,0,,04/04/2014 12:00:00 AM +0000,4/4/2014 9:29:00 PM,1,29698,At Intersection (intersection related),Dark - No Street Lights,WALL ST AND WESTERN AVE,0,1,,4,3641306,Dry,11,"MOTOR VEHICLE STRUCK MOTOR VEHICLE, FRONT END AT ANGLE",,13354,0,2,Injury Collision,,45,Bicycle,Matched,N,1,Clear or Partly Cloudy,0,"(47.61403121800004, -122.34960608399996)",37190,0,N,2014-103071
42768,165283,165303,Intersection,Cycles,0, ,,0,Y,04/01/2014 12:00:00 AM +0000,4/1/2014 8:35:00 PM,0,27089,At Intersection (intersection related),Dark - Street Lights On,BROOKLYN AVE NE AND NE 42ND ST,0,1,Y,2,3582688,Dry,18,"MOTOR VEHICLE STRUCK PEDALCYCLIST, FRONT END AT ANGLE",,9480,0,1,Property Damage Only Collision,,45,Bicycle,Matched,N,1,Clear or Partly Cloudy,0,"(47.65832863700007, -122.31436331399999)",0,0,N,14-99399
42769,165282,165302,Intersection,Cycles,0, ,,0,,04/01/2014 12:00:00 AM +0000,4/1/2014 2:50:00 PM,1,36192,At Intersection (intersection related),Daylight,35TH AVE NE AND NE 125TH ST,0,1,,2,3582546,Dry,18,"MOTOR VEHICLE STRUCK PEDALCYCLIST, FRONT END AT ANGLE",,5396,0,2,Injury Collision,,45,Bicycle,Matched,N,1,Clear or Partly Cloudy,0,"(47.71925343700008, -122.29078406199994)",0,524569,N,14-99003
42776,164981,165001,Intersection,Cycles,0, ,,0,,03/26/2014 12:00:00 AM +0000,3/26/2014 6:52:00 PM,1,29931,At Intersection (intersection related),Unknown,4TH AVE AND UNIVERSITY ST,0,1,,2,3705383,Unknown,18,"MOTOR VEHICLE STRUCK PEDALCYCLIST, FRONT END AT ANGLE",,6129,0,2,Injury Collision,,45,Bicycle,Matched,N,1,Unknown,0,"(47.608227922000026, -122.33486632899996)",12735,0,N,14-92405
42808,167215,167235,Block,Cycles,530, ,,0,Y,05/02/2014 12:00:00 AM +0000,5/2/2014 10:37:00 PM,1,,Mid-Block (not related to intersection),Dark - Street Lights Off,1ST AVE S BETWEEN 1ST AV S VI AND S HUDSON ST,0,1,,2,3504168,Wet,21,"MOTOR VEHICLE STRUCK PEDALCYCLIST, REAR END",,1216,0,2,Injury Collision,,45,Bicycle,Matched,N,1,Raining,0,"(47.55886679900004, -122.33421306599996)",1350,0,N,2014-135886
42825,163969,163989,Intersection,Cycles,0, ,,0,Y,03/10/2014 12:00:00 AM +0000,3/10/2014 8:28:00 AM,1,29072,At Intersection (intersection related),Daylight,BROADWAY AND E HOWELL ST,0,1,,3,3586228,Wet,18,"MOTOR VEHICLE STRUCK PEDALCYCLIST, FRONT END AT ANGLE",,9450,0,2,Injury Collision,,45,Bicycle,Matched,N,1,Overcast,0,"(47.61757128900007, -122.32083582899998)",6840,0,N,14-73970
42893,166429,166449,Intersection,Cycles,0, ,,0,Y,04/18/2014 12:00:00 AM +0000,4/18/2014 8:10:00 PM,1,29177,At Intersection (intersection related),Dusk,E HOWELL ST AND E OLIVE WAY,0,1,,2,3701535,Dry,18,"MOTOR VEHICLE STRUCK PEDALCYCLIST, FRONT END AT ANGLE",,14170,0,2,Injury Collision,,45,Bicycle,Matched,N,1,Clear or Partly Cloudy,0,"(47.61773646800003, -122.32625385499995)",0,0,N,2014-119228
42898,165832,165846,Block,Cycles,243, ,,0,,04/11/2014 12:00:00 AM +0000,4/11/2014 7:22:00 AM,1,,Mid-Block (not related to intersection),Daylight,WALLINGFORD AVE N BETWEEN N 39TH ST AND N 40TH ST,0,1,,2,3572494,Dry,18,"MOTOR VEHICLE STRUCK PEDALCYCLIST, FRONT END AT ANGLE",,13367,1,2b,Serious Injury Collision,,45,Bicycle,Matched,N,1,Clear or Partly Cloudy,0,"(47.65498100700006, -122.33626629899999)",6189,0,N,14-110359
42900,166192,166212,Intersection,Cycles,0, ,,0,,04/08/2014 12:00:00 AM +0000,4/8/2014 7:52:00 PM,1,29878,At Intersection (intersection related),Dark - Street Lights On,BOREN AVE AND PIKE ST,0,1,,3,3643982,Wet,18,"MOTOR VEHICLE STRUCK PEDALCYCLIST, FRONT END AT ANGLE",,9319,0,2,Injury Collision,,45,Bicycle,Matched,N,1,Overcast,0,"(47.613465820000044, -122.32891310199994)",31090,0,N,2014-107596
43003,165322,165342,Intersection,Cycles,0, ,,0,,04/02/2014 12:00:00 AM +0000,4/2/2014 5:22:00 PM,1,29932,At Intersection (intersection related),Daylight,4TH AVE AND SENECA ST,0,1,,2,3585080,Dry,54,PEDALCYCLIST STRUCK MOTOR VEHICLE REAR END,,6128,0,2,Injury Collision,,45,Bicycle,Matched,N,1,Clear or Partly Cloudy,0,"(47.607514998000056, -122.33421346899996)",12713,0,N,2014-100416
43017,165065,165085,Intersection,Cycles,0, ,,0,Y,03/20/2014 12:00:00 AM +0000,3/20/2014 4:25:00 PM,1,33305,At Intersection (intersection related),Daylight,COLUMBIA DR S AND S COLUMBIAN WAY,0,1,,2,3579369,Dry,51,PEDALCYCLIST STRUCK MOTOR VEHICLE FRONT END AT ANGLE,,9717,0,2,Injury Collision,,45,Bicycle,Matched,N,1,Clear or Partly Cloudy,0,"(47.55985332400007, -122.30553772099995)",14103,0,N,14-85600
43047,166196,166216,Intersection,Cycles,0, ,,0,Y,04/09/2014 12:00:00 AM +0000,4/9/2014 2:07:00 PM,1,29739,At Intersection (intersection related),Daylight,11TH AVE AND E PINE ST,0,1,Y,2,3673052,Dry,18,"MOTOR VEHICLE STRUCK PEDALCYCLIST, FRONT END AT ANGLE",,1383,0,2,Injury Collision,,45,Bicycle,Matched,N,1,Clear or Partly Cloudy,0,"(47.615254391000065, -122.318159434)",10420,0,N,14-108321
43084,167631,167651,Intersection,Cycles,0, ,,0,,05/12/2014 12:00:00 AM +0000,5/12/2014 6:11:00 PM,1,29515,At Intersection (intersection related),Unknown,DENNY WAY AND DEXTER AVE,0,1,,3,3585023,Dry,51,PEDALCYCLIST STRUCK MOTOR VEHICLE FRONT END AT ANGLE,,10011,0,2,Injury Collision,,45,Bicycle,Matched,N,1,Clear or Partly Cloudy,0,"(47.618550165000045, -122.34240185299996)",13736,0,N,2014-147403
43090,166940,166960,Intersection,Cycles,0,NEI,"Not Enough Information, or Insufficient Location Information",0,,04/26/2014 12:00:00 AM +0000,4/26/2014 10:00:00 PM,0,29599,At Intersection (intersection related),Dark - Street Lights On,1ST AVE AND UNION ST,0,1,,2,3570329,Wet,00,NOT ENOUGH INFORMATION / NOT APPLICABLE,,1008,0,1,Property Damage Only Collision,,45,Bicycle,Matched,N,1,Raining,0,"(47.60782816200003, -122.33910533499994)",0,0,N,14-130087
43094,166939,166959,Block,Cycles,95, ,,0,Y,04/13/2014 12:00:00 AM +0000,4/13/2014 11:45:00 AM,1,,Mid-Block (not related to intersection),Daylight,M L KING JR WAY E BETWEEN E ARTHUR PL AND E MADISON ST,0,1,,2,3585942,Dry,18,"MOTOR VEHICLE STRUCK PEDALCYCLIST, FRONT END AT ANGLE",,11499,0,2,Injury Collision,,45,Bicycle,Matched,N,1,Clear or Partly Cloudy,0,"(47.623065214000064, -122.29631794499994)",35368,0,N,14-112968
43138,165334,165354,Intersection,Cycles,0, ,,0,,03/27/2014 12:00:00 AM +0000,3/27/2014 8:15:00 AM,0,27064,At Intersection (intersection related),Daylight,12TH AVE NE AND NE 45TH ST,0,1,,3,3587555,Wet,51,PEDALCYCLIST STRUCK MOTOR VEHICLE FRONT END AT ANGLE,,1568,0,1,Property Damage Only Collision,,45,Bicycle,Matched,N,1,Raining,0,"(47.661284581000075, -122.31544243799999)",7000,0,N,2014-92882
43139,165333,165353,Intersection,Cycles,0, ,,0,,03/25/2014 12:00:00 AM +0000,3/25/2014 5:25:00 PM,1,27070,At Intersection (intersection related),Daylight,7TH AVE NE AND NE 45TH ST,0,1,,2,3587552,Wet,18,"MOTOR VEHICLE STRUCK PEDALCYCLIST, FRONT END AT ANGLE",,8174,0,2,Injury Collision,,45,Bicycle,Matched,N,1,Overcast,0,"(47.661319003000074, -122.32072786099997)",0,522070,N,14-91226
43173,166678,166698,Block,Cycles,66.5, ,,0,Y,04/25/2014 12:00:00 AM +0000,4/25/2014 6:00:00 PM,1,,Mid-Block (not related to intersection),Daylight,8TH AVE NW BETWEEN NW 62ND S ST AND NW 62ND N ST,0,1,,2,3282644,Dry,18,"MOTOR VEHICLE STRUCK PEDALCYCLIST, FRONT END AT ANGLE",,8391,0,2,Injury Collision,,45,Bicycle,Matched,N,1,Clear or Partly Cloudy,0,"(47.67398833000004, -122.36610321199998)",2460,0,N,14-126917
43222,166949,166969,Block,Cycles,121.5, ,,0,,04/21/2014 12:00:00 AM +0000,4/21/2014 5:52:00 PM,1,,Mid-Block (not related to intersection),Daylight,NW 45TH ST BETWEEN 8TH AVE NW AND LEARY WAY NW,0,1,,2,3591189,Dry,21,"MOTOR VEHICLE STRUCK PEDALCYCLIST, REAR END",,18334,0,2,Injury Collision,,45,Bicycle,Matched,N,1,Clear or Partly Cloudy,0,"(47.66146315200007, -122.36666425599998)",0,0,N,14-122349
43250,165079,165099,Intersection,Cycles,0, ,,0,,03/28/2014 12:00:00 AM +0000,3/28/2014 9:00:00 PM,1,26679,At Intersection (intersection related),Dark - Street Lights On,1ST AVE NW AND NW 36TH ST,0,1,,2,3503327,Dry,18,"MOTOR VEHICLE STRUCK PEDALCYCLIST, FRONT END AT ANGLE",,1115,0,2,Injury Collision,,45,Bicycle,Matched,N,1,Clear or Partly Cloudy,0,"(47.65296538800004, -122.35766174699995)",0,0,N,14-96531