OBJECTID,INCKEY,COLDETKEY,ADDRTYPE,COLLISIONTYPE,DISTANCE,EXCEPTRSNCODE,EXCEPTRSNDESC,FATALITIES,INATTENTIONIND,INCDATE,INCDTTM,INJURIES,INTKEY,JUNCTIONTYPE,LIGHTCOND,LOCATION,PEDCOUNT,PEDCYLCOUNT,PEDROWNOTGRNT,PERSONCOUNT,REPORTNO,ROADCOND,SDOT_COLCODE,SDOT_COLDESC,SDOTCOLNUM,SEGKEY,SERIOUSINJURIES,SEVERITYCODE,SEVERITYDESC,SPEEDING,ST_COLCODE,ST_COLDESC,STATUS,UNDERINFL,VEHCOUNT,WEATHER,WIDTH,Shape,SEGLANEKEY,CROSSWALKKEY,HITPARKEDCAR,SPDCASENO
43251,164239,164259,Intersection,Cycles,0, ,,0,Y,03/08/2014 12:00:00 AM +0000,3/8/2014 5:58:00 PM,2,29621,At Intersection (intersection related),Dark - Street Lights On,1ST AVE AND MADISON ST,0,2,,6,3640992,Wet,51,PEDALCYCLIST STRUCK MOTOR VEHICLE FRONT END AT ANGLE,,1004,0,2,Injury Collision,,45,Bicycle,Matched,N,1,Raining,0,"(47.604695047000064, -122.33623843299995)",36771,0,N,14-72578
43297,165862,165882,Intersection,Cycles,0, ,,0,,04/09/2014 12:00:00 AM +0000,4/9/2014 6:15:00 PM,1,28724,At Intersection (intersection related),Daylight,DEXTER AVE N AND HIGHLAND DR,0,1,,3,3505815,Dry,18,"MOTOR VEHICLE STRUCK PEDALCYCLIST, FRONT END AT ANGLE",,10081,0,2,Injury Collision,,45,Bicycle,Matched,N,1,Clear or Partly Cloudy,0,"(47.62971974100003, -122.34230363299997)",12797,0,N,2014-108637
43336,166687,166707,Block,Cycles,354.5, ,,0,Y,04/25/2014 12:00:00 AM +0000,4/25/2014 8:35:00 AM,1,,Mid-Block (but intersection related),Daylight,DENNY WAY BETWEEN STEWART ST AND MELROSE AVE,0,1,,3,3583705,Dry,54,PEDALCYCLIST STRUCK MOTOR VEHICLE REAR END,,10023,0,2,Injury Collision,,45,Bicycle,Matched,N,1,Clear or Partly Cloudy,0,"(47.61844935400006, -122.32929210599997)",23551,0,N,14-126256
43365,167266,167286,Intersection,Cycles,0, ,,0,,05/05/2014 12:00:00 AM +0000,5/5/2014 6:08:00 PM,1,24097,At Intersection (intersection related),Daylight,7TH AVE NW AND NW 70TH ST,0,1,Y,2,3582218,Dry,18,"MOTOR VEHICLE STRUCK PEDALCYCLIST, FRONT END AT ANGLE",,8193,0,2,Injury Collision,,45,Bicycle,Matched,N,1,Clear or Partly Cloudy,0,"(47.679553895000026, -122.36451286099998)",0,0,N,14-138876
43382,165348,165368,Intersection,Cycles,0, ,,0,Y,04/01/2014 12:00:00 AM +0000,4/1/2014 6:02:00 PM,1,30482,At Intersection (intersection related),Daylight,2ND AVE AND JAMES ST,0,1,,2,3641261,Dry,18,"MOTOR VEHICLE STRUCK PEDALCYCLIST, FRONT END AT ANGLE",,2749,0,2,Injury Collision,,45,Bicycle,Matched,N,1,Clear or Partly Cloudy,0,"(47.60230560100007, -122.33251943999994)",12029,0,N,14-99254
43458,167272,167292,Intersection,Cycles,0, ,,0,,05/08/2014 12:00:00 AM +0000,5/8/2014 5:00:00 PM,1,29528,At Intersection (intersection related),Daylight,LENORA ST AND WESTLAKE AVE,0,1,,2,3585084,Wet,51,PEDALCYCLIST STRUCK MOTOR VEHICLE FRONT END AT ANGLE,,8285,0,2,Injury Collision,,45,Bicycle,Matched,N,1,Raining,0,"(47.61649020500005, -122.33789362899995)",37186,0,N,2014-142679
43459,166997,167017,Block,Cycles,237.5, ,,0,Y,04/07/2014 12:00:00 AM +0000,4/7/2014 5:18:00 PM,1,,Mid-Block (not related to intersection),Daylight,BOYER AVE E BETWEEN E HAMLIN ST AND FUHRMAN AVE E,0,1,,3,3701501,Dry,56,PEDALCYCLIST STRUCK MOTOR VEHICLE LEFT SIDE SIDESWIPE,,9366,0,2,Injury Collision,,45,Bicycle,Matched,N,1,Clear or Partly Cloudy,0,"(47.64626477100006, -122.31707234699996)",6002,0,N,14-106168
43470,167273,167293,Intersection,Cycles,0, ,,0,,05/01/2014 12:00:00 AM +0000,5/1/2014 5:28:00 PM,1,30758,At Intersection (intersection related),Daylight,20TH PL S AND S JACKSON ST,0,1,Y,4,3585614,Dry,51,PEDALCYCLIST STRUCK MOTOR VEHICLE FRONT END AT ANGLE,,3093,1,2b,Serious Injury Collision,,45,Bicycle,Matched,N,1,Clear or Partly Cloudy,0,"(47.599264825000034, -122.30459823799998)",11066,0,N,14-134141
43473,166702,166722,Block,Cycles,325, ,,0,,04/29/2014 12:00:00 AM +0000,4/29/2014 10:38:00 AM,0,,Mid-Block (but intersection related),Daylight,PALATINE AVE N BETWEEN N 65TH ST AND N 67TH ST,0,1,,2,3582217,Dry,18,"MOTOR VEHICLE STRUCK PEDALCYCLIST, FRONT END AT ANGLE",,12083,0,1,Property Damage Only Collision,,45,Bicycle,Matched,N,1,Clear or Partly Cloudy,0,"(47.67688978700005, -122.35642063799997)",0,0,N,14-130982
43494,167017,167037,Block,Cycles,139, ,,0,Y,04/18/2014 12:00:00 AM +0000,4/18/2014 5:12:00 PM,1,,Driveway Junction,Daylight,HARVARD AVE BETWEEN BROADWAY AND SPRING ST,0,1,,2,3701396,Dry,18,"MOTOR VEHICLE STRUCK PEDALCYCLIST, FRONT END AT ANGLE",,10774,0,2,Injury Collision,,45,Bicycle,Matched,N,1,Clear or Partly Cloudy,0,"(47.61158282700006, -122.32105473599995)",0,0,N,14-119035
43499,164252,164272,Intersection,Cycles,0, ,,0,,03/13/2014 12:00:00 AM +0000,3/13/2014 7:30:00 AM,1,29878,At Intersection (intersection related),Daylight,BOREN AVE AND PIKE ST,0,1,Y,2,3584027,Dry,18,"MOTOR VEHICLE STRUCK PEDALCYCLIST, FRONT END AT ANGLE",,9319,0,2,Injury Collision,,45,Bicycle,Matched,N,1,Clear or Partly Cloudy,0,"(47.613465820000044, -122.32891310199994)",25242,0,N,14-77254
43517,164258,164278,Block,Cycles,366, ,,0,,03/13/2014 12:00:00 AM +0000,3/13/2014 7:14:00 AM,1,,Driveway Junction,Dawn,EAST MARGINAL WAY S BETWEEN S HINDS ST AND S SPOKANE NR ST,0,1,Y,2,3644235,Dry,18,"MOTOR VEHICLE STRUCK PEDALCYCLIST, FRONT END AT ANGLE",,14387,0,2,Injury Collision,,45,Bicycle,Matched,N,1,Clear or Partly Cloudy,0,"(47.57270499800006, -122.33969154099998)",0,0,N,14-77240
43563,165368,165388,Intersection,Cycles,0, ,,0,Y,03/20/2014 12:00:00 AM +0000,3/20/2014 1:00:00 PM,1,27153,At Intersection (intersection related),Daylight,EASTLAKE AVE E AND FUHRMAN AVE E,0,1,Y,2,3672737,Dry,51,PEDALCYCLIST STRUCK MOTOR VEHICLE FRONT END AT ANGLE,,10579,0,2,Injury Collision,,45,Bicycle,Matched,N,1,Clear or Partly Cloudy,0,"(47.65157827200005, -122.32127525699997)",6078,0,N,2014-85349
43570,166269,166289,Block,Cycles,161, ,,0,,04/19/2014 12:00:00 AM +0000,4/19/2014 12:15:00 AM,1,,Mid-Block (not related to intersection),Dark - Street Lights On,PIKE ST BETWEEN BOREN AVE AND MELROSE AVE,0,1,,3,3573276,Dry,18,"MOTOR VEHICLE STRUCK PEDALCYCLIST, FRONT END AT ANGLE",,12207,1,2b,Serious Injury Collision,,45,Bicycle,Matched,Y,1,Clear or Partly Cloudy,0,"(47.61369730700005, -122.32836055699994)",31079,0,N,14-119500
43589,167026,167046,Block,Cycles,420, ,,0,Y,04/23/2014 12:00:00 AM +0000,4/23/2014 12:53:00 PM,1,,Mid-Block (not related to intersection),Unknown,EASTLAKE AVE E BETWEEN E LYNN ST AND E LOUISA ST,0,1,,2,3701627,Dry,51,PEDALCYCLIST STRUCK MOTOR VEHICLE FRONT END AT ANGLE,,10177,0,2,Injury Collision,,45,Bicycle,Matched,N,1,Clear or Partly Cloudy,0,"(47.64087739100006, -122.325889916)",24736,0,N,14-124255
43605,166713,166733,Intersection,Cycles,0, ,,0,,04/30/2014 12:00:00 AM +0000,4/30/2014 7:14:00 PM,1,27070,At Intersection (intersection related),Daylight,7TH AVE NE AND NE 45TH ST,0,1,,2,3552911,Dry,18,"MOTOR VEHICLE STRUCK PEDALCYCLIST, FRONT END AT ANGLE",,8174,0,2,Injury Collision,,45,Bicycle,Matched,N,1,Clear or Partly Cloudy,0,"(47.661319003000074, -122.32072786099997)",7057,0,N,2014-132847
43615,167663,167683,Intersection,Cycles,0, ,,0,,05/08/2014 12:00:00 AM +0000,5/8/2014 4:02:00 PM,1,29872,At Intersection (intersection related),Daylight,BOREN AVE AND PINE ST,0,1,Y,2,3641160,Wet,51,PEDALCYCLIST STRUCK MOTOR VEHICLE FRONT END AT ANGLE,,9320,0,2,Injury Collision,,45,Bicycle,Matched,N,1,Raining,0,"(47.61445724200007, -122.32982243299995)",10320,0,N,14-142588
43618,167662,167682,Intersection,Cycles,0, ,,0,Y,04/29/2014 12:00:00 AM +0000,4/29/2014 5:40:00 PM,1,29894,At Intersection (intersection related),Daylight,6TH AVE AND PIKE ST,0,1,,2,3641146,Dry,18,"MOTOR VEHICLE STRUCK PEDALCYCLIST, FRONT END AT ANGLE",,7883,0,2,Injury Collision,,45,Bicycle,Matched,N,1,Clear or Partly Cloudy,0,"(47.61114239800003, -122.33446376999996)",0,523698,N,14-131491
43643,167029,167049,Intersection,Cycles,0, ,,0,,05/02/2014 12:00:00 AM +0000,5/2/2014 8:00:00 PM,0,35167,At Intersection (intersection related),Unknown,5TH AVE S AND S TRENTON S ST,0,1,,3,3295722,Unknown,51,PEDALCYCLIST STRUCK MOTOR VEHICLE FRONT END AT ANGLE,,7386,0,1,Property Damage Only Collision,,45,Bicycle,Matched,N,1,Unknown,0,"(47.524628654000026, -122.32822898199998)",0,0,N,14-135678
43646,167028,167048,Block,Cycles,161, ,,0,,04/27/2014 12:00:00 AM +0000,4/27/2014 10:18:00 PM,1,,Mid-Block (not related to intersection),Dark - Street Lights On,E PINE ST BETWEEN 11TH AVE AND 12TH AVE,0,1,,2,3701629,Dry,14,"MOTOR VEHICLE STRUCK MOTOR VEHICLE, REAR END",,14637,1,2b,Serious Injury Collision,,45,Bicycle,Matched,Y,1,Clear or Partly Cloudy,0,"(47.61525914900005, -122.31750882199998)",10420,0,N,14-129333
43684,165903,165923,Intersection,Cycles,0, ,,0,Y,04/13/2014 12:00:00 AM +0000,4/13/2014 2:52:00 PM,1,31973,At Intersection (intersection related),Daylight,49TH AVE SW AND SW ANDOVER ST,0,1,,2,3571356,Dry,51,PEDALCYCLIST STRUCK MOTOR VEHICLE FRONT END AT ANGLE,,7205,0,2,Injury Collision,,45,Bicycle,Matched,N,1,Clear or Partly Cloudy,0,"(47.56848232200008, -122.39478873699994)",0,0,N,14-113126
43693,165677,165697,Block,Cycles,213, ,,0,,04/10/2014 12:00:00 AM +0000,4/10/2014 10:41:00 AM,1,,Mid-Block (not related to intersection),Daylight,1ST AVE BETWEEN LENORA ST AND BLANCHARD ST,0,1,,2,3641265,Dry,56,PEDALCYCLIST STRUCK MOTOR VEHICLE LEFT SIDE SIDESWIPE,,1013,0,2,Injury Collision,,45,Bicycle,Matched,N,1,Clear or Partly Cloudy,0,"(47.61222096200004, -122.34456117999997)",13230,0,N,14-109305
43719,165905,165925,Block,Cycles,161, ,,0,,04/03/2014 12:00:00 AM +0000,4/3/2014 8:00:00 AM,1,,Mid-Block (not related to intersection),Daylight,PINE ST BETWEEN 7TH AVE AND 8TH AVE,0,1,Y,2,3641280,Dry,51,PEDALCYCLIST STRUCK MOTOR VEHICLE FRONT END AT ANGLE,,12220,0,2,Injury Collision,,45,Bicycle,Matched,N,1,Clear or Partly Cloudy,0,"(47.61283148000007, -122.33370924999997)",21826,0,N,14-101017
43727,167032,167052,Intersection,Cycles,0, ,,0,,04/30/2014 12:00:00 AM +0000,4/30/2014 4:55:00 PM,1,29826,At Intersection (intersection related),Daylight,12TH AVE AND E ALDER ST,0,1,,2,3476714,Dry,18,"MOTOR VEHICLE STRUCK PEDALCYCLIST, FRONT END AT ANGLE",,1526,0,2,Injury Collision,Y,45,Bicycle,Matched,N,1,Clear or Partly Cloudy,0,"(47.604360385000064, -122.31678113299995)",10590,0,N,14-132685
43741,166718,166738,Intersection,Cycles,0, ,,0,,04/30/2014 12:00:00 AM +0000,4/30/2014 4:54:00 PM,1,29826,At Intersection (intersection related),Daylight,12TH AVE AND E ALDER ST,0,1,,2,3575045,Dry,18,"MOTOR VEHICLE STRUCK PEDALCYCLIST, FRONT END AT ANGLE",,1526,0,2,Injury Collision,,45,Bicycle,Matched,N,1,Clear or Partly Cloudy,0,"(47.604360385000064, -122.31678113299995)",10590,0,N,14-132682
43755,167673,167693,Intersection,Cycles,0, ,,0,,05/02/2014 12:00:00 AM +0000,5/2/2014 10:58:00 AM,1,36054,At Intersection (intersection related),Daylight,30TH AVE NE AND NE 130TH ST,0,1,Y,2,3642240,Dry,51,PEDALCYCLIST STRUCK MOTOR VEHICLE FRONT END AT ANGLE,,4635,0,2,Injury Collision,,45,Bicycle,Matched,N,1,Clear or Partly Cloudy,0,"(47.72290005100007, -122.29635851799998)",0,521376,N,14-134997
43787,164094,164114,Block,Cycles,161, ,,0,Y,02/28/2014 12:00:00 AM +0000,2/28/2014 2:12:00 PM,1,,Driveway Junction,Daylight,PINE ST BETWEEN 8TH AVE AND 9TH AVE,0,1,Y,3,3583985,Dry,18,"MOTOR VEHICLE STRUCK PEDALCYCLIST, FRONT END AT ANGLE",,12221,0,2,Injury Collision,,45,Bicycle,Matched,N,1,Clear or Partly Cloudy,0,"(47.61329521600004, -122.33259897599999)",21789,0,N,14-63480
43837,166110,166130,Block,Cycles,121, ,,0,Y,04/10/2014 12:00:00 AM +0000,4/10/2014 10:09:00 AM,1,,Mid-Block (not related to intersection),Daylight,LAKE WASHINGTON BLVD BETWEEN LAKESIDE AVE AND E ALDER ST,0,1,,2,3701467,Dry,18,"MOTOR VEHICLE STRUCK PEDALCYCLIST, FRONT END AT ANGLE",,11174,0,2,Injury Collision,,45,Bicycle,Matched,N,1,Clear or Partly Cloudy,0,"(47.60330695700003, -122.28448725599998)",35157,0,N,2014-109275
43880,167702,167722,Block,Cycles,1087.5, ,,0,,05/01/2014 12:00:00 AM +0000,5/1/2014 5:30:00 PM,1,,Driveway Junction,Daylight,WEST GREEN LAKE WAY N BETWEEN GREEN LAKE TURN RD AND N 63RD ST,0,1,Y,2,3576788,Dry,18,"MOTOR VEHICLE STRUCK PEDALCYCLIST, FRONT END AT ANGLE",,23399,0,2,Injury Collision,,45,Bicycle,Matched,N,1,Clear or Partly Cloudy,0,"(47.67149845500006, -122.34367493899998)",10109,0,N,2014-135300
43884,167701,167721,Block,Cycles,90.5, ,,0,,05/01/2014 12:00:00 AM +0000,5/1/2014 6:34:00 PM,1,,Mid-Block (but intersection related),Daylight,EAST GREEN LAKE WAY N BETWEEN 2ND AVE NE AND 4TH AVE NE,0,1,,2,3576496,Dry,18,"MOTOR VEHICLE STRUCK PEDALCYCLIST, FRONT END AT ANGLE",,14082,0,2,Injury Collision,,45,Bicycle,Matched,N,1,Clear or Partly Cloudy,0,"(47.67843998600006, -122.32716208399995)",7406,0,N,2014-134228
43894,167416,167436,Block,Cycles,160.5, ,,0,Y,05/10/2014 12:00:00 AM +0000,5/10/2014 2:29:00 PM,1,,Mid-Block (not related to intersection),Daylight,E JOHN ST BETWEEN 13TH AVE E AND 14TH AVE E,0,1,,2,3585771,Dry,51,PEDALCYCLIST STRUCK MOTOR VEHICLE FRONT END AT ANGLE,,14247,0,2,Injury Collision,,45,Bicycle,Matched,N,1,Clear or Partly Cloudy,0,"(47.61995095100008, -122.31496985099994)",35234,0,N,2014-144882
43962,166116,166136,Intersection,Cycles,0, ,,0,,04/09/2014 12:00:00 AM +0000,4/9/2014 2:47:00 PM,0,29625,At Intersection (intersection related),Daylight,ALASKAN E RDWY WAY AND SPRING ST,0,1,,2,3583509,Dry,18,"MOTOR VEHICLE STRUCK PEDALCYCLIST, FRONT END AT ANGLE",,8748,0,1,Property Damage Only Collision,,45,Bicycle,Matched,N,1,Clear or Partly Cloudy,0,"(47.60465157800007, -122.33869324299997)",0,0,N,14-108366
43975,165925,165945,Intersection,Cycles,0, ,,0,,04/07/2014 12:00:00 AM +0000,4/7/2014 3:55:00 PM,1,29807,At Intersection (intersection related),Daylight,13TH AVE AND E JEFFERSON ST,0,1,,2,3579394,Dry,55,PEDALCYCLIST STRUCK MOTOR VEHICLE RIGHT SIDE SIDESWIPE,,1730,0,2,Injury Collision,,45,Bicycle,Matched,N,1,Clear or Partly Cloudy,0,"(47.60619746400005, -122.31547073999997)",10463,0,N,14-106032
43977,165452,165472,Block,Cycles,134.5, ,,0,,04/01/2014 12:00:00 AM +0000,4/1/2014 10:37:00 PM,1,,Mid-Block (not related to intersection),Dark - Street Lights On,ALASKAN WAY BETWEEN YESLER WAY AND COLUMBIA ST,0,1,,2,3576518,Dry,18,"MOTOR VEHICLE STRUCK PEDALCYCLIST, FRONT END AT ANGLE",,8717,0,2,Injury Collision,,45,Bicycle,Matched,Y,1,Clear or Partly Cloudy,0,"(47.602031397000076, -122.33686381999996)",0,0,N,14-99504
44016,166740,166760,Intersection,Cycles,0, ,,0,Y,04/29/2014 12:00:00 AM +0000,4/29/2014 5:41:00 PM,1,28775,At Intersection (intersection related),Daylight,DEXTER AVE N AND REPUBLICAN ST,0,1,Y,2,3583592,Dry,51,PEDALCYCLIST STRUCK MOTOR VEHICLE FRONT END AT ANGLE,,10075,0,2,Injury Collision,,45,Bicycle,Matched,N,1,Clear or Partly Cloudy,0,"(47.62322375000008, -122.34236126699994)",31186,0,N,14-131500
44068,164585,164605,Intersection,Cycles,0, ,,0,,03/12/2014 12:00:00 AM +0000,3/12/2014 8:30:00 AM,1,29603,At Intersection (intersection related),Daylight,2ND AVE AND UNIVERSITY ST,0,1,,2,3574442,Unknown,18,"MOTOR VEHICLE STRUCK PEDALCYCLIST, FRONT END AT ANGLE",,2756,0,2,Injury Collision,,45,Bicycle,Matched,N,1,Clear or Partly Cloudy,0,"(47.60729905800008, -122.33708679799997)",12162,0,N,14-76240
44069,164114,164134,Intersection,Cycles,0, ,,0,,03/03/2014 12:00:00 AM +0000,3/3/2014 8:18:00 AM,1,27027,At Intersection (intersection related),Unknown,FREMONT AVE N AND N 36TH ST,0,1,,2,3587264,Wet,51,PEDALCYCLIST STRUCK MOTOR VEHICLE FRONT END AT ANGLE,,10487,0,2,Injury Collision,,45,Bicycle,Matched,N,1,Raining,0,"(47.65134880900007, -122.34993445299995)",8360,0,N,14-66242
44083,166125,166145,Block,Cycles,165.5, ,,0,Y,04/18/2014 12:00:00 AM +0000,4/18/2014 7:50:00 AM,1,,Driveway Junction,Daylight,MERIDIAN AVE N BETWEEN N NORTHGATE WAY AND N 112TH ST,0,1,,2,3502018,Dry,18,"MOTOR VEHICLE STRUCK PEDALCYCLIST, FRONT END AT ANGLE",,11826,0,2,Injury Collision,,45,Bicycle,Matched,N,1,Clear or Partly Cloudy,0,"(47.70911521200003, -122.33400094399997)",0,0,N,14-118434
44097,164869,164889,Intersection,Cycles,0, ,,0,,03/20/2014 12:00:00 AM +0000,3/20/2014 9:58:00 PM,1,30355,At Intersection (intersection related),Dark - Street Lights On,2ND AVE AND CHERRY ST,0,1,,2,3574805,Dry,18,"MOTOR VEHICLE STRUCK PEDALCYCLIST, FRONT END AT ANGLE",,2750,0,2,Injury Collision,,45,Bicycle,Matched,N,1,Clear or Partly Cloudy,0,"(47.60301939300007, -122.33317224599995)",13300,0,N,14-85932
44107,164866,164886,Intersection,Cycles,0, ,,0,,03/25/2014 12:00:00 AM +0000,3/25/2014 4:45:00 PM,1,30575,At Intersection (intersection related),Daylight,31ST AVE AND E YESLER WAY,0,1,Y,2,3552089,Wet,51,PEDALCYCLIST STRUCK MOTOR VEHICLE FRONT END AT ANGLE,,4766,0,2,Injury Collision,,45,Bicycle,Matched,N,1,Raining,0,"(47.601647584000034, -122.29251724799997)",10096,0,N,2014-91101
44141,166588,166608,Block,Cycles,166, ,,0,,04/21/2014 12:00:00 AM +0000,4/21/2014 4:32:00 PM,1,,Driveway Junction,Daylight,LAKE CITY WAY NE BETWEEN NE 89TH ST AND NE 90TH ST,0,1,Y,2,3587558,Dry,18,"MOTOR VEHICLE STRUCK PEDALCYCLIST, FRONT END AT ANGLE",,11154,0,2,Injury Collision,,45,Bicycle,Matched,N,1,Overcast,0,"(47.69347500900005, -122.30547684299995)",0,0,N,14-122246
44184,164127,164147,Intersection,Cycles,0, ,,0,,03/05/2014 12:00:00 AM +0000,3/5/2014 5:00:00 PM,1,35813,At Intersection (intersection related),Daylight,LINDEN AVE N AND N 135TH ST,0,1,,2,3587282,Wet,51,PEDALCYCLIST STRUCK MOTOR VEHICLE FRONT END AT ANGLE,,11455,0,2,Injury Collision,,45,Bicycle,Matched,N,1,Overcast,0,"(47.726861271000075, -122.34771350799997)",7611,0,N,14-69039
44240,165151,165171,Intersection,Cycles,0, ,,0,,03/29/2014 12:00:00 AM +0000,3/29/2014 7:44:00 AM,1,26863,At Intersection (intersection related),Daylight,STONE WAY N AND N 39TH ST,0,1,Y,2,3572941,Wet,51,PEDALCYCLIST STRUCK MOTOR VEHICLE FRONT END AT ANGLE,,12959,0,2,Injury Collision,,45,Bicycle,Matched,N,1,Raining,0,"(47.654120093000074, -122.34250125799997)",6311,0,N,14-95255
44245,165955,165975,Block,Cycles,153, ,,0,Y,03/27/2014 12:00:00 AM +0000,3/27/2014 6:25:00 PM,1,,Mid-Block (not related to intersection),Daylight,ALASKAN E RDWY WAY BETWEEN COLUMBIA ST AND MARION ST,0,1,Y,2,3705404,Dry,18,"MOTOR VEHICLE STRUCK PEDALCYCLIST, FRONT END AT ANGLE",,8745,0,2,Injury Collision,,45,Bicycle,Matched,N,1,Clear or Partly Cloudy,0,"(47.602859616000046, -122.33708628)",0,0,N,14-93545
44257,166770,166790,Block,Cycles,161.5, ,,0,,04/22/2014 12:00:00 AM +0000,4/22/2014 5:24:00 PM,0,,Mid-Block (but intersection related),Daylight,VALLEY ST BETWEEN TAYLOR AVE N AND 6TH AVE N,0,1,,2,3641130,Dry,11,"MOTOR VEHICLE STRUCK MOTOR VEHICLE, FRONT END AT ANGLE",,13261,0,1,Property Damage Only Collision,,45,Bicycle,Matched,N,1,Overcast,0,"(47.62627430100008, -122.34559826099996)",30835,0,N,2014-123429
44273,167144,167164,Intersection,Cycles,0, ,,0,Y,05/06/2014 12:00:00 AM +0000,5/6/2014 5:42:00 PM,1,34317,At Intersection (intersection related),Daylight,BEACON WR AVE S AND MILITARY RD S,0,1,,2,3580927,Dry,51,PEDALCYCLIST STRUCK MOTOR VEHICLE FRONT END AT ANGLE,,9152,0,2,Injury Collision,,45,Bicycle,Matched,N,1,Clear or Partly Cloudy,0,"(47.54042771200005, -122.29842577999995)",12059,0,N,14-140126
44281,166140,166160,Intersection,Cycles,0, ,,0,,04/12/2014 12:00:00 AM +0000,4/12/2014 7:38:00 AM,1,24506,At Intersection (intersection related),Daylight,15TH AVE NE AND NE 65TH ST,0,1,,2,3587310,Dry,18,"MOTOR VEHICLE STRUCK PEDALCYCLIST, FRONT END AT ANGLE",,2048,0,2,Injury Collision,,45,Bicycle,Matched,N,1,Clear or Partly Cloudy,0,"(47.67578344000003, -122.31192972199995)",29283,0,N,14-111677
44301,167977,167997,Intersection,Cycles,0, ,,0,Y,05/17/2014 12:00:00 AM +0000,5/17/2014 3:07:00 PM,2,35826,At Intersection (intersection related),Daylight,LINDEN AVE N AND N 130TH ST,0,1,Y,2,3576561,Dry,18,"MOTOR VEHICLE STRUCK PEDALCYCLIST, FRONT END AT ANGLE",,11453,0,2,Injury Collision,,45,Bicycle,Matched,N,1,Clear or Partly Cloudy,0,"(47.72321837800007, -122.34819529899994)",7600,0,N,14-154119
44303,164887,164907,Intersection,Cycles,0, ,,0,,03/21/2014 12:00:00 AM +0000,3/21/2014 12:24:00 PM,0,29528,At Intersection (intersection related),,LENORA ST AND WESTLAKE AVE,0,1,,2,3574395,Dry,21,"MOTOR VEHICLE STRUCK PEDALCYCLIST, REAR END",,8285,0,1,Property Damage Only Collision,,45,Bicycle,Matched,N,1,Clear or Partly Cloudy,0,"(47.61649020500005, -122.33789362899995)",37233,0,N,14-86455
44366,166142,166162,Intersection,Cycles,0, ,,0,,04/02/2014 12:00:00 AM +0000,4/2/2014 10:08:00 AM,1,27100,At Intersection (intersection related),Daylight,ROOSEVELT WAY NE AND NE 41ST ST,0,1,Y,3,3587468,Dry,18,"MOTOR VEHICLE STRUCK PEDALCYCLIST, FRONT END AT ANGLE",,12594,0,2,Injury Collision,,45,Bicycle,Matched,N,1,Overcast,0,"(47.65688930500005, -122.31781902899996)",8967,0,N,2014-99890
44431,167146,167166,Intersection,Cycles,0, ,,0,,05/05/2014 12:00:00 AM +0000,5/5/2014 9:35:00 PM,0,29657,At Intersection (intersection related),Dark - Street Lights On,BROAD ST AND DENNY WAY,0,1,,2,3581992,Dry,00,NOT ENOUGH INFORMATION / NOT APPLICABLE,,9416,0,1,Property Damage Only Collision,,45,Bicycle,Matched,N,1,Clear or Partly Cloudy,0,"(47.618581919000064, -122.35035531499994)",0,522701,N,2014-139064
44526,169977,169997,Intersection,Cycles,0, ,,0,,06/09/2014 12:00:00 AM +0000,6/9/2014 8:55:00 PM,2,30410,At Intersection (but not related to intersection),Dusk,12TH AVE AND E YESLER WAY,0,1,,2,2617125,Dry,26,MOTOR VEHICLE STRUCK OBJECT IN ROAD,,1523,1,2b,Serious Injury Collision,,45,Bicycle,Matched,N,0,Clear or Partly Cloudy,0,"(47.60169336800004, -122.31678189299998)",10531,0,N,2014-183613
44530,170604,170624,Intersection,Cycles,0, ,,0,,06/12/2014 12:00:00 AM +0000,6/12/2014 5:51:00 PM,1,29538,At Intersection (intersection related),Daylight,9TH AVE AND STEWART ST,0,1,,2,3696776,Dry,18,"MOTOR VEHICLE STRUCK PEDALCYCLIST, FRONT END AT ANGLE",,8524,0,2,Injury Collision,,45,Bicycle,Matched,N,1,Overcast,0,"(47.61561648000003, -122.33443632099994)",13684,0,N,14-187350
44551,171579,171599,Intersection,Cycles,0, ,,0,Y,07/07/2014 12:00:00 AM +0000,7/7/2014 12:16:00 PM,1,29526,At Intersection (intersection related),Daylight,STEWART ST AND TERRY AVE,0,1,,2,3643695,Dry,21,"MOTOR VEHICLE STRUCK PEDALCYCLIST, REAR END",,12907,0,2,Injury Collision,,45,Bicycle,Matched,N,1,Clear or Partly Cloudy,0,"(47.61628073000003, -122.33357713099997)",13691,0,N,2014-220063
44585,171057,171077,Intersection,Cycles,0, ,,0,,07/02/2014 12:00:00 AM +0000,7/2/2014 7:49:00 AM,1,28605,At Intersection (intersection related),Daylight,ALOHA ST AND QUEEN ANNE AVE N,0,1,,1,3585323,Dry,51,PEDALCYCLIST STRUCK MOTOR VEHICLE FRONT END AT ANGLE,,8804,0,2,Injury Collision,,45,Bicycle,Matched,N,0,Clear or Partly Cloudy,0,"(47.62719238600005, -122.35668955499995)",30638,0,N,14-212869
44623,169038,169058,Block,Cycles,213, ,,0,,05/22/2014 12:00:00 AM +0000,5/22/2014 12:55:00 PM,1,,Mid-Block (not related to intersection),Daylight,1ST AVE BETWEEN BELL ST AND BATTERY ST,1,1,,2,3704931,Dry,64,PEDALCYCLIST STRUCK PEDESTRIAN,,1015,0,2,Injury Collision,,45,Bicycle,Matched,N,0,Clear or Partly Cloudy,0,"(47.61375831000004, -122.34716210299996)",0,0,N,14-160131