OBJECTID,INCKEY,COLDETKEY,ADDRTYPE,COLLISIONTYPE,DISTANCE,EXCEPTRSNCODE,EXCEPTRSNDESC,FATALITIES,INATTENTIONIND,INCDATE,INCDTTM,INJURIES,INTKEY,JUNCTIONTYPE,LIGHTCOND,LOCATION,PEDCOUNT,PEDCYLCOUNT,PEDROWNOTGRNT,PERSONCOUNT,REPORTNO,ROADCOND,SDOT_COLCODE,SDOT_COLDESC,SDOTCOLNUM,SEGKEY,SERIOUSINJURIES,SEVERITYCODE,SEVERITYDESC,SPEEDING,ST_COLCODE,ST_COLDESC,STATUS,UNDERINFL,VEHCOUNT,WEATHER,WIDTH,Shape,SEGLANEKEY,CROSSWALKKEY,HITPARKEDCAR,SPDCASENO
44653,168642,168662,Intersection,Cycles,0, ,,0,Y,06/02/2014 12:00:00 AM +0000,6/2/2014 1:36:00 PM,1,30426,At Intersection (intersection related),Daylight,10TH AVE S AND S JACKSON ST,0,1,,2,3701856,Dry,18,"MOTOR VEHICLE STRUCK PEDALCYCLIST, FRONT END AT ANGLE",,1324,0,2,Injury Collision,,45,Bicycle,Matched,N,1,Clear or Partly Cloudy,0,"(47.59918404800004, -122.31963858299997)",24474,0,N,2014-173959
44678,171063,171083,Intersection,Cycles,0, ,,0,,07/02/2014 12:00:00 AM +0000,7/2/2014 12:48:00 PM,1,24457,At Intersection (intersection related),Daylight,5TH AVE NE AND NE 71ST ST,0,1,,2,3703356,Dry,51,PEDALCYCLIST STRUCK MOTOR VEHICLE FRONT END AT ANGLE,,7304,0,2,Injury Collision,,45,Bicycle,Matched,N,1,Clear or Partly Cloudy,0,"(47.680163099000026, -122.32285939299999)",0,521889,N,14/213167
44824,168021,168035,Intersection,Cycles,0, ,,0,Y,05/15/2014 12:00:00 AM +0000,5/15/2014 6:09:00 AM,1,34147,At Intersection (intersection related),Dawn,16TH AVE SW AND SW HOLDEN ST,0,1,,2,3582918,Dry,51,PEDALCYCLIST STRUCK MOTOR VEHICLE FRONT END AT ANGLE,,2340,0,2,Injury Collision,,45,Bicycle,Matched,N,1,Clear or Partly Cloudy,0,"(47.533680428000025, -122.35503244799997)",1793,0,N,14-150836
44834,171611,171631,Block,Cycles,153.5, ,,0,,07/09/2014 12:00:00 AM +0000,7/9/2014 6:01:00 PM,1,,Mid-Block (but intersection related),Daylight,ALASKAN E RDWY WAY S BETWEEN S WASHINGTON ST AND S MAIN ST,0,1,,3,3574933,Dry,18,"MOTOR VEHICLE STRUCK PEDALCYCLIST, FRONT END AT ANGLE",,8754,0,2,Injury Collision,,45,Bicycle,Matched,N,1,Clear or Partly Cloudy,0,"(47.60046898500008, -122.335456567)",0,522619,N,14-223322
44879,168758,168778,Block,Cycles,42, ,,0,,05/08/2014 12:00:00 AM +0000,5/8/2014 6:46:00 PM,1,,Mid-Block (not related to intersection),Daylight,3RD AVE W BETWEEN W EWING S ST AND SHIP CANAL TRL,0,1,,2,3705184,Wet,51,PEDALCYCLIST STRUCK MOTOR VEHICLE FRONT END AT ANGLE,,4571,1,2b,Serious Injury Collision,,45,Bicycle,Matched,N,1,Clear or Partly Cloudy,0,"(47.651679812000054, -122.36087040999996)",0,617898,N,14-142774
44896,170038,170058,Block,Cycles,161, ,,0,,06/12/2014 12:00:00 AM +0000,6/12/2014 3:42:00 PM,1,,Mid-Block (not related to intersection),Daylight,E PINE ST BETWEEN 10TH AVE AND 11TH AVE,0,1,,2,3575046,Dry,51,PEDALCYCLIST STRUCK MOTOR VEHICLE FRONT END AT ANGLE,,14636,1,2b,Serious Injury Collision,,45,Bicycle,Matched,N,1,Clear or Partly Cloudy,0,"(47.61524975200007, -122.31881447599994)",10420,0,N,14-187189
44898,170037,170057,Block,Cycles,218, ,,0,Y,06/12/2014 12:00:00 AM +0000,6/12/2014 10:37:00 AM,1,,Mid-Block (not related to intersection),Daylight,EASTLAKE AVE E BETWEEN HARVARD AVE E AND FUHRMAN AVE E,0,1,Y,2,3565810,Dry,18,"MOTOR VEHICLE STRUCK PEDALCYCLIST, FRONT END AT ANGLE",,10184,0,2,Injury Collision,,45,Bicycle,Matched,N,1,Clear or Partly Cloudy,0,"(47.65104751100006, -122.32168580199999)",6078,0,N,14-186838
44983,168048,168068,Intersection,Cycles,0, ,,0,,05/15/2014 12:00:00 AM +0000,5/15/2014 12:21:00 PM,1,29966,At Intersection (intersection related),Daylight,4TH AVE AND COLUMBIA ST,1,1,Y,2,3588880,Dry,64,PEDALCYCLIST STRUCK PEDESTRIAN,,6124,0,2,Injury Collision,,45,Bicycle,Matched,N,0,Clear or Partly Cloudy,0,"(47.60466155800003, -122.33160430899994)",12651,521848,N,14-151220
44987,168448,168468,Block,Cycles,330.5, ,,0,Y,05/22/2014 12:00:00 AM +0000,5/22/2014 8:55:00 AM,1,,Mid-Block (not related to intersection),Daylight,25TH AVE NE BETWEEN NE 125TH ST AND NE 126TH ST,0,1,,1,3504294,Dry,66,PEDALCYCLIST STRUCK OBJECT IN ROAD,,3746,0,2,Injury Collision,Y,45,Bicycle,Matched,N,0,Clear or Partly Cloudy,0,"(47.72022111000007, -122.30186929099995)",0,0,N,2014-159897
45021,168452,168472,Block,Cycles,93.5, ,,0,Y,05/22/2014 12:00:00 AM +0000,5/22/2014 5:15:00 PM,1,,Mid-Block (not related to intersection),Daylight,BALLARD AVE NW BETWEEN NW IONE PL AND 20TH AVE NW,0,1,,2,3552825,Dry,11,"MOTOR VEHICLE STRUCK MOTOR VEHICLE, FRONT END AT ANGLE",,9043,0,2,Injury Collision,,45,Bicycle,Matched,N,1,Clear or Partly Cloudy,0,"(47.66530412000003, -122.38189667699999)",26305,0,N,2014-160487
45055,169728,169748,Block,Cycles,153, ,,0,,06/09/2014 12:00:00 AM +0000,6/9/2014 7:30:00 AM,1,,Mid-Block (not related to intersection),Daylight,1ST AVE BETWEEN MADISON ST AND SPRING ST,0,1,,2,3583780,Dry,23,"MOTOR VEHICLE STRUCK PEDALCYCLIST, LEFT SIDE SIDESWIPE",,1004,0,2,Injury Collision,,45,Bicycle,Matched,N,1,Clear or Partly Cloudy,0,"(47.605050498000026, -122.33656362299996)",36774,0,N,14-182666
45095,168462,168482,Block,Cycles,142.5, ,,0,,05/29/2014 12:00:00 AM +0000,5/29/2014 2:15:00 PM,1,,Driveway Junction,Daylight,NE 42ND ST BETWEEN BROOKLYN AVE NE AND UNIVERSITY WAY NE,0,1,,3,3591672,Dry,18,"MOTOR VEHICLE STRUCK PEDALCYCLIST, FRONT END AT ANGLE",,16791,0,2,Injury Collision,,45,Bicycle,Matched,N,2,Clear or Partly Cloudy,0,"(47.658321769000054, -122.31378726199995)",0,0,N,14-168782
45186,169781,169801,Block,Cycles,319, ,,0,,06/07/2014 12:00:00 AM +0000,6/7/2014 2:32:00 PM,1,,Mid-Block (not related to intersection),Daylight,HARBOR AVE SW BETWEEN ALKI AVE SW AND SW CALIFORNIA PL,0,1,Y,2,3644730,Dry,51,PEDALCYCLIST STRUCK MOTOR VEHICLE FRONT END AT ANGLE,,10812,0,2,Injury Collision,,45,Bicycle,Matched,N,1,Clear or Partly Cloudy,0,"(47.59461876200004, -122.38425378099998)",4093,0,N,14-180451
45212,171648,171668,Block,Cycles,667, ,,0,,06/30/2014 12:00:00 AM +0000,6/30/2014 10:45:00 AM,1,,Mid-Block (not related to intersection),Daylight,LINDEN AVE N BETWEEN N 130TH ST AND N 135TH ST,0,1,,2,3706488,Dry,18,"MOTOR VEHICLE STRUCK PEDALCYCLIST, FRONT END AT ANGLE",,11453,0,2,Injury Collision,,45,Bicycle,Matched,N,1,Clear or Partly Cloudy,0,"(47.72503747500008, -122.34793329699994)",40833,0,N,14-222993
45220,170665,170685,Intersection,Cycles,0, ,,0,,06/20/2014 12:00:00 AM +0000,6/20/2014 1:05:00 PM,2,24501,At Intersection (intersection related),Daylight,12TH AVE NE AND NE 65TH ST,1,1,,2,3706356,Dry,64,PEDALCYCLIST STRUCK PEDESTRIAN,,1580,0,2,Injury Collision,,45,Bicycle,Matched,N,0,Clear or Partly Cloudy,0,"(47.67581492800008, -122.31565804799999)",29263,524481,N,14-197263
45238,168252,168272,Intersection,Cycles,0, ,,0,,05/26/2014 12:00:00 AM +0000,5/26/2014 10:20:00 AM,0,36419,At Intersection (intersection related),Daylight,GREENWOOD AVE N AND HOLMAN RD N,0,1,,2,3582772,Dry,18,"MOTOR VEHICLE STRUCK PEDALCYCLIST, FRONT END AT ANGLE",,10765,0,1,Property Damage Only Collision,,45,Bicycle,Matched,Y,1,Overcast,0,"(47.70508354100008, -122.35545274599997)",18854,0,N,2014-164800
45317,170492,170512,Block,Cycles,155.5, ,,0,,06/23/2014 12:00:00 AM +0000,6/23/2014 5:08:00 PM,1,,Mid-Block (not related to intersection),Daylight,1ST AVE BETWEEN YESLER WAY AND CHERRY ST,0,1,,2,3696601,Dry,54,PEDALCYCLIST STRUCK MOTOR VEHICLE REAR END,,1000,0,2,Injury Collision,,45,Bicycle,Matched,N,1,Clear or Partly Cloudy,0,"(47.602147599000034, -122.33417685699999)",36854,0,N,2014-201302
45327,170887,170907,Block,Cycles,161, ,,0,,06/30/2014 12:00:00 AM +0000,6/30/2014 12:38:00 AM,1,,Mid-Block (not related to intersection),Dark - Street Lights On,PIKE ST BETWEEN 8TH AVE AND CONVENTION PL,0,1,,1,3580717,Dry,66,PEDALCYCLIST STRUCK OBJECT IN ROAD,,12204,1,2b,Serious Injury Collision,,45,Bicycle,Matched,N,0,,0,"(47.61230225300005, -122.33169068899997)",24896,0,N,14-209878
45330,170259,170279,Block,Cycles,242, ,,0,,06/18/2014 12:00:00 AM +0000,6/18/2014 6:45:00 AM,1,,Mid-Block (but intersection related),Daylight,DEXTER AVE N BETWEEN REPUBLICAN ST AND MERCER ST,0,1,,2,3591492,Dry,18,"MOTOR VEHICLE STRUCK PEDALCYCLIST, FRONT END AT ANGLE",,10075,0,2,Injury Collision,,45,Bicycle,Matched,N,1,Overcast,0,"(47.62388537100003, -122.34235544599994)",0,0,N,2014-194145
45340,170098,170118,Intersection,Cycles,0, ,,0,,06/13/2014 12:00:00 AM +0000,6/13/2014 1:10:00 AM,0,28375,At Intersection (but not related to intersection),Unknown,24TH AVE E AND BOYER AVE E,0,1,,2,3585583,Wet,55,PEDALCYCLIST STRUCK MOTOR VEHICLE RIGHT SIDE SIDESWIPE,,3549,0,1,Property Damage Only Collision,,45,Bicycle,Matched,N,1,Raining,0,"(47.63524417700006, -122.30156537499994)",22452,0,N,2014-188067
45382,168913,168933,Intersection,Cycles,0, ,,0,,04/30/2014 12:00:00 AM +0000,4/30/2014 9:09:00 AM,1,287070,At Intersection (intersection related),Daylight,3RD AVE W AND SHIP CANAL TRL,0,1,,2,3705302,Dry,18,"MOTOR VEHICLE STRUCK PEDALCYCLIST, FRONT END AT ANGLE",,287076,0,2,Injury Collision,,45,Bicycle,Matched,N,1,Clear or Partly Cloudy,0,"(47.65173653000005, -122.36086912799999)",0,617898,N,14-132170
45385,168263,168283,Intersection,Cycles,0, ,,0,,05/22/2014 12:00:00 AM +0000,5/22/2014 9:17:00 PM,1,32204,At Intersection (intersection related),Dark - Street Lights On,11TH CR AVE SW AND SW SPOKANE ST,0,1,,2,3582925,Dry,18,"MOTOR VEHICLE STRUCK PEDALCYCLIST, FRONT END AT ANGLE",,1509,1,2b,Serious Injury Collision,,45,Bicycle,Matched,N,1,Overcast,0,"(47.571413018000044, -122.34880038699998)",39178,0,N,2014-160778
45481,168266,168286,Intersection,Cycles,0, ,,0,,05/27/2014 12:00:00 AM +0000,5/27/2014 8:50:00 AM,1,28762,At Intersection (intersection related),Daylight,BOREN AVE N AND MERCER SR ST,0,1,,2,3584030,Dry,18,"MOTOR VEHICLE STRUCK PEDALCYCLIST, FRONT END AT ANGLE",,11775,0,2,Injury Collision,,45,Bicycle,Matched,N,1,Clear or Partly Cloudy,0,"(47.62454274700008, -122.33582712499998)",0,0,N,14-165904
45495,168076,168096,Intersection,Cycles,0, ,,0,,04/27/2014 12:00:00 AM +0000,4/27/2014 1:18:00 AM,1,29165,At Intersection (intersection related),Dark - Street Lights On,MELROSE AVE AND E DENNY WAY,0,1,Y,3,3701658,Wet,18,"MOTOR VEHICLE STRUCK PEDALCYCLIST, FRONT END AT ANGLE",,11758,0,2,Injury Collision,,45,Bicycle,Matched,Y,1,Clear or Partly Cloudy,0,"(47.61849674100006, -122.32785352399998)",23555,0,N,14-128475
45508,168268,168288,Intersection,Cycles,0, ,,0,,05/26/2014 12:00:00 AM +0000,5/26/2014 2:20:00 PM,0,29872,At Intersection (intersection related),Daylight,BOREN AVE AND PINE ST,0,1,,2,3585085,Dry,21,"MOTOR VEHICLE STRUCK PEDALCYCLIST, REAR END",,9320,0,1,Property Damage Only Collision,,45,Bicycle,Matched,N,1,Clear or Partly Cloudy,0,"(47.61445724200007, -122.32982243299995)",10321,0,N,2014-165039
45538,168488,168508,Block,Cycles,215, ,,0,,05/26/2014 12:00:00 AM +0000,5/26/2014 4:07:00 PM,1,,Mid-Block (not related to intersection),Daylight,BEACH DR SW BETWEEN 61ST AVE SW AND SW CHARLESTOWN ST,0,1,,3,3571080,Dry,18,"MOTOR VEHICLE STRUCK PEDALCYCLIST, FRONT END AT ANGLE",,9093,0,2,Injury Collision,,45,Bicycle,Matched,N,2,Clear or Partly Cloudy,0,"(47.57069104400006, -122.41043936299997)",3999,0,N,2014-165145
45542,168486,168506,Block,Cycles,129, ,,0,,05/26/2014 12:00:00 AM +0000,5/26/2014 8:40:00 PM,1,,Mid-Block (not related to intersection),Dusk,ALKI AVE SW BETWEEN 58TH AVE SW AND MARINE AVE SW,0,1,,2,3570926,Dry,18,"MOTOR VEHICLE STRUCK PEDALCYCLIST, FRONT END AT ANGLE",,8794,0,2,Injury Collision,,45,Bicycle,Matched,N,1,Clear or Partly Cloudy,0,"(47.580671239000026, -122.40659696499995)",3629,0,N,4
45544,168485,168505,Block,Cycles,265, ,,0,Y,05/27/2014 12:00:00 AM +0000,5/27/2014 5:54:00 PM,0,,Driveway Junction,Daylight,SW ANDOVER ST BETWEEN DELRIDGE WAY SW AND 26TH AVE SW,0,1,,4,3570885,Dry,18,"MOTOR VEHICLE STRUCK PEDALCYCLIST, FRONT END AT ANGLE",,21754,0,1,Property Damage Only Collision,,45,Bicycle,Matched,N,1,Clear or Partly Cloudy,0,"(47.56834594600008, -122.36435375099995)",0,0,N,14-166524
45608,170524,170544,Block,Cycles,107, ,,0,Y,06/23/2014 12:00:00 AM +0000,6/23/2014 3:08:00 PM,1,,Mid-Block (not related to intersection),Daylight,ROOSEVELT WAY NE BETWEEN NE 40TH ALLEY ST AND NE 41ST ST,0,1,,2,3703185,Dry,18,"MOTOR VEHICLE STRUCK PEDALCYCLIST, FRONT END AT ANGLE",,12593,0,2,Injury Collision,,45,Bicycle,Matched,N,1,Clear or Partly Cloudy,0,"(47.65659421100003, -122.31782666799995)",11665,0,N,14-201140
45639,168279,168299,Intersection,Cycles,0, ,,0,,05/24/2014 12:00:00 AM +0000,5/24/2014 7:00:00 AM,1,29748,At Intersection (intersection related),Daylight,12TH AVE AND E PIKE ST,0,1,,3,3672691,Dry,18,"MOTOR VEHICLE STRUCK PEDALCYCLIST, FRONT END AT ANGLE",,1546,1,2b,Serious Injury Collision,,45,Bicycle,Matched,N,1,Overcast,0,"(47.61410376900005, -122.31683584899997)",31283,0,N,14-162496
45663,169558,169578,Intersection,Cycles,0, ,,0,,06/05/2014 12:00:00 AM +0000,6/5/2014 5:07:00 PM,1,34786,At Intersection (intersection related),Daylight,FAUNTLEROY WAY SW AND SW CLOVERDALE ST,0,1,Y,2,3644829,Dry,18,"MOTOR VEHICLE STRUCK PEDALCYCLIST, FRONT END AT ANGLE",,10419,0,2,Injury Collision,,45,Bicycle,Matched,N,1,Clear or Partly Cloudy,0,"(47.52678336500003, -122.39275578799999)",3021,0,N,2014-178139
45744,171740,171760,Intersection,Cycles,0,NEI,"Not Enough Information, or Insufficient Location Information",0,,07/10/2014 12:00:00 AM +0000,7/10/2014 5:05:00 PM,0,29929,At Intersection (intersection related),Daylight,5TH AVE AND SENECA ST,0,1,,2,3375894,Dry,00,NOT ENOUGH INFORMATION / NOT APPLICABLE,,7232,0,1,Property Damage Only Collision,,45,Bicycle,Matched,N,1,Clear or Partly Cloudy,0,"(47.607979458000045, -122.33310387099999)",9043,0,N,14-224618
45771,168112,168132,Intersection,Cycles,0, ,,0,,05/05/2014 12:00:00 AM +0000,5/5/2014 8:31:00 AM,1,25015,At Intersection (intersection related),Daylight,34TH AVE NW AND NW 64TH ST,0,1,,2,3702929,Dry,18,"MOTOR VEHICLE STRUCK PEDALCYCLIST, FRONT END AT ANGLE",,5246,0,2,Injury Collision,,45,Bicycle,Matched,N,1,Clear or Partly Cloudy,0,"(47.67484972600005, -122.40106987599995)",26258,0,N,14-138195
45796,168297,168317,Block,Cycles,380, ,,0,Y,05/16/2014 12:00:00 AM +0000,5/16/2014 1:57:00 PM,0,,Driveway Junction,Daylight,4TH AVE S BETWEEN S STACY ST AND S LANDER ST,0,1,,2,3580839,Dry,18,"MOTOR VEHICLE STRUCK PEDALCYCLIST, FRONT END AT ANGLE",,6239,0,1,Property Damage Only Collision,,45,Bicycle,Matched,N,1,Clear or Partly Cloudy,0,"(47.58085270600003, -122.329055961)",18729,0,N,2014-152706
45814,170153,170173,Intersection,Cycles,0, ,,0,,06/14/2014 12:00:00 AM +0000,6/14/2014 5:13:00 PM,0,34479,At Intersection (intersection related),Daylight,RAINIER AVE S AND S AUSTIN ST,0,1,Y,2,3581148,Dry,51,PEDALCYCLIST STRUCK MOTOR VEHICLE FRONT END AT ANGLE,,12411,0,1,Property Damage Only Collision,Y,45,Bicycle,Matched,N,1,Clear or Partly Cloudy,0,"(47.53467180200005, -122.26999025799995)",0,0,N,2014-189920
45834,169878,169898,Intersection,Cycles,0, ,,0,,06/15/2014 12:00:00 AM +0000,6/15/2014 3:24:00 PM,0,27130,At Intersection (intersection related),Daylight,ROOSEVELT WAY NE AND NE 40TH ALLEY ST,0,1,,2,3503330,Dry,51,PEDALCYCLIST STRUCK MOTOR VEHICLE FRONT END AT ANGLE,,12593,0,1,Property Damage Only Collision,,45,Bicycle,Matched,N,1,Clear or Partly Cloudy,0,"(47.656301849000045, -122.31783423699994)",11662,0,N,14-190945
45841,169863,169883,Intersection,Cycles,0, ,,0,,06/11/2014 12:00:00 AM +0000,6/11/2014 4:16:00 PM,1,29761,At Intersection (intersection related),Daylight,12TH AVE AND E MADISON ST,0,1,,2,3701772,Dry,51,PEDALCYCLIST STRUCK MOTOR VEHICLE FRONT END AT ANGLE,,1536,0,2,Injury Collision,,45,Bicycle,Matched,N,1,Clear or Partly Cloudy,0,"(47.61288923600006, -122.31673339099996)",10754,0,N,14-185923
45864,170537,170557,Block,Cycles,374.5, ,,0,,06/26/2014 12:00:00 AM +0000,6/26/2014 9:03:00 PM,1,,Mid-Block (but intersection related),Dusk,W EMERSON PL BETWEEN FISHERMAN TERM DR AND 21ST AVE W,0,1,,2,2618804,Dry,18,"MOTOR VEHICLE STRUCK PEDALCYCLIST, FRONT END AT ANGLE",,23271,0,2,Injury Collision,,45,Bicycle,Matched,N,1,Clear or Partly Cloudy,0,"(47.65497774500005, -122.38222576399994)",0,525463,N,14-205690
45898,168335,168355,Intersection,Cycles,0, ,,0,,05/27/2014 12:00:00 AM +0000,5/27/2014 9:58:00 AM,1,29860,At Intersection (intersection related),Daylight,SUMMIT AVE AND E PINE ST,0,1,Y,2,3701733,Dry,18,"MOTOR VEHICLE STRUCK PEDALCYCLIST, FRONT END AT ANGLE",,12987,1,2b,Serious Injury Collision,,45,Bicycle,Matched,N,1,Clear or Partly Cloudy,0,"(47.615218748000075, -122.325528841)",10354,0,N,2014-165974
45909,168124,168144,Intersection,Cycles,0, ,,0,,05/20/2014 12:00:00 AM +0000,5/20/2014 7:00:00 AM,1,25815,At Intersection (intersection related),Daylight,1ST AVE NE AND NE 63RD ST,0,1,,2,3703227,Dry,51,PEDALCYCLIST STRUCK MOTOR VEHICLE FRONT END AT ANGLE,,1081,0,2,Injury Collision,Y,45,Bicycle,Matched,N,1,Clear or Partly Cloudy,0,"(47.674399453000035, -122.32817890899997)",0,0,N,14-15271
45920,171399,171419,Intersection,Cycles,0, ,,0,,07/08/2014 12:00:00 AM +0000,7/8/2014 7:32:00 PM,1,29167,At Intersection (intersection related),Daylight,STEWART ST AND YALE AVE N,0,1,,3,3696683,Dry,51,PEDALCYCLIST STRUCK MOTOR VEHICLE FRONT END AT ANGLE,,12912,1,2b,Serious Injury Collision,,45,Bicycle,Matched,N,1,Clear or Partly Cloudy,0,"(47.618727490000026, -122.33041260399995)",23731,0,N,14-222010
45921,168119,168139,Intersection,Cycles,0, ,,0,,05/08/2014 12:00:00 AM +0000,5/8/2014 5:39:00 PM,1,27014,At Intersection (intersection related),Daylight,GREENWOOD AVE N AND N 39TH ST,0,1,Y,2,3702982,Wet,18,"MOTOR VEHICLE STRUCK PEDALCYCLIST, FRONT END AT ANGLE",,10701,1,2b,Serious Injury Collision,,45,Bicycle,Matched,N,1,Overcast,0,"(47.65415337600007, -122.35548709599999)",27015,0,N,2014-142818
45938,169307,169327,Intersection,Cycles,0, ,,0,,06/05/2014 12:00:00 AM +0000,6/5/2014 8:20:00 AM,1,25409,At Intersection (intersection related),Daylight,8TH AVE NW AND NW 57TH ST,0,1,Y,2,3703406,Dry,18,"MOTOR VEHICLE STRUCK PEDALCYCLIST, FRONT END AT ANGLE",,8386,0,2,Injury Collision,,45,Bicycle,Matched,N,1,Clear or Partly Cloudy,0,"(47.67016023200006, -122.36617439599996)",2433,0,N,14-177567
45947,168952,168972,Block,Cycles,237, ,,0,Y,05/30/2014 12:00:00 AM +0000,5/30/2014 5:45:00 PM,1,,Driveway Junction,Daylight,18TH AVE S BETWEEN S ORCAS ST AND S JUNEAU ST,0,1,,2,3581161,Dry,18,"MOTOR VEHICLE STRUCK PEDALCYCLIST, FRONT END AT ANGLE",,2616,0,2,Injury Collision,,45,Bicycle,Matched,N,1,Clear or Partly Cloudy,0,"(47.55058510600003, -122.30989504899998)",0,0,N,14-170313
45950,169302,169322,Intersection,Cycles,0, ,,0,,06/04/2014 12:00:00 AM +0000,6/4/2014 6:22:00 PM,1,24438,At Intersection (intersection related),Daylight,5TH AVE NE AND NE 73RD ST,0,1,,2,3702766,Dry,18,"MOTOR VEHICLE STRUCK PEDALCYCLIST, FRONT END AT ANGLE",,7306,0,2,Injury Collision,,45,Bicycle,Matched,N,1,Clear or Partly Cloudy,0,"(47.68162465700004, -122.32288264499999)",7457,0,N,14-176965
46000,168128,168148,Intersection,Cycles,0, ,,0,,05/19/2014 12:00:00 AM +0000,5/19/2014 6:07:00 PM,1,26925,At Intersection (intersection related),Daylight,FREMONT AVE N AND N 45TH ST,0,1,Y,2,3703254,Dry,18,"MOTOR VEHICLE STRUCK PEDALCYCLIST, FRONT END AT ANGLE",,10498,0,2,Injury Collision,,45,Bicycle,Matched,N,1,Clear or Partly Cloudy,0,"(47.66139442700006, -122.35003951099998)",8454,0,N,2014-156738
46028,170931,170951,Intersection,Cycles,0, ,,0,Y,06/30/2014 12:00:00 AM +0000,6/30/2014 6:18:00 AM,1,36599,At Intersection (intersection related),Dawn,33RD AVE NE AND NE 125TH ST,0,1,,2,3706427,Dry,18,"MOTOR VEHICLE STRUCK PEDALCYCLIST, FRONT END AT ANGLE",,5132,0,2,Injury Collision,,45,Bicycle,Matched,N,1,Clear or Partly Cloudy,0,"(47.719264671000076, -122.29272976099998)",0,0,N,14-210039
46059,169161,169181,Intersection,Cycles,0, ,,0,,06/04/2014 12:00:00 AM +0000,6/4/2014 5:29:00 PM,1,30373,At Intersection (intersection related),Daylight,ALASKAN E RDWY WAY S AND S MAIN ST,0,1,Y,2,3584996,Dry,51,PEDALCYCLIST STRUCK MOTOR VEHICLE FRONT END AT ANGLE,,8755,0,2,Injury Collision,,45,Bicycle,Matched,N,1,Clear or Partly Cloudy,0,"(47.60004622300005, -122.33546646299999)",20619,0,N,14-176906
46090,169311,169331,Intersection,Cycles,0, ,,0,,06/05/2014 12:00:00 AM +0000,6/5/2014 5:29:00 PM,2,30379,At Intersection (intersection related),Daylight,ALASKAN WAY AND MARION ST,1,1,Y,2,3704977,Dry,64,PEDALCYCLIST STRUCK PEDESTRIAN,,8719,0,2,Injury Collision,,45,Bicycle,Matched,N,0,Clear or Partly Cloudy,0,"(47.60306058300006, -122.33778754599996)",38506,522401,N,2014-178145
46120,170939,170959,Block,Cycles,165.5, ,,0,,06/30/2014 12:00:00 AM +0000,6/30/2014 7:13:00 PM,1,,Mid-Block (not related to intersection),Daylight,5TH AVE NE BETWEEN NE 100TH ST AND NE 102ND ST,0,1,,2,3703312,Dry,18,"MOTOR VEHICLE STRUCK PEDALCYCLIST, FRONT END AT ANGLE",,7331,0,2,Injury Collision,,45,Bicycle,Matched,N,1,Clear or Partly Cloudy,0,"(47.70177731000007, -122.32313249099997)",7275,0,N,14-210880
46128,170780,170800,Block,Cycles,384.5, ,,0,Y,06/22/2014 12:00:00 AM +0000,6/22/2014 11:34:00 AM,1,,Mid-Block (not related to intersection),Daylight,SHILSHOLE AVE NW BETWEEN 20TH AVE NW AND NW VERNON PL,0,1,,4,3591344,Dry,51,PEDALCYCLIST STRUCK MOTOR VEHICLE FRONT END AT ANGLE,,12830,0,2,Injury Collision,,45,Bicycle,Matched,N,1,Clear or Partly Cloudy,0,"(47.665083726000034, -122.38310489199995)",17202,0,N,14-199678
46142,168588,168608,Block,Cycles,133, ,,0,Y,05/13/2014 12:00:00 AM +0000,5/13/2014 10:58:00 AM,1,,Mid-Block (not related to intersection),Daylight,NE 45TH ST RP BETWEEN MONTLAKE BLVD NE AND NE 45TH ST,0,1,,2,3702963,Dry,51,PEDALCYCLIST STRUCK MOTOR VEHICLE FRONT END AT ANGLE,,11915,0,2,Injury Collision,,45,Bicycle,Matched,N,1,Clear or Partly Cloudy,0,"(47.66097420700004, -122.29915194999995)",0,0,N,14-148388
46151,168357,168377,Block,Cycles,307, ,,0,,05/10/2014 12:00:00 AM +0000,5/10/2014 9:21:00 AM,2,,Mid-Block (not related to intersection),Daylight,LAKE WASHINGTON BLVD S BETWEEN 43RD AVE S AND 46TH AVE S,0,2,,2,3580936,Dry,14,"MOTOR VEHICLE STRUCK MOTOR VEHICLE, REAR END",,11233,0,2,Injury Collision,,45,Bicycle,Matched,N,0,Clear or Partly Cloudy,0,"(47.57002063500005, -122.27834393699999)",38095,0,N,2014-144602
46156,171441,171461,Block,Cycles,127.5, ,,0,Y,07/07/2014 12:00:00 AM +0000,7/7/2014 7:06:00 PM,1,,Mid-Block (not related to intersection),Daylight,DEXTER AVE N BETWEEN GALER ST AND GARFIELD S ST,0,1,,2,3704986,Dry,51,PEDALCYCLIST STRUCK MOTOR VEHICLE FRONT END AT ANGLE,,10084,0,2,Injury Collision,,45,Bicycle,Matched,N,1,Clear or Partly Cloudy,0,"(47.632648234000044, -122.342281878)",12941,0,N,14-219846
46184,169622,169642,Block,Cycles,210, ,,0,Y,06/06/2014 12:00:00 AM +0000,6/6/2014 11:26:00 AM,1,,Driveway Junction,Daylight,YALE AVE N BETWEEN THOMAS ST AND HARRISON ST,0,1,,3,3705481,Dry,51,PEDALCYCLIST STRUCK MOTOR VEHICLE FRONT END AT ANGLE,,13747,0,2,Injury Collision,,45,Bicycle,Matched,N,1,Clear or Partly Cloudy,0,"(47.62139465200005, -122.33042621599998)",0,0,N,14-178962
46218,170181,170201,Block,Cycles,324, ,,0,,06/17/2014 12:00:00 AM +0000,6/17/2014 5:23:00 AM,1,,Mid-Block (not related to intersection),Dawn,ALASKAN WAY S BETWEEN YESLER WAY AND S MAIN ST,0,1,,2,3549703,Wet,51,PEDALCYCLIST STRUCK MOTOR VEHICLE FRONT END AT ANGLE,,8735,0,2,Injury Collision,,45,Bicycle,Matched,N,1,Overcast,0,"(47.60093100200004, -122.33599368499995)",0,0,N,2014-192808