OBJECTID,INCKEY,COLDETKEY,ADDRTYPE,COLLISIONTYPE,DISTANCE,EXCEPTRSNCODE,EXCEPTRSNDESC,FATALITIES,INATTENTIONIND,INCDATE,INCDTTM,INJURIES,INTKEY,JUNCTIONTYPE,LIGHTCOND,LOCATION,PEDCOUNT,PEDCYLCOUNT,PEDROWNOTGRNT,PERSONCOUNT,REPORTNO,ROADCOND,SDOT_COLCODE,SDOT_COLDESC,SDOTCOLNUM,SEGKEY,SERIOUSINJURIES,SEVERITYCODE,SEVERITYDESC,SPEEDING,ST_COLCODE,ST_COLDESC,STATUS,UNDERINFL,VEHCOUNT,WEATHER,WIDTH,Shape,SEGLANEKEY,CROSSWALKKEY,HITPARKEDCAR,SPDCASENO
46220,170580,170600,Block,Cycles,338.5, ,,0,Y,06/25/2014 12:00:00 AM +0000,6/25/2014 5:01:00 PM,1,,Driveway Junction,Daylight,15TH AVE NW BETWEEN NW 73RD ST AND NW 75TH ST,0,1,,3,3587657,Dry,18,"MOTOR VEHICLE STRUCK PEDALCYCLIST, FRONT END AT ANGLE",,2115,0,2,Injury Collision,,45,Bicycle,Matched,N,1,Clear or Partly Cloudy,0,"(47.682308412000054, -122.37677695899998)",18388,0,N,14-204076
46238,170362,170382,Intersection,Cycles,0, ,,0,,06/12/2014 12:00:00 AM +0000,6/12/2014 1:16:00 PM,1,29533,At Intersection (intersection related),Daylight,4TH AVE AND BELL ST,0,1,,2,3583788,Dry,18,"MOTOR VEHICLE STRUCK PEDALCYCLIST, FRONT END AT ANGLE",,6140,0,2,Injury Collision,,45,Bicycle,Matched,N,1,Clear or Partly Cloudy,0,"(47.61536891700007, -122.34393441299994)",14229,0,N,14-187022
46275,171776,171796,Intersection,Cycles,0, ,,0,,07/12/2014 12:00:00 AM +0000,7/12/2014 7:20:00 PM,1,35902,At Intersection (intersection related),Daylight,ROOSEVELT WAY NE AND NE 125TH N ST,0,1,,2,3706730,Dry,51,PEDALCYCLIST STRUCK MOTOR VEHICLE FRONT END AT ANGLE,,1305,0,2,Injury Collision,,45,Bicycle,Matched,N,1,Clear or Partly Cloudy,0,"(47.71974505000003, -122.31813230799997)",0,520783,N,14-227598
46278,171449,171469,Block,Cycles,298, ,,0,Y,07/05/2014 12:00:00 AM +0000,7/5/2014 7:00:00 PM,1,,Mid-Block (not related to intersection),Daylight,26TH AVE BETWEEN E FIR ST AND E ALDER ST,0,1,,2,3706577,Dry,54,PEDALCYCLIST STRUCK MOTOR VEHICLE REAR END,,3829,0,2,Injury Collision,,45,Bicycle,Matched,N,1,Overcast,0,"(47.60347707600005, -122.29890750399994)",0,0,N,2014-217919
46284,171779,171799,Intersection,Cycles,0, ,,0,,07/10/2014 12:00:00 AM +0000,7/10/2014 3:19:00 PM,1,27111,At Intersection (intersection related),Daylight,EASTLAKE AVE NE AND ROOSEVELT WAY NE,0,1,Y,2,3706729,Dry,18,"MOTOR VEHICLE STRUCK PEDALCYCLIST, FRONT END AT ANGLE",,10186,0,2,Injury Collision,,45,Bicycle,Matched,N,1,Clear or Partly Cloudy,0,"(47.65601781700008, -122.31784158899995)",11675,0,N,2014-224477
46351,170372,170392,Intersection,Cycles,0, ,,0,Y,06/13/2014 12:00:00 AM +0000,6/13/2014 8:31:00 AM,1,28661,At Intersection (intersection related),Daylight,JOHN ST AND QUEEN ANNE AVE N,0,1,,3,3583792,Wet,51,PEDALCYCLIST STRUCK MOTOR VEHICLE FRONT END AT ANGLE,,11068,0,2,Injury Collision,,45,Bicycle,Matched,N,1,Raining,0,"(47.619773260000045, -122.35674674399996)",0,0,N,2014-187964
46355,170186,170206,Block,Cycles,161, ,,0,,06/16/2014 12:00:00 AM +0000,6/16/2014 11:24:00 AM,1,,Mid-Block (not related to intersection),Daylight,S JACKSON ST BETWEEN MAYNARD AVE S AND 7TH AVE S,0,1,,1,3583855,Wet,69,PEDALCYCLIST OVERTURNED IN ROAD,,20490,1,2b,Serious Injury Collision,,45,Bicycle,Matched,N,0,Overcast,0,"(47.59918968200003, -122.32440465099995)",244715,0,N,14-191799
46379,171254,171274,Block,Cycles,183, ,,0,,06/03/2014 12:00:00 AM +0000,6/3/2014 3:02:00 PM,1,,Mid-Block (not related to intersection),Daylight,25TH AVE E BETWEEN E PROSPECT ST AND E HIGHLAND DR,0,1,,3,3701858,Dry,56,PEDALCYCLIST STRUCK MOTOR VEHICLE LEFT SIDE SIDESWIPE,,3707,0,2,Injury Collision,,45,Bicycle,Matched,N,1,Clear or Partly Cloudy,0,"(47.629760642000065, -122.30033358799994)",0,0,N,2014-175412
46422,171805,171825,Block,Cycles,154.5, ,,0,Y,07/13/2014 12:00:00 AM +0000,7/13/2014 4:20:00 PM,1,,Mid-Block (not related to intersection),Daylight,ALASKAN WAY BETWEEN WALL ST AND VINE ST,0,1,,2,3705515,Dry,56,PEDALCYCLIST STRUCK MOTOR VEHICLE LEFT SIDE SIDESWIPE,,8731,0,2,Injury Collision,,45,Bicycle,Matched,N,1,Overcast,0,"(47.613073246000056, -122.35167784699996)",20821,0,N,14-228667
46440,171797,171817,Block,Cycles,132, ,,0,,07/11/2014 12:00:00 AM +0000,7/11/2014 6:41:00 PM,0,,Mid-Block (but intersection related),Daylight,15TH AVE NE BETWEEN NE 65TH ST AND NE 66TH ST,0,1,,2,3706728,Dry,21,"MOTOR VEHICLE STRUCK PEDALCYCLIST, REAR END",,2048,0,1,Property Damage Only Collision,,45,Bicycle,Matched,N,1,Clear or Partly Cloudy,0,"(47.676143911000054, -122.31193708799998)",29280,0,N,2014-226124
46480,169189,169209,Block,Cycles,321, ,,0,,06/04/2014 12:00:00 AM +0000,6/4/2014 11:41:00 AM,1,,Driveway Junction,Daylight,2ND AVE S BETWEEN S HUDSON ST AND S DAWSON ST,0,1,Y,2,3581352,Dry,18,"MOTOR VEHICLE STRUCK PEDALCYCLIST, FRONT END AT ANGLE",,2877,0,2,Injury Collision,,45,Bicycle,Matched,N,1,Clear or Partly Cloudy,0,"(47.556532857000036, -122.33236426799999)",0,0,N,2014-176457
46518,170593,170613,Intersection,Cycles,0, ,,0,,06/13/2014 12:00:00 AM +0000,6/13/2014 9:10:00 PM,1,25181,At Intersection (intersection related),Dark - Street Lights On,LEARY AVE NW AND NW LEARY WAY,0,1,,3,3643416,Dry,18,"MOTOR VEHICLE STRUCK PEDALCYCLIST, FRONT END AT ANGLE",,2430,0,2,Injury Collision,,45,Bicycle,Matched,N,1,Overcast,0,"(47.663956821000056, -122.37889320099998)",23674,0,N,2014-188924
46523,170193,170213,,Cycles,,NEI,"Not Enough Information, or Insufficient Location Information",0,Y,05/30/2014 12:00:00 AM +0000,5/30/2014 8:50:00 AM,1,,At Intersection (intersection related),Daylight,,0,1,,2,3580965,Dry,00,NOT ENOUGH INFORMATION / NOT APPLICABLE,,,0,2,Injury Collision,,45,Bicycle,Matched,N,1,Clear or Partly Cloudy,0,,0,0,N,2014-169647
46528,170382,170402,Intersection,Cycles,0, ,,0,,06/13/2014 12:00:00 AM +0000,6/13/2014 4:28:00 PM,1,26079,At Intersection (intersection related),Daylight,20TH AVE NE AND NE 45TH ST,0,1,Y,3,3587609,Dry,18,"MOTOR VEHICLE STRUCK PEDALCYCLIST, FRONT END AT ANGLE",,2960,0,2,Injury Collision,,45,Bicycle,Matched,N,1,Clear or Partly Cloudy,0,"(47.66125713000008, -122.30652821299998)",0,524701,N,14-188566
46562,171263,171283,Intersection,Cycles,0, ,,0,,07/05/2014 12:00:00 AM +0000,7/5/2014 5:28:00 PM,1,27039,At Intersection (intersection related),Daylight,FREMONT AVE N AND N 34TH ST,0,1,,2,3702770,Dry,18,"MOTOR VEHICLE STRUCK PEDALCYCLIST, FRONT END AT ANGLE",,10485,0,2,Injury Collision,,45,Bicycle,Matched,N,1,Clear or Partly Cloudy,0,"(47.64958972900007, -122.34974744899995)",8240,0,N,14-217831
46574,168640,168660,Intersection,Cycles,0, ,,0,,05/30/2014 12:00:00 AM +0000,5/30/2014 2:27:00 PM,1,29863,At Intersection (intersection related),Daylight,MELROSE AVE AND PINE ST,0,1,,2,3701853,Dry,51,PEDALCYCLIST STRUCK MOTOR VEHICLE FRONT END AT ANGLE,,11745,0,2,Injury Collision,,45,Bicycle,Matched,N,1,Clear or Partly Cloudy,0,"(47.615238420000026, -122.32790375499997)",10336,0,N,14-170018
46577,171262,171282,Intersection,Cycles,0, ,,0,,07/06/2014 12:00:00 AM +0000,7/6/2014 6:44:00 PM,2,29760,At Intersection (intersection related),Daylight,11TH AVE AND E UNION ST,0,1,,2,3701896,Dry,51,PEDALCYCLIST STRUCK MOTOR VEHICLE FRONT END AT ANGLE,,1381,0,2,Injury Collision,,45,Bicycle,Matched,N,1,Clear or Partly Cloudy,0,"(47.612931253000056, -122.31812237799994)",0,0,N,14-219141
46592,168631,168651,Intersection,Cycles,0, ,,0,Y,05/31/2014 12:00:00 AM +0000,5/31/2014 5:56:00 PM,1,25785,At Intersection (intersection related),Daylight,5TH AVE NE AND NE 50TH ST,0,1,,2,3613569,Dry,51,PEDALCYCLIST STRUCK MOTOR VEHICLE FRONT END AT ANGLE,,7290,0,2,Injury Collision,,45,Bicycle,Matched,N,1,Clear or Partly Cloudy,0,"(47.66497536500003, -122.32286255999998)",21506,0,N,14-17604
46655,174895,174915,Block,Cycles,298, ,,0,,09/09/2014 12:00:00 AM +0000,9/9/2014 4:19:00 PM,1,,Mid-Block (not related to intersection),Daylight,S JACKSON ST BETWEEN 10TH AVE S AND 12TH AVE S,0,1,,1,3593963,Dry,29,MOTOR VEHICLE OVERTURNED IN ROAD,,20493,0,2,Injury Collision,,45,Bicycle,Matched,N,0,Clear or Partly Cloudy,0,"(47.59918655700005, -122.31843273799996)",24479,0,N,14-301806
46675,172060,172080,Block,Cycles,192, ,,0,,07/17/2014 12:00:00 AM +0000,7/17/2014 6:39:00 AM,0,,Driveway Junction,Dawn,ALKI AVE SW BETWEEN 59TH AVE SW AND 60TH AVE SW,0,1,,2,3505141,Dry,18,"MOTOR VEHICLE STRUCK PEDALCYCLIST, FRONT END AT ANGLE",,8796,0,1,Property Damage Only Collision,,45,Bicycle,Matched,N,1,Overcast,0,"(47.57977779200007, -122.40866226299994)",3638,0,N,14-233342
46735,173459,173479,Intersection,Cycles,0,NEI,"Not Enough Information, or Insufficient Location Information",0,,08/09/2014 12:00:00 AM +0000,8/9/2014 5:00:00 PM,0,29553,At Intersection (intersection related),Daylight,7TH AVE AND OLIVE WAY,0,1,,2,3571015,Dry,00,NOT ENOUGH INFORMATION / NOT APPLICABLE,,8160,0,1,Property Damage Only Collision,,45,Bicycle,Matched,N,1,Clear or Partly Cloudy,0,"(47.613595528000076, -122.33517270199997)",37052,0,N,2014-263779
46763,174207,174227,Intersection,Cycles,0, ,,0,Y,08/22/2014 12:00:00 AM +0000,8/22/2014 6:14:00 PM,1,24291,At Intersection (intersection related),Daylight,GREENWOOD AVE N AND N 79TH ST,0,1,,3,3572711,Dry,51,PEDALCYCLIST STRUCK MOTOR VEHICLE FRONT END AT ANGLE,,10746,0,2,Injury Collision,,45,Bicycle,Matched,N,1,Clear or Partly Cloudy,0,"(47.686215109000045, -122.35529915999996)",4491,0,N,2014-280044
46772,174422,174442,Block,Cycles,161, ,,0,Y,08/26/2014 12:00:00 AM +0000,8/26/2014 12:10:00 PM,1,,Mid-Block (but intersection related),Daylight,VIRGINIA ST BETWEEN 7TH AVE AND 8TH AVE,0,1,,2,3584908,Dry,54,PEDALCYCLIST STRUCK MOTOR VEHICLE REAR END,,13317,0,2,Injury Collision,,45,Bicycle,Matched,N,1,Clear or Partly Cloudy,0,"(47.61538794900008, -122.33702606099996)",14311,0,N,14-284518
46782,175385,175405,Block,Cycles,105, ,,0,,07/31/2014 12:00:00 AM +0000,7/31/2014 11:40:00 AM,1,,Driveway Junction,Daylight,RAINIER AVE S BETWEEN S WALKER ST AND S COLLEGE N ST,0,1,Y,2,3705363,Dry,18,"MOTOR VEHICLE STRUCK PEDALCYCLIST, FRONT END AT ANGLE",,12360,0,2,Injury Collision,,45,Bicycle,Matched,N,1,Clear or Partly Cloudy,0,"(47.583402041000056, -122.30200503499998)",0,0,N,14-252613
46786,171840,171860,Intersection,Cycles,0, ,,0,,07/12/2014 12:00:00 AM +0000,7/12/2014 5:27:00 PM,1,29748,At Intersection (intersection related),Daylight,12TH AVE AND E PIKE ST,0,1,,1,3642351,Dry,11,"MOTOR VEHICLE STRUCK MOTOR VEHICLE, FRONT END AT ANGLE",,1546,0,2,Injury Collision,,45,Bicycle,Matched,N,0,Clear or Partly Cloudy,0,"(47.61410376900005, -122.31683584899997)",10785,0,N,14-227475
46794,172361,172381,Block,Cycles,354.5, ,,0,,07/21/2014 12:00:00 AM +0000,7/21/2014 9:00:00 PM,1,,Mid-Block (not related to intersection),Daylight,DENNY WAY BETWEEN STEWART ST AND MELROSE AVE,0,1,,3,3574798,Dry,56,PEDALCYCLIST STRUCK MOTOR VEHICLE LEFT SIDE SIDESWIPE,,10023,0,2,Injury Collision,Y,45,Bicycle,Matched,N,2,Clear or Partly Cloudy,0,"(47.61844935400006, -122.32929210599997)",23551,0,N,14-239236
46804,175644,175664,Intersection,Cycles,0, ,,0,,09/22/2014 12:00:00 AM +0000,9/22/2014 5:17:00 PM,0,30423,At Intersection (intersection related),Daylight,12TH AVE S AND S MAIN ST,0,1,,2,3585591,Dry,51,PEDALCYCLIST STRUCK MOTOR VEHICLE FRONT END AT ANGLE,,1653,0,1,Property Damage Only Collision,,45,Bicycle,Matched,N,1,Clear or Partly Cloudy,0,"(47.600014558000055, -122.31722977699997)",34821,0,N,2014-317898
46845,173709,173729,Block,Cycles,213, ,,0,,08/14/2014 12:00:00 AM +0000,8/14/2014 5:10:00 PM,1,,Mid-Block (not related to intersection),Daylight,4TH AVE BETWEEN UNION ST AND PIKE ST,0,1,,2,3584044,Dry,51,PEDALCYCLIST STRUCK MOTOR VEHICLE FRONT END AT ANGLE,,6130,1,2b,Serious Injury Collision,,45,Bicycle,Matched,N,1,Clear or Partly Cloudy,0,"(47.60971641300006, -122.33622826899995)",12755,0,N,14-269711
46846,173477,173497,Block,Cycles,551.5, ,,0,Y,08/08/2014 12:00:00 AM +0000,8/8/2014 12:37:00 PM,2,,Mid-Block (not related to intersection),Daylight,ALKI AVE SW BETWEEN SW ARKANSAS ST AND SW HAMPSHIRE ST,0,1,,4,3570949,Dry,18,"MOTOR VEHICLE STRUCK PEDALCYCLIST, FRONT END AT ANGLE",,8785,0,2,Injury Collision,,45,Bicycle,Matched,N,1,Clear or Partly Cloudy,0,"(47.589503782000065, -122.39412509399995)",3593,0,N,14-261983
46876,174911,174931,Block,Cycles,213, ,,0,Y,08/22/2014 12:00:00 AM +0000,8/22/2014 9:46:00 AM,1,,Driveway Junction,Daylight,QUEEN ANNE AVE N BETWEEN JOHN ST AND THOMAS ST,0,1,Y,2,3705085,Dry,51,PEDALCYCLIST STRUCK MOTOR VEHICLE FRONT END AT ANGLE,,12295,0,2,Injury Collision,,45,Bicycle,Matched,N,1,Clear or Partly Cloudy,0,"(47.620355765000056, -122.35674263399994)",12314,0,N,14-279388
46896,174918,174938,Intersection,Cycles,0, ,,0,,09/04/2014 12:00:00 AM +0000,9/4/2014 11:30:00 AM,1,29826,At Intersection (intersection related),Daylight,12TH AVE AND E ALDER ST,0,1,,2,3593962,Unknown,18,"MOTOR VEHICLE STRUCK PEDALCYCLIST, FRONT END AT ANGLE",,1526,0,2,Injury Collision,,45,Bicycle,Matched,N,1,Unknown,0,"(47.604360385000064, -122.31678113299995)",10590,0,N,14-300247
46923,175397,175417,Intersection,Cycles,0, ,,0,,09/15/2014 12:00:00 AM +0000,9/15/2014 10:00:00 AM,2,29256,At Intersection (intersection related),Daylight,26TH AVE E AND E MADISON ST,1,1,,2,3606317,Dry,64,PEDALCYCLIST STRUCK PEDESTRIAN,,3843,0,2,Injury Collision,,45,Bicycle,Matched,N,0,Clear or Partly Cloudy,0,"(47.62200681600007, -122.29835907999995)",34580,0,N,14-308711
47002,175178,175198,Block,Cycles,213, ,,0,,09/03/2014 12:00:00 AM +0000,9/3/2014 7:50:00 PM,1,,Mid-Block (but intersection related),Dusk,7TH AVE BETWEEN PIKE ST AND PINE ST,0,1,,3,3588809,Dry,11,"MOTOR VEHICLE STRUCK MOTOR VEHICLE, FRONT END AT ANGLE",,8158,0,2,Injury Collision,,45,Bicycle,Matched,N,1,Clear or Partly Cloudy,0,"(47.61210222900007, -122.33380703999995)",37081,0,N,14-294645
47007,173995,174015,Intersection,Cycles,0, ,,0,,08/14/2014 12:00:00 AM +0000,8/14/2014 4:00:00 PM,1,26684,At Intersection (intersection related),Daylight,6TH AVE W AND W NICKERSON ST,0,1,,2,3696355,Dry,51,PEDALCYCLIST STRUCK MOTOR VEHICLE FRONT END AT ANGLE,,8049,0,2,Injury Collision,,45,Bicycle,Matched,N,1,Clear or Partly Cloudy,0,"(47.651637513000026, -122.36446199)",12512,0,N,14-269621
47009,173993,174013,Intersection,Cycles,0, ,,0,,08/14/2014 12:00:00 AM +0000,8/14/2014 7:53:00 PM,1,37733,At Intersection (intersection related),Daylight,LAKE CITY WAY NE AND NE 95TH ST,0,1,,3,3696004,Dry,18,"MOTOR VEHICLE STRUCK PEDALCYCLIST, FRONT END AT ANGLE",,11159,0,2,Injury Collision,,45,Bicycle,Matched,N,1,Clear or Partly Cloudy,0,"(47.69756885600003, -122.30546672499997)",0,524607,N,2014-269897
47033,175177,175197,Block,Cycles,88.5, ,,0,,09/11/2014 12:00:00 AM +0000,9/11/2014 1:29:00 PM,1,,Mid-Block (but intersection related),Daylight,BEACON ER AVE S BETWEEN S ANGELINE ST AND S COLUMBIAN WAY,0,1,,3,3587368,Dry,18,"MOTOR VEHICLE STRUCK PEDALCYCLIST, FRONT END AT ANGLE",,166925,0,2,Injury Collision,,45,Bicycle,Matched,N,1,Clear or Partly Cloudy,0,"(47.55987646800003, -122.30445987299998)",15929,0,N,2014-304048
47038,174451,174471,Intersection,Cycles,0, ,,0,,08/26/2014 12:00:00 AM +0000,8/26/2014 5:15:00 PM,0,26848,At Intersection (intersection related),Daylight,STONE WAY N AND N 40TH ST,0,1,,2,3700492,Dry,51,PEDALCYCLIST STRUCK MOTOR VEHICLE FRONT END AT ANGLE,,12961,0,1,Property Damage Only Collision,,45,Bicycle,Matched,N,1,Clear or Partly Cloudy,0,"(47.65538287600003, -122.34243924099997)",6322,0,N,14-284910
47049,175409,175429,Intersection,Cycles,0, ,,0,,09/16/2014 12:00:00 AM +0000,9/16/2014 8:48:00 AM,1,27043,At Intersection (intersection related),Daylight,TROLL AVE N AND N 34TH ST,0,1,,2,3695809,Dry,51,PEDALCYCLIST STRUCK MOTOR VEHICLE FRONT END AT ANGLE,,9002,0,2,Injury Collision,,45,Bicycle,Matched,N,1,Overcast,0,"(47.64924012200004, -122.34741874299999)",8816,0,N,14-309955
47051,171864,171884,Intersection,Cycles,0, ,,0,Y,07/12/2014 12:00:00 AM +0000,7/12/2014 1:47:00 PM,1,31514,At Intersection (intersection related),Daylight,23RD AVE S AND S MASSACHUSETTS ST,0,1,,5,3698996,Dry,18,"MOTOR VEHICLE STRUCK PEDALCYCLIST, FRONT END AT ANGLE",,3452,0,2,Injury Collision,,45,Bicycle,Matched,N,1,Clear or Partly Cloudy,0,"(47.58837465200003, -122.30259364599999)",0,630858,N,2014-227238
47053,172423,172443,Intersection,Cycles,0, ,,0,,07/22/2014 12:00:00 AM +0000,7/22/2014 10:28:00 AM,1,25744,At Intersection (intersection related),Daylight,8TH AVE NE AND NE 56TH ST,0,1,,2,3706791,Dry,51,PEDALCYCLIST STRUCK MOTOR VEHICLE FRONT END AT ANGLE,,8313,0,2,Injury Collision,,45,Bicycle,Matched,N,1,Overcast,0,"(47.66932091600006, -122.32010139999994)",0,0,N,14-239754
47069,175402,175422,Intersection,Cycles,0, ,,0,Y,09/14/2014 12:00:00 AM +0000,9/14/2014 11:49:00 AM,1,28403,At Intersection (intersection related),Daylight,24TH AVE E AND E MILLER ST,0,1,,3,3672984,Dry,18,"MOTOR VEHICLE STRUCK PEDALCYCLIST, FRONT END AT ANGLE",,3556,0,2,Injury Collision,,45,Bicycle,Matched,N,1,Clear or Partly Cloudy,0,"(47.64171803000005, -122.30205864599998)",22289,0,N,14-307663
47102,173723,173743,Intersection,Cycles,0, ,,0,Y,08/14/2014 12:00:00 AM +0000,8/14/2014 5:36:00 PM,1,30436,At Intersection (intersection related),Daylight,12TH AVE S AND S WELLER ST,0,2,,3,3642477,Dry,14,"MOTOR VEHICLE STRUCK MOTOR VEHICLE, REAR END",,21537,0,2,Injury Collision,,45,Bicycle,Matched,N,1,Clear or Partly Cloudy,0,"(47.59749957200006, -122.31722672699999)",16241,0,N,14-269755
47108,172708,172728,Block,Cycles,153, ,,0,,07/25/2014 12:00:00 AM +0000,7/25/2014 7:34:00 PM,1,,Mid-Block (not related to intersection),Daylight,1ST AVE BETWEEN MADISON ST AND SPRING ST,0,1,,2,3696476,Dry,54,PEDALCYCLIST STRUCK MOTOR VEHICLE REAR END,,1004,0,2,Injury Collision,,45,Bicycle,Matched,N,1,Clear or Partly Cloudy,0,"(47.605050498000026, -122.33656362299996)",36768,0,N,14-244039
47138,172424,172444,Intersection,Cycles,0, ,,0,,07/21/2014 12:00:00 AM +0000,7/21/2014 9:40:00 PM,1,27091,At Intersection (intersection related),Dark - Street Lights Off,15TH AVE NE AND NE 42ND ST,0,1,,2,3706790,Wet,18,"MOTOR VEHICLE STRUCK PEDALCYCLIST, FRONT END AT ANGLE",,2033,0,2,Injury Collision,,45,Bicycle,Matched,N,1,Overcast,0,"(47.65830145700005, -122.31207124999997)",0,520846,N,14-239272
47141,174481,174501,Intersection,Cycles,0, ,,0,,08/28/2014 12:00:00 AM +0000,8/28/2014 7:08:00 AM,1,27093,At Intersection (intersection related),Daylight,ROOSEVELT WAY NE AND NE 42ND S ST,0,1,Y,3,3695915,Dry,51,PEDALCYCLIST STRUCK MOTOR VEHICLE FRONT END AT ANGLE,,12595,0,2,Injury Collision,,45,Bicycle,Matched,N,1,Clear or Partly Cloudy,0,"(47.65751422500006, -122.31780212899997)",8985,0,N,14-286795
47151,174479,174499,Intersection,Cycles,0, ,,0,,08/28/2014 12:00:00 AM +0000,8/28/2014 9:50:00 AM,0,29053,At Intersection (intersection related),Daylight,10TH AVE E AND E JOHN ST,0,1,Y,2,3606316,Dry,18,"MOTOR VEHICLE STRUCK PEDALCYCLIST, FRONT END AT ANGLE",,1198,0,1,Property Damage Only Collision,,45,Bicycle,Matched,N,1,Overcast,0,"(47.61991720000003, -122.31953929199994)",35215,0,N,14-286959
47206,171876,171896,Block,Cycles,138.5, ,,0,Y,07/14/2014 12:00:00 AM +0000,7/14/2014 2:58:00 PM,1,,Driveway Junction,Daylight,NE 42ND ST BETWEEN ROOSEVELT N WAY NE AND 11TH AVE NE,0,1,,2,3587650,Dry,51,PEDALCYCLIST STRUCK MOTOR VEHICLE FRONT END AT ANGLE,,16788,0,2,Injury Collision,,45,Bicycle,Matched,N,1,Clear or Partly Cloudy,0,"(47.658362648000036, -122.31721991299997)",0,0,N,14-229837
47239,173514,173534,Block,Cycles,124.5, ,,0,,08/05/2014 12:00:00 AM +0000,8/5/2014 8:53:00 PM,0,,Driveway Junction,Dusk,NE 45TH ST BETWEEN 1ST AVE NE AND 2ND AVE NE,0,1,,2,3582744,Dry,51,PEDALCYCLIST STRUCK MOTOR VEHICLE FRONT END AT ANGLE,,16838,0,1,Property Damage Only Collision,,45,Bicycle,Matched,Y,1,Clear or Partly Cloudy,0,"(47.661357277000036, -122.32775751099996)",6532,0,N,2014-258562
47278,174803,174823,Intersection,Cycles,0, ,,0,,09/03/2014 12:00:00 AM +0000,9/3/2014 3:01:00 PM,1,36602,At Intersection (intersection related),Daylight,30TH AVE NE AND NE 125TH ST,0,1,,2,3702917,Dry,18,"MOTOR VEHICLE STRUCK PEDALCYCLIST, FRONT END AT ANGLE",,4633,0,2,Injury Collision,,45,Bicycle,Matched,N,1,Clear or Partly Cloudy,0,"(47.71928489100003, -122.29631399599998)",0,524529,N,2014-294307
47320,171904,171924,Intersection,Cycles,0, ,,0,,07/09/2014 12:00:00 AM +0000,7/9/2014 4:18:00 PM,1,26698,At Intersection (intersection related),Daylight,3RD AVE W AND W CREMONA ST,0,1,Y,2,3696611,Dry,51,PEDALCYCLIST STRUCK MOTOR VEHICLE FRONT END AT ANGLE,,4568,0,2,Injury Collision,,45,Bicycle,Matched,N,1,Clear or Partly Cloudy,0,"(47.64954528900006, -122.36088259399997)",30261,0,N,2014-223194
47323,172478,172498,Block,Cycles,174, ,,0,,07/22/2014 12:00:00 AM +0000,7/22/2014 9:00:00 AM,1,,Mid-Block (not related to intersection),Daylight,30TH AVE NE BETWEEN UNION BAY PL NE AND BURKE GILMAN TRL,0,1,Y,3,3646365,Dry,18,"MOTOR VEHICLE STRUCK PEDALCYCLIST, FRONT END AT ANGLE",,4598,0,2,Injury Collision,,45,Bicycle,Matched,N,1,Overcast,0,"(47.664214558000026, -122.29561594399996)",31966,0,N,14-239678
47408,174043,174063,Intersection,Cycles,0, ,,0,Y,08/19/2014 12:00:00 AM +0000,8/19/2014 7:28:00 PM,1,36693,At Intersection (intersection related),Daylight,20TH AVE NE AND NE 125TH ST,0,1,,2,3696007,Dry,51,PEDALCYCLIST STRUCK MOTOR VEHICLE FRONT END AT ANGLE,,3003,0,2,Injury Collision,,45,Bicycle,Matched,N,1,Clear or Partly Cloudy,0,"(47.71936523200003, -122.30727176399995)",7908,0,N,14-276286
47425,175222,175242,Block,Cycles,154, ,,0,Y,08/14/2014 12:00:00 AM +0000,8/14/2014 6:31:00 PM,1,,Mid-Block (not related to intersection),Daylight,FREMONT AVE N BETWEEN N 34TH ST AND FREMONT PL N,0,1,,2,3702914,Dry,51,PEDALCYCLIST STRUCK MOTOR VEHICLE FRONT END AT ANGLE,,10485,0,2,Injury Collision,,45,Bicycle,Matched,N,1,Overcast,0,"(47.650009011000066, -122.34979103399996)",8236,0,N,2014-269809
47438,174537,174557,Intersection,Cycles,0, ,,1,,08/29/2014 12:00:00 AM +0000,8/29/2014 8:46:00 AM,0,29603,At Intersection (intersection related),Daylight,2ND AVE AND UNIVERSITY ST,0,1,,3,3588758,Dry,18,"MOTOR VEHICLE STRUCK PEDALCYCLIST, FRONT END AT ANGLE",,2756,0,3,Fatality Collision,,45,Bicycle,Matched,N,1,Clear or Partly Cloudy,0,"(47.60729905800008, -122.33708679799997)",12162,0,N,14-288179
47442,174967,174987,Block,Cycles,95.5, ,,0,Y,09/01/2014 12:00:00 AM +0000,9/1/2014 2:20:00 PM,1,,Mid-Block (not related to intersection),,EAST GREEN LAKE WAY N BETWEEN 4TH AVE NE AND NE RAVENNA SR BV,0,1,,2,3582642,Dry,18,"MOTOR VEHICLE STRUCK PEDALCYCLIST, FRONT END AT ANGLE",,14083,0,2,Injury Collision,,45,Bicycle,Matched,N,1,Clear or Partly Cloudy,0,"(47.67871258200006, -122.32652875699995)",7410,0,N,14-291852
47459,172497,172517,Block,Cycles,169, ,,0,,07/21/2014 12:00:00 AM +0000,7/21/2014 7:35:00 PM,1,,Mid-Block (not related to intersection),Daylight,RAINIER AVE S BETWEEN S MCCLELLAN ST AND S FOREST ST,0,1,,2,3699216,Dry,11,"MOTOR VEHICLE STRUCK MOTOR VEHICLE, FRONT END AT ANGLE",,12365,0,2,Injury Collision,,45,Bicycle,Matched,N,1,Clear or Partly Cloudy,0,"(47.577939162000064, -122.29783735399997)",0,0,N,14-239142