OBJECTID,INCKEY,COLDETKEY,ADDRTYPE,COLLISIONTYPE,DISTANCE,EXCEPTRSNCODE,EXCEPTRSNDESC,FATALITIES,INATTENTIONIND,INCDATE,INCDTTM,INJURIES,INTKEY,JUNCTIONTYPE,LIGHTCOND,LOCATION,PEDCOUNT,PEDCYLCOUNT,PEDROWNOTGRNT,PERSONCOUNT,REPORTNO,ROADCOND,SDOT_COLCODE,SDOT_COLDESC,SDOTCOLNUM,SEGKEY,SERIOUSINJURIES,SEVERITYCODE,SEVERITYDESC,SPEEDING,ST_COLCODE,ST_COLDESC,STATUS,UNDERINFL,VEHCOUNT,WEATHER,WIDTH,Shape,SEGLANEKEY,CROSSWALKKEY,HITPARKEDCAR,SPDCASENO
47485,172999,173019,Intersection,Cycles,0, ,,0,,08/01/2014 12:00:00 AM +0000,8/1/2014 7:02:00 PM,1,34556,At Intersection (intersection related),Daylight,33RD AVE S AND S MYRTLE PL,0,1,,2,3699287,Dry,18,"MOTOR VEHICLE STRUCK PEDALCYCLIST, FRONT END AT ANGLE",,5176,0,2,Injury Collision,,45,Bicycle,Matched,N,1,Clear or Partly Cloudy,0,"(47.53837242700007, -122.28998367999998)",24166,0,N,14-253156
47514,173559,173579,Block,Cycles,1355, ,,0,,08/07/2014 12:00:00 AM +0000,8/7/2014 5:40:00 PM,1,,Mid-Block (not related to intersection),Daylight,INTERLAKEN DR E BETWEEN E GALER ST AND E INTERLAKEN BLVD,0,1,,2,3642387,Dry,14,"MOTOR VEHICLE STRUCK MOTOR VEHICLE, REAR END",,11030,0,2,Injury Collision,,45,Bicycle,Matched,N,1,Clear or Partly Cloudy,0,"(47.635420185000044, -122.30783441999995)",0,0,N,14-261063
47543,174299,174319,Intersection,Cycles,0, ,,0,,08/25/2014 12:00:00 AM +0000,8/25/2014 1:34:00 PM,1,37172,At Intersection (intersection related),Daylight,3RD AVE NW AND NW 87TH N ST,0,1,Y,2,3466837,Dry,51,PEDALCYCLIST STRUCK MOTOR VEHICLE FRONT END AT ANGLE,,4480,0,2,Injury Collision,,45,Bicycle,Matched,N,1,Clear or Partly Cloudy,0,"(47.69244889600003, -122.360662247)",28425,0,N,14-283379
47566,174824,174844,Block,Cycles,213, ,,0,Y,08/20/2014 12:00:00 AM +0000,8/20/2014 7:15:00 AM,1,,Mid-Block (not related to intersection),Daylight,12TH AVE E BETWEEN E DENNY WAY AND E JOHN ST,0,1,,2,3672243,Dry,18,"MOTOR VEHICLE STRUCK PEDALCYCLIST, FRONT END AT ANGLE",,1550,0,2,Injury Collision,,45,Bicycle,Matched,N,1,Overcast,0,"(47.61935121000005, -122.31691908399995)",10874,0,N,14-276763
47590,171929,171949,Intersection,Cycles,0, ,,0,Y,07/07/2014 12:00:00 AM +0000,7/7/2014 4:06:00 PM,1,37550,At Intersection (intersection related),Daylight,5TH AVE NE AND NE 85TH ST,0,1,,2,3706583,Dry,51,PEDALCYCLIST STRUCK MOTOR VEHICLE FRONT END AT ANGLE,,7320,0,2,Injury Collision,,45,Bicycle,Matched,N,1,Clear or Partly Cloudy,0,"(47.69039693000008, -122.323000434)",7339,0,N,14-220359
47591,172506,172526,Block,Cycles,160.5, ,,0,,07/21/2014 12:00:00 AM +0000,7/21/2014 6:12:00 PM,1,,Mid-Block (not related to intersection),Daylight,S JACKSON ST BETWEEN 4TH AVE S AND 5TH AVE S,0,1,,4,3705129,Dry,56,PEDALCYCLIST STRUCK MOTOR VEHICLE LEFT SIDE SIDESWIPE,,20487,0,2,Injury Collision,,45,Bicycle,Matched,N,1,Overcast,0,"(47.59919591100004, -122.32831927399997)",4877,0,N,14-239063
47608,172165,172185,Block,Cycles,150, ,,0,,07/17/2014 12:00:00 AM +0000,7/17/2014 5:35:00 PM,1,,Mid-Block (not related to intersection),Daylight,24TH AVE E BETWEEN E NEWTON N ST AND E BOSTON ST,0,1,,2,3702008,Dry,23,"MOTOR VEHICLE STRUCK PEDALCYCLIST, LEFT SIDE SIDESWIPE",,3551,0,2,Injury Collision,,45,Bicycle,Matched,N,1,Clear or Partly Cloudy,0,"(47.63831191300005, -122.30165337399995)",22322,0,N,14-234084
47630,172792,172812,Block,Cycles,110, ,,0,,07/03/2014 12:00:00 AM +0000,7/3/2014 1:08:00 PM,1,,Mid-Block (not related to intersection),Daylight,11TH AVE NE BETWEEN NE 41ST ST AND EASTLAKE AVE NE,1,1,,2,3587647,Dry,14,"MOTOR VEHICLE STRUCK MOTOR VEHICLE, REAR END",,1405,0,2,Injury Collision,,45,Bicycle,Matched,N,0,Overcast,0,"(47.65717540600008, -122.31668458899998)",0,0,N,14-214636
47669,174057,174077,Intersection,Cycles,0, ,,0,,08/08/2014 12:00:00 AM +0000,8/8/2014 3:14:00 PM,1,32694,At Intersection (intersection related),Daylight,34TH AVE S AND S DAKOTA ST,0,1,,2,3699292,Dry,18,"MOTOR VEHICLE STRUCK PEDALCYCLIST, FRONT END AT ANGLE",,5274,0,2,Injury Collision,,45,Bicycle,Matched,N,1,Clear or Partly Cloudy,0,"(47.566178050000076, -122.29094097899997)",0,0,N,2014-262161
47722,171941,171961,Block,Cycles,241, ,,0,,07/11/2014 12:00:00 AM +0000,7/11/2014 8:25:00 PM,1,,Mid-Block (not related to intersection),Daylight,50TH AVE S BETWEEN S DIRECTOR ST AND S BARTON ST,0,1,,3,3699080,Dry,51,PEDALCYCLIST STRUCK MOTOR VEHICLE FRONT END AT ANGLE,,7455,0,2,Injury Collision,,45,Bicycle,Matched,N,1,Clear or Partly Cloudy,0,"(47.52167545900005, -122.27137685899999)",0,0,N,14-226264
47724,171940,171960,Block,Cycles,420, ,,0,,07/15/2014 12:00:00 AM +0000,7/15/2014 9:20:00 AM,1,,Mid-Block (not related to intersection),Daylight,EASTLAKE AVE E BETWEEN E LYNN ST AND E LOUISA ST,0,1,,2,3696659,Dry,56,PEDALCYCLIST STRUCK MOTOR VEHICLE LEFT SIDE SIDESWIPE,,10177,0,2,Injury Collision,,45,Bicycle,Matched,N,1,Clear or Partly Cloudy,0,"(47.64087739100006, -122.325889916)",24732,0,N,14-230800
47726,172182,172202,Intersection,Cycles,0, ,,0,Y,07/15/2014 12:00:00 AM +0000,7/15/2014 8:30:00 AM,1,30544,At Intersection (intersection related),Daylight,7TH AVE S AND S DEARBORN ST,0,1,,2,3550028,Dry,18,"MOTOR VEHICLE STRUCK PEDALCYCLIST, FRONT END AT ANGLE",,8211,0,2,Injury Collision,,45,Bicycle,Matched,N,1,Clear or Partly Cloudy,0,"(47.59583330500004, -122.32376363099996)",5835,0,N,2014-230751
47754,172801,172821,Block,Cycles,465.5, ,,0,Y,07/02/2014 12:00:00 AM +0000,7/2/2014 7:50:00 AM,1,,Mid-Block (not related to intersection),Daylight,W NICKERSON ST BETWEEN 3RD AVE W AND 6TH AVE W,0,1,,1,3696677,Dry,28,MOTOR VEHICLE RAN OFF ROAD - HIT FIXED OBJECT,,23612,0,2,Injury Collision,,45,Bicycle,Matched,N,0,Clear or Partly Cloudy,0,"(47.65123294000006, -122.36266768499996)",0,0,N,14-212871
47773,173077,173097,Block,Cycles,213, ,,0,Y,07/19/2014 12:00:00 AM +0000,7/19/2014 5:12:00 PM,1,,Mid-Block (not related to intersection),Daylight,8TH AVE BETWEEN PINE ST AND OLIVE WAY,0,1,,2,3584104,Dry,18,"MOTOR VEHICLE STRUCK PEDALCYCLIST, FRONT END AT ANGLE",,8281,0,2,Injury Collision,,45,Bicycle,Matched,N,1,Clear or Partly Cloudy,0,"(47.61355908100006, -122.33360568199998)",14004,0,N,2014-236629
47803,174085,174105,Intersection,Cycles,0, ,,0,,08/15/2014 12:00:00 AM +0000,8/15/2014 6:00:00 PM,1,33566,At Intersection (intersection related),Daylight,35TH AVE S AND S EDMUNDS ST,0,1,,2,3699301,Dry,51,PEDALCYCLIST STRUCK MOTOR VEHICLE FRONT END AT ANGLE,,5423,1,2b,Serious Injury Collision,,45,Bicycle,Matched,N,1,Unknown,0,"(47.55866289800008, -122.28881787399996)",0,0,N,14-273129
47807,174320,174340,Intersection,Cycles,0, ,,0,,08/23/2014 12:00:00 AM +0000,8/23/2014 5:49:00 PM,1,29112,At Intersection (intersection related),Daylight,BELMONT AVE E AND E ROY ST,0,1,,5,3642513,Dry,18,"MOTOR VEHICLE STRUCK PEDALCYCLIST, FRONT END AT ANGLE",,9242,0,2,Injury Collision,,45,Bicycle,Matched,N,1,Clear or Partly Cloudy,0,"(47.62511809200004, -122.32404140599999)",36113,0,N,2014-281282
47809,174319,174339,Intersection,Cycles,0, ,,0,Y,08/22/2014 12:00:00 AM +0000,8/22/2014 9:18:00 PM,1,29761,At Intersection (intersection related),Dark - Street Lights On,12TH AVE AND E MADISON ST,0,1,Y,2,3642510,Dry,51,PEDALCYCLIST STRUCK MOTOR VEHICLE FRONT END AT ANGLE,,1536,0,2,Injury Collision,,45,Bicycle,Matched,N,1,Clear or Partly Cloudy,0,"(47.61288923600006, -122.31673339099996)",22953,0,N,14-280243
47814,174316,174336,Intersection,Cycles,0, ,,0,,08/25/2014 12:00:00 AM +0000,8/25/2014 1:32:00 PM,1,28753,At Intersection (intersection related),Daylight,DEXTER AVE N AND LEE ST,0,1,,2,3588802,Dry,18,"MOTOR VEHICLE STRUCK PEDALCYCLIST, FRONT END AT ANGLE",,10083,0,2,Injury Collision,,45,Bicycle,Matched,N,1,Clear or Partly Cloudy,0,"(47.631410781000056, -122.34228891699996)",12941,0,N,14-283368
47839,175504,175524,Block,Cycles,246, ,,0,Y,08/26/2014 12:00:00 AM +0000,8/26/2014 6:35:00 PM,0,,Mid-Block (not related to intersection),Daylight,WESTLAKE EAST RDWY AVE N BETWEEN HIGHLAND DR AND COMSTOCK ST,0,1,,2,3641104,Dry,54,PEDALCYCLIST STRUCK MOTOR VEHICLE REAR END,,13550,0,1,Property Damage Only Collision,,45,Bicycle,Matched,N,1,Clear or Partly Cloudy,0,"(47.630262952000066, -122.34074680299994)",0,0,N,14-285022
47854,172197,172217,Intersection,Cycles,0, ,,0,,07/17/2014 12:00:00 AM +0000,7/17/2014 5:37:00 PM,1,34816,At Intersection (intersection related),Daylight,45TH AVE SW AND SW BRACE POINT DR,0,1,,2,3570964,Dry,51,PEDALCYCLIST STRUCK MOTOR VEHICLE FRONT END AT ANGLE,,6876,0,2,Injury Collision,,45,Bicycle,Matched,N,1,Clear or Partly Cloudy,0,"(47.52019340800007, -122.39041308299994)",31715,0,N,14-234088
47864,174839,174859,Block,Cycles,692.5, ,,0,,09/01/2014 12:00:00 AM +0000,9/1/2014 10:20:00 AM,1,,Driveway Junction,Daylight,HARBOR AVE SW BETWEEN SW MARYLAND PL AND CALIFORNIA WAY SW,0,1,Y,2,3571518,Dry,18,"MOTOR VEHICLE STRUCK PEDALCYCLIST, FRONT END AT ANGLE",,10814,0,2,Injury Collision,,45,Bicycle,Matched,N,1,Clear or Partly Cloudy,0,"(47.59131555300007, -122.38237552699997)",0,0,N,14-291629
47865,172539,172559,Intersection,Cycles,0, ,,0,,07/29/2014 12:00:00 AM +0000,7/29/2014 2:58:00 PM,1,30135,At Intersection (intersection related),Daylight,15TH AVE AND E PINE ST,0,1,,2,3575048,Dry,18,"MOTOR VEHICLE STRUCK PEDALCYCLIST, FRONT END AT ANGLE",,1998,0,2,Injury Collision,,45,Bicycle,Matched,N,1,Clear or Partly Cloudy,0,"(47.61528703600004, -122.31276624799995)",10433,0,N,14-248880
47875,172807,172827,Block,Cycles,89.5,NEI,"Not Enough Information, or Insufficient Location Information",0,,06/30/2014 12:00:00 AM +0000,6/30/2014 5:30:00 PM,2,,,Daylight,25TH AVE E BETWEEN E ROANOKE ST AND DEAD END,0,1,,2,3701573,Dry,00,NOT ENOUGH INFORMATION / NOT APPLICABLE,,3718,0,2,Injury Collision,,45,Bicycle,Matched,N,1,Clear or Partly Cloudy,0,"(47.64339049900008, -122.30021414899994)",0,0,N,14-210838
47903,173126,173146,Intersection,Cycles,0, ,,0,,08/04/2014 12:00:00 AM +0000,8/4/2014 3:10:00 PM,1,32356,At Intersection (intersection related),Daylight,4TH AVE S AND S SPOKANE NR ST,0,1,,2,3581338,Dry,18,"MOTOR VEHICLE STRUCK PEDALCYCLIST, FRONT END AT ANGLE",,6246,1,2b,Serious Injury Collision,,45,Bicycle,Matched,N,1,Clear or Partly Cloudy,0,"(47.57167786600007, -122.32910307599997)",19625,0,N,2014-25799
47918,174094,174114,Intersection,Cycles,0, ,,0,Y,08/19/2014 12:00:00 AM +0000,8/19/2014 11:40:00 PM,1,30410,At Intersection (intersection related),Dark - Street Lights On,12TH AVE AND E YESLER WAY,0,1,Y,2,3701811,Dry,18,"MOTOR VEHICLE STRUCK PEDALCYCLIST, FRONT END AT ANGLE",,1523,0,2,Injury Collision,,45,Bicycle,Matched,N,1,Clear or Partly Cloudy,0,"(47.60169336800004, -122.31678189299998)",10532,0,N,2014-276505
47929,172811,172831,Intersection,Cycles,0, ,,0,,07/17/2014 12:00:00 AM +0000,7/17/2014 8:46:00 AM,1,29863,At Intersection (intersection related),Daylight,MELROSE AVE AND PINE ST,0,1,,2,3702006,Dry,18,"MOTOR VEHICLE STRUCK PEDALCYCLIST, FRONT END AT ANGLE",,11745,0,2,Injury Collision,,45,Bicycle,Matched,N,1,Clear or Partly Cloudy,0,"(47.615238420000026, -122.32790375499997)",10336,0,N,2014-233446
47942,174357,174377,Intersection,Cycles,0, ,,0,,08/27/2014 12:00:00 AM +0000,8/27/2014 5:52:00 PM,1,28531,At Intersection (intersection related),Daylight,MCGILVRA BLVD E AND E MADISON S ST,0,1,,3,2621621,Dry,51,PEDALCYCLIST STRUCK MOTOR VEHICLE FRONT END AT ANGLE,,14052,0,2,Injury Collision,,45,Bicycle,Matched,N,1,Clear or Partly Cloudy,0,"(47.63337181300005, -122.28157849399997)",34300,0,N,14-286198
47965,171960,171980,Block,Cycles,218, ,,0,Y,07/15/2014 12:00:00 AM +0000,7/15/2014 7:40:00 AM,1,,Mid-Block (not related to intersection),Daylight,EASTLAKE AVE E BETWEEN HARVARD AVE E AND FUHRMAN AVE E,0,1,,2,3702004,Dry,69,PEDALCYCLIST OVERTURNED IN ROAD,,10184,0,2,Injury Collision,,45,Bicycle,Matched,N,1,Clear or Partly Cloudy,0,"(47.65104751100006, -122.32168580199999)",6060,0,N,2014-231461
47974,175740,175760,Intersection,Cycles,0, ,,0,,09/24/2014 12:00:00 AM +0000,9/24/2014 12:06:00 PM,1,29504,At Intersection (intersection related),Daylight,DENNY WAY AND FAIRVIEW AVE,0,1,,2,3583515,Wet,18,"MOTOR VEHICLE STRUCK PEDALCYCLIST, FRONT END AT ANGLE",,10019,0,2,Injury Collision,,45,Bicycle,Matched,N,1,Overcast,0,"(47.61851728800008, -122.33425488099999)",0,522949,N,14-319678
48000,172550,172570,Intersection,Cycles,0, ,,0,Y,07/28/2014 12:00:00 AM +0000,7/28/2014 2:58:00 PM,1,31918,At Intersection (intersection related),Daylight,41ST AVE SW AND SW ALASKA ST,0,1,,2,3644938,Dry,51,PEDALCYCLIST STRUCK MOTOR VEHICLE FRONT END AT ANGLE,,6460,0,2,Injury Collision,,45,Bicycle,Matched,N,1,Clear or Partly Cloudy,0,"(47.56106419300005, -122.38413694099995)",41740,0,N,14-247508
48003,173129,173149,Intersection,Cycles,0, ,,0,Y,08/02/2014 12:00:00 AM +0000,8/2/2014 10:34:00 AM,1,23895,At Intersection (intersection related),Daylight,15TH AVE NW AND NW 75TH ST,0,1,,2,3582741,Dry,11,"MOTOR VEHICLE STRUCK MOTOR VEHICLE, FRONT END AT ANGLE",,2116,0,2,Injury Collision,,45,Bicycle,Matched,N,1,Clear or Partly Cloudy,0,"(47.68323791900008, -122.37678003499997)",0,0,N,2014-253969
48004,173128,173148,Intersection,Cycles,0, ,,0,,08/01/2014 12:00:00 AM +0000,8/1/2014 9:14:00 PM,1,29865,At Intersection (intersection related),Dark - Street Lights On,BOREN AVE AND OLIVE WAY,0,1,,2,3581849,Dry,18,"MOTOR VEHICLE STRUCK PEDALCYCLIST, FRONT END AT ANGLE",,9321,0,2,Injury Collision,,45,Bicycle,Matched,N,1,Clear or Partly Cloudy,0,"(47.615449718000036, -122.33072969599999)",24933,0,N,14-253312
48035,172552,172572,Intersection,Cycles,0, ,,0,Y,07/29/2014 12:00:00 AM +0000,7/29/2014 7:21:00 PM,1,28669,At Intersection (intersection related),Dusk,ELLIOTT AVE W AND WESTERN AVE W,0,1,,2,3696505,Dry,00,NOT ENOUGH INFORMATION / NOT APPLICABLE,,10213,1,2b,Serious Injury Collision,,45,Bicycle,Matched,N,1,Clear or Partly Cloudy,0,"(47.62066370800005, -122.36092838499997)",0,0,N,2014-249199
48060,174365,174385,Intersection,Cycles,0, ,,0,,08/26/2014 12:00:00 AM +0000,8/26/2014 7:56:00 AM,0,29863,At Intersection (intersection related),Daylight,MELROSE AVE AND PINE ST,0,1,,2,3642554,Dry,18,"MOTOR VEHICLE STRUCK PEDALCYCLIST, FRONT END AT ANGLE",,11745,0,1,Property Damage Only Collision,,45,Bicycle,Matched,N,1,Clear or Partly Cloudy,0,"(47.615238420000026, -122.32790375499997)",11518,0,N,14-284276
48094,175021,175041,Intersection,Cycles,0, ,,0,,09/10/2014 12:00:00 AM +0000,9/10/2014 7:53:00 AM,1,37430,At Intersection (intersection related),Daylight,DAYTON AVE N AND N 92ND ST,0,1,,2,3608744,Dry,18,"MOTOR VEHICLE STRUCK PEDALCYCLIST, FRONT END AT ANGLE",,9931,0,2,Injury Collision,,45,Bicycle,Matched,N,1,Overcast,0,"(47.696020184000076, -122.35266730799998)",0,0,N,2014-302499
48179,173145,173165,Block,Cycles,425, ,,0,Y,08/01/2014 12:00:00 AM +0000,8/1/2014 2:17:00 PM,1,,Mid-Block (not related to intersection),Daylight,11TH AVE NE BETWEEN NE 56TH ST AND NE RAVENNA EB BV,0,1,Y,2,3646471,Dry,18,"MOTOR VEHICLE STRUCK PEDALCYCLIST, FRONT END AT ANGLE",,1414,0,2,Injury Collision,,45,Bicycle,Matched,N,1,Overcast,0,"(47.67059462900005, -122.31628657099998)",9056,0,N,14-252785
48212,174868,174888,Block,Cycles,127.5, ,,0,,09/02/2014 12:00:00 AM +0000,9/2/2014 11:50:00 AM,1,,Mid-Block (not related to intersection),Daylight,6TH AVE BETWEEN OLIVE WAY AND STEWART ST,0,1,Y,2,3588763,Dry,18,"MOTOR VEHICLE STRUCK PEDALCYCLIST, FRONT END AT ANGLE",,7886,0,2,Injury Collision,,45,Bicycle,Matched,N,1,Clear or Partly Cloudy,0,"(47.61337526800003, -122.33664679399999)",25430,0,N,14-292852
48242,171997,172017,Block,Cycles,112, ,,0,Y,07/15/2014 12:00:00 AM +0000,7/15/2014 8:30:00 AM,0,,Mid-Block (not related to intersection),Daylight,WESTERN AVE W BETWEEN 2ND AVE W AND ELLIOTT ER AVE W,0,1,,2,3700296,Dry,23,"MOTOR VEHICLE STRUCK PEDALCYCLIST, LEFT SIDE SIDESWIPE",,13521,0,1,Property Damage Only Collision,,45,Bicycle,Matched,N,1,Clear or Partly Cloudy,0,"(47.619985977000056, -122.35969870899999)",19126,0,N,2014-231475
48244,175766,175786,Intersection,Cycles,0, ,,0,Y,09/23/2014 12:00:00 AM +0000,9/23/2014 1:41:00 PM,1,29601,At Intersection (intersection related),Daylight,3RD AVE AND UNIVERSITY ST,0,1,,2,3641116,Wet,18,"MOTOR VEHICLE STRUCK PEDALCYCLIST, FRONT END AT ANGLE",,4382,0,2,Injury Collision,,45,Bicycle,Matched,N,1,Raining,0,"(47.60776317700004, -122.33597579399998)",35841,0,N,14-318632
48276,173422,173442,Block,Cycles,81, ,,0,,07/24/2014 12:00:00 AM +0000,7/24/2014 7:30:00 AM,1,,Mid-Block (not related to intersection),Daylight,BROAD ST BETWEEN 3RD AVE AND DENNY WAY,0,1,,2,3705309,Wet,51,PEDALCYCLIST STRUCK MOTOR VEHICLE FRONT END AT ANGLE,,9415,0,2,Injury Collision,,45,Bicycle,Matched,N,1,Overcast,0,"(47.618413849000035, -122.35057261099996)",20163,0,N,14-242016
48289,173151,173171,Block,Cycles,160, ,,0,Y,07/29/2014 12:00:00 AM +0000,7/29/2014 5:21:00 PM,1,,Mid-Block (not related to intersection),Daylight,DEXTER AVE N BETWEEN VALLEY ST AND ALOHA ST,0,1,,2,3696526,Dry,16,"MOTOR VEHICLE STRUCK MOTOR VEHICLE, LEFT SIDE SIDESWIPE",,10079,0,2,Injury Collision,,45,Bicycle,Matched,N,1,Clear or Partly Cloudy,0,"(47.62669856800005, -122.34233050699999)",12729,0,N,14-249055
48311,174383,174403,Intersection,Cycles,0, ,,0,,08/25/2014 12:00:00 AM +0000,8/25/2014 3:30:00 PM,1,33108,At Intersection (intersection related),Daylight,AIRPORT WAY S AND CORSON AVE S,0,1,,3,3699478,Dry,18,"MOTOR VEHICLE STRUCK PEDALCYCLIST, FRONT END AT ANGLE",,8691,0,2,Injury Collision,,45,Bicycle,Matched,N,1,Clear or Partly Cloudy,0,"(47.55208187900007, -122.31975399399994)",0,522394,N,2014-283485
48313,174382,174402,Intersection,Cycles,0, ,,0,,08/25/2014 12:00:00 AM +0000,8/25/2014 3:46:00 PM,1,33108,At Intersection (intersection related),Daylight,AIRPORT WAY S AND CORSON AVE S,0,1,,3,3699431,Dry,24,MOTOR VEHCILE STRUCK PEDESTRIAN,,8691,0,2,Injury Collision,,45,Bicycle,Matched,N,1,Clear or Partly Cloudy,0,"(47.55208187900007, -122.31975399399994)",0,522394,N,14-283511
48332,174126,174146,Intersection,Cycles,0, ,,0,,08/07/2014 12:00:00 AM +0000,8/7/2014 6:14:00 PM,1,26710,At Intersection (intersection related),Daylight,9TH AVE NW AND NW 45TH ST,0,1,,2,3706316,Dry,18,"MOTOR VEHICLE STRUCK PEDALCYCLIST, FRONT END AT ANGLE",,8563,0,2,Injury Collision,,45,Bicycle,Matched,N,1,Clear or Partly Cloudy,0,"(47.66146692900003, -122.36861555399997)",0,630875,N,14-261112
48339,175042,175062,Intersection,Cycles,0, ,,0,,09/10/2014 12:00:00 AM +0000,9/10/2014 5:23:00 PM,1,30732,At Intersection (intersection related),Daylight,22ND AVE AND E YESLER WAY,0,1,,3,3705290,Dry,51,PEDALCYCLIST STRUCK MOTOR VEHICLE FRONT END AT ANGLE,,3220,0,2,Injury Collision,,45,Bicycle,Matched,N,1,Clear or Partly Cloudy,0,"(47.60166927600005, -122.30373893499996)",10042,0,N,2014-303112
48395,173155,173175,Block,Cycles,447, ,,0,,08/01/2014 12:00:00 AM +0000,8/1/2014 3:15:00 AM,1,,Mid-Block (not related to intersection),Dark - Street Lights On,15TH AVE NE BETWEEN NE 104TH ST AND NE 106TH ST,0,1,,1,3695633,Dry,18,"MOTOR VEHICLE STRUCK PEDALCYCLIST, FRONT END AT ANGLE",,2076,1,2b,Serious Injury Collision,,45,Bicycle,Matched,N,0,Clear or Partly Cloudy,0,"(47.70519882600007, -122.31242979499996)",27979,0,N,14-252258
48404,172855,172875,Intersection,Cycles,0, ,,0,,07/25/2014 12:00:00 AM +0000,7/25/2014 7:49:00 PM,1,30428,At Intersection (intersection related),Daylight,BOREN AVE S AND RAINIER AVE S,0,1,,2,3702023,Dry,18,"MOTOR VEHICLE STRUCK PEDALCYCLIST, FRONT END AT ANGLE",,12340,1,2b,Serious Injury Collision,,45,Bicycle,Matched,N,1,Clear or Partly Cloudy,0,"(47.599210087000074, -122.31413725499999)",25279,0,N,2014-244056
48414,172851,172871,Block,Cycles,874.5, ,,0,Y,06/07/2014 12:00:00 AM +0000,6/7/2014 9:34:00 AM,1,,Mid-Block (not related to intersection),Daylight,AURORA AVE N BETWEEN N 117TH PL AND N 125TH ST,0,1,,2,3501813,Dry,51,PEDALCYCLIST STRUCK MOTOR VEHICLE FRONT END AT ANGLE,,8991,0,2,Injury Collision,,45,Bicycle,Matched,N,1,Clear or Partly Cloudy,0,"(47.71717310100007, -122.34489607899997)",0,0,N,2014-180207
48446,174698,174718,Intersection,Cycles,0, ,,0,,09/04/2014 12:00:00 AM +0000,9/4/2014 5:38:00 PM,1,29552,At Intersection (intersection related),Daylight,7TH AVE AND STEWART ST,0,1,Y,2,3641403,Dry,18,"MOTOR VEHICLE STRUCK PEDALCYCLIST, FRONT END AT ANGLE",,8161,0,2,Injury Collision,,45,Bicycle,Matched,N,1,Clear or Partly Cloudy,0,"(47.61428794700004, -122.33615476799997)",37031,0,N,14-295685
48509,172043,172063,Block,Cycles,153, ,,0,Y,07/14/2014 12:00:00 AM +0000,7/14/2014 12:55:00 PM,1,,Mid-Block (not related to intersection),Daylight,WESTERN AVE BETWEEN SPRING ST AND SENECA ST,0,1,,2,3705347,Dry,54,PEDALCYCLIST STRUCK MOTOR VEHICLE REAR END,,13500,0,2,Injury Collision,Y,45,Bicycle,Matched,N,1,Clear or Partly Cloudy,0,"(47.60529909600007, -122.33832642499999)",12911,0,N,2014-229693
48519,172038,172058,Block,Cycles,129, ,,0,,07/14/2014 12:00:00 AM +0000,7/14/2014 4:22:00 PM,1,,Mid-Block (not related to intersection),Daylight,ALKI AVE SW BETWEEN 58TH AVE SW AND MARINE AVE SW,0,1,,2,3644934,Dry,56,PEDALCYCLIST STRUCK MOTOR VEHICLE LEFT SIDE SIDESWIPE,,8794,0,2,Injury Collision,,45,Bicycle,Matched,N,1,Clear or Partly Cloudy,0,"(47.580671239000026, -122.40659696499995)",3626,0,N,2014-229951
48537,175781,175801,Intersection,Cycles,0, ,,0,,09/22/2014 12:00:00 AM +0000,9/22/2014 8:31:00 AM,0,27153,At Intersection (intersection related),Daylight,EASTLAKE AVE E AND FUHRMAN AVE E,0,1,,2,3642766,Wet,51,PEDALCYCLIST STRUCK MOTOR VEHICLE FRONT END AT ANGLE,,10579,0,1,Property Damage Only Collision,,45,Bicycle,Matched,N,1,Raining,0,"(47.65157827200005, -122.32127525699997)",6078,0,N,2014-317085
48597,174394,174414,Intersection,Cycles,0, ,,0,Y,08/24/2014 12:00:00 AM +0000,8/24/2014 1:53:00 PM,1,29968,At Intersection (intersection related),Daylight,2ND AVE AND MARION ST,0,1,Y,2,3705093,Dry,18,"MOTOR VEHICLE STRUCK PEDALCYCLIST, FRONT END AT ANGLE",,2752,0,2,Injury Collision,,45,Bicycle,Matched,N,1,Clear or Partly Cloudy,0,"(47.60444646500008, -122.33447723499995)",12103,0,N,14-282233
48635,175340,175360,Block,Cycles,328.5, ,,0,,09/05/2014 12:00:00 AM +0000,9/5/2014 5:30:00 PM,1,,Mid-Block (not related to intersection),Daylight,3RD AVE NW BETWEEN NW 62ND ST AND NW 65TH ST,0,1,,4,3576638,Dry,18,"MOTOR VEHICLE STRUCK PEDALCYCLIST, FRONT END AT ANGLE",,4460,0,2,Injury Collision,,45,Bicycle,Matched,N,1,Clear or Partly Cloudy,0,"(47.67510648900003, -122.36077430199998)",33534,0,N,14-298160
48666,172605,172625,Block,Cycles,129, ,,0,Y,07/25/2014 12:00:00 AM +0000,7/25/2014 3:30:00 PM,1,,Mid-Block (not related to intersection),Daylight,6TH AVE S BETWEEN S DEARBORN ST AND SEATTLE W BLVD S,0,1,,2,3599491,Dry,56,PEDALCYCLIST STRUCK MOTOR VEHICLE LEFT SIDE SIDESWIPE,,7987,0,2,Injury Collision,,45,Bicycle,Matched,N,1,Clear or Partly Cloudy,0,"(47.59548532000008, -122.32637522499999)",5797,0,N,14-243722
48673,172345,172365,Intersection,Cycles,0, ,,0,,07/16/2014 12:00:00 AM +0000,7/16/2014 10:54:00 PM,1,27281,At Intersection (intersection related),Dark - Street Lights On,MERIDIAN AVE N AND N NORTHLAKE WAY,0,1,,2,3695437,Dry,18,"MOTOR VEHICLE STRUCK PEDALCYCLIST, FRONT END AT ANGLE",,11780,0,2,Injury Collision,,45,Bicycle,Matched,N,1,Clear or Partly Cloudy,0,"(47.64686731000006, -122.33392663499995)",0,630857,N,2014-233089