OBJECTID,INCKEY,COLDETKEY,ADDRTYPE,COLLISIONTYPE,DISTANCE,EXCEPTRSNCODE,EXCEPTRSNDESC,FATALITIES,INATTENTIONIND,INCDATE,INCDTTM,INJURIES,INTKEY,JUNCTIONTYPE,LIGHTCOND,LOCATION,PEDCOUNT,PEDCYLCOUNT,PEDROWNOTGRNT,PERSONCOUNT,REPORTNO,ROADCOND,SDOT_COLCODE,SDOT_COLDESC,SDOTCOLNUM,SEGKEY,SERIOUSINJURIES,SEVERITYCODE,SEVERITYDESC,SPEEDING,ST_COLCODE,ST_COLDESC,STATUS,UNDERINFL,VEHCOUNT,WEATHER,WIDTH,Shape,SEGLANEKEY,CROSSWALKKEY,HITPARKEDCAR,SPDCASENO
48725,177597,177617,Intersection,Cycles,0, ,,0,Y,10/15/2014 12:00:00 AM +0000,10/15/2014 10:37:00 AM,1,27093,At Intersection (intersection related),Daylight,ROOSEVELT WAY NE AND NE 42ND S ST,0,1,Y,2,3503337,Dry,51,PEDALCYCLIST STRUCK MOTOR VEHICLE FRONT END AT ANGLE,,12595,0,2,Injury Collision,,45,Bicycle,Matched,N,1,Clear or Partly Cloudy,0,"(47.65751422500006, -122.31780212899997)",8985,0,N,14-345099
48823,176753,176773,Block,Cycles,213, ,,0,,10/06/2014 12:00:00 AM +0000,10/6/2014 7:30:00 AM,1,,Driveway Junction,Daylight,2ND AVE BETWEEN UNION ST AND PIKE ST,0,1,,2,3584148,Dry,18,"MOTOR VEHICLE STRUCK PEDALCYCLIST, FRONT END AT ANGLE",,2757,0,2,Injury Collision,,45,Bicycle,Matched,N,1,Clear or Partly Cloudy,0,"(47.60878749200003, -122.33844845799996)",42160,0,N,14-334146
48862,178384,178404,Block,Cycles,160.5, ,,0,,10/29/2014 12:00:00 AM +0000,10/29/2014 7:25:00 AM,1,,Mid-Block (not related to intersection),Daylight,S JACKSON ST BETWEEN 4TH AVE S AND 5TH AVE S,0,1,,2,3588649,Wet,18,"MOTOR VEHICLE STRUCK PEDALCYCLIST, FRONT END AT ANGLE",,20487,1,2b,Serious Injury Collision,,45,Bicycle,Matched,N,1,Overcast,0,"(47.59919591100004, -122.32831927399997)",4880,0,N,14-361852
48864,178382,178402,Block,Cycles,298.5, ,,0,,10/28/2014 12:00:00 AM +0000,10/28/2014 3:34:00 PM,1,,Driveway Junction,Daylight,EASTLAKE AVE E BETWEEN FAIRVIEW AVE N AND E GARFIELD ST,0,1,Y,2,3588647,Wet,18,"MOTOR VEHICLE STRUCK PEDALCYCLIST, FRONT END AT ANGLE",,10171,0,2,Injury Collision,,45,Bicycle,Matched,N,1,Overcast,0,"(47.63305620800003, -122.32582946499997)",25391,0,N,14-361198
48893,179163,179203,Block,Cycles,210, ,,0,Y,11/06/2014 12:00:00 AM +0000,11/6/2014 7:08:00 PM,1,,Mid-Block (not related to intersection),Unknown,SUMMIT AVE E BETWEEN E HARRISON ST AND E REPUBLICAN ST,0,1,,2,3642965,Unknown,51,PEDALCYCLIST STRUCK MOTOR VEHICLE FRONT END AT ANGLE,,12995,0,2,Injury Collision,,45,Bicycle,Matched,N,1,Unknown,0,"(47.622560485000065, -122.32530890499999)",0,0,N,2014-372436
48956,176960,176980,Intersection,Cycles,0, ,,0,,10/04/2014 12:00:00 AM +0000,10/4/2014 4:50:00 PM,0,35575,At Intersection (intersection related),Daylight,53RD AVE S AND LAKE WASHINGTON BLVD S,0,1,,2,3693751,Dry,21,"MOTOR VEHICLE STRUCK PEDALCYCLIST, REAR END",,7623,0,1,Property Damage Only Collision,,45,Bicycle,Matched,N,1,Clear or Partly Cloudy,0,"(47.56159252400005, -122.266947115)",38134,0,N,14-332408
48960,176958,176978,Intersection,Cycles,0, ,,0,,10/06/2014 12:00:00 AM +0000,10/6/2014 4:41:00 PM,1,33303,At Intersection (intersection related),Daylight,24TH AVE S AND S COLUMBIAN WAY,0,1,,2,3693637,Dry,51,PEDALCYCLIST STRUCK MOTOR VEHICLE FRONT END AT ANGLE,,3645,0,2,Injury Collision,,45,Bicycle,Matched,N,1,Clear or Partly Cloudy,0,"(47.55983480500004, -122.30311153799994)",8636,0,N,2014-334735
48963,176530,176550,Block,Cycles,328.5, ,,0,Y,09/23/2014 12:00:00 AM +0000,9/23/2014 10:14:00 PM,1,,Mid-Block (not related to intersection),Dark - Street Lights On,CALIFORNIA AVE SW BETWEEN SW COLLEGE ST AND SW ADMIRAL WAY,0,1,,2,3386346,Wet,56,PEDALCYCLIST STRUCK MOTOR VEHICLE LEFT SIDE SIDESWIPE,,9539,0,2,Injury Collision,,45,Bicycle,Matched,N,1,Raining,0,"(47.58209667400007, -122.38651233599995)",32696,0,N,2014-319178
48997,178063,178083,Block,Cycles,161, ,,0,Y,10/27/2014 12:00:00 AM +0000,10/27/2014 10:06:00 AM,1,,Mid-Block (not related to intersection),Daylight,PIKE ST BETWEEN 5TH AVE AND 6TH AVE,0,1,,2,3696182,Dry,11,"MOTOR VEHICLE STRUCK MOTOR VEHICLE, FRONT END AT ANGLE",,12201,0,2,Injury Collision,,45,Bicycle,Matched,N,1,Clear or Partly Cloudy,0,"(47.610908289000065, -122.33501959699998)",21851,0,N,2014-359558
49046,179513,179573,Intersection,Cycles,0, ,,0,,10/30/2014 12:00:00 AM +0000,10/30/2014 9:42:00 AM,1,27190,At Intersection (intersection related),Daylight,BAGLEY AVE N AND N 44TH ST,0,1,,2,3609361,Wet,18,"MOTOR VEHICLE STRUCK PEDALCYCLIST, FRONT END AT ANGLE",,9019,0,2,Injury Collision,,45,Bicycle,Matched,N,1,Raining,0,"(47.66029141300004, -122.332563817)",0,0,N,14-363269
49078,176787,176807,Block,Cycles,39.5, ,,0,Y,10/04/2014 12:00:00 AM +0000,10/4/2014 10:22:00 AM,0,,Mid-Block (but intersection related),Daylight,SW CAMBRIDGE ST BETWEEN 17TH AVE SW AND DELRIDGE WAY SW,0,1,,2,2896188,Dry,18,"MOTOR VEHICLE STRUCK PEDALCYCLIST, FRONT END AT ANGLE",,21922,0,1,Property Damage Only Collision,,45,Bicycle,Matched,N,1,Clear or Partly Cloudy,0,"(47.51919636100007, -122.35664862599998)",0,0,N,14-332061
49128,177399,177419,Block,Cycles,641.5, ,,0,Y,10/13/2014 12:00:00 AM +0000,10/13/2014 2:55:00 PM,1,,Driveway Junction,Daylight,4TH AVE S BETWEEN COSTCO DR AND 4TH AV S VI,0,1,,3,3642830,Dry,18,"MOTOR VEHICLE STRUCK PEDALCYCLIST, FRONT END AT ANGLE",,163834,0,2,Injury Collision,,45,Bicycle,Matched,N,1,Clear or Partly Cloudy,0,,0,0,N,2014-342903
49141,176984,177004,Block,Cycles,121.5,NEI,"Not Enough Information, or Insufficient Location Information",0,Y,10/01/2014 12:00:00 AM +0000,10/1/2014 8:20:00 AM,1,,Mid-Block (not related to intersection),Daylight,8TH AVE NW BETWEEN NW 44TH ST AND NW 45TH ST,0,1,,2,3586245,Dry,18,"MOTOR VEHICLE STRUCK PEDALCYCLIST, FRONT END AT ANGLE",,8373,0,2,Injury Collision,,45,Bicycle,Matched,N,1,Clear or Partly Cloudy,0,"(47.661127168000064, -122.36616500699995)",2291,0,N,2014-328044
49207,176151,176171,Intersection,Cycles,0, ,,0,,09/27/2014 12:00:00 AM +0000,9/27/2014 2:05:00 PM,1,29577,At Intersection (intersection related),Daylight,5TH AVE AND PINE ST,0,1,,2,3584116,Dry,18,"MOTOR VEHICLE STRUCK PEDALCYCLIST, FRONT END AT ANGLE",,7239,0,2,Injury Collision,,45,Bicycle,Matched,N,1,Clear or Partly Cloudy,0,"(47.61167201000006, -122.33648396599995)",21832,0,N,2014-323622
49329,177038,177058,Intersection,Cycles,0, ,,0,,10/10/2014 12:00:00 AM +0000,10/10/2014 8:06:00 PM,2,23872,At Intersection (intersection related),Dark - Street Lights On,24TH AVE NW AND NW 80TH ST,0,2,Y,3,3577045,Dry,18,"MOTOR VEHICLE STRUCK PEDALCYCLIST, FRONT END AT ANGLE",,3606,0,2,Injury Collision,,45,Bicycle,Matched,N,1,Overcast,0,"(47.68680276500004, -122.38759276999997)",0,520932,N,14-339772
49434,179583,179643,Intersection,Cycles,0, ,,0,,11/07/2014 12:00:00 AM +0000,11/7/2014 8:00:00 AM,1,28725,At Intersection (intersection related),Daylight,HIGHLAND DR AND WESTLAKE AVE N,0,1,,2,3696670,Dry,51,PEDALCYCLIST STRUCK MOTOR VEHICLE FRONT END AT ANGLE,,13541,0,2,Injury Collision,,45,Bicycle,Matched,N,1,Clear or Partly Cloudy,0,"(47.62971165700003, -122.34100743599998)",0,574129,N,14-372915
49453,179208,179248,Block,Cycles,276, ,,0,,11/06/2014 12:00:00 AM +0000,11/6/2014 2:13:00 PM,1,,Mid-Block (not related to intersection),Daylight,S FRONT ST BETWEEN 5TH AVE S AND 6TH AVE S,0,1,,3,3693983,Wet,14,"MOTOR VEHICLE STRUCK MOTOR VEHICLE, REAR END",,20065,0,2,Injury Collision,,45,Bicycle,Matched,N,1,Raining,0,"(47.54804935000004, -122.32727000599999)",0,0,N,14-372019
49460,175852,175872,Intersection,Cycles,0, ,,0,,09/23/2014 12:00:00 AM +0000,9/23/2014 5:46:00 PM,1,25482,At Intersection (intersection related),Daylight,KENWOOD PL N AND EAST GREEN LAKE WAY N,0,1,Y,2,3703270,Wet,18,"MOTOR VEHICLE STRUCK PEDALCYCLIST, FRONT END AT ANGLE",,14074,0,2,Injury Collision,,45,Bicycle,Matched,N,1,Raining,0,"(47.672184092000066, -122.33762007199999)",0,524207,N,14-318948
49475,176583,176603,Block,Cycles,153, ,,0,,08/03/2014 12:00:00 AM +0000,8/3/2014 11:31:00 AM,1,,Mid-Block (not related to intersection),Daylight,3RD AVE BETWEEN WALL ST AND VINE ST,0,1,,0,E346362,Dry,21,"MOTOR VEHICLE STRUCK PEDALCYCLIST, REAR END",,4392,0,2,Injury Collision,,45,Bicycle,Matched,N,1,Clear or Partly Cloudy,0,"(47.61630150600007, -122.34749461599995)",35635,0,N,140256825
49491,176363,176383,Block,Cycles,211.5, ,,0,Y,10/01/2014 12:00:00 AM +0000,10/1/2014 4:30:00 PM,1,,Mid-Block (not related to intersection),Daylight,FAIRVIEW AVE N BETWEEN THOMAS ST AND HARRISON ST,0,1,,2,3591031,Dry,51,PEDALCYCLIST STRUCK MOTOR VEHICLE FRONT END AT ANGLE,,10347,0,2,Injury Collision,,45,Bicycle,Matched,N,1,Clear or Partly Cloudy,0,"(47.621418160000076, -122.33427101199999)",25099,0,N,14-328867
49492,177253,177273,Intersection,Cycles,0, ,,0,Y,10/09/2014 12:00:00 AM +0000,10/9/2014 8:06:00 PM,1,29653,At Intersection (intersection related),Dark - Street Lights On,5TH AVE AND DENNY WAY,0,1,,5,3696242,Dry,51,PEDALCYCLIST STRUCK MOTOR VEHICLE FRONT END AT ANGLE,,7250,0,2,Injury Collision,,45,Bicycle,Matched,N,1,Clear or Partly Cloudy,0,"(47.61857115500004, -122.34762113899995)",41816,0,N,14-338522
49503,177069,177089,Intersection,Cycles,0, ,,0,Y,10/12/2014 12:00:00 AM +0000,10/12/2014 12:06:00 PM,1,25415,At Intersection (intersection related),Daylight,15TH AVE NW AND NW 56TH ST,0,1,,3,3588829,Dry,18,"MOTOR VEHICLE STRUCK PEDALCYCLIST, FRONT END AT ANGLE",,2103,0,2,Injury Collision,,45,Bicycle,Matched,N,1,Clear or Partly Cloudy,0,"(47.66944247300006, -122.37621377399995)",0,0,N,14-341593
49536,178686,178726,Intersection,Cycles,0, ,,0,,11/01/2014 12:00:00 AM +0000,11/1/2014 6:33:00 PM,1,24149,At Intersection (intersection related),Dark - Street Lights On,MARY AVE NW AND NW 77TH ST,0,1,,4,3572722,Dry,18,"MOTOR VEHICLE STRUCK PEDALCYCLIST, FRONT END AT ANGLE",,11682,0,2,Injury Collision,,45,Bicycle,Matched,N,1,Clear or Partly Cloudy,0,"(47.68506369800008, -122.37544780399998)",0,0,N,2014-366379
49584,175883,175903,Block,Cycles,40.5, ,,0,,09/17/2014 12:00:00 AM +0000,9/17/2014 7:40:00 AM,2,,Mid-Block (not related to intersection),,7TH AVE BETWEEN DEXTER AVE AND BATTERY ST,0,2,,2,3705095,,58,PEDALCYCLIST STRUCK PEDALCYCLIST FRONT END AT ANGLE,,166563,0,2,Injury Collision,,45,Bicycle,Matched,N,0,,0,"(47.61805889200008, -122.34253044599996)",13733,0,N,2014-311317
49622,177076,177096,Intersection,Cycles,0, ,,0,,10/10/2014 12:00:00 AM +0000,10/10/2014 5:33:00 PM,1,29839,At Intersection (intersection related),Daylight,12TH AVE AND E SPRUCE ST,0,1,,2,3642931,Dry,18,"MOTOR VEHICLE STRUCK PEDALCYCLIST, FRONT END AT ANGLE",,1525,0,2,Injury Collision,,45,Bicycle,Matched,N,1,Clear or Partly Cloudy,0,"(47.60351416000003, -122.31678152399996)",10576,0,N,2014-339620
49631,176204,176224,Block,Cycles,113, ,,0,,09/03/2014 12:00:00 AM +0000,9/3/2014 5:30:00 PM,1,,Mid-Block (not related to intersection),Daylight,UNIVERSITY WAY NE BETWEEN NE CAMPUS WB PY AND NE 41ST ST,0,1,,2,3706342,Dry,51,PEDALCYCLIST STRUCK MOTOR VEHICLE FRONT END AT ANGLE,,13218,0,2,Injury Collision,,45,Bicycle,Matched,N,1,Clear or Partly Cloudy,0,"(47.65652344700004, -122.31325415999999)",5673,0,N,14-294485
49723,176620,176640,Block,Cycles,245.5, ,,0,Y,09/23/2014 12:00:00 AM +0000,9/23/2014 7:56:00 AM,1,,Mid-Block (not related to intersection),Daylight,DEXTER AVE N BETWEEN WHEELER ST AND HALLADAY ST,0,1,,2,3591001,Dry,51,PEDALCYCLIST STRUCK MOTOR VEHICLE FRONT END AT ANGLE,,10093,0,2,Injury Collision,,45,Bicycle,Matched,N,1,Overcast,0,"(47.64157769800005, -122.34467325099996)",13853,0,N,14-318230
49782,178221,178241,Block,Cycles,92, ,,0,Y,10/26/2014 12:00:00 AM +0000,10/26/2014 3:15:00 PM,1,,Mid-Block (not related to intersection),Daylight,NE 65TH ST BETWEEN 21ST E AVE NE AND 22ND AVE NE,0,1,,2,3575337,Wet,18,"MOTOR VEHICLE STRUCK PEDALCYCLIST, FRONT END AT ANGLE",,17273,0,2,Injury Collision,,45,Bicycle,Matched,N,1,Clear or Partly Cloudy,0,"(47.67577700000004, -122.30479451399998)",29728,0,N,14-358805
49808,178515,178555,Block,Cycles,270.5, ,,0,Y,10/14/2014 12:00:00 AM +0000,10/14/2014 3:07:00 PM,1,,Mid-Block (not related to intersection),Daylight,15TH AVE NE BETWEEN NE 41ST ST AND NE 42ND ST,0,1,,2,3706271,Dry,14,"MOTOR VEHICLE STRUCK MOTOR VEHICLE, REAR END",,2032,0,2,Injury Collision,,45,Bicycle,Matched,N,1,Overcast,0,"(47.657559098000036, -122.31209078899997)",21309,0,N,14-344161
49830,176219,176239,Intersection,Cycles,0, ,,0,Y,09/30/2014 12:00:00 AM +0000,9/30/2014 7:27:00 PM,0,30114,At Intersection (intersection related),Dark - Street Lights On,20TH AVE AND E MADISON ST,0,1,,2,3642884,,11,"MOTOR VEHICLE STRUCK MOTOR VEHICLE, FRONT END AT ANGLE",,2942,0,1,Property Damage Only Collision,,45,Bicycle,Matched,N,1,Clear or Partly Cloudy,0,"(47.61726331600005, -122.30613644099998)",23081,0,N,2014-327525
49838,176217,176237,Intersection,Cycles,0, ,,0,,09/30/2014 12:00:00 AM +0000,9/30/2014 2:05:00 PM,0,28889,At Intersection (intersection related),Daylight,ROY ST AND TAYLOR AVE N,0,1,,2,3591009,Dry,51,PEDALCYCLIST STRUCK MOTOR VEHICLE FRONT END AT ANGLE,,12687,0,1,Property Damage Only Collision,,45,Bicycle,Matched,N,1,Clear or Partly Cloudy,0,"(47.62541810300007, -122.34625917399995)",11276,0,N,14-327144
49857,178725,178766,Block,Cycles,161, ,,0,,10/11/2014 12:00:00 AM +0000,10/11/2014 11:26:00 AM,1,,Mid-Block (not related to intersection),Daylight,MERCER NR ST BETWEEN WESTLAKE AVE N AND TERRY AVE N,0,1,,2,3705316,Dry,18,"MOTOR VEHICLE STRUCK PEDALCYCLIST, FRONT END AT ANGLE",,589800,0,2,Injury Collision,,45,Bicycle,Matched,N,1,Clear or Partly Cloudy,0,"(47.62469047500008, -122.33778440699996)",24589,0,N,14-340439
49864,176857,176877,Block,Cycles,213, ,,0,,10/08/2014 12:00:00 AM +0000,10/8/2014 8:10:00 AM,1,,Driveway Junction,Daylight,2ND AVE BETWEEN UNION ST AND PIKE ST,0,1,Y,2,3696240,Dry,18,"MOTOR VEHICLE STRUCK PEDALCYCLIST, FRONT END AT ANGLE",,2757,0,2,Injury Collision,,45,Bicycle,Matched,N,1,Clear or Partly Cloudy,0,"(47.60878749200003, -122.33844845799996)",42160,0,N,2014-336528
49873,176854,176874,Block,Cycles,166.5, ,,0,,10/02/2014 12:00:00 AM +0000,10/2/2014 8:29:00 AM,1,,Mid-Block (not related to intersection),Daylight,SW THISTLE ST BETWEEN 26TH AVE SW AND 27TH AVE SW,0,1,,3,3644525,Dry,51,PEDALCYCLIST STRUCK MOTOR VEHICLE FRONT END AT ANGLE,,22891,0,2,Injury Collision,,45,Bicycle,Matched,N,1,Clear or Partly Cloudy,0,"(47.528280755000026, -122.36652818899995)",4346,0,N,14-329276
49946,179020,179060,Block,Cycles,453, ,,0,Y,11/04/2014 12:00:00 AM +0000,11/4/2014 7:53:00 AM,1,,Mid-Block (not related to intersection),Daylight,HARVARD AVE E BETWEEN LAKEVIEW BLVD E AND E BOSTON ST,0,1,,2,3642290,Wet,18,"MOTOR VEHICLE STRUCK PEDALCYCLIST, FRONT END AT ANGLE",,10854,0,2,Injury Collision,,45,Bicycle,Matched,N,1,Raining,0,"(47.63714221200007, -122.32241106099997)",8271,0,N,14-369133
49947,179620,179680,Block,Cycles,153.5, ,,0,,11/20/2014 12:00:00 AM +0000,11/20/2014 8:40:00 AM,0,,Driveway Junction,Daylight,DENNY WAY BETWEEN 6TH AVE AND AURORA SB AVE N,0,1,Y,2,3585140,Wet,18,"MOTOR VEHICLE STRUCK PEDALCYCLIST, FRONT END AT ANGLE",,10008,0,1,Property Damage Only Collision,,45,Bicycle,Matched,N,1,Overcast,0,"(47.61855815700005, -122.34438586999994)",0,0,N,14-388245
49948,179019,179059,Block,Cycles,254.5, ,,0,,11/05/2014 12:00:00 AM +0000,11/5/2014 9:15:00 AM,1,,Mid-Block (not related to intersection),Daylight,LAKEVIEW BLVD E BETWEEN E GARFIELD ST AND HARVARD AVE E,0,1,,4,3606321,Dry,18,"MOTOR VEHICLE STRUCK PEDALCYCLIST, FRONT END AT ANGLE",,11281,0,2,Injury Collision,,45,Bicycle,Matched,N,1,Overcast,0,"(47.63520625500007, -122.32239428099996)",8269,0,N,14-370492
49957,178527,178567,Intersection,Cycles,0, ,,0,Y,10/01/2014 12:00:00 AM +0000,10/1/2014 6:51:00 PM,1,34911,At Intersection (intersection related),Dusk,17TH AVE SW AND SW ROXBURY ST,0,1,Y,2,2546098,Dry,24,MOTOR VEHCILE STRUCK PEDESTRIAN,,22763,0,2,Injury Collision,,45,Bicycle,Matched,N,1,Clear or Partly Cloudy,0,"(47.51736130100005, -122.35651080599996)",0,520767,N,14-262544
50021,178545,178585,Block,Cycles,332.5, ,,0,,10/31/2014 12:00:00 AM +0000,10/31/2014 5:24:00 PM,1,,Mid-Block (but intersection related),Daylight,1ST AVE S BETWEEN S KING ST AND RAILROAD N WAY S,0,1,,2,3590608,Dry,51,PEDALCYCLIST STRUCK MOTOR VEHICLE FRONT END AT ANGLE,,1189,0,2,Injury Collision,,45,Bicycle,Matched,N,1,Clear or Partly Cloudy,0,"(47.59738155900004, -122.33419171799994)",0,521026,N,14-365053
50062,178247,178267,Block,Cycles,1142, ,,0,,10/15/2014 12:00:00 AM +0000,10/15/2014 6:58:00 AM,1,,Mid-Block (not related to intersection),Daylight,EAST MARGINAL WAY S BETWEEN S STACY ST AND S HANFORD ST,0,1,,1,3583536,Wet,18,"MOTOR VEHICLE STRUCK PEDALCYCLIST, FRONT END AT ANGLE",,14384,1,2b,Serious Injury Collision,,45,Bicycle,Matched,N,0,Raining,0,"(47.57871214800008, -122.33998271099995)",4708,0,N,14-344885
50066,178548,178588,Block,Cycles,467, ,,0,,10/31/2014 12:00:00 AM +0000,10/31/2014 9:48:00 AM,1,,Mid-Block (but intersection related),Daylight,12TH AVE S BETWEEN XW S LANE ST AND GOLF DR S,0,1,,2,3606367,Wet,54,PEDALCYCLIST STRUCK MOTOR VEHICLE REAR END,,1656,0,2,Injury Collision,,45,Bicycle,Matched,N,1,Raining,0,"(47.59540739500005, -122.31726196999995)",16241,0,N,2014-364550
50107,178751,178792,Intersection,Cycles,0, ,,0,,10/31/2014 12:00:00 AM +0000,10/31/2014 7:40:00 PM,1,24331,At Intersection (intersection related),Dark - Street Lights On,LINDEN AVE N AND N 71ST ST,0,1,,2,3579824,Wet,51,PEDALCYCLIST STRUCK MOTOR VEHICLE FRONT END AT ANGLE,,11416,0,2,Injury Collision,,45,Bicycle,Matched,N,1,Raining,0,"(47.680307018000065, -122.34727118499995)",10138,0,N,14-364170
50125,176886,176906,Block,Cycles,132, ,,0,,10/02/2014 12:00:00 AM +0000,10/2/2014 3:43:00 PM,1,,Driveway Junction,Daylight,AURORA AVE N BETWEEN N 85TH ST AND N 86TH ST,0,1,Y,2,3591813,Dry,18,"MOTOR VEHICLE STRUCK PEDALCYCLIST, FRONT END AT ANGLE",,8963,0,2,Injury Collision,,45,Bicycle,Matched,N,1,Clear or Partly Cloudy,0,"(47.69092351900008, -122.34452620899998)",0,0,N,2014-329805
50267,176457,176477,Intersection,Cycles,0, ,,0,,07/29/2014 12:00:00 AM +0000,7/29/2014 7:41:00 PM,1,35813,At Intersection (intersection related),Daylight,LINDEN AVE N AND N 135TH ST,0,1,Y,2,3695601,Dry,11,"MOTOR VEHICLE STRUCK MOTOR VEHICLE, FRONT END AT ANGLE",,11455,0,2,Injury Collision,,45,Bicycle,Matched,N,1,Clear or Partly Cloudy,0,"(47.726861271000075, -122.34771350799997)",40851,0,N,2014-249227
50320,178297,178317,Intersection,Cycles,0, ,,0,Y,10/27/2014 12:00:00 AM +0000,10/27/2014 6:20:00 AM,1,30453,At Intersection (intersection related),Dark - Street Lights On,GOLF DR S AND S CHARLES ST,0,1,,2,3581104,Unknown,18,"MOTOR VEHICLE STRUCK PEDALCYCLIST, FRONT END AT ANGLE",,10668,0,2,Injury Collision,,45,Bicycle,Matched,N,1,Overcast,0,"(47.594281684000066, -122.31657709199999)",14097,0,N,14-359381
50327,178284,178304,Intersection,Cycles,0, ,,0,,10/24/2014 12:00:00 AM +0000,10/24/2014 6:38:00 PM,1,25793,At Intersection (intersection related),Dark - Street Lights On,UNIVERSITY WAY NE AND NE 50TH ST,0,1,Y,2,3575551,Dry,18,"MOTOR VEHICLE STRUCK PEDALCYCLIST, FRONT END AT ANGLE",,13224,0,2,Injury Collision,,45,Bicycle,Matched,N,1,Overcast,0,"(47.66490072400006, -122.31307415999999)",21411,0,N,14-356496
50362,179047,179087,Intersection,Cycles,0, ,,0,Y,11/06/2014 12:00:00 AM +0000,11/6/2014 12:57:00 PM,1,36586,At Intersection (intersection related),Daylight,1ST AVE NE AND NE NORTHGATE WAY,0,1,,2,3586985,Wet,18,"MOTOR VEHICLE STRUCK PEDALCYCLIST, FRONT END AT ANGLE",,1099,0,2,Injury Collision,,45,Bicycle,Matched,N,1,Overcast,0,"(47.708628720000036, -122.328634266)",0,521147,N,2014-371950
50456,178601,178641,Intersection,Cycles,0, ,,0,,10/15/2014 12:00:00 AM +0000,10/15/2014 4:19:00 PM,1,33620,At Intersection (intersection related),Daylight,M L KING JR WR WAY S AND S ORCAS ST,0,1,,2,3642837,Dry,18,"MOTOR VEHICLE STRUCK PEDALCYCLIST, FRONT END AT ANGLE",,485859,0,2,Injury Collision,,45,Bicycle,Matched,N,1,Overcast,0,"(47.551230271000065, -122.28809573499996)",20856,0,N,14-345530
50459,178310,178330,Intersection,Cycles,0, ,,0,,10/29/2014 12:00:00 AM +0000,10/29/2014 7:00:00 AM,1,27114,At Intersection (intersection related),Dawn,7TH AVE NE AND NE 40TH ST,0,1,,2,3642821,Wet,18,"MOTOR VEHICLE STRUCK PEDALCYCLIST, FRONT END AT ANGLE",,8170,0,2,Injury Collision,,45,Bicycle,Matched,N,1,Unknown,0,"(47.655893253000045, -122.32085414499994)",0,524351,N,2014-361877
50547,176260,176280,Block,Cycles,154.5, ,,0,,08/02/2014 12:00:00 AM +0000,8/2/2014 8:57:00 AM,1,,Mid-Block (not related to intersection),Daylight,ALASKAN WAY BETWEEN WALL ST AND VINE ST,0,1,Y,2,2599444,Wet,18,"MOTOR VEHICLE STRUCK PEDALCYCLIST, FRONT END AT ANGLE",,8731,0,2,Injury Collision,,45,Bicycle,Matched,N,1,Clear or Partly Cloudy,0,"(47.613073246000056, -122.35167784699996)",20821,0,N,14-033234
50567,177817,177837,Intersection,Cycles,0, ,,0,,10/22/2014 12:00:00 AM +0000,10/22/2014 5:16:00 PM,1,24351,At Intersection (intersection related),Dusk,PHINNEY AVE N AND N 67TH S ST,0,1,Y,3,3575329,Wet,18,"MOTOR VEHICLE STRUCK PEDALCYCLIST, FRONT END AT ANGLE",,12161,0,2,Injury Collision,,45,Bicycle,Matched,N,1,Raining,0,"(47.677668261000065, -122.35467757899994)",4288,0,N,14-354033
50627,179677,179737,Block,Cycles,221.5, ,,0,,11/05/2014 12:00:00 AM +0000,11/5/2014 6:30:00 PM,1,,Mid-Block (not related to intersection),Dusk,QUEEN ANNE AVE N BETWEEN BOSTON ST AND MCGRAW ST,0,1,,2,3591137,Wet,18,"MOTOR VEHICLE STRUCK PEDALCYCLIST, FRONT END AT ANGLE",,12314,0,2,Injury Collision,,45,Bicycle,Matched,N,1,Raining,0,"(47.63898781200004, -122.35691931799994)",10905,0,N,2014-379084
50633,175943,175963,Block,Cycles,326.5, ,,0,,09/25/2014 12:00:00 AM +0000,9/25/2014 9:00:00 AM,0,,Driveway Junction,Daylight,BROOKLYN AVE NE BETWEEN NE BOAT ST AND NE PACIFIC ST,0,1,,2,3695998,Wet,18,"MOTOR VEHICLE STRUCK PEDALCYCLIST, FRONT END AT ANGLE",,9474,0,1,Property Damage Only Collision,,45,Bicycle,Matched,N,1,Raining,0,"(47.652702530000056, -122.31451186799995)",10739,0,N,14-320666
50640,179380,179440,Intersection,Cycles,0, ,,0,,11/13/2014 12:00:00 AM +0000,11/13/2014 9:25:00 AM,1,37406,At Intersection (intersection related),Daylight,LINDEN AVE N AND N 100TH ST,0,1,,2,3575309,Dry,18,"MOTOR VEHICLE STRUCK PEDALCYCLIST, FRONT END AT ANGLE",,11444,0,2,Injury Collision,,45,Bicycle,Matched,N,1,Clear or Partly Cloudy,0,"(47.701437859000066, -122.34734430499998)",0,0,N,2014-380201
50682,176930,176950,Intersection,Cycles,0, ,,0,Y,10/06/2014 12:00:00 AM +0000,10/6/2014 9:47:00 AM,1,24431,At Intersection (intersection related),Daylight,ROOSEVELT WAY NE AND NE 75TH ST,0,1,,2,3591792,Dry,18,"MOTOR VEHICLE STRUCK PEDALCYCLIST, FRONT END AT ANGLE",,12626,0,2,Injury Collision,,45,Bicycle,Matched,N,1,Clear or Partly Cloudy,0,"(47.68311118200006, -122.317489508)",0,522365,N,2014-334258
50684,176929,176949,Intersection,Cycles,0, ,,0,,10/02/2014 12:00:00 AM +0000,10/2/2014 7:11:00 PM,1,24242,At Intersection (intersection related),Dark - Street Lights On,WINONA AVE N AND WEST GREEN LAKE DR N,0,1,,2,3591789,Dry,18,"MOTOR VEHICLE STRUCK PEDALCYCLIST, FRONT END AT ANGLE",,8866,1,2b,Serious Injury Collision,,45,Bicycle,Matched,N,1,Clear or Partly Cloudy,0,"(47.68513193200005, -122.33908871699998)",27881,0,N,14-330064