OBJECTID,INCKEY,COLDETKEY,ADDRTYPE,COLLISIONTYPE,DISTANCE,EXCEPTRSNCODE,EXCEPTRSNDESC,FATALITIES,INATTENTIONIND,INCDATE,INCDTTM,INJURIES,INTKEY,JUNCTIONTYPE,LIGHTCOND,LOCATION,PEDCOUNT,PEDCYLCOUNT,PEDROWNOTGRNT,PERSONCOUNT,REPORTNO,ROADCOND,SDOT_COLCODE,SDOT_COLDESC,SDOTCOLNUM,SEGKEY,SERIOUSINJURIES,SEVERITYCODE,SEVERITYDESC,SPEEDING,ST_COLCODE,ST_COLDESC,STATUS,UNDERINFL,VEHCOUNT,WEATHER,WIDTH,Shape,SEGLANEKEY,CROSSWALKKEY,HITPARKEDCAR,SPDCASENO
50720,177823,177843,Intersection,Cycles,0, ,,0,,09/14/2014 12:00:00 AM +0000,9/14/2014 1:15:00 PM,1,25791,At Intersection (intersection related),Daylight,12TH AVE NE AND NE 50TH ST,0,1,,2,3591817,Dry,18,"MOTOR VEHICLE STRUCK PEDALCYCLIST, FRONT END AT ANGLE",,1570,0,2,Injury Collision,,45,Bicycle,Matched,N,1,Clear or Partly Cloudy,0,"(47.66491734200008, -122.31523873699996)",21425,0,N,2014-352699
50725,179439,179499,Intersection,Cycles,0, ,,0,,11/13/2014 12:00:00 AM +0000,11/13/2014 9:35:00 AM,1,29592,At Intersection (intersection related),Daylight,2ND AVE AND PIKE ST,0,1,,1,3586053,Dry,18,"MOTOR VEHICLE STRUCK PEDALCYCLIST, FRONT END AT ANGLE",,2758,0,2,Injury Collision,,45,Bicycle,Matched,N,0,Clear or Partly Cloudy,0,"(47.60928514300008, -122.33890369399995)",42178,0,N,14-380224
50751,178620,178660,Block,Cycles,149, ,,0,,09/29/2014 12:00:00 AM +0000,9/29/2014 4:07:00 PM,1,,Mid-Block (not related to intersection),Daylight,NE PACIFIC ST BETWEEN BROOKLYN AVE NE AND UNIVERSITY WAY NE,0,1,,1,3519947,Dry,69,PEDALCYCLIST OVERTURNED IN ROAD,,18044,0,2,Injury Collision,,45,Bicycle,Matched,Y,0,Clear or Partly Cloudy,0,"(47.65355966100003, -122.31389078099994)",0,0,N,14-002602
50775,176511,176531,Intersection,Cycles,0, ,,0,Y,10/02/2014 12:00:00 AM +0000,10/2/2014 12:11:00 PM,0,29861,At Intersection (intersection related),Daylight,CRAWFORD PL AND E PINE ST,0,1,,2,3642888,Dry,51,PEDALCYCLIST STRUCK MOTOR VEHICLE FRONT END AT ANGLE,,9853,0,1,Property Damage Only Collision,,45,Bicycle,Matched,N,1,Clear or Partly Cloudy,0,"(47.61521476100006, -122.32618642899996)",10348,0,N,14-329536
50816,176933,176953,Intersection,Cycles,0, ,,0,,10/04/2014 12:00:00 AM +0000,10/4/2014 12:30:00 PM,0,30304,At Intersection (intersection related),Daylight,33RD AVE AND E COLUMBIA ST,0,1,,2,3642708,Dry,51,PEDALCYCLIST STRUCK MOTOR VEHICLE FRONT END AT ANGLE,,5105,0,1,Property Damage Only Collision,,45,Bicycle,Matched,N,1,Clear or Partly Cloudy,0,"(47.60926581100006, -122.29045197399995)",0,0,N,14-332183
50855,181902,181962,Intersection,Cycles,0, ,,0,Y,10/18/2014 12:00:00 AM +0000,10/18/2014 7:14:00 PM,1,28046,At Intersection (intersection related),Dark - Street Lights On,FLORENTIA ST AND NICKERSON ST,0,1,Y,2,3696221,Dry,18,"MOTOR VEHICLE STRUCK PEDALCYCLIST, FRONT END AT ANGLE",,4416,0,2,Injury Collision,,45,Bicycle,Matched,Y,1,Overcast,0,"(47.64688457700004, -122.35135310999999)",0,525260,N,2014-349440
50857,181901,181961,Intersection,Cycles,0, ,,0,,10/17/2014 12:00:00 AM +0000,10/17/2014 2:30:00 PM,1,28771,At Intersection (intersection related),Daylight,REPUBLICAN ST AND TERRY AVE N,0,1,,2,3696220,Wet,51,PEDALCYCLIST STRUCK MOTOR VEHICLE FRONT END AT ANGLE,,12563,0,2,Injury Collision,,45,Bicycle,Matched,N,1,Raining,0,"(47.62320451700003, -122.33714239299997)",41799,0,N,14-347995
50874,183046,183126,Block,Cycles,251, ,,0,,12/31/2014 12:00:00 AM +0000,12/31/2014 1:55:00 PM,1,,Mid-Block (not related to intersection),Daylight,MIDVALE AVE N BETWEEN N 41ST ST AND N 42ND ST,0,1,,2,3575641,Dry,54,PEDALCYCLIST STRUCK MOTOR VEHICLE REAR END,,11838,0,2,Injury Collision,,45,Bicycle,Matched,N,1,Clear or Partly Cloudy,0,"(47.657332146000044, -122.34355347999997)",0,0,N,2014-430707
50887,182853,182913,Intersection,Cycles,0, ,,0,Y,01/05/2015 12:00:00 AM +0000,1/5/2015 5:02:00 PM,1,25178,At Intersection (intersection related),Dark - Street Lights On,BALLARD AVE NW AND NW DOCK PL,0,1,,2,3575705,Wet,18,"MOTOR VEHICLE STRUCK PEDALCYCLIST, FRONT END AT ANGLE",,9042,0,2,Injury Collision,,45,Bicycle,Matched,N,1,Overcast,0,"(47.664461851000056, -122.38090587099998)",0,0,N,2015-4658
50962,181398,181438,Block,Cycles,161, ,,0,,12/07/2014 12:00:00 AM +0000,12/7/2014 2:00:00 PM,0,,Driveway Junction,Daylight,ROY ST BETWEEN 2ND AVE N AND 3RD AVE N,0,1,,2,3590526,Dry,18,"MOTOR VEHICLE STRUCK PEDALCYCLIST, FRONT END AT ANGLE",,12682,0,1,Property Damage Only Collision,,45,Bicycle,Matched,N,1,Clear or Partly Cloudy,0,"(47.62544012800004, -122.35213460799997)",12407,0,N,14-405819
50979,182173,182233,Block,Cycles,114, ,,0,Y,12/26/2014 12:00:00 AM +0000,12/26/2014 6:38:00 AM,1,,Mid-Block (but intersection related),Dark - Street Lights On,15TH AVE W BETWEEN NICKERSON 15TH RP AND 15TH EMERSON RP,0,1,,3,3588402,Dry,21,"MOTOR VEHICLE STRUCK PEDALCYCLIST, REAR END",,2196,0,2,Injury Collision,,45,Bicycle,Matched,N,1,Clear or Partly Cloudy,0,"(47.65274205800006, -122.37621035099994)",19350,0,N,2014-425578
50991,182166,182226,Intersection,Cycles,0, ,,0,Y,11/09/2014 12:00:00 AM +0000,11/9/2014 12:55:00 PM,1,25717,At Intersection (intersection related),Daylight,9TH AVE NE AND NE 62ND ST,0,1,,2,3706859,Wet,18,"MOTOR VEHICLE STRUCK PEDALCYCLIST, FRONT END AT ANGLE",,8548,0,2,Injury Collision,,45,Bicycle,Matched,N,1,Raining,0,"(47.673341168000036, -122.318707373)",0,0,N,14-375734
51088,181402,181442,Block,Cycles,332.5, ,,0,Y,12/05/2014 12:00:00 AM +0000,12/5/2014 10:25:00 AM,1,,Driveway Junction,Daylight,N 84TH ST BETWEEN GREENWOOD AVE N AND DAYTON AVE N,0,1,,2,3597049,Wet,18,"MOTOR VEHICLE STRUCK PEDALCYCLIST, FRONT END AT ANGLE",,15943,0,2,Injury Collision,,45,Bicycle,Matched,N,1,Clear or Partly Cloudy,0,"(47.689836609000054, -122.35395389399997)",0,0,N,14-403601
51145,183137,183217,Intersection,Cycles,0, ,,0,,12/15/2014 12:00:00 AM +0000,12/15/2014 8:10:00 AM,1,29147,At Intersection (intersection related),Daylight,THOMAS ST AND YALE AVE N,0,1,,0,E384042,Dry,18,"MOTOR VEHICLE STRUCK PEDALCYCLIST, FRONT END AT ANGLE",,13146,0,2,Injury Collision,,45,Bicycle,Matched,N,2,Overcast,0,"(47.62082023800008, -122.33042342499999)",0,0,N,14-414248
51193,181410,181450,Intersection,Cycles,0, ,,0,,11/26/2014 12:00:00 AM +0000,11/26/2014 3:10:00 PM,0,29592,At Intersection (intersection related),Daylight,2ND AVE AND PIKE ST,1,1,Y,2,3641216,Dry,64,PEDALCYCLIST STRUCK PEDESTRIAN,,2758,0,1,Property Damage Only Collision,,45,Bicycle,Matched,N,0,Clear or Partly Cloudy,0,"(47.60928514300008, -122.33890369399995)",12173,525565,N,14-395279
51223,181418,181458,Block,Cycles,74, ,,0,Y,12/15/2014 12:00:00 AM +0000,12/15/2014 6:00:00 PM,1,,Driveway Junction,Dark - Street Lights On,PHINNEY AVE N BETWEEN N 67TH S ST AND GREENWOOD AVE N,0,1,,3,3646275,Dry,18,"MOTOR VEHICLE STRUCK PEDALCYCLIST, FRONT END AT ANGLE",,12161,0,2,Injury Collision,,45,Bicycle,Matched,N,1,Clear or Partly Cloudy,0,"(47.677764825000054, -122.354939393)",4308,0,N,14-414814
51257,182879,182939,Intersection,Cycles,0, ,,0,,01/02/2015 12:00:00 AM +0000,1/2/2015 6:25:00 PM,1,27153,At Intersection (intersection related),Dark - Street Lights On,EASTLAKE AVE E AND FUHRMAN AVE E,0,1,Y,3,3626457,Wet,51,PEDALCYCLIST STRUCK MOTOR VEHICLE FRONT END AT ANGLE,,10579,1,2b,Serious Injury Collision,,45,Bicycle,Matched,N,1,Raining,0,"(47.65157827200005, -122.32127525699997)",0,0,N,2015-1763
51289,179716,179776,Intersection,Cycles,0, ,,0,Y,11/21/2014 12:00:00 AM +0000,11/21/2014 4:47:00 PM,1,30514,At Intersection (intersection related),Dark - Street Lights On,7TH AVE S AND S KING ST,0,1,,2,3588666,Wet,18,"MOTOR VEHICLE STRUCK PEDALCYCLIST, FRONT END AT ANGLE",,8208,0,2,Injury Collision,,45,Bicycle,Matched,N,1,Raining,0,"(47.598349840000026, -122.32375375199996)",5767,0,N,14-389943
51362,181658,181698,Block,Cycles,94, ,,0,Y,12/09/2014 12:00:00 AM +0000,12/9/2014 11:36:00 AM,1,,Mid-Block (not related to intersection),Daylight,S ATLANTIC ST BETWEEN COLORADO AVE S AND EAST FRONTAGE RD S,0,1,Y,2,3326508,Wet,18,"MOTOR VEHICLE STRUCK PEDALCYCLIST, FRONT END AT ANGLE",,547745,0,2,Injury Collision,,45,Bicycle,Matched,N,1,Clear or Partly Cloudy,0,"(47.59031954400007, -122.33620704099997)",0,0,N,2014-407669
51375,182675,182735,Intersection,Cycles,0, ,,0,,12/18/2014 12:00:00 AM +0000,12/18/2014 7:24:00 AM,1,25836,At Intersection (intersection related),Dark - Street Lights On,1ST AVE NE AND NE 58TH ST,0,1,,2,3706319,Wet,18,"MOTOR VEHICLE STRUCK PEDALCYCLIST, FRONT END AT ANGLE",,1076,0,2,Injury Collision,,45,Bicycle,Matched,N,1,Overcast,0,"(47.67085623300005, -122.32823458499996)",0,0,N,14-417611
51461,180569,180629,Block,Cycles,156.5, ,,0,,11/19/2014 12:00:00 AM +0000,11/19/2014 12:31:00 PM,1,,Driveway Junction,Daylight,ROOSEVELT WAY NE BETWEEN NE 42ND S ST AND NE 42ND N ST,0,1,,4,3703324,Dry,51,PEDALCYCLIST STRUCK MOTOR VEHICLE FRONT END AT ANGLE,,12595,0,2,Injury Collision,,45,Bicycle,Matched,N,1,Clear or Partly Cloudy,0,"(47.65794175700006, -122.31779112599997)",8985,0,N,14-387213
51577,179983,180043,Block,Cycles,153, ,,0,,11/19/2014 12:00:00 AM +0000,11/19/2014 8:41:00 AM,1,,Mid-Block (but intersection related),Daylight,S COLLEGE ST BETWEEN RAINIER S AVE S AND 25TH AVE S,0,1,,1,3693860,Dry,69,PEDALCYCLIST OVERTURNED IN ROAD,,19683,0,2,Injury Collision,,45,Bicycle,Matched,N,0,Clear or Partly Cloudy,0,"(47.58293882100003, -122.30096407499997)",0,0,N,2014-386790
51597,181454,181494,Intersection,Cycles,0, ,,0,Y,11/07/2014 12:00:00 AM +0000,11/7/2014 11:33:00 AM,1,29238,At Intersection (intersection related),Daylight,LAKE WASHINGTON BLVD E AND E MADISON ST,0,1,Y,3,3642495,Dry,51,PEDALCYCLIST STRUCK MOTOR VEHICLE FRONT END AT ANGLE,,4786,0,2,Injury Collision,,45,Bicycle,Matched,N,1,Clear or Partly Cloudy,0,"(47.626017801000046, -122.29244003299999)",8965,0,N,
51604,181451,181491,Intersection,Cycles,0, ,,0,,12/10/2014 12:00:00 AM +0000,12/10/2014 4:49:00 PM,1,25489,At Intersection (intersection related),Dark - Street Lights On,EAST GREEN LAKE WAY N AND WEST GREEN LAKE WAY N,0,1,Y,2,3642243,Wet,18,"MOTOR VEHICLE STRUCK PEDALCYCLIST, FRONT END AT ANGLE",,14071,0,2,Injury Collision,,45,Bicycle,Matched,N,1,Raining,0,"(47.66934432100004, -122.33996379199999)",42025,0,N,14-409229
51606,181697,181737,Block,Cycles,161, ,,0,,12/18/2014 12:00:00 AM +0000,12/18/2014 8:39:00 AM,1,,Mid-Block (not related to intersection),Daylight,PIKE ST BETWEEN 1ST AVE AND 2ND AVE,0,1,,2,3640950,Dry,29,MOTOR VEHICLE OVERTURNED IN ROAD,,12197,0,2,Injury Collision,,45,Bicycle,Matched,N,1,Clear or Partly Cloudy,0,"(47.60905233400007, -122.33946028099996)",36905,0,N,14-417679
51640,182699,182759,Intersection,Cycles,0, ,,0,,12/28/2014 12:00:00 AM +0000,12/28/2014 9:10:00 AM,1,24392,At Intersection (intersection related),Daylight,5TH AVE NE AND NE 80TH ST,0,1,,2,3707928,Wet,18,"MOTOR VEHICLE STRUCK PEDALCYCLIST, FRONT END AT ANGLE",,7314,0,2,Injury Collision,,45,Bicycle,Matched,Y,1,Clear or Partly Cloudy,0,"(47.68678736500004, -122.32295135999999)",28530,0,N,2014-427562
51662,182442,182502,Intersection,Cycles,0, ,,0,,12/23/2014 12:00:00 AM +0000,12/23/2014 10:26:00 PM,1,29875,At Intersection (intersection related),Dark - Street Lights Off,SUMMIT AVE AND E PIKE ST,0,1,,2,3701872,Wet,18,"MOTOR VEHICLE STRUCK PEDALCYCLIST, FRONT END AT ANGLE",,12986,0,2,Injury Collision,,45,Bicycle,Matched,N,1,Raining,0,"(47.614088508000066, -122.32551417499997)",31153,0,N,14-423914
51808,183498,183578,Intersection,Cycles,0, ,,0,,01/15/2015 12:00:00 AM +0000,1/15/2015 6:41:00 PM,1,37769,At Intersection (intersection related),Dark - Street Lights On,20TH AVE NE AND LAKE CITY WAY NE,0,1,,2,3703073,Wet,51,PEDALCYCLIST STRUCK MOTOR VEHICLE FRONT END AT ANGLE,,2980,0,2,Injury Collision,,45,Bicycle,Matched,N,1,Raining,0,"(47.691236167000056, -122.30684853599996)",0,0,N,2015-016632
51864,180398,180458,Intersection,Cycles,0, ,,0,,12/04/2014 12:00:00 AM +0000,12/4/2014 2:30:00 PM,1,30541,At Intersection (intersection related),Daylight,6TH AVE S AND SEATTLE W BLVD S,0,1,,2,3584001,Wet,51,PEDALCYCLIST STRUCK MOTOR VEHICLE FRONT END AT ANGLE,,8652,0,2,Injury Collision,,45,Bicycle,Matched,N,1,Raining,0,"(47.59513063900005, -122.32637666299996)",5794,0,N,14-402787
51874,181996,182069,Block,Cycles,153, ,,0,,12/18/2014 12:00:00 AM +0000,12/18/2014 9:08:00 AM,0,,Mid-Block (but intersection related),Daylight,4TH AVE S BETWEEN S MAIN ST AND S JACKSON ST,0,1,,2,3732483,Dry,54,PEDALCYCLIST STRUCK MOTOR VEHICLE REAR END,,6228,0,1,Property Damage Only Collision,,45,Bicycle,Matched,N,1,Overcast,0,"(47.59961782000005, -122.32896629899994)",5750,0,N,14-417693
51880,181994,182067,Intersection,Cycles,0, ,,0,Y,12/17/2014 12:00:00 AM +0000,12/17/2014 8:56:00 AM,1,29082,At Intersection (intersection related),Daylight,FAIRVIEW AVE E AND FAIRVIEW AVE N,0,1,,2,3732479,Dry,18,"MOTOR VEHICLE STRUCK PEDALCYCLIST, FRONT END AT ANGLE",,10336,0,2,Injury Collision,,45,Bicycle,Matched,N,1,Raining,0,"(47.63190599600006, -122.32688562599998)",41464,0,N,14-416616
51898,182462,182522,Block,Cycles,213.5, ,,0,,12/23/2014 12:00:00 AM +0000,12/23/2014 4:08:00 PM,0,,Mid-Block (but intersection related),Dark - Street Lights On,HARVARD AVE BETWEEN E HOWELL ST AND E DENNY WAY,0,1,,2,3626323,Wet,52,PEDALCYCLIST STRUCK MOTOR VEHICLE RIGHT SIDE AT ANGLE,,10844,0,1,Property Damage Only Collision,,45,Bicycle,Matched,N,1,Raining,0,"(47.618146660000036, -122.32217728199998)",0,0,N,14-423555
51948,183288,183368,Block,Cycles,286.5, ,,0,,12/11/2014 12:00:00 AM +0000,12/11/2014 6:30:00 PM,0,,Mid-Block (not related to intersection),Dark - Street Lights On,NICKERSON ST BETWEEN CREMONA ST AND DRAVUS ST,0,1,,0,E385650,Dry,12,"MOTOR VEHICLE STRUCK MOTOR VEHICLE, RIGHT SIDE AT ANGLE",,11967,0,1,Property Damage Only Collision,,45,Bicycle,Matched,N,1,Raining,0,"(47.64909962000007, -122.35620819599995)",0,0,N,14-412553
51950,183287,183367,Block,Cycles,432, ,,0,,01/03/2015 12:00:00 AM +0000,1/3/2015 6:26:00 PM,1,,Mid-Block (not related to intersection),,22ND AVE BETWEEN E UNION ST AND E PINE ST,0,1,,3,3626459,Dry,22,"MOTOR VEHICLE STRUCK PEDALCYCLIST, RIGHT SIDE SIDESWIPE",,3232,0,2,Injury Collision,,45,Bicycle,Matched,N,1,Clear or Partly Cloudy,0,"(47.61411623300006, -122.30360491999994)",0,0,N,2051-2717
52003,180406,180466,Block,Cycles,161, ,,0,,12/08/2014 12:00:00 AM +0000,12/8/2014 6:04:00 AM,1,,Driveway Junction,Dark - Street Lights On,VIRGINIA ST BETWEEN 7TH AVE AND 8TH AVE,0,1,,2,3588432,Wet,51,PEDALCYCLIST STRUCK MOTOR VEHICLE FRONT END AT ANGLE,,13317,0,2,Injury Collision,,45,Bicycle,Matched,N,1,Clear or Partly Cloudy,0,"(47.61538794900008, -122.33702606099996)",14306,0,N,2014-406341
52163,182773,182833,Intersection,Cycles,0, ,,0,,12/16/2014 12:00:00 AM +0000,12/16/2014 6:08:00 PM,1,30507,At Intersection (intersection related),Dark - Street Lights On,3RD AVE S AND S JACKSON ST,0,1,,2,3732477,Dry,51,PEDALCYCLIST STRUCK MOTOR VEHICLE FRONT END AT ANGLE,,20485,0,2,Injury Collision,,45,Bicycle,Matched,N,1,Clear or Partly Cloudy,0,"(47.59919869200007, -122.33027580699996)",4852,0,N,14-416084
52265,180464,180524,Intersection,Cycles,0, ,,0,,12/02/2014 12:00:00 AM +0000,12/2/2014 3:00:00 PM,1,30542,At Intersection (intersection related),Daylight,6TH AVE S AND S DEARBORN ST,0,1,,2,3588501,Dry,18,"MOTOR VEHICLE STRUCK PEDALCYCLIST, FRONT END AT ANGLE",,7987,0,2,Injury Collision,,45,Bicycle,Matched,N,1,Clear or Partly Cloudy,0,"(47.59583727300003, -122.32637379799996)",5806,0,N,14-400799
52297,182785,182845,Intersection,Cycles,0, ,,0,,12/12/2014 12:00:00 AM +0000,12/12/2014 6:12:00 PM,1,30480,At Intersection (intersection related),Dark - Street Lights On,3RD AVE AND JAMES ST,0,1,,2,3732528,Wet,18,"MOTOR VEHICLE STRUCK PEDALCYCLIST, FRONT END AT ANGLE",,4375,0,2,Injury Collision,,45,Bicycle,Matched,N,1,Raining,0,"(47.60276917600004, -122.33140852799994)",35934,0,N,14-411666
52307,183324,183404,Intersection,Cycles,0, ,,0,,01/13/2015 12:00:00 AM +0000,1/13/2015 5:57:00 PM,1,29809,At Intersection (intersection related),Daylight,12TH AVE AND E JEFFERSON ST,0,1,Y,2,3626471,Dry,51,PEDALCYCLIST STRUCK MOTOR VEHICLE FRONT END AT ANGLE,,1529,0,2,Injury Collision,Y,45,Bicycle,Matched,N,1,Clear or Partly Cloudy,0,"(47.60620304500003, -122.31678046599995)",0,0,N,2015-14107
52346,180626,180686,Intersection,Cycles,0, ,,0,Y,12/10/2014 12:00:00 AM +0000,12/10/2014 12:38:00 PM,1,29531,At Intersection (intersection related),Daylight,5TH AVE AND BELL ST,0,1,,2,3573248,Wet,18,"MOTOR VEHICLE STRUCK PEDALCYCLIST, FRONT END AT ANGLE",,7246,0,2,Injury Collision,,45,Bicycle,Matched,N,1,Raining,0,"(47.616032939000036, -122.34307495299998)",14240,0,N,14-408943
52348,183821,183901,Intersection,Cycles,0, ,,0,,01/08/2015 12:00:00 AM +0000,1/8/2015 6:55:00 PM,1,26896,At Intersection (intersection related),Dark - Street Lights On,STONE WAY N AND N 34TH ST,0,1,,2,3706720,Dry,51,PEDALCYCLIST STRUCK MOTOR VEHICLE FRONT END AT ANGLE,,12955,0,2,Injury Collision,,45,Bicycle,Matched,N,1,Clear or Partly Cloudy,0,"(47.64854072800006, -122.34277540199997)",0,0,N,2015-008370
52378,182030,182103,Block,Cycles,408, ,,0,,12/23/2014 12:00:00 AM +0000,12/23/2014 5:25:00 PM,1,,Driveway Junction,Dark - Street Lights On,5TH AVE NE BETWEEN NE 112TH N ST AND NE 115TH ST,0,1,Y,2,3575589,Wet,11,"MOTOR VEHICLE STRUCK MOTOR VEHICLE, FRONT END AT ANGLE",,7258,0,2,Injury Collision,,45,Bicycle,Matched,N,1,Raining,0,"(47.711112409000066, -122.32334878899997)",27414,0,N,14-423648
52405,181521,181561,Intersection,Cycles,0, ,,0,,11/05/2014 12:00:00 AM +0000,11/5/2014 7:33:00 PM,0,29052,At Intersection (intersection related),Dark - Street Lights On,BROADWAY E AND E OLIVE WAY,0,1,,3,3672874,Wet,18,"MOTOR VEHICLE STRUCK PEDALCYCLIST, FRONT END AT ANGLE",,9452,0,1,Property Damage Only Collision,,45,Bicycle,Matched,N,1,Raining,0,"(47.61990774700007, -122.32087289199995)",6798,0,N,2014-371215
52472,182795,182855,Intersection,Cycles,0, ,,0,,12/21/2014 12:00:00 AM +0000,12/21/2014 2:11:00 AM,1,30371,At Intersection (intersection related),Dark - Street Lights On,ALASKAN E RDWY WAY S AND S KING ST,0,1,,2,3732703,Wet,51,PEDALCYCLIST STRUCK MOTOR VEHICLE FRONT END AT ANGLE,,12336,0,2,Injury Collision,,45,Bicycle,Matched,N,1,Overcast,0,"(47.59829391100004, -122.33540490099995)",0,0,N,2014-420843
52492,180176,180236,Block,Cycles,237.5, ,,0,,12/02/2014 12:00:00 AM +0000,12/2/2014 12:35:00 PM,1,,Mid-Block (not related to intersection),Daylight,HARVARD AVE E BETWEEN HAMLIN ST ON RP AND E SHELBY ST,0,1,,2,3585950,Dry,11,"MOTOR VEHICLE STRUCK MOTOR VEHICLE, FRONT END AT ANGLE",,10859,0,2,Injury Collision,,45,Bicycle,Matched,N,1,Clear or Partly Cloudy,0,"(47.64626955600005, -122.32210425299996)",37474,0,N,14-400677
52554,182802,182862,Intersection,Cycles,0, ,,0,Y,12/15/2014 12:00:00 AM +0000,12/15/2014 8:36:00 PM,1,37461,At Intersection (intersection related),Dark - Street Lights On,DAYTON AVE N AND N 85TH ST,0,1,,2,3736334,Dry,18,"MOTOR VEHICLE STRUCK PEDALCYCLIST, FRONT END AT ANGLE",,9927,0,2,Injury Collision,,45,Bicycle,Matched,N,1,Clear or Partly Cloudy,0,"(47.690587073000074, -122.35260172799997)",21493,0,N,2014-415011
52570,182998,183078,Block,Cycles,333.5, ,,0,Y,01/01/2015 12:00:00 AM +0000,1/1/2015 6:01:00 PM,0,,Mid-Block (not related to intersection),Dark - Street Lights On,LAKE CITY WAY NE BETWEEN NE 140TH ST AND NE 143RD ST,0,1,,2,3575357,Dry,18,"MOTOR VEHICLE STRUCK PEDALCYCLIST, FRONT END AT ANGLE",,11189,0,1,Property Damage Only Collision,,45,Bicycle,Matched,N,1,Clear or Partly Cloudy,0,"(47.73102706700007, -122.29234202699996)",0,0,N,15-775
52583,181533,181573,Intersection,Cycles,0, ,,0,Y,11/20/2014 12:00:00 AM +0000,11/20/2014 6:49:00 AM,1,31369,At Intersection (intersection related),Dawn,4TH AVE S AND S LANDER ST,0,1,,2,3693861,Wet,18,"MOTOR VEHICLE STRUCK PEDALCYCLIST, FRONT END AT ANGLE",,6240,0,2,Injury Collision,,45,Bicycle,Matched,N,1,Clear or Partly Cloudy,0,"(47.579809451000074, -122.32905650499998)",18786,0,N,14-388108
52598,183643,183723,Intersection,Cycles,0, ,,0,,01/17/2015 12:00:00 AM +0000,1/17/2015 2:42:00 PM,1,37769,At Intersection (intersection related),Daylight,20TH AVE NE AND LAKE CITY WAY NE,0,1,,2,3575098,Wet,18,"MOTOR VEHICLE STRUCK PEDALCYCLIST, FRONT END AT ANGLE",,2980,0,2,Injury Collision,,45,Bicycle,Matched,N,1,Raining,0,"(47.691236167000056, -122.30684853599996)",0,0,N,15-18671
52657,181857,181917,Block,Cycles,113.5, ,,0,,12/19/2014 12:00:00 AM +0000,12/19/2014 5:12:00 PM,1,,Mid-Block (not related to intersection),Dark - No Street Lights,5TH AVE BETWEEN 5TH AVE S AND TERRACE ST,0,1,,2,3696642,Dry,54,PEDALCYCLIST STRUCK MOTOR VEHICLE REAR END,,7223,0,2,Injury Collision,,45,Bicycle,Matched,N,1,Clear or Partly Cloudy,0,"(47.601992342000074, -122.32768409899995)",36365,0,N,1-419290
52692,182050,182123,Block,Cycles,160.5, ,,0,Y,12/23/2014 12:00:00 AM +0000,12/23/2014 3:47:00 PM,1,,Driveway Junction,Daylight,THOMAS ST BETWEEN 9TH AVE N AND WESTLAKE AVE N,0,1,,2,3732513,Dry,51,PEDALCYCLIST STRUCK MOTOR VEHICLE FRONT END AT ANGLE,,13139,0,2,Injury Collision,,45,Bicycle,Matched,N,1,Raining,0,"(47.62087651600007, -122.33911914799995)",0,0,N,14-423520
52781,181882,181942,Block,Cycles,330, ,,0,,12/22/2014 12:00:00 AM +0000,12/22/2014 12:00:00 PM,1,,Driveway Junction,Daylight,NE NORTHGATE WAY BETWEEN 3RD AVE NE AND 5TH AVE NE,0,1,,2,3706324,Dry,51,PEDALCYCLIST STRUCK MOTOR VEHICLE FRONT END AT ANGLE,,18012,0,2,Injury Collision,,45,Bicycle,Matched,N,1,Clear or Partly Cloudy,0,"(47.70860281500006, -122.32461717999996)",0,0,N,14-422176
52789,181554,181594,Intersection,Cycles,0, ,,0,,11/03/2014 12:00:00 AM +0000,11/3/2014 5:39:00 PM,0,32737,At Intersection (intersection related),Dark - Street Lights On,RAINIER AVE S AND S ALASKA ST,0,1,Y,2,3693979,Wet,51,PEDALCYCLIST STRUCK MOTOR VEHICLE FRONT END AT ANGLE,,12384,0,1,Property Damage Only Collision,,45,Bicycle,Matched,N,1,Raining,0,"(47.56074767600006, -122.28702675999995)",8800,0,N,14-368611
52798,180821,180881,Intersection,Cycles,0, ,,0,,11/17/2014 12:00:00 AM +0000,11/17/2014 10:02:00 AM,1,29161,At Intersection (intersection related),Daylight,SUMMIT AVE E AND E OLIVE WAY,0,1,,2,3626351,Dry,51,PEDALCYCLIST STRUCK MOTOR VEHICLE FRONT END AT ANGLE,,12991,1,2b,Serious Injury Collision,,45,Bicycle,Matched,N,1,Clear or Partly Cloudy,0,"(47.61889599600005, -122.32528836099999)",23263,0,N,14-384792
52800,180822,180882,Block,Cycles,322.5, ,,0,Y,12/09/2014 12:00:00 AM +0000,12/9/2014 10:37:00 PM,1,,Mid-Block (but intersection related),Dark - Street Lights On,N 70TH ST BETWEEN FREMONT AVE N AND LINDEN AVE N,0,1,,2,3707838,Wet,11,"MOTOR VEHICLE STRUCK MOTOR VEHICLE, FRONT END AT ANGLE",,15823,0,2,Injury Collision,,45,Bicycle,Matched,N,1,Raining,0,"(47.67959898300006, -122.34858971099999)",0,0,N,14-408360
52821,182564,182624,Intersection,Cycles,0, ,,0,,11/14/2014 12:00:00 AM +0000,11/14/2014 2:14:00 PM,1,37448,At Intersection (intersection related),Daylight,GREENWOOD AVE N AND N 87TH ST,0,1,Y,2,3706867,Dry,11,"MOTOR VEHICLE STRUCK MOTOR VEHICLE, FRONT END AT ANGLE",,10754,0,2,Injury Collision,,45,Bicycle,Matched,N,1,Clear or Partly Cloudy,0,"(47.69241843800006, -122.35532084599998)",0,0,N,14-381650