OBJECTID,INCKEY,COLDETKEY,ADDRTYPE,COLLISIONTYPE,DISTANCE,EXCEPTRSNCODE,EXCEPTRSNDESC,FATALITIES,INATTENTIONIND,INCDATE,INCDTTM,INJURIES,INTKEY,JUNCTIONTYPE,LIGHTCOND,LOCATION,PEDCOUNT,PEDCYLCOUNT,PEDROWNOTGRNT,PERSONCOUNT,REPORTNO,ROADCOND,SDOT_COLCODE,SDOT_COLDESC,SDOTCOLNUM,SEGKEY,SERIOUSINJURIES,SEVERITYCODE,SEVERITYDESC,SPEEDING,ST_COLCODE,ST_COLDESC,STATUS,UNDERINFL,VEHCOUNT,WEATHER,WIDTH,Shape,SEGLANEKEY,CROSSWALKKEY,HITPARKEDCAR,SPDCASENO
52828,182068,182141,Intersection,Cycles,0,NEI,"Not Enough Information, or Insufficient Location Information",0,,12/16/2014 12:00:00 AM +0000,12/16/2014 6:00:00 PM,0,23882,At Intersection (but not related to intersection),Unknown,15TH AVE NW AND NW 80TH ST,0,1,Y,2,3583746,Unknown,00,NOT ENOUGH INFORMATION / NOT APPLICABLE,,2118,0,1,Property Damage Only Collision,,45,Bicycle,Matched,N,1,Unknown,0,"(47.68687813100007, -122.37679291599994)",0,0,N,14-418958
52832,181885,181945,Block,Cycles,323.5, ,,0,,12/20/2014 12:00:00 AM +0000,12/20/2014 10:01:00 AM,1,,Driveway Junction,Daylight,NW MARKET ST BETWEEN 14TH AVE NW AND 15TH AVE NW,0,1,,2,3706464,Wet,51,PEDALCYCLIST STRUCK MOTOR VEHICLE FRONT END AT ANGLE,,19226,0,2,Injury Collision,,45,Bicycle,Matched,N,1,Raining,0,"(47.66866614400004, -122.37489946299996)",21795,0,N,14-420051
52853,183660,183740,Intersection,Cycles,0, ,,0,,01/05/2015 12:00:00 AM +0000,1/5/2015 8:00:00 AM,1,27155,At Intersection (intersection related),Unknown,15TH AVE NE AND NE BOAT E ST,0,1,,2,3613293,Wet,51,PEDALCYCLIST STRUCK MOTOR VEHICLE FRONT END AT ANGLE,,,0,2,Injury Collision,,45,Bicycle,Matched,N,1,Raining,0,,0,0,N,2015-4073
52924,181378,181418,Block,Cycles,95, ,,0,,12/15/2014 12:00:00 AM +0000,12/15/2014 6:50:00 AM,1,,Mid-Block (but intersection related),Dark - Street Lights On,S LANDER ST BETWEEN 5TH AVE S AND 5TH PL S,0,1,,2,3583415,Dry,18,"MOTOR VEHICLE STRUCK PEDALCYCLIST, FRONT END AT ANGLE",,20627,0,2,Injury Collision,,45,Bicycle,Matched,N,1,Clear or Partly Cloudy,0,"(47.579809383000054, -122.32713344799998)",0,524931,N,14-414191
52946,186094,186174,Block,Cycles,232.5, ,,0,,02/24/2015 12:00:00 AM +0000,2/24/2015 6:12:00 AM,1,,Driveway Junction,Dark - Street Lights On,LINDEN AVE N BETWEEN N 141ST ST AND N 143RD ST,0,1,,2,3708252,Dry,51,PEDALCYCLIST STRUCK MOTOR VEHICLE FRONT END AT ANGLE,,11459,0,2,Injury Collision,,45,Bicycle,Matched,N,1,Clear or Partly Cloudy,0,"(47.73167559800004, -122.34777181299995)",0,0,N,2015-62395
52960,187492,187572,,Cycles,,NEI,"Not Enough Information, or Insufficient Location Information",0,,03/13/2015 12:00:00 AM +0000,3/13/2015 7:41:00 AM,1,,At Intersection (intersection related),Daylight,,0,1,,2,3549709,Dry,18,"MOTOR VEHICLE STRUCK PEDALCYCLIST, FRONT END AT ANGLE",,,0,2,Injury Collision,,45,Bicycle,Matched,N,1,Clear or Partly Cloudy,0,,0,0,N,2015-82491
53020,187496,187576,Intersection,Cycles,0, ,,0,,03/14/2015 12:00:00 AM +0000,3/14/2015 12:45:00 PM,2,27149,At Intersection (intersection related),Daylight,15TH AVE NE AND NE PACIFIC ST,0,1,Y,6,3576969,Dry,18,"MOTOR VEHICLE STRUCK PEDALCYCLIST, FRONT END AT ANGLE",,2028,0,2,Injury Collision,,45,Bicycle,Matched,N,1,Overcast,0,"(47.65297596400006, -122.31246414499998)",0,0,N,2015-84112
53054,184255,184335,Intersection,Cycles,0, ,,0,Y,01/18/2015 12:00:00 AM +0000,1/18/2015 5:34:00 PM,1,34901,At Intersection (intersection related),Dark - Street Lights On,17TH AVE SW AND DELRIDGE WAY SW,0,1,Y,3,3732586,Wet,18,"MOTOR VEHICLE STRUCK PEDALCYCLIST, FRONT END AT ANGLE",,2513,0,2,Injury Collision,,45,Bicycle,Matched,N,1,Raining,0,"(47.51884270200003, -122.35649408999996)",0,0,N,2015-19851
53119,186356,186436,Block,Cycles,213, ,,0,,02/24/2015 12:00:00 AM +0000,2/24/2015 5:48:00 PM,1,,Driveway Junction,Dark - Street Lights On,2ND AVE BETWEEN UNIVERSITY ST AND UNION ST,0,1,,2,3733287,Wet,18,"MOTOR VEHICLE STRUCK PEDALCYCLIST, FRONT END AT ANGLE",,2756,0,2,Injury Collision,,45,Bicycle,Matched,N,1,Clear or Partly Cloudy,0,"(47.60779445000003, -122.33754000999994)",12161,0,N,2015-63076
53210,185546,185626,Block,Cycles,760, ,,0,Y,02/17/2015 12:00:00 AM +0000,2/17/2015 6:26:00 AM,1,,Mid-Block (not related to intersection),Dawn,6TH AVE S BETWEEN S ROYAL BROUGHAM WAY AND S MASSACHUSETTS ST,0,1,,2,3708811,Dry,21,"MOTOR VEHICLE STRUCK PEDALCYCLIST, REAR END",,7989,0,2,Injury Collision,,45,Bicycle,Matched,N,1,Clear or Partly Cloudy,0,"(47.59031121100003, -122.32596914999999)",0,0,N,2015-54642
53270,187760,187840,Intersection,Cycles,0, ,,0,Y,03/17/2015 12:00:00 AM +0000,3/17/2015 6:06:00 PM,1,29937,At Intersection (intersection related),Dusk,8TH AVE AND MARION ST,0,1,,2,3626556,Wet,18,"MOTOR VEHICLE STRUCK PEDALCYCLIST, FRONT END AT ANGLE",,8275,0,2,Injury Collision,,45,Bicycle,Matched,N,1,Overcast,0,"(47.60723100700005, -122.32781844699997)",0,0,N,2015-87861
53289,184116,184196,Block,Cycles,213, ,,0,,01/08/2015 12:00:00 AM +0000,1/8/2015 5:12:00 PM,1,,Driveway Junction,Dark - Street Lights On,2ND AVE BETWEEN UNION ST AND PIKE ST,0,1,,2,3732177,Dry,18,"MOTOR VEHICLE STRUCK PEDALCYCLIST, FRONT END AT ANGLE",,2757,0,2,Injury Collision,,45,Bicycle,Matched,N,1,Clear or Partly Cloudy,0,"(47.60878749200003, -122.33844845799996)",0,0,N,2015-8242
53310,184273,184353,Block,Cycles,123, ,,0,,01/07/2015 12:00:00 AM +0000,1/7/2015 7:00:00 AM,1,,Mid-Block (not related to intersection),Unknown,FAIRVIEW AVE N BETWEEN FAIRVIEW AVE E AND EASTLAKE AVE E,0,1,,2,3552740,Unknown,21,"MOTOR VEHICLE STRUCK PEDALCYCLIST, REAR END",,10358,1,2b,Serious Injury Collision,,45,Bicycle,Matched,N,1,Unknown,0,"(47.63213204600004, -122.32651934899997)",0,0,N,15-27581
53344,185320,185400,Block,Cycles,177.5, ,,0,,02/11/2015 12:00:00 AM +0000,2/11/2015 6:08:00 AM,1,,Mid-Block (not related to intersection),Dark - Street Lights On,WOODLAWN AVE N BETWEEN N 64TH ST AND N 65TH ST,0,1,,2,3582391,Dry,21,"MOTOR VEHICLE STRUCK PEDALCYCLIST, REAR END",,13698,0,2,Injury Collision,,45,Bicycle,Matched,N,1,Overcast,0,"(47.675589374000026, -122.33180673399994)",0,0,N,15-47644
53457,185333,185413,Block,Cycles,126.5, ,,0,Y,02/11/2015 12:00:00 AM +0000,2/11/2015 6:58:00 AM,1,,Mid-Block (but intersection related),Unknown,CORLISS AVE N BETWEEN N NORTHLAKE WAY AND N 36TH ST,0,1,,2,3708008,Wet,18,"MOTOR VEHICLE STRUCK PEDALCYCLIST, FRONT END AT ANGLE",,9763,0,2,Injury Collision,,45,Bicycle,Matched,N,1,Overcast,0,"(47.65022619600006, -122.33138953999998)",0,0,N,15-47662
53461,185331,185411,Block,Cycles,132, ,,0,,02/11/2015 12:00:00 AM +0000,2/11/2015 12:58:00 PM,1,,Driveway Junction,Daylight,3RD AVE NW BETWEEN NW 83RD ST AND NW 84TH ST,0,1,,3,3707730,Dry,18,"MOTOR VEHICLE STRUCK PEDALCYCLIST, FRONT END AT ANGLE",,4475,0,2,Injury Collision,,45,Bicycle,Matched,N,1,Clear or Partly Cloudy,0,"(47.68947201100008, -122.36064830099997)",0,0,N,2015-48022
53485,184545,184625,Block,Cycles,136.5, ,,0,,01/31/2015 12:00:00 AM +0000,1/31/2015 12:47:00 PM,1,,Mid-Block (but intersection related),Daylight,EAST MONTLAKE PL E BETWEEN E ROANOKE ST AND 22ND AVE E,0,1,,4,3626670,Dry,51,PEDALCYCLIST STRUCK MOTOR VEHICLE FRONT END AT ANGLE,,14517,0,2,Injury Collision,,45,Bicycle,Matched,N,1,Clear or Partly Cloudy,0,"(47.643427847000055, -122.30343617299997)",0,0,N,2015-35332
53491,186506,186586,Block,Cycles,74.5, ,,0,,02/02/2015 12:00:00 AM +0000,2/2/2015 1:15:00 PM,1,,Mid-Block (but intersection related),Daylight,SUMMIT AVE E BETWEEN E DENNY WAY AND E OLIVE WAY,0,1,,0,E397192,Wet,54,PEDALCYCLIST STRUCK MOTOR VEHICLE REAR END,,12990,0,2,Injury Collision,,45,Bicycle,Matched,N,1,Overcast,0,"(47.61869046000004, -122.32528706899996)",0,0,N,2015-37604
53505,185927,186007,Intersection,Cycles,0, ,,0,Y,02/22/2015 12:00:00 AM +0000,2/22/2015 4:12:00 PM,1,25785,At Intersection (intersection related),Daylight,5TH AVE NE AND NE 50TH ST,0,1,,2,3707982,Dry,18,"MOTOR VEHICLE STRUCK PEDALCYCLIST, FRONT END AT ANGLE",,7290,0,2,Injury Collision,Y,45,Bicycle,Matched,N,1,Clear or Partly Cloudy,0,"(47.66497536500003, -122.32286255999998)",0,0,N,2015-60742
53521,187039,187119,Intersection,Cycles,0, ,,0,Y,02/26/2015 12:00:00 AM +0000,2/26/2015 12:04:00 PM,1,37441,At Intersection (intersection related),Daylight,EVANSTON AVE N AND N 90TH ST,0,1,,2,3587344,Dry,51,PEDALCYCLIST STRUCK MOTOR VEHICLE FRONT END AT ANGLE,,10288,0,2,Injury Collision,,45,Bicycle,Matched,N,1,Clear or Partly Cloudy,0,"(47.69420515500008, -122.35125422299996)",0,0,N,15-64960
53526,187037,187117,Intersection,Cycles,0, ,,0,,03/01/2015 12:00:00 AM +0000,3/1/2015 6:33:00 AM,1,35906,At Intersection (intersection related),Dawn,1ST AVE NE AND NE 145TH ST,0,1,Y,2,3575317,Dry,51,PEDALCYCLIST STRUCK MOTOR VEHICLE FRONT END AT ANGLE,,16678,0,2,Injury Collision,,45,Bicycle,Matched,N,1,Clear or Partly Cloudy,0,"(47.73409487400005, -122.32887983699999)",0,0,N,2015-68296
53530,187018,187098,Intersection,Cycles,0, ,,0,,10/31/2014 12:00:00 AM +0000,10/31/2014 7:00:00 PM,1,27105,At Intersection (intersection related),Dark - Street Lights On,UNIVERSITY WAY NE AND NE 41ST ST,0,1,,3,3571107,Dry,18,"MOTOR VEHICLE STRUCK PEDALCYCLIST, FRONT END AT ANGLE",,13219,0,2,Injury Collision,,45,Bicycle,Matched,N,1,Raining,0,"(47.656834220000064, -122.31324600799996)",5667,0,N,14-365136
53536,187012,187092,Intersection,Cycles,0, ,,0,,03/04/2015 12:00:00 AM +0000,3/4/2015 8:50:00 AM,1,30436,At Intersection (intersection related),Daylight,12TH AVE S AND S WELLER ST,0,1,Y,2,3559910,Dry,51,PEDALCYCLIST STRUCK MOTOR VEHICLE FRONT END AT ANGLE,,21537,0,2,Injury Collision,,45,Bicycle,Matched,N,1,Clear or Partly Cloudy,0,"(47.59749957200006, -122.31722672699999)",16237,0,N,15-71754
53546,187286,187366,Intersection,Cycles,0, ,,0,Y,03/11/2015 12:00:00 AM +0000,3/11/2015 6:47:00 AM,1,29508,At Intersection (intersection related),Dawn,DENNY WAY AND TERRY AVE,0,1,Y,2,3733265,Wet,18,"MOTOR VEHICLE STRUCK PEDALCYCLIST, FRONT END AT ANGLE",,10016,0,2,Injury Collision,,45,Bicycle,Matched,N,1,Raining,0,"(47.61852939200003, -122.33728173199995)",0,0,N,2015-79931
53567,183956,184036,Block,Cycles,152, ,,0,Y,01/14/2015 12:00:00 AM +0000,1/14/2015 6:50:00 PM,1,,Mid-Block (not related to intersection),Dark - Street Lights On,ALASKAN WAY BETWEEN COLUMBIA ST AND MARION ST,0,1,,3,3708052,Dry,18,"MOTOR VEHICLE STRUCK PEDALCYCLIST, FRONT END AT ANGLE",,8718,0,2,Injury Collision,,45,Bicycle,Matched,N,1,Clear or Partly Cloudy,0,"(47.60270291300003, -122.33746652099995)",0,0,N,15-15391
53600,184883,184963,Block,Cycles,403, ,,0,,02/05/2015 12:00:00 AM +0000,2/5/2015 7:06:00 PM,1,,Ramp Junction,Dark - Street Lights On,NORTHGATE I5 NB ON RP BETWEEN NE NORTHGATE WAY AND 1ST AV NE I5 NB ON RP,0,1,,2,3587172,Wet,51,PEDALCYCLIST STRUCK MOTOR VEHICLE FRONT END AT ANGLE,,492953,0,2,Injury Collision,,45,Bicycle,Matched,N,1,Raining,0,"(47.709609691000026, -122.32923339799999)",0,0,N,
53699,187044,187124,Intersection,Cycles,0, ,,0,,03/03/2015 12:00:00 AM +0000,3/3/2015 6:48:00 PM,0,25786,At Intersection (intersection related),Dark - Street Lights On,7TH AVE NE AND NE 50TH ST,0,1,Y,2,3702773,Dry,18,"MOTOR VEHICLE STRUCK PEDALCYCLIST, FRONT END AT ANGLE",,8178,0,1,Property Damage Only Collision,,45,Bicycle,Matched,N,1,Clear or Partly Cloudy,0,"(47.66495773100007, -122.32070290399997)",0,522071,N,2015-071220
53745,185957,186037,Block,Cycles,332, ,,0,Y,02/24/2015 12:00:00 AM +0000,2/24/2015 6:16:00 AM,1,,Mid-Block (not related to intersection),Dawn,35TH AVE SW BETWEEN SW BRANDON ST AND SW FINDLAY ST,0,1,,2,3571156,Dry,18,"MOTOR VEHICLE STRUCK PEDALCYCLIST, FRONT END AT ANGLE",,5456,0,2,Injury Collision,,45,Bicycle,Matched,N,1,Clear or Partly Cloudy,0,"(47.552872249000075, -122.37629143199996)",0,0,N,15-62400
53782,187049,187129,Intersection,Cycles,0, ,,0,,02/26/2015 12:00:00 AM +0000,2/26/2015 2:00:00 PM,1,30783,At Intersection (intersection related),Daylight,RAINIER AVE S AND S LANE ST,0,1,,2,3707759,Dry,18,"MOTOR VEHICLE STRUCK PEDALCYCLIST, FRONT END AT ANGLE",,12344,0,2,Injury Collision,,45,Bicycle,Matched,N,1,Clear or Partly Cloudy,0,"(47.59665174500003, -122.31212118199994)",0,0,N,2015-65108
53797,186257,186337,Block,Cycles,211.5, ,,0,Y,02/26/2015 12:00:00 AM +0000,2/26/2015 7:40:00 PM,1,,Mid-Block (but intersection related),Dark - Street Lights On,12TH AVE BETWEEN E PIKE ST AND E PINE ST,0,1,,2,3626711,Dry,18,"MOTOR VEHICLE STRUCK PEDALCYCLIST, FRONT END AT ANGLE",,1546,0,2,Injury Collision,,45,Bicycle,Matched,N,1,Clear or Partly Cloudy,0,"(47.61468248300008, -122.31684498699997)",10956,0,N,2015-65481
53816,187051,187131,Intersection,Cycles,0, ,,0,,03/03/2015 12:00:00 AM +0000,3/3/2015 4:17:00 PM,1,28783,At Intersection (intersection related),Daylight,DEXTER AVE N AND HARRISON ST,0,1,,4,3733351,Dry,51,PEDALCYCLIST STRUCK MOTOR VEHICLE FRONT END AT ANGLE,,10074,0,2,Injury Collision,,45,Bicycle,Matched,N,1,Clear or Partly Cloudy,0,"(47.62205574500007, -122.34237158599996)",0,0,N,15-71042
53853,187568,187648,Intersection,Cycles,0, ,,0,Y,03/16/2015 12:00:00 AM +0000,3/16/2015 8:11:00 AM,1,36084,At Intersection (intersection related),Daylight,17TH AVE NE AND NE 140TH ST,0,1,Y,2,3736427,Dry,18,"MOTOR VEHICLE STRUCK PEDALCYCLIST, FRONT END AT ANGLE",,2426,0,2,Injury Collision,,45,Bicycle,Matched,N,1,Clear or Partly Cloudy,0,"(47.73027352100007, -122.31000536199997)",0,0,N,2015-85901
53854,184169,184249,Block,Cycles,71.5, ,,0,Y,01/25/2015 12:00:00 AM +0000,1/25/2015 4:08:00 PM,1,,Mid-Block (not related to intersection),Daylight,HARBOR AVE SW BETWEEN LOTUS AV ACCESS RD AND FAUNTLEROY AVE SW,0,1,Y,3,3694851,Dry,18,"MOTOR VEHICLE STRUCK PEDALCYCLIST, FRONT END AT ANGLE",,10818,0,2,Injury Collision,,45,Bicycle,Matched,N,1,Clear or Partly Cloudy,0,"(47.58249942400005, -122.37352160499995)",0,0,N,2015-27891
53932,187063,187143,Block,Cycles,213, ,,0,,03/05/2015 12:00:00 AM +0000,3/5/2015 5:29:00 PM,1,,Driveway Junction,Daylight,2ND AVE BETWEEN UNIVERSITY ST AND UNION ST,0,1,Y,2,3733354,Dry,18,"MOTOR VEHICLE STRUCK PEDALCYCLIST, FRONT END AT ANGLE",,2756,0,2,Injury Collision,,45,Bicycle,Matched,N,1,Clear or Partly Cloudy,0,"(47.60779445000003, -122.33754000999994)",12161,0,N,15-73648
53972,187377,187457,Block,Cycles,222, ,,0,,03/12/2015 12:00:00 AM +0000,3/12/2015 11:35:00 AM,1,,Mid-Block (not related to intersection),Daylight,12TH AVE BETWEEN E MADISON ST AND E PIKE ST,0,1,,2,3626555,Dry,51,PEDALCYCLIST STRUCK MOTOR VEHICLE FRONT END AT ANGLE,,1536,0,2,Injury Collision,,45,Bicycle,Matched,N,1,Clear or Partly Cloudy,0,"(47.613495138000076, -122.31678450399994)",10778,0,N,2015-81444
53983,183986,184066,Intersection,Cycles,0, ,,0,,01/16/2015 12:00:00 AM +0000,1/16/2015 5:00:00 PM,1,30730,At Intersection (intersection related),Dusk,20TH AVE AND E YESLER WAY,0,1,,2,3626551,Dry,51,PEDALCYCLIST STRUCK MOTOR VEHICLE FRONT END AT ANGLE,,2929,0,2,Injury Collision,,45,Bicycle,Matched,N,1,Clear or Partly Cloudy,0,"(47.60167383500004, -122.30635179799998)",0,0,N,2015-17752
54009,185394,185474,Intersection,Cycles,0, ,,0,,02/15/2015 12:00:00 AM +0000,2/15/2015 10:12:00 AM,1,28205,At Intersection (intersection related),Daylight,10TH AVE E AND E ROANOKE W ST,0,1,,3,3706926,Dry,18,"MOTOR VEHICLE STRUCK PEDALCYCLIST, FRONT END AT ANGLE",,14728,0,2,Injury Collision,,45,Bicycle,Matched,N,1,Clear or Partly Cloudy,0,"(47.643194556000026, -122.32005642799999)",0,0,N,2015-52715
54022,185201,185281,Intersection,Cycles,0, ,,0,,02/09/2015 12:00:00 AM +0000,2/9/2015 9:13:00 AM,1,28023,At Intersection (intersection related),Unknown,DEXTER AVE N AND HOWE ST,0,1,Y,2,3696162,Wet,51,PEDALCYCLIST STRUCK MOTOR VEHICLE FRONT END AT ANGLE,,10088,0,2,Injury Collision,,45,Bicycle,Matched,N,1,Raining,0,"(47.63599560900008, -122.34240755499997)",0,0,N,15-45427
54097,187077,187157,Block,Cycles,168, ,,0,,02/28/2015 12:00:00 AM +0000,2/28/2015 7:00:00 PM,1,,Driveway Junction,Dark - Street Lights On,N NORTHGATE WAY BETWEEN AURORA AVE N AND MIDVALE AVE N,0,1,,0,E404165,Dry,18,"MOTOR VEHICLE STRUCK PEDALCYCLIST, FRONT END AT ANGLE",,16111,0,2,Injury Collision,,45,Bicycle,Matched,N,1,Clear or Partly Cloudy,0,"(47.70505030700008, -122.34401368799996)",0,0,N,2015-067831
54101,183991,184071,Intersection,Cycles,0, ,,0,,01/24/2015 12:00:00 AM +0000,1/24/2015 5:31:00 PM,1,28473,At Intersection (intersection related),Dark - Street Lights On,18TH AVE E AND BOYER AVE E,0,1,,3,3626604,Dry,18,"MOTOR VEHICLE STRUCK PEDALCYCLIST, FRONT END AT ANGLE",,9358,0,2,Injury Collision,,45,Bicycle,Matched,N,1,Clear or Partly Cloudy,0,"(47.63858826000006, -122.30869534099998)",0,0,N,15-26843
54134,183998,184078,Intersection,Cycles,0, ,,0,,01/19/2015 12:00:00 AM +0000,1/19/2015,1,28788,At Intersection (intersection related),Unknown,DEXTER AVE N AND THOMAS ST,0,1,Y,2,3641353,Dry,51,PEDALCYCLIST STRUCK MOTOR VEHICLE FRONT END AT ANGLE,,10073,0,2,Injury Collision,,45,Bicycle,Matched,N,1,Clear or Partly Cloudy,0,"(47.620888395000065, -122.34238173099999)",0,0,N,15-20889
54145,183995,184075,Intersection,Cycles,0, ,,0,,01/20/2015 12:00:00 AM +0000,1/20/2015 10:25:00 PM,1,29162,At Intersection (intersection related),Dark - Street Lights On,E DENNY WAY AND E OLIVE WAY,0,1,,3,3626654,Dry,18,"MOTOR VEHICLE STRUCK PEDALCYCLIST, FRONT END AT ANGLE",,13947,0,2,Injury Collision,,45,Bicycle,Matched,N,1,Clear or Partly Cloudy,0,"(47.61848878100005, -122.32563295099999)",0,0,N,2015-022450
54183,185982,186062,Block,Cycles,132, ,,0,,02/18/2015 12:00:00 AM +0000,2/18/2015 6:59:00 PM,1,,Mid-Block (but intersection related),Dark - Street Lights On,NE 50TH ST BETWEEN ROOSEVELT WAY NE AND 11TH AVE NE,0,1,,2,3706724,Dry,54,PEDALCYCLIST STRUCK MOTOR VEHICLE REAR END,,16930,0,2,Injury Collision,,45,Bicycle,Matched,N,1,Overcast,0,"(47.664932528000065, -122.31687117199999)",0,0,N,2015-56519
54185,186280,186360,Block,Cycles,133, ,,0,,03/02/2015 12:00:00 AM +0000,3/2/2015 7:13:00 AM,1,,Mid-Block (but intersection related),Daylight,8TH AVE NW BETWEEN NW 56TH ST AND NW 57TH ST,0,1,,2,3575114,Dry,51,PEDALCYCLIST STRUCK MOTOR VEHICLE FRONT END AT ANGLE,,8385,0,2,Injury Collision,,45,Bicycle,Matched,N,1,Clear or Partly Cloudy,0,"(47.669793983000034, -122.36617636099999)",24240,0,N,15-69192
54192,185617,185697,Intersection,Cycles,0, ,,0,Y,02/12/2015 12:00:00 AM +0000,2/12/2015 1:31:00 PM,1,24455,At Intersection (intersection related),Daylight,6TH AVE NE AND NE 72ND ST,0,1,Y,2,3706753,Dry,18,"MOTOR VEHICLE STRUCK PEDALCYCLIST, FRONT END AT ANGLE",,7917,0,2,Injury Collision,,45,Bicycle,Matched,N,1,Clear or Partly Cloudy,0,"(47.68090114200004, -122.32176953799996)",0,0,N,15-49208
54214,187397,187477,Intersection,Cycles,0, ,,0,,02/24/2015 12:00:00 AM +0000,2/24/2015 8:15:00 AM,1,26735,At Intersection (intersection related),Unknown,15TH AV W OFF RP AND W NICKERSON ST,0,1,,2,3506001,Unknown,18,"MOTOR VEHICLE STRUCK PEDALCYCLIST, FRONT END AT ANGLE",,2204,0,2,Injury Collision,,45,Bicycle,Matched,N,1,Unknown,0,"(47.65393223500007, -122.37570239699994)",0,0,N,2015-65911
54272,184194,184274,Intersection,Cycles,0, ,,0,,01/28/2015 12:00:00 AM +0000,1/28/2015 8:46:00 AM,1,27079,At Intersection (intersection related),Daylight,ROOSEVELT WAY NE AND NE 43RD S ST,0,1,Y,2,3552744,Dry,51,PEDALCYCLIST STRUCK MOTOR VEHICLE FRONT END AT ANGLE,,12597,0,2,Injury Collision,,45,Bicycle,Matched,N,1,Clear or Partly Cloudy,0,"(47.65945594600004, -122.31775170599997)",0,0,N,2015-31437
54323,187139,187219,Intersection,Cycles,0, ,,0,,02/20/2015 12:00:00 AM +0000,2/20/2015 12:24:00 PM,1,35449,At Intersection (intersection related),Daylight,RAINIER AVE S AND S FISHER PL,0,1,,0,E402191,Dry,18,"MOTOR VEHICLE STRUCK PEDALCYCLIST, FRONT END AT ANGLE",,12423,0,2,Injury Collision,,45,Bicycle,Matched,N,1,Clear or Partly Cloudy,0,"(47.521410787000036, -122.269997478)",0,0,N,2015-058392
54337,185697,185777,Block,Cycles,238, ,,0,,02/12/2015 12:00:00 AM +0000,2/12/2015 6:30:00 PM,0,,Mid-Block (not related to intersection),Unknown,LAKE WASHINGTON BLVD BETWEEN E TERRACE ST AND E JEFFERSON ST,0,1,,2,3701157,Unknown,18,"MOTOR VEHICLE STRUCK PEDALCYCLIST, FRONT END AT ANGLE",,11194,0,1,Property Damage Only Collision,,45,Bicycle,Matched,N,1,Unknown,0,"(47.60527694600006, -122.28350343499994)",0,0,N,15-49655
54346,186294,186374,Intersection,Cycles,0, ,,0,,01/26/2015 12:00:00 AM +0000,1/26/2015 1:50:00 PM,1,27123,At Intersection (intersection related),Daylight,6TH AVE NE AND NE 40TH ST,0,1,,2,3448938,Dry,51,PEDALCYCLIST STRUCK MOTOR VEHICLE FRONT END AT ANGLE,,16732,0,2,Injury Collision,,45,Bicycle,Matched,N,1,Clear or Partly Cloudy,0,"(47.65551733600006, -122.32269173899999)",0,0,N,15-000163
54469,185704,185784,Block,Cycles,213, ,,0,Y,02/19/2015 12:00:00 AM +0000,2/19/2015 11:01:00 AM,1,,Mid-Block (not related to intersection),Daylight,DEXTER AVE N BETWEEN HARRISON ST AND REPUBLICAN ST,0,1,,2,3641236,Wet,51,PEDALCYCLIST STRUCK MOTOR VEHICLE FRONT END AT ANGLE,,10074,0,2,Injury Collision,,45,Bicycle,Matched,N,1,Overcast,0,"(47.62263838000007, -122.34236643899999)",0,0,N,2015-57157
54505,186857,186937,Block,Cycles,321.5, ,,0,,03/06/2015 12:00:00 AM +0000,3/6/2015 12:28:00 PM,1,,Driveway Junction,Daylight,MARION ST BETWEEN MINOR AVE AND BOYLSTON AVE,0,1,,3,3626554,Dry,11,"MOTOR VEHICLE STRUCK MOTOR VEHICLE, FRONT END AT ANGLE",,11673,0,2,Injury Collision,,45,Bicycle,Matched,N,1,Clear or Partly Cloudy,0,"(47.609552001000054, -122.32226920799997)",0,0,N,2015-74460
54509,186840,186920,Intersection,Cycles,0, ,,0,,02/12/2015 12:00:00 AM +0000,2/12/2015 7:45:00 PM,1,30727,At Intersection (intersection related),Dark - Street Lights On,17TH AVE AND E YESLER WAY,0,1,,0,E401312,Dry,18,"MOTOR VEHICLE STRUCK PEDALCYCLIST, FRONT END AT ANGLE",,2356,0,2,Injury Collision,,45,Bicycle,Matched,N,1,Clear or Partly Cloudy,0,"(47.60168055300005, -122.31026488399999)",0,0,N,2015-49710
54512,186839,186919,Intersection,Cycles,0, ,,0,,02/18/2015 12:00:00 AM +0000,2/18/2015 6:34:00 AM,1,29613,At Intersection (intersection related),Dark - Street Lights On,2ND AVE AND SPRING ST,0,1,,0,E401616,Dry,51,PEDALCYCLIST STRUCK MOTOR VEHICLE FRONT END AT ANGLE,,2754,0,2,Injury Collision,,45,Bicycle,Matched,N,1,Clear or Partly Cloudy,0,"(47.605872617000045, -122.33578172399996)",2754,0,N,2015-55813
54559,185457,185537,Intersection,Cycles,0, ,,0,,02/13/2015 12:00:00 AM +0000,2/13/2015 5:20:00 PM,1,30015,At Intersection (intersection related),Daylight,26TH AVE AND E PIKE ST,0,1,,2,3626826,Dry,00,NOT ENOUGH INFORMATION / NOT APPLICABLE,,3837,0,2,Injury Collision,,45,Bicycle,Matched,N,1,Clear or Partly Cloudy,0,"(47.614133587000026, -122.29879217599995)",0,0,N,2015-50798
54575,185441,185521,Intersection,Cycles,0, ,,0,Y,02/17/2015 12:00:00 AM +0000,2/17/2015 2:55:00 PM,1,25966,At Intersection (intersection related),Daylight,NE 45TH PL AND NE 45TH ST,0,1,,2,3576968,Dry,18,"MOTOR VEHICLE STRUCK PEDALCYCLIST, FRONT END AT ANGLE",,13188,0,2,Injury Collision,,45,Bicycle,Matched,N,1,Clear or Partly Cloudy,0,"(47.661243306000074, -122.292863523)",0,0,N,2015-55122
54600,185445,185525,Intersection,Cycles,0, ,,0,,02/12/2015 12:00:00 AM +0000,2/12/2015 5:07:00 PM,1,29937,At Intersection (intersection related),Dusk,8TH AVE AND MARION ST,0,1,,2,3626801,Dry,18,"MOTOR VEHICLE STRUCK PEDALCYCLIST, FRONT END AT ANGLE",,8275,0,2,Injury Collision,,45,Bicycle,Matched,N,1,Clear or Partly Cloudy,0,"(47.60723100700005, -122.32781844699997)",0,0,N,15-49520