OBJECTID,INCKEY,COLDETKEY,ADDRTYPE,COLLISIONTYPE,DISTANCE,EXCEPTRSNCODE,EXCEPTRSNDESC,FATALITIES,INATTENTIONIND,INCDATE,INCDTTM,INJURIES,INTKEY,JUNCTIONTYPE,LIGHTCOND,LOCATION,PEDCOUNT,PEDCYLCOUNT,PEDROWNOTGRNT,PERSONCOUNT,REPORTNO,ROADCOND,SDOT_COLCODE,SDOT_COLDESC,SDOTCOLNUM,SEGKEY,SERIOUSINJURIES,SEVERITYCODE,SEVERITYDESC,SPEEDING,ST_COLCODE,ST_COLDESC,STATUS,UNDERINFL,VEHCOUNT,WEATHER,WIDTH,Shape,SEGLANEKEY,CROSSWALKKEY,HITPARKEDCAR,SPDCASENO
54612,186310,186390,,Cycles,,NEI,"Not Enough Information, or Insufficient Location Information",0,,01/21/2015 12:00:00 AM +0000,1/21/2015 1:47:00 PM,0,,Mid-Block (not related to intersection),Daylight,,0,1,,2,3519585,Dry,00,NOT ENOUGH INFORMATION / NOT APPLICABLE,,,0,1,Property Damage Only Collision,,45,Bicycle,Matched,N,1,Clear or Partly Cloudy,0,,0,0,N,115000131
54616,187433,187513,Block,Cycles,629, ,,0,,03/13/2015 12:00:00 AM +0000,3/13/2015 3:47:00 PM,1,,Mid-Block (not related to intersection),Daylight,DELRIDGE WAY SW BETWEEN SW JUNEAU ST AND 24TH AVE SW,0,1,,2,3587754,Dry,51,PEDALCYCLIST STRUCK MOTOR VEHICLE FRONT END AT ANGLE,,9970,0,2,Injury Collision,,45,Bicycle,Matched,N,1,Clear or Partly Cloudy,0,"(47.548385256000074, -122.36303174499994)",0,0,N,15-83055
54640,187434,187514,Block,Cycles,610.5, ,,0,,03/12/2015 12:00:00 AM +0000,3/12/2015 2:59:00 PM,1,,Mid-Block (not related to intersection),Daylight,HARBOR AVE SW BETWEEN CALIFORNIA WAY SW AND FAIRMOUNT AVE SW,0,1,,2,3588327,Dry,51,PEDALCYCLIST STRUCK MOTOR VEHICLE FRONT END AT ANGLE,,10815,1,2b,Serious Injury Collision,,45,Bicycle,Matched,N,1,Clear or Partly Cloudy,0,"(47.588294606000034, -122.37982308899996)",0,0,N,2015-81707
54709,185481,185561,Intersection,Cycles,0, ,,0,,02/13/2015 12:00:00 AM +0000,2/13/2015 6:08:00 PM,1,24908,At Intersection (intersection related),Dark - Street Lights On,35TH AVE NE AND NE 80TH ST,0,1,,2,3707971,Dry,18,"MOTOR VEHICLE STRUCK PEDALCYCLIST, FRONT END AT ANGLE",,5365,0,2,Injury Collision,,45,Bicycle,Matched,N,1,Overcast,0,"(47.68667846300008, -122.29059807399994)",0,0,N,15-50856
54726,186323,186403,Block,Cycles,161, ,,0,,02/12/2015 12:00:00 AM +0000,2/12/2015 12:42:00 PM,1,,Mid-Block (not related to intersection),Daylight,STEWART ST BETWEEN 6TH AVE AND 7TH AVE,0,1,,3,3591056,Dry,56,PEDALCYCLIST STRUCK MOTOR VEHICLE LEFT SIDE SIDESWIPE,,12903,0,2,Injury Collision,,45,Bicycle,Matched,N,1,Clear or Partly Cloudy,0,"(47.613954110000066, -122.33658602599996)",136480,0,N,15-49154
54728,185477,185557,Block,Cycles,213, ,,0,,02/17/2015 12:00:00 AM +0000,2/17/2015 8:09:00 AM,1,,Driveway Junction,Daylight,2ND AVE BETWEEN UNIVERSITY ST AND UNION ST,0,1,Y,2,3591048,Dry,18,"MOTOR VEHICLE STRUCK PEDALCYCLIST, FRONT END AT ANGLE",,2756,0,2,Injury Collision,Y,45,Bicycle,Matched,N,1,Clear or Partly Cloudy,0,"(47.60779445000003, -122.33754000999994)",0,0,N,15-54718
54797,186327,186407,Block,Cycles,262, ,,0,,02/25/2015 12:00:00 AM +0000,2/25/2015 4:36:00 PM,1,,Driveway Junction,Daylight,S ALASKA ST BETWEEN RAINIER AVE S AND 38TH AVE S,0,1,,1,3708986,Wet,69,PEDALCYCLIST OVERTURNED IN ROAD,,19311,0,2,Injury Collision,,45,Bicycle,Matched,N,0,Overcast,0,"(47.56074452000007, -122.28596862299997)",0,0,N,2015-64057
54810,188020,188100,Intersection,Cycles,0, ,,0,,03/23/2015 12:00:00 AM +0000,3/23/2015 10:24:00 AM,1,27093,At Intersection (intersection related),Daylight,ROOSEVELT WAY NE AND NE 42ND S ST,0,1,Y,2,3642095,Wet,51,PEDALCYCLIST STRUCK MOTOR VEHICLE FRONT END AT ANGLE,,12595,0,2,Injury Collision,,45,Bicycle,Matched,N,1,Raining,0,"(47.65751422500006, -122.31780212899997)",8985,0,N,2015-94553
54821,184775,184855,Block,Cycles,185,NEI,"Not Enough Information, or Insufficient Location Information",0,,01/26/2015 12:00:00 AM +0000,1/26/2015 10:00:00 AM,0,,Mid-Block (not related to intersection),Unknown,15TH AVE E BETWEEN E HARRISON N ST AND E REPUBLICAN S ST,0,1,,2,3732390,Unknown,00,NOT ENOUGH INFORMATION / NOT APPLICABLE,,2007,0,1,Property Damage Only Collision,,45,Bicycle,Matched,N,1,Unknown,0,"(47.62259390200006, -122.31263653499997)",0,0,N,15-31931
54859,186078,186158,Block,Cycles,48.5, ,,0,,02/25/2015 12:00:00 AM +0000,2/25/2015 5:28:00 PM,1,,Mid-Block (but intersection related),Daylight,DELRIDGE WAY SW BETWEEN SW SPOKANE ST AND CHELAN SR AVE SW,0,1,,2,3644466,Wet,18,"MOTOR VEHICLE STRUCK PEDALCYCLIST, FRONT END AT ANGLE",,9956,0,2,Injury Collision,,45,Bicycle,Matched,N,1,Raining,0,"(47.57196645200003, -122.36004532199996)",0,0,N,2015-64116
54884,186338,186418,Block,Cycles,372, ,,0,,02/23/2015 12:00:00 AM +0000,2/23/2015 1:35:00 PM,1,,Driveway Junction,Daylight,RAILROAD WAY S BETWEEN S KING ST AND 1ST N AVE S,0,1,,2,3732531,Dry,51,PEDALCYCLIST STRUCK MOTOR VEHICLE FRONT END AT ANGLE,,12336,0,2,Injury Collision,,45,Bicycle,Matched,N,1,Clear or Partly Cloudy,0,"(47.59734160000005, -122.33496056299998)",0,0,N,15-61625
54966,185069,185149,Intersection,Cycles,0, ,,0,Y,02/04/2015 12:00:00 AM +0000,2/4/2015 6:13:00 AM,1,36622,At Intersection (intersection related),Dark - Street Lights On,LAKE CITY WAY NE AND NE 120TH ST,0,1,Y,2,3641744,Dry,18,"MOTOR VEHICLE STRUCK PEDALCYCLIST, FRONT END AT ANGLE",,11179,0,2,Injury Collision,,45,Bicycle,Matched,N,1,Clear or Partly Cloudy,0,"(47.71561398600005, -122.29740077499997)",0,0,N,2015-39624
55034,186347,186427,Block,Cycles,213, ,,0,Y,02/23/2015 12:00:00 AM +0000,2/23/2015 3:59:00 PM,1,,Mid-Block (not related to intersection),Daylight,9TH AVE N BETWEEN JOHN ST AND THOMAS ST,0,1,,2,3733205,Dry,51,PEDALCYCLIST STRUCK MOTOR VEHICLE FRONT END AT ANGLE,,8530,0,2,Injury Collision,,45,Bicycle,Matched,N,1,Clear or Partly Cloudy,0,"(47.62029333900006, -122.33977366199997)",15960,0,N,15-61775
55054,186671,186751,Intersection,Cycles,0, ,,0,,02/28/2015 12:00:00 AM +0000,2/28/2015 12:00:00 PM,1,25659,At Intersection (intersection related),Daylight,DAYTON AVE N AND N 50TH ST,0,1,,2,3645946,Unknown,24,MOTOR VEHCILE STRUCK PEDESTRIAN,,15640,0,2,Injury Collision,,45,Bicycle,Matched,N,1,Unknown,0,"(47.66501761200004, -122.35271069499998)",0,524115,N,2015-69352
55055,186666,186746,Block,Cycles,213, ,,0,,03/04/2015 12:00:00 AM +0000,3/4/2015 6:19:00 PM,1,,Driveway Junction,Dark - Street Lights On,DEXTER AVE N BETWEEN THOMAS ST AND HARRISON ST,0,1,,2,3585106,Dry,18,"MOTOR VEHICLE STRUCK PEDALCYCLIST, FRONT END AT ANGLE",,10073,0,2,Injury Collision,,45,Bicycle,Matched,N,1,Clear or Partly Cloudy,0,"(47.62147070300006, -122.34237666999996)",12620,0,N,2015-72423
55069,188038,188118,Intersection,Cycles,0, ,,0,,03/19/2015 12:00:00 AM +0000,3/19/2015 7:25:00 PM,1,287164,At Intersection (intersection related),Dusk,30TH AVE NE AND BURKE GILMAN TRL,0,1,,2,3575438,Dry,18,"MOTOR VEHICLE STRUCK PEDALCYCLIST, FRONT END AT ANGLE",,287208,0,2,Injury Collision,,45,Bicycle,Matched,N,1,Clear or Partly Cloudy,0,"(47.66444733600008, -122.29561786299996)",287208,0,N,2015-90547
55129,184246,184326,Block,Cycles,154.5, ,,0,,01/21/2015 12:00:00 AM +0000,1/21/2015 6:10:00 PM,0,,Mid-Block (not related to intersection),Dark - Street Lights On,ALASKAN WAY BETWEEN CLAY ST AND BROAD ST,0,1,,2,3732412,Dry,21,"MOTOR VEHICLE STRUCK PEDALCYCLIST, REAR END",,8733,0,1,Property Damage Only Collision,,45,Bicycle,Matched,N,1,Clear or Partly Cloudy,0,"(47.61471048400006, -122.35449693499999)",0,0,N,15-23454
55190,191309,191389,Block,Cycles,212.5, ,,0,,04/27/2015 12:00:00 AM +0000,4/27/2015 4:10:00 PM,1,,Mid-Block (but intersection related),Daylight,MERIDIAN AVE N BETWEEN N NORTHLAKE WAY AND N 34TH ST,0,1,,3,3591819,Dry,11,"MOTOR VEHICLE STRUCK MOTOR VEHICLE, FRONT END AT ANGLE",,11780,0,2,Injury Collision,Y,45,Bicycle,Matched,N,1,Clear or Partly Cloudy,0,"(47.64744824100006, -122.33392032899997)",0,0,N,2015-137733
55196,192138,192218,Block,Cycles,128, ,,0,,04/07/2015 12:00:00 AM +0000,4/7/2015 9:43:00 AM,1,,Mid-Block (not related to intersection),Daylight,15TH AVE S BETWEEN 15TH AVS TURN RD AND S COLUMBIAN N WAY,0,1,,0,E414454,Dry,51,PEDALCYCLIST STRUCK MOTOR VEHICLE FRONT END AT ANGLE,,2153,0,2,Injury Collision,,45,Bicycle,Matched,N,1,Overcast,0,"(47.569518121000044, -122.31342877599997)",0,0,N,2015-113162
55227,188583,188663,Block,Cycles,610.5, ,,0,,03/26/2015 12:00:00 AM +0000,3/26/2015 11:53:00 PM,1,,Driveway Junction,Dark - Street Lights On,HARBOR AVE SW BETWEEN CALIFORNIA WAY SW AND FAIRMOUNT AVE SW,0,1,Y,3,3587701,Dry,18,"MOTOR VEHICLE STRUCK PEDALCYCLIST, FRONT END AT ANGLE",,10815,0,2,Injury Collision,,45,Bicycle,Matched,N,1,Clear or Partly Cloudy,0,"(47.588294606000034, -122.37982308899996)",4189,0,N,2015-99168
55290,189449,189529,Intersection,Cycles,0, ,,0,,04/09/2015 12:00:00 AM +0000,4/9/2015 1:43:00 PM,1,27124,At Intersection (intersection related),Daylight,PASADENA PL NE AND NE 40 UPPER ST,0,1,,2,3736778,Dry,51,PEDALCYCLIST STRUCK MOTOR VEHICLE FRONT END AT ANGLE,,12120,1,2b,Serious Injury Collision,,45,Bicycle,Matched,N,1,Clear or Partly Cloudy,0,"(47.65588798300007, -122.32189084899994)",0,0,N,2015-115977
55303,191659,191739,Block,Cycles,192, ,,0,Y,05/03/2015 12:00:00 AM +0000,5/3/2015 5:25:00 PM,1,,Mid-Block (not related to intersection),Daylight,ALKI AVE SW BETWEEN 59TH AVE SW AND 60TH AVE SW,0,1,,2,3385966,Dry,18,"MOTOR VEHICLE STRUCK PEDALCYCLIST, FRONT END AT ANGLE",,8796,0,2,Injury Collision,,45,Bicycle,Matched,N,1,Clear or Partly Cloudy,0,"(47.57977779200007, -122.40866226299994)",0,0,N,2015-144747
55451,191359,191439,Intersection,Cycles,0, ,,0,,04/16/2015 12:00:00 AM +0000,4/16/2015 11:24:00 AM,1,27093,At Intersection (intersection related),Daylight,ROOSEVELT WAY NE AND NE 42ND S ST,0,1,,2,3591200,Dry,51,PEDALCYCLIST STRUCK MOTOR VEHICLE FRONT END AT ANGLE,,12595,0,2,Injury Collision,,45,Bicycle,Matched,N,1,Clear or Partly Cloudy,0,"(47.65751422500006, -122.31780212899997)",8985,0,N,15-123843
55546,189693,189773,Block,Cycles,418, ,,0,,04/10/2015 12:00:00 AM +0000,4/10/2015 8:23:00 AM,1,,Mid-Block (not related to intersection),Daylight,EASTLAKE AVE E BETWEEN PROSPECT ST AND E NELSON PL,0,1,,3,3591000,Dry,51,PEDALCYCLIST STRUCK MOTOR VEHICLE FRONT END AT ANGLE,,334269,0,2,Injury Collision,,45,Bicycle,Matched,N,1,Clear or Partly Cloudy,0,"(47.62965397600004, -122.32861177999996)",11616,0,N,2015-116870
55616,192397,192477,Intersection,Cycles,0, ,,0,,05/05/2015 12:00:00 AM +0000,5/5/2015 11:01:00 AM,1,35033,At Intersection (intersection related),Daylight,16TH AVE SW AND SW HENDERSON ST,0,1,,2,3588332,Dry,51,PEDALCYCLIST STRUCK MOTOR VEHICLE FRONT END AT ANGLE,,2348,0,2,Injury Collision,,45,Bicycle,Matched,N,1,Clear or Partly Cloudy,0,"(47.52287008800005, -122.35510445399996)",0,0,N,2015-146691
55623,191370,191450,Intersection,Cycles,0, ,,0,Y,04/16/2015 12:00:00 AM +0000,4/16/2015 8:33:00 PM,1,37375,At Intersection (intersection related),Dusk,WALLINGFORD AVE N AND N 85TH ST,0,1,,2,3738506,Dry,18,"MOTOR VEHICLE STRUCK PEDALCYCLIST, FRONT END AT ANGLE",,13389,0,2,Injury Collision,,45,Bicycle,Matched,N,1,Clear or Partly Cloudy,0,"(47.69050090300004, -122.33644048199994)",0,0,N,2015-124486
55641,191160,191240,Intersection,Cycles,0, ,,0,Y,04/20/2015 12:00:00 AM +0000,4/20/2015 3:17:00 PM,1,27079,At Intersection (intersection related),Daylight,ROOSEVELT WAY NE AND NE 43RD S ST,0,1,,3,3736780,Dry,18,"MOTOR VEHICLE STRUCK PEDALCYCLIST, FRONT END AT ANGLE",,12597,0,2,Injury Collision,,45,Bicycle,Matched,N,1,Clear or Partly Cloudy,0,"(47.65945594600004, -122.31775170599997)",8995,0,N,2015-129172
55771,191738,191818,Intersection,Cycles,0, ,,0,,05/03/2015 12:00:00 AM +0000,5/3/2015 12:37:00 AM,1,30686,At Intersection (intersection related),Dark - Street Lights On,M L KING JR WAY S AND S JUDKINS ST,0,1,Y,2,3707192,Dry,18,"MOTOR VEHICLE STRUCK PEDALCYCLIST, FRONT END AT ANGLE",,11508,0,2,Injury Collision,,45,Bicycle,Matched,N,1,Clear or Partly Cloudy,0,"(47.59204988700003, -122.297633916)",12941,0,N,2015-144087
55793,192425,192505,Intersection,Cycles,0, ,,0,,04/28/2015 12:00:00 AM +0000,4/28/2015 5:22:00 PM,1,32672,At Intersection (intersection related),Daylight,RAINIER AVE S AND S CHARLESTOWN ST,0,1,,0,E420644,Wet,18,"MOTOR VEHICLE STRUCK PEDALCYCLIST, FRONT END AT ANGLE",,11378,0,2,Injury Collision,,45,Bicycle,Matched,N,1,Raining,0,"(47.56977061300006, -122.29069886499997)",0,524336,N,2015-139096
55824,188915,188995,Intersection,Cycles,0, ,,0,Y,03/30/2015 12:00:00 AM +0000,3/30/2015 1:30:00 PM,1,36592,At Intersection (intersection related),Daylight,BAGLEY AVE N AND N 106TH ST,0,1,,2,3706892,Dry,51,PEDALCYCLIST STRUCK MOTOR VEHICLE FRONT END AT ANGLE,,9027,0,2,Injury Collision,,45,Bicycle,Matched,N,1,Clear or Partly Cloudy,0,"(47.705933635000065, -122.332603974)",0,0,N,15-105807
55833,189304,189384,Intersection,Cycles,0, ,,0,,03/18/2015 12:00:00 AM +0000,3/18/2015 8:12:00 AM,1,29734,At Intersection (intersection related),Daylight,BOYLSTON AVE AND E PINE ST,0,1,,0,E409647,Dry,18,"MOTOR VEHICLE STRUCK PEDALCYCLIST, FRONT END AT ANGLE",,9375,0,2,Injury Collision,,45,Bicycle,Matched,N,1,Overcast,0,"(47.61523114200003, -122.32341547099998)",14632,0,N,2015-88444
55883,190898,190978,Intersection,Cycles,0, ,,0,,04/15/2015 12:00:00 AM +0000,4/15/2015 4:49:00 PM,1,29918,At Intersection (intersection related),Daylight,9TH AVE AND SPRING ST,0,1,Y,2,3707014,Dry,18,"MOTOR VEHICLE STRUCK PEDALCYCLIST, FRONT END AT ANGLE",,8517,1,2b,Serious Injury Collision,,45,Bicycle,Matched,N,1,Clear or Partly Cloudy,0,"(47.60912237400004, -122.32801317499997)",0,0,N,2015-123064
55896,191386,191466,Block,Cycles,133, ,,0,,04/27/2015 12:00:00 AM +0000,4/27/2015 5:47:00 PM,0,,Mid-Block (not related to intersection),Daylight,14TH AVE NW BETWEEN NW 61ST ST AND NW 62ND ST,0,1,,2,3738478,Dry,18,"MOTOR VEHICLE STRUCK PEDALCYCLIST, FRONT END AT ANGLE",,1901,0,1,Property Damage Only Collision,,45,Bicycle,Matched,N,1,Clear or Partly Cloudy,0,"(47.67344965800004, -122.373578082)",0,0,N,2015-137850
56039,190060,190140,Block,Cycles,213, ,,0,Y,03/26/2015 12:00:00 AM +0000,3/26/2015 4:16:00 PM,1,,Mid-Block (not related to intersection),Daylight,WESTERN AVE BETWEEN UNIVERSITY ST AND UNION ST,0,1,,3,3733289,Dry,51,PEDALCYCLIST STRUCK MOTOR VEHICLE FRONT END AT ANGLE,,13502,0,2,Injury Collision,,45,Bicycle,Matched,N,1,Clear or Partly Cloudy,0,"(47.606865973000026, -122.33976041099999)",0,0,N,2015-98647
56058,191202,191282,Intersection,Cycles,0, ,,0,,04/22/2015 12:00:00 AM +0000,4/22/2015 8:35:00 AM,1,27093,At Intersection (intersection related),Daylight,ROOSEVELT WAY NE AND NE 42ND S ST,0,1,Y,2,3738438,Dry,18,"MOTOR VEHICLE STRUCK PEDALCYCLIST, FRONT END AT ANGLE",,12595,0,2,Injury Collision,,45,Bicycle,Matched,N,1,Clear or Partly Cloudy,0,"(47.65751422500006, -122.31780212899997)",8985,0,N,2015-131136
56152,188926,189006,Intersection,Cycles,0, ,,0,Y,04/04/2015 12:00:00 AM +0000,4/4/2015 6:19:00 PM,1,24267,At Intersection (intersection related),Daylight,GREENWOOD AVE N AND N 84TH ST,0,1,,2,3736832,Dry,51,PEDALCYCLIST STRUCK MOTOR VEHICLE FRONT END AT ANGLE,,10751,0,2,Injury Collision,,45,Bicycle,Matched,N,1,Clear or Partly Cloudy,0,"(47.68983726600004, -122.35530146599996)",0,0,N,2015-110231
56208,192202,192282,Block,Cycles,161, ,,0,Y,04/28/2015 12:00:00 AM +0000,4/28/2015 5:12:00 AM,1,,Mid-Block (not related to intersection),Dark - Street Lights On,S JACKSON ST BETWEEN MAYNARD AVE S AND 7TH AVE S,0,1,,1,3739755,Dry,69,PEDALCYCLIST OVERTURNED IN ROAD,,20490,0,2,Injury Collision,,45,Bicycle,Matched,Y,0,,0,"(47.59918968200003, -122.32440465099995)",0,0,N,2015-138310
56220,191877,191957,Block,Cycles,332, ,,0,Y,05/01/2015 12:00:00 AM +0000,5/1/2015 10:29:00 AM,1,,Driveway Junction,Daylight,AURORA AVE N BETWEEN N 125TH ST AND N 127TH ST,0,1,,2,3738530,Dry,18,"MOTOR VEHICLE STRUCK PEDALCYCLIST, FRONT END AT ANGLE",,8992,1,2b,Serious Injury Collision,,45,Bicycle,Matched,N,1,Clear or Partly Cloudy,0,"(47.72048062700003, -122.34494681799998)",8992,0,N,2015-142109
56229,191224,191304,Intersection,Cycles,0, ,,0,,04/24/2015 12:00:00 AM +0000,4/24/2015 5:41:00 PM,1,36021,At Intersection (intersection related),Daylight,27TH AVE NE AND NE 137TH ST,0,1,Y,2,3736977,Dry,18,"MOTOR VEHICLE STRUCK PEDALCYCLIST, FRONT END AT ANGLE",,4042,0,2,Injury Collision,,45,Bicycle,Matched,N,1,Clear or Partly Cloudy,0,"(47.728353629000026, -122.29917291699996)",36019,0,N,2015-1304
56261,192456,192536,Intersection,Cycles,0, ,,0,Y,05/07/2015 12:00:00 AM +0000,5/7/2015 10:25:00 PM,1,29847,At Intersection (intersection related),Dark - Street Lights On,MELROSE AVE AND OLIVE WAY,0,1,Y,2,3707155,Dry,18,"MOTOR VEHICLE STRUCK PEDALCYCLIST, FRONT END AT ANGLE",,11756,0,2,Injury Collision,,45,Bicycle,Matched,Y,1,Clear or Partly Cloudy,0,"(47.61664171000007, -122.32788067299998)",0,29847,N,2015-150028
56316,191418,191498,Intersection,Cycles,0, ,,0,,04/29/2015 12:00:00 AM +0000,4/29/2015 5:09:00 PM,1,30482,At Intersection (intersection related),Daylight,2ND AVE AND JAMES ST,0,1,,2,3736376,Dry,51,PEDALCYCLIST STRUCK MOTOR VEHICLE FRONT END AT ANGLE,,2749,0,2,Injury Collision,,45,Bicycle,Matched,N,1,Clear or Partly Cloudy,0,"(47.60230560100007, -122.33251943999994)",12028,0,N,15-140229
56365,191958,192038,Intersection,Cycles,0, ,,0,,05/02/2015 12:00:00 AM +0000,5/2/2015 1:45:00 PM,1,27203,At Intersection (intersection related),Daylight,1ST AVE NE AND NE 43RD ST,0,1,,2,3736361,Dry,51,PEDALCYCLIST STRUCK MOTOR VEHICLE FRONT END AT ANGLE,,1065,0,2,Injury Collision,,45,Bicycle,Matched,N,1,Clear or Partly Cloudy,0,"(47.65904018900005, -122.32829662099999)",27203,0,N,2015-143483
56419,188978,189058,Intersection,Cycles,0, ,,0,,03/19/2015 12:00:00 AM +0000,3/19/2015 5:28:00 PM,1,29757,At Intersection (intersection related),Daylight,BROADWAY AND E UNION ST,0,1,,0,E409518,Wet,51,PEDALCYCLIST STRUCK MOTOR VEHICLE FRONT END AT ANGLE,,9446,0,2,Injury Collision,,45,Bicycle,Matched,N,1,Raining,0,"(47.61296336300006, -122.32076237799998)",9445,0,N,2015-090408
56534,192228,192308,Block,Cycles,380.5, ,,0,,05/04/2015 12:00:00 AM +0000,5/4/2015 7:52:00 AM,1,,Mid-Block (not related to intersection),Daylight,S JACKSON ST BETWEEN 12TH AVE S AND 14TH AVE S,0,1,,1,E421520,Dry,69,PEDALCYCLIST OVERTURNED IN ROAD,,20494,1,2b,Serious Injury Collision,,45,Bicycle,Matched,N,1,Clear or Partly Cloudy,0,"(47.59919951900008, -122.31568207499998)",0,0,N,2015-145264
56551,189081,189161,Intersection,Cycles,0, ,,0,,04/06/2015 12:00:00 AM +0000,4/6/2015 9:05:00 AM,1,29579,At Intersection (intersection related),Daylight,4TH AVE AND PINE ST,0,1,Y,2,3590992,Dry,18,"MOTOR VEHICLE STRUCK PEDALCYCLIST, FRONT END AT ANGLE",,6133,0,2,Injury Collision,,45,Bicycle,Matched,N,1,Clear or Partly Cloudy,0,"(47.61120737300007, -122.33759198199999)",12764,0,N,2015-111935
56609,190116,190196,Intersection,Cycles,0, ,,0,,03/26/2015 12:00:00 AM +0000,3/26/2015 10:45:00 AM,1,24570,At Intersection (intersection related),Daylight,SUNNYSIDE AVE N AND EAST GREEN LAKE DR N,0,1,,2,3549634,Dry,51,PEDALCYCLIST STRUCK MOTOR VEHICLE FRONT END AT ANGLE,,13016,0,2,Injury Collision,,45,Bicycle,Matched,N,1,Clear or Partly Cloudy,0,"(47.682641587000035, -122.32958468499999)",0,0,N,15-98225
56636,192238,192318,Intersection,Cycles,0, ,,0,,04/18/2015 12:00:00 AM +0000,4/18/2015 11:41:00 AM,1,31507,At Intersection (intersection related),Daylight,M L KING JR WAY S AND S BAYVIEW S ST,0,1,,0,E417181,Dry,18,"MOTOR VEHICLE STRUCK PEDALCYCLIST, FRONT END AT ANGLE",,11518,0,2,Injury Collision,,45,Bicycle,Matched,N,1,Clear or Partly Cloudy,0,"(47.58126700100007, -122.29699071399995)",0,0,N,2015-126537
56639,192236,192316,Block,Cycles,213.5, ,,0,,04/17/2015 12:00:00 AM +0000,4/17/2015 9:22:00 AM,1,,Mid-Block (not related to intersection),Daylight,6TH AVE BETWEEN PINE ST AND OLIVE WAY,0,1,,0,E417132,Dry,18,"MOTOR VEHICLE STRUCK PEDALCYCLIST, FRONT END AT ANGLE",,7884,0,2,Injury Collision,,45,Bicycle,Matched,N,1,Clear or Partly Cloudy,0,"(47.612633294000034, -122.33582748299995)",0,0,N,2015-124992
56667,191972,192052,Intersection,Cycles,0, ,,0,,04/07/2015 12:00:00 AM +0000,4/7/2015 8:43:00 AM,1,25418,At Intersection (intersection related),Daylight,8TH AVE NW AND NW 56TH ST,0,1,,0,E416522,Dry,18,"MOTOR VEHICLE STRUCK PEDALCYCLIST, FRONT END AT ANGLE",,8385,0,2,Injury Collision,,45,Bicycle,Matched,N,1,Overcast,0,"(47.66943046700004, -122.36617831099994)",8384,0,N,2015-113095
56766,191258,191338,Block,Cycles,213, ,,0,,04/21/2015 12:00:00 AM +0000,4/21/2015 8:53:00 AM,2,,Mid-Block (not related to intersection),Daylight,2ND AVE BETWEEN UNION ST AND PIKE ST,0,2,,4,3739580,Dry,18,"MOTOR VEHICLE STRUCK PEDALCYCLIST, FRONT END AT ANGLE",,2757,0,2,Injury Collision,,45,Bicycle,Matched,N,1,Clear or Partly Cloudy,0,"(47.60878749200003, -122.33844845799996)",0,0,N,2015-129977
56962,188730,188810,Intersection,Cycles,0, ,,0,Y,03/24/2015 12:00:00 AM +0000,3/24/2015 12:04:00 PM,1,35788,At Intersection (intersection related),Daylight,GREENWOOD AVE N AND N 140TH ST,0,1,,2,3575519,Dry,18,"MOTOR VEHICLE STRUCK PEDALCYCLIST, FRONT END AT ANGLE",,10793,0,2,Injury Collision,,45,Bicycle,Matched,N,1,Clear or Partly Cloudy,0,"(47.73049746300006, -122.35556310999999)",0,0,N,2015-95842
56996,189918,189998,Intersection,Cycles,0, ,,0,Y,03/27/2015 12:00:00 AM +0000,3/27/2015 6:20:00 PM,0,25183,At Intersection (intersection related),Daylight,17TH AVE NW AND SHILSHOLE AVE NW,0,1,,2,3736353,Dry,18,"MOTOR VEHICLE STRUCK PEDALCYCLIST, FRONT END AT ANGLE",,2428,0,1,Property Damage Only Collision,,45,Bicycle,Matched,N,1,Clear or Partly Cloudy,0,"(47.66238965500003, -122.37889419899994)",0,0,N,2015-100169
57179,191058,191138,Block,Cycles,324.5, ,,0,,04/19/2015 12:00:00 AM +0000,4/19/2015 2:38:00 PM,1,,Driveway Junction,Daylight,47TH AVE S BETWEEN S GRAHAM ST AND S MORGAN ST,0,1,,2,3730165,Dry,51,PEDALCYCLIST STRUCK MOTOR VEHICLE FRONT END AT ANGLE,,7024,0,2,Injury Collision,,45,Bicycle,Matched,N,1,Clear or Partly Cloudy,0,"(47.54515463200005, -122.27371077699996)",7024,0,N,2015-127936
57200,191282,191362,Intersection,Cycles,0, ,,0,,04/22/2015 12:00:00 AM +0000,4/22/2015 9:34:00 PM,0,29587,At Intersection (intersection related),Dark - Street Lights On,3RD AVE AND PIKE ST,0,1,Y,2,3739533,Dry,18,"MOTOR VEHICLE STRUCK PEDALCYCLIST, FRONT END AT ANGLE",,4384,0,1,Property Damage Only Collision,,45,Bicycle,Matched,N,1,Clear or Partly Cloudy,0,"(47.60974973300006, -122.33779291599996)",0,0,N,2015-132031
57218,192101,192181,Intersection,Cycles,0, ,,0,,05/02/2015 12:00:00 AM +0000,5/2/2015 12:20:00 PM,1,30348,At Intersection (intersection related),Daylight,1ST AVE AND COLUMBIA ST,0,1,Y,3,3739231,Dry,18,"MOTOR VEHICLE STRUCK PEDALCYCLIST, FRONT END AT ANGLE",,1002,0,2,Injury Collision,,45,Bicycle,Matched,N,1,Clear or Partly Cloudy,0,"(47.60326855800008, -122.33493456599996)",1002,0,N,2015-143385
57250,191498,191578,Block,Cycles,115, ,,0,,03/31/2015 12:00:00 AM +0000,3/31/2015 3:19:00 PM,1,,Mid-Block (not related to intersection),Daylight,PINE ST BETWEEN MINOR AVE AND MELROSE AVE,0,1,,0,E412383,Wet,23,"MOTOR VEHICLE STRUCK PEDALCYCLIST, LEFT SIDE SIDESWIPE",,12225,0,2,Injury Collision,,45,Bicycle,Matched,N,1,Overcast,0,"(47.61508065500004, -122.32831087699998)",10330,0,N,2015-104918