OBJECTID,INCKEY,COLDETKEY,ADDRTYPE,COLLISIONTYPE,DISTANCE,EXCEPTRSNCODE,EXCEPTRSNDESC,FATALITIES,INATTENTIONIND,INCDATE,INCDTTM,INJURIES,INTKEY,JUNCTIONTYPE,LIGHTCOND,LOCATION,PEDCOUNT,PEDCYLCOUNT,PEDROWNOTGRNT,PERSONCOUNT,REPORTNO,ROADCOND,SDOT_COLCODE,SDOT_COLDESC,SDOTCOLNUM,SEGKEY,SERIOUSINJURIES,SEVERITYCODE,SEVERITYDESC,SPEEDING,ST_COLCODE,ST_COLDESC,STATUS,UNDERINFL,VEHCOUNT,WEATHER,WIDTH,Shape,SEGLANEKEY,CROSSWALKKEY,HITPARKEDCAR,SPDCASENO
57287,188779,188859,Intersection,Cycles,0, ,,0,,02/14/2015 12:00:00 AM +0000,2/14/2015 3:23:00 PM,1,29603,At Intersection (intersection related),Daylight,2ND AVE AND UNIVERSITY ST,0,1,,2,3571411,Dry,18,"MOTOR VEHICLE STRUCK PEDALCYCLIST, FRONT END AT ANGLE",,2756,0,2,Injury Collision,,45,Bicycle,Matched,N,1,Clear or Partly Cloudy,0,"(47.60729905800008, -122.33708679799997)",2756,0,N,2015-51884
57316,191537,191617,Intersection,Cycles,0, ,,0,,04/18/2015 12:00:00 AM +0000,4/18/2015 10:45:00 AM,1,30510,At Intersection (intersection related),Daylight,5TH AVE S AND S JACKSON ST,0,1,,1,3739577,Dry,29,MOTOR VEHICLE OVERTURNED IN ROAD,,7359,0,2,Injury Collision,,45,Bicycle,Matched,N,0,Clear or Partly Cloudy,0,"(47.599194924000074, -122.32766699399997)",0,0,N,2015-126486
57338,191078,191158,Block,Cycles,253, ,,0,Y,04/22/2015 12:00:00 AM +0000,4/22/2015 7:03:00 PM,1,,Driveway Junction,Daylight,RAINIER AVE S BETWEEN S HUDSON ST AND 39TH N AVE S,0,1,Y,2,3730170,Dry,18,"MOTOR VEHICLE STRUCK PEDALCYCLIST, FRONT END AT ANGLE",,12388,0,2,Injury Collision,,45,Bicycle,Matched,N,1,Clear or Partly Cloudy,0,"(47.55645156800006, -122.28410238699996)",0,0,N,2015-131901
57434,189177,189257,Intersection,Cycles,0, ,,0,,02/04/2015 12:00:00 AM +0000,2/4/2015 5:38:00 PM,1,24573,At Intersection (intersection related),Dark - Street Lights On,LATONA AVE NE AND EAST GREEN LAKE DR N,0,1,,0,E406929,Wet,18,"MOTOR VEHICLE STRUCK PEDALCYCLIST, FRONT END AT ANGLE",,11313,0,2,Injury Collision,,45,Bicycle,Matched,N,1,Raining,0,"(47.68165808100008, -122.32748855199998)",14060,0,N,2015-40371
57454,188820,188900,Block,Cycles,56, ,,0,Y,03/19/2015 12:00:00 AM +0000,3/19/2015 9:55:00 AM,1,,Driveway Junction,Daylight,NE NORTHGATE WAY BETWEEN NE NORTHGATE DR AND 3RD AVE NE,0,1,,2,3591794,Dry,18,"MOTOR VEHICLE STRUCK PEDALCYCLIST, FRONT END AT ANGLE",,18011,1,2b,Serious Injury Collision,,45,Bicycle,Matched,N,1,Overcast,0,"(47.70861294100007, -122.32618522199999)",18010,0,N,2015-89793
57502,195488,195569,Block,Cycles,329.5, ,,0,,06/09/2015 12:00:00 AM +0000,6/9/2015 1:20:00 PM,1,,Mid-Block (not related to intersection),Daylight,N NORTHGATE WAY BETWEEN BURKE AVE N AND MERIDIAN AVE N,0,1,,2,E433004,Dry,51,PEDALCYCLIST STRUCK MOTOR VEHICLE FRONT END AT ANGLE,,16118,0,2,Injury Collision,,45,Bicycle,Matched,N,1,Clear or Partly Cloudy,0,"(47.70816806600004, -122.33509521199994)",0,0,N,2015-192495
57511,196663,196763,Intersection,Cycles,0, ,,0,,06/22/2015 12:00:00 AM +0000,6/22/2015 4:25:00 PM,1,31372,At Intersection (intersection related),Daylight,1ST AVE S AND S LANDER ST,0,1,,2,E436065,Dry,18,"MOTOR VEHICLE STRUCK PEDALCYCLIST, FRONT END AT ANGLE",,1208,0,2,Injury Collision,,45,Bicycle,Matched,N,1,Clear or Partly Cloudy,0,"(47.579811138000025, -122.33420081399998)",0,524927,N,2015-210842
57539,193215,193295,Block,Cycles,255.5, ,,0,,04/16/2015 12:00:00 AM +0000,4/16/2015 4:18:00 PM,1,,Mid-Block (not related to intersection),Daylight,M L KING JR ER WAY S BETWEEN S ROSE ST AND S THISTLE ST,0,1,,0,E418701,Dry,18,"MOTOR VEHICLE STRUCK PEDALCYCLIST, FRONT END AT ANGLE",,11567,0,2,Injury Collision,,45,Bicycle,Matched,N,1,Clear or Partly Cloudy,0,"(47.52853365000004, -122.28025718699996)",0,525484,N,15-106326
57548,193578,193658,Intersection,Cycles,0, ,,0,Y,05/14/2015 12:00:00 AM +0000,5/14/2015 6:13:00 PM,1,28797,At Intersection (intersection related),Daylight,DEXTER AVE N AND JOHN ST,0,1,,2,3739791,Dry,51,PEDALCYCLIST STRUCK MOTOR VEHICLE FRONT END AT ANGLE,,10072,0,2,Injury Collision,,45,Bicycle,Matched,N,1,Clear or Partly Cloudy,0,"(47.61971961300003, -122.342391712)",0,0,N,2015-158332
57558,193564,193644,Intersection,Cycles,0, ,,0,,05/15/2015 12:00:00 AM +0000,5/15/2015 5:45:00 AM,1,27440,At Intersection (intersection related),Dawn,36TH AVE W AND W BARRETT ST,0,1,,2,3739292,Dry,18,"MOTOR VEHICLE STRUCK PEDALCYCLIST, FRONT END AT ANGLE",,5656,0,2,Injury Collision,,45,Bicycle,Matched,N,1,Overcast,0,"(47.646816612000066, -122.40361794699999)",0,0,N,2015-159072
57564,193562,193642,Intersection,Cycles,0, ,,0,,05/20/2015 12:00:00 AM +0000,5/20/2015 5:29:00 PM,1,27034,At Intersection (intersection related),Daylight,TROLL AVE N AND N 35TH ST,0,1,,2,3736365,Dry,18,"MOTOR VEHICLE STRUCK PEDALCYCLIST, FRONT END AT ANGLE",,9003,0,2,Injury Collision,,45,Bicycle,Matched,N,1,Clear or Partly Cloudy,0,"(47.65015880000004, -122.34742988899995)",0,0,N,2015-166066
57594,195059,195159,Block,Cycles,164, ,,0,Y,06/06/2015 12:00:00 AM +0000,6/6/2015 9:39:00 PM,1,,Mid-Block (but intersection related),Dark - Street Lights On,N 85TH ST BETWEEN PHINNEY AVE N AND DAYTON AVE N,0,1,,2,3738556,Dry,21,"MOTOR VEHICLE STRUCK PEDALCYCLIST, REAR END",,15951,0,2,Injury Collision,,45,Bicycle,Matched,N,1,Clear or Partly Cloudy,0,"(47.690589067000076, -122.35326864399997)",0,0,N,2015-189008
57649,196357,196457,Block,Cycles,212.5, ,,0,,06/24/2015 12:00:00 AM +0000,6/24/2015 6:30:00 PM,1,,Mid-Block (not related to intersection),Daylight,BURKE AVE N BETWEEN N NORTHLAKE WAY AND N 34TH ST,0,1,,2,3626520,Dry,51,PEDALCYCLIST STRUCK MOTOR VEHICLE FRONT END AT ANGLE,,9499,0,2,Injury Collision,,45,Bicycle,Matched,N,1,Clear or Partly Cloudy,0,"(47.64745442200007, -122.33516193799994)",0,0,N,2015-213825
57666,193898,193978,Block,Cycles,161.5, ,,0,,05/18/2015 12:00:00 AM +0000,5/18/2015 5:06:00 PM,1,,Mid-Block (not related to intersection),Daylight,E CHERRY ST BETWEEN 18TH AVE AND 19TH AVE,0,1,,0,E426893,Dry,18,"MOTOR VEHICLE STRUCK PEDALCYCLIST, FRONT END AT ANGLE",,13887,0,2,Injury Collision,,45,Bicycle,Matched,N,1,Clear or Partly Cloudy,0,"(47.60802362000004, -122.30827862499996)",0,0,N,2015-163394
57687,193858,193938,Block,Cycles,140, ,,0,,05/26/2015 12:00:00 AM +0000,5/26/2015 3:35:00 PM,0,,Mid-Block (not related to intersection),Daylight,NE NORTHLAKE WAY BETWEEN LATONA AVE NE AND 4TH AVE NE,0,1,,2,3503349,Dry,51,PEDALCYCLIST STRUCK MOTOR VEHICLE FRONT END AT ANGLE,,18031,0,1,Property Damage Only Collision,,45,Bicycle,Matched,N,1,Clear or Partly Cloudy,0,"(47.65378517900007, -122.32515355599998)",0,0,N,2015-173689
57711,194578,194678,Block,Cycles,136, ,,0,,05/08/2015 12:00:00 AM +0000,5/8/2015 12:27:00 PM,1,,Mid-Block (not related to intersection),Daylight,M L KING JR WR WAY S BETWEEN S ANGELINE ST AND S EDMUNDS ST,0,1,Y,2,3187155,Dry,11,"MOTOR VEHICLE STRUCK MOTOR VEHICLE, FRONT END AT ANGLE",,11540,0,2,Injury Collision,,45,Bicycle,Matched,N,1,Clear or Partly Cloudy,0,"(47.55901454100007, -122.29233681)",0,0,N,15-128714
57756,196016,196116,Intersection,Cycles,0, ,,0,,06/20/2015 12:00:00 AM +0000,6/20/2015 9:11:00 AM,0,28341,At Intersection (intersection related),Daylight,24TH AVE E AND E LAKE WASHINGTON BLVD,0,1,,2,3707333,Dry,51,PEDALCYCLIST STRUCK MOTOR VEHICLE FRONT END AT ANGLE,,3560,0,1,Property Damage Only Collision,,45,Bicycle,Matched,N,1,Clear or Partly Cloudy,0,"(47.644142687000056, -122.30201994899994)",0,0,N,2015-207709
57760,196015,196115,Intersection,Cycles,0, ,,0,,06/20/2015 12:00:00 AM +0000,6/20/2015 8:18:00 PM,1,30715,At Intersection (intersection related),Daylight,M L KING JR WAY S AND MOUNTAINS TO SOUND TRL,0,1,Y,2,3707170,Dry,18,"MOTOR VEHICLE STRUCK PEDALCYCLIST, FRONT END AT ANGLE",,163714,0,2,Injury Collision,,45,Bicycle,Matched,N,1,Clear or Partly Cloudy,0,"(47.59026045000007, -122.29747681399999)",0,0,N,2015-208470
57774,196008,196108,Block,Cycles,330, ,,0,Y,06/19/2015 12:00:00 AM +0000,6/19/2015 4:37:00 PM,1,,Mid-Block (not related to intersection),Daylight,DELRIDGE WAY SW BETWEEN SW DAKOTA ST AND SW GENESEE ST,0,1,,2,3588258,Dry,21,"MOTOR VEHICLE STRUCK PEDALCYCLIST, REAR END",,9961,1,2b,Serious Injury Collision,,45,Bicycle,Matched,Y,1,Clear or Partly Cloudy,0,"(47.56563473700004, -122.36331216099995)",0,0,N,15-206745
57775,195821,195921,Intersection,Cycles,0, ,,0,,06/15/2015 12:00:00 AM +0000,6/15/2015 6:15:00 PM,1,24024,At Intersection (intersection related),Daylight,28TH AVE NW AND NW 67TH N ST,0,1,,0,E434292,Dry,18,"MOTOR VEHICLE STRUCK PEDALCYCLIST, FRONT END AT ANGLE",,4150,0,2,Injury Collision,,45,Bicycle,Matched,N,1,Clear or Partly Cloudy,0,"(47.677645349000045, -122.39296545299999)",0,0,N,2015-201412
57776,192568,192668,Intersection,Cycles,0, ,,0,,05/06/2015 12:00:00 AM +0000,5/6/2015 3:20:00 PM,1,26039,At Intersection (intersection related),Daylight,20TH AVE NE AND NE 54TH ST,0,1,,0,E423324,Dry,51,PEDALCYCLIST STRUCK MOTOR VEHICLE FRONT END AT ANGLE,,2964,0,2,Injury Collision,,45,Bicycle,Matched,N,1,Clear or Partly Cloudy,0,"(47.66800627300006, -122.30648740199996)",0,0,N,15-148215
57850,195077,195177,Intersection,Cycles,0, ,,0,,06/06/2015 12:00:00 AM +0000,6/6/2015 1:58:00 PM,0,29929,At Intersection (intersection related),Daylight,5TH AVE AND SENECA ST,0,1,,2,3739661,Dry,51,PEDALCYCLIST STRUCK MOTOR VEHICLE FRONT END AT ANGLE,,7232,0,1,Property Damage Only Collision,,45,Bicycle,Matched,N,1,Clear or Partly Cloudy,0,"(47.607979458000045, -122.33310387099999)",0,0,N,15-188501
57865,194612,194712,Block,Cycles,156.5, ,,0,,06/02/2015 12:00:00 AM +0000,6/2/2015 3:04:00 PM,1,,Driveway Junction,Daylight,ROOSEVELT WAY NE BETWEEN NE 42ND S ST AND NE 42ND N ST,0,1,,2,3695654,Dry,51,PEDALCYCLIST STRUCK MOTOR VEHICLE FRONT END AT ANGLE,,12595,0,2,Injury Collision,,45,Bicycle,Matched,N,1,Clear or Partly Cloudy,0,"(47.65794175700006, -122.31779112599997)",0,0,N,15-183167
57894,196018,196118,Block,Cycles,151, ,,0,,06/20/2015 12:00:00 AM +0000,6/20/2015 12:33:00 AM,1,,Mid-Block (but intersection related),Dark - Street Lights On,12TH AVE BETWEEN E FIR ST AND E SPRUCE ST,0,1,,2,3707379,Dry,21,"MOTOR VEHICLE STRUCK PEDALCYCLIST, REAR END",,1524,0,2,Injury Collision,,45,Bicycle,Matched,N,1,Clear or Partly Cloudy,0,"(47.60309866700004, -122.31678166399996)",0,0,N,2015-207329
57934,193297,193377,Intersection,Cycles,0, ,,0,,05/14/2015 12:00:00 AM +0000,5/14/2015 6:11:00 PM,1,28205,At Intersection (intersection related),Daylight,10TH AVE E AND E ROANOKE W ST,0,1,Y,3,3707047,Dry,18,"MOTOR VEHICLE STRUCK PEDALCYCLIST, FRONT END AT ANGLE",,14728,0,2,Injury Collision,,45,Bicycle,Matched,N,2,Clear or Partly Cloudy,0,"(47.643194556000026, -122.32005642799999)",28205,0,N,2015-158592
57995,195081,195181,Intersection,Cycles,0, ,,0,,06/07/2015 12:00:00 AM +0000,6/7/2015 10:41:00 PM,1,37367,At Intersection (intersection related),Dark - Street Lights On,AURORA AVE N AND N 85TH ST,0,1,,3,3606432,Dry,51,PEDALCYCLIST STRUCK MOTOR VEHICLE FRONT END AT ANGLE,,8963,0,2,Injury Collision,,45,Bicycle,Matched,N,1,Clear or Partly Cloudy,0,"(47.690562587000045, -122.34452192099997)",0,0,N,15-190373
58011,195293,195393,Block,Cycles,50.5,NEI,"Not Enough Information, or Insufficient Location Information",0,,06/04/2015 12:00:00 AM +0000,6/4/2015 10:15:00 AM,1,,,Unknown,PINE ST BETWEEN PIKE PL AND POST AL,0,1,,2,3736125,Unknown,00,NOT ENOUGH INFORMATION / NOT APPLICABLE,,12211,0,2,Injury Collision,,45,Bicycle,Matched,N,1,Unknown,0,"(47.60950557700005, -122.34165960699994)",0,0,Y,15-185673
58027,192581,192681,Intersection,Cycles,0, ,,0,,05/05/2015 12:00:00 AM +0000,5/5/2015 7:00:00 PM,1,29818,At Intersection (intersection related),Dusk,BROADWAY AND TERRACE ST,0,1,,2,3707153,Wet,18,"MOTOR VEHICLE STRUCK PEDALCYCLIST, FRONT END AT ANGLE",,9436,0,2,Injury Collision,,45,Bicycle,Matched,N,1,Overcast,0,"(47.60522681700007, -122.32074874099999)",29818,0,N,2015-147330
58046,196786,196906,Intersection,Cycles,0, ,,0,,06/29/2015 12:00:00 AM +0000,6/29/2015 4:51:00 PM,1,35855,At Intersection (intersection related),Daylight,15TH AVE NE AND NE 143RD ST,0,1,,2,3736991,Dry,18,"MOTOR VEHICLE STRUCK PEDALCYCLIST, FRONT END AT ANGLE",,2096,0,2,Injury Collision,,45,Bicycle,Matched,N,1,Clear or Partly Cloudy,0,"(47.73212583000003, -122.31272410599996)",0,0,N,2015-220220
58061,192582,192682,Intersection,Cycles,0, ,,0,,05/07/2015 12:00:00 AM +0000,5/7/2015 2:33:00 PM,1,29826,At Intersection (intersection related),Daylight,12TH AVE AND E ALDER ST,0,1,,0,E423419,Dry,18,"MOTOR VEHICLE STRUCK PEDALCYCLIST, FRONT END AT ANGLE",,1526,0,2,Injury Collision,,45,Bicycle,Matched,N,1,Clear or Partly Cloudy,0,"(47.604360385000064, -122.31678113299995)",0,0,N,2015-149424
58111,193964,194044,Intersection,Cycles,0, ,,0,,05/28/2015 12:00:00 AM +0000,5/28/2015 4:56:00 PM,1,24580,At Intersection (intersection related),Daylight,EAST GREEN LAKE DR N AND NE 72ND ST,0,1,,2,3708133,Dry,18,"MOTOR VEHICLE STRUCK PEDALCYCLIST, FRONT END AT ANGLE",,14057,0,2,Injury Collision,,45,Bicycle,Matched,N,1,Clear or Partly Cloudy,0,"(47.68029316900004, -122.32582592399996)",0,0,N,15-176470
58138,195540,195620,Block,Cycles,134.5, ,,0,,06/12/2015 12:00:00 AM +0000,6/12/2015 2:18:00 PM,1,,Driveway Junction,Daylight,ALASKAN WAY BETWEEN YESLER WAY AND COLUMBIA ST,0,1,,3,3696645,Dry,18,"MOTOR VEHICLE STRUCK PEDALCYCLIST, FRONT END AT ANGLE",,8717,0,2,Injury Collision,,45,Bicycle,Matched,N,1,Clear or Partly Cloudy,0,"(47.602031397000076, -122.33686381999996)",0,0,N,15-196906
58154,196060,196160,Block,Cycles,213, ,,0,,06/24/2015 12:00:00 AM +0000,6/24/2015 7:10:00 AM,1,,Mid-Block (not related to intersection),Daylight,2ND AVE BETWEEN UNION ST AND PIKE ST,0,1,Y,3,3732188,Dry,18,"MOTOR VEHICLE STRUCK PEDALCYCLIST, FRONT END AT ANGLE",,2757,0,2,Injury Collision,,45,Bicycle,Matched,N,1,Clear or Partly Cloudy,0,"(47.60878749200003, -122.33844845799996)",0,0,N,2015-212829
58171,196402,196499,Intersection,Cycles,0, ,,0,Y,06/30/2015 12:00:00 AM +0000,6/30/2015 9:00:00 AM,1,27419,At Intersection (intersection related),Daylight,42ND AVE NE AND NE 41ST ST,0,1,,2,3576799,Dry,18,"MOTOR VEHICLE STRUCK PEDALCYCLIST, FRONT END AT ANGLE",,6508,0,2,Injury Collision,,45,Bicycle,Matched,N,1,Clear or Partly Cloudy,0,"(47.65841637800003, -122.28275188999999)",0,0,N,2015-220980
58224,193648,193728,Block,Cycles,330, ,,0,Y,05/19/2015 12:00:00 AM +0000,5/19/2015 1:43:00 PM,1,,Mid-Block (not related to intersection),Daylight,UNIVERSITY WAY NE BETWEEN NE 47TH ST AND NE 50TH ST,0,1,,2,3736784,Dry,18,"MOTOR VEHICLE STRUCK PEDALCYCLIST, FRONT END AT ANGLE",,13223,0,2,Injury Collision,,45,Bicycle,Matched,N,1,Clear or Partly Cloudy,0,"(47.66399488800005, -122.31308797799994)",13222,0,N,2015-164425
58245,193974,194054,Intersection,Cycles,0, ,,0,Y,05/27/2015 12:00:00 AM +0000,5/27/2015 7:12:00 PM,1,27079,At Intersection (intersection related),Daylight,ROOSEVELT WAY NE AND NE 43RD S ST,0,1,,2,3706667,Dry,18,"MOTOR VEHICLE STRUCK PEDALCYCLIST, FRONT END AT ANGLE",,12597,0,2,Injury Collision,,45,Bicycle,Matched,N,1,Clear or Partly Cloudy,0,"(47.65945594600004, -122.31775170599997)",0,0,N,15-175284
58258,193658,193738,Block,Cycles,381.5, ,,0,,05/21/2015 12:00:00 AM +0000,5/21/2015 5:45:00 AM,1,,Mid-Block (but intersection related),Dawn,SW SPOKANE ST BETWEEN 11TH CR AVE SW AND SW SPOKANE E BR,0,1,,2,3574497,Dry,11,"MOTOR VEHICLE STRUCK MOTOR VEHICLE, FRONT END AT ANGLE",,22809,0,2,Injury Collision,,45,Bicycle,Matched,N,1,Clear or Partly Cloudy,0,"(47.57140883800008, -122.35034338399998)",0,0,N,15-166607
58352,193980,194060,Intersection,Cycles,0, ,,0,,05/21/2015 12:00:00 AM +0000,5/21/2015 3:18:00 PM,1,34609,At Intersection (intersection related),Daylight,SEWARD PARK S AVE S AND S MORGAN ST,0,1,,0,E426565,Dry,51,PEDALCYCLIST STRUCK MOTOR VEHICLE FRONT END AT ANGLE,,12799,0,2,Injury Collision,,45,Bicycle,Matched,N,1,Clear or Partly Cloudy,0,"(47.54426392500005, -122.26414708199997)",0,0,N,2015-167149
58368,195159,195259,Intersection,Cycles,0, ,,0,Y,06/05/2015 12:00:00 AM +0000,6/5/2015 7:20:00 PM,0,33579,At Intersection (intersection related),Daylight,RAINIER AVE S AND S HUDSON ST,0,1,Y,2,3730457,Dry,18,"MOTOR VEHICLE STRUCK PEDALCYCLIST, FRONT END AT ANGLE",,12388,0,1,Property Damage Only Collision,,45,Bicycle,Matched,N,1,Clear or Partly Cloudy,0,"(47.557041119000075, -122.28462952899997)",0,0,N,2015-187476
58379,194676,194776,Block,Cycles,208, ,,0,,05/02/2015 12:00:00 AM +0000,5/2/2015 1:20:00 PM,1,,Mid-Block (not related to intersection),Daylight,BROADWAY E BETWEEN E HARRISON ST AND E REPUBLICAN ST,0,1,,0,E422337,Dry,66,PEDALCYCLIST STRUCK OBJECT IN ROAD,,9454,0,2,Injury Collision,,45,Bicycle,Matched,N,0,Clear or Partly Cloudy,0,"(47.62255712900003, -122.32091519699998)",0,0,N,2015-143465
58383,194918,195018,Block,Cycles,128, ,,0,,05/09/2015 12:00:00 AM +0000,5/9/2015 9:30:00 PM,1,,Mid-Block (not related to intersection),Dark - Street Lights On,NE 45TH ST BETWEEN 37TH AVE NE AND SAND POINT WAY NE,0,1,,0,E423656,Dry,21,"MOTOR VEHICLE STRUCK PEDALCYCLIST, REAR END",,16865,0,2,Injury Collision,,45,Bicycle,Matched,N,1,Clear or Partly Cloudy,0,"(47.66125120400005, -122.28769960799997)",0,0,N,2015-152641
58401,195889,195989,Intersection,Cycles,0, ,,0,,06/18/2015 12:00:00 AM +0000,6/18/2015 12:58:00 PM,1,31371,At Intersection (intersection related),Daylight,OCCIDENTAL AVE S AND S LANDER ST,0,1,,0,E434981,Dry,18,"MOTOR VEHICLE STRUCK PEDALCYCLIST, FRONT END AT ANGLE",,12031,0,2,Injury Collision,,45,Bicycle,Matched,N,1,Clear or Partly Cloudy,0,"(47.57981029900003, -122.33326934699994)",0,0,N,2015-205097
58497,193987,194067,Block,Cycles,156, ,,0,,05/28/2015 12:00:00 AM +0000,5/28/2015 9:33:00 PM,1,,Mid-Block (not related to intersection),Dark - Street Lights On,RAINIER AVE S BETWEEN S FERDINAND ST AND S HUDSON ST,0,1,,2,3730434,Dry,51,PEDALCYCLIST STRUCK MOTOR VEHICLE FRONT END AT ANGLE,,12387,0,2,Injury Collision,,45,Bicycle,Matched,N,1,Clear or Partly Cloudy,0,"(47.557445847000054, -122.28483764799995)",0,0,N,15-176669
58521,195359,195459,Block,Cycles,161, ,,0,,06/10/2015 12:00:00 AM +0000,6/10/2015 8:55:00 AM,1,,Mid-Block (not related to intersection),Unknown,E JEFFERSON ST BETWEEN 14TH AVE AND 15TH AVE,0,1,,2,3586269,Wet,51,PEDALCYCLIST STRUCK MOTOR VEHICLE FRONT END AT ANGLE,,14222,0,2,Injury Collision,,45,Bicycle,Matched,N,1,Overcast,0,"(47.60618936800006, -122.31351479899996)",0,0,N,2015-193601
58536,195166,195266,Intersection,Cycles,0, ,,0,,06/05/2015 12:00:00 AM +0000,6/5/2015 10:05:00 PM,1,28913,At Intersection (intersection related),Dark - Street Lights On,MERCER ST AND TAYLOR AVE N,0,1,,0,E431072,Dry,18,"MOTOR VEHICLE STRUCK PEDALCYCLIST, FRONT END AT ANGLE",,11768,0,2,Injury Collision,,45,Bicycle,Matched,N,1,Clear or Partly Cloudy,0,"(47.62455804800004, -122.34626626299996)",0,0,N,2015187702
58583,193078,193158,Block,Cycles,156.5,NEI,"Not Enough Information, or Insufficient Location Information",0,,03/31/2015 12:00:00 AM +0000,3/31/2015 11:40:00 AM,1,,Mid-Block (not related to intersection),Daylight,ROOSEVELT WAY NE BETWEEN NE 42ND S ST AND NE 42ND N ST,0,1,,0,E413578,Dry,14,"MOTOR VEHICLE STRUCK MOTOR VEHICLE, REAR END",,12595,0,2,Injury Collision,,45,Bicycle,Matched,N,1,Clear or Partly Cloudy,0,"(47.65794175700006, -122.31779112599997)",0,0,Y,2015-104637
58594,196846,196966,Intersection,Cycles,0, ,,0,,07/02/2015 12:00:00 AM +0000,7/2/2015 9:57:00 AM,1,29925,At Intersection (intersection related),Daylight,9TH AVE AND MADISON ST,0,1,,2,3559925,Dry,18,"MOTOR VEHICLE STRUCK PEDALCYCLIST, FRONT END AT ANGLE",,8516,0,2,Injury Collision,,45,Bicycle,Matched,N,1,Clear or Partly Cloudy,0,"(47.60840867600007, -122.32736100899996)",0,0,N,15-224097
58625,194007,194087,Block,Cycles,153.5, ,,0,,05/27/2015 12:00:00 AM +0000,5/27/2015 8:43:00 AM,1,,Mid-Block (but intersection related),Daylight,YESLER WAY BETWEEN 3RD AVE AND TERRACE ST,0,1,,2,3739494,Dry,18,"MOTOR VEHICLE STRUCK PEDALCYCLIST, FRONT END AT ANGLE",,13765,0,2,Injury Collision,,45,Bicycle,Matched,N,1,Clear or Partly Cloudy,0,"(47.60171819900006, -122.32964493999998)",0,0,N,2015-174477
58631,194710,194810,Block,Cycles,213, ,,0,,04/27/2015 12:00:00 AM +0000,4/27/2015 8:53:00 PM,1,,Mid-Block (not related to intersection),Dark - Street Lights On,5TH AVE BETWEEN STEWART ST AND VIRGINIA ST,0,1,,0,E422616,Dry,51,PEDALCYCLIST STRUCK MOTOR VEHICLE FRONT END AT ANGLE,,7242,0,2,Injury Collision,,45,Bicycle,Matched,N,1,Clear or Partly Cloudy,0,"(47.613341770000034, -122.33852199699999)",29556,0,N,2015-138047
58694,196859,196979,Intersection,Cycles,0, ,,0,,07/02/2015 12:00:00 AM +0000,7/2/2015 5:33:00 PM,1,32953,At Intersection (intersection related),Daylight,DELRIDGE WAY SW AND SW BRANDON ST,0,1,,2,3571214,Dry,18,"MOTOR VEHICLE STRUCK PEDALCYCLIST, FRONT END AT ANGLE",,9968,0,2,Injury Collision,Y,45,Bicycle,Matched,N,1,Clear or Partly Cloudy,0,"(47.55372176100008, -122.362963149)",0,0,N,15-224728
58720,193120,193200,Block,Cycles,160, ,,0,,05/09/2015 12:00:00 AM +0000,5/9/2015 3:43:00 PM,1,,Driveway Junction,Daylight,NE 108TH ST BETWEEN 11TH AVE NE AND 12TH AVE NE,0,1,,0,E423181,Dry,51,PEDALCYCLIST STRUCK MOTOR VEHICLE FRONT END AT ANGLE,,16279,0,2,Injury Collision,,45,Bicycle,Matched,N,1,Clear or Partly Cloudy,0,"(47.70716868300008, -122.31607137699996)",0,0,N,2015-152274
58733,193386,193466,Block,Cycles,153, ,,0,,05/13/2015 12:00:00 AM +0000,5/13/2015 3:55:00 PM,1,,Mid-Block (but intersection related),Daylight,5TH AVE BETWEEN SENECA ST AND UNIVERSITY ST,0,1,,5,3739656,Wet,55,PEDALCYCLIST STRUCK MOTOR VEHICLE RIGHT SIDE SIDESWIPE,,7232,0,2,Injury Collision,,45,Bicycle,Matched,N,1,Raining,0,"(47.60833487000008, -122.333429277)",0,0,N,15-157178
58739,193384,193464,Intersection,Cycles,0, ,,0,Y,05/16/2015 12:00:00 AM +0000,5/16/2015 10:02:00 PM,1,29510,At Intersection (intersection related),Dark - Street Lights On,DENNY WAY AND WESTLAKE AVE,0,1,Y,5,3739300,Dry,18,"MOTOR VEHICLE STRUCK PEDALCYCLIST, FRONT END AT ANGLE",,10015,0,2,Injury Collision,,45,Bicycle,Matched,N,1,Overcast,0,"(47.618534269000065, -122.33848456799996)",0,0,N,2015-161360
58772,194027,194107,,Cycles,,NEI,"Not Enough Information, or Insufficient Location Information",0,,05/23/2015 12:00:00 AM +0000,5/23/2015 6:41:00 PM,0,,,Daylight,,0,1,,0,E427320,Dry,00,NOT ENOUGH INFORMATION / NOT APPLICABLE,,,0,1,Property Damage Only Collision,,45,Bicycle,Matched,N,1,Clear or Partly Cloudy,0,,0,0,N,2015-169953
58806,195398,195498,Intersection,Cycles,0, ,,0,,06/13/2015 12:00:00 AM +0000,6/13/2015 12:46:00 AM,1,30365,At Intersection (intersection related),Dark - Street Lights On,1ST AVE S AND S JACKSON ST,0,1,,2,3576522,Dry,18,"MOTOR VEHICLE STRUCK PEDALCYCLIST, FRONT END AT ANGLE",,1188,0,2,Injury Collision,,45,Bicycle,Matched,N,1,Clear or Partly Cloudy,0,"(47.59920482900003, -122.33418803199999)",0,0,N,15-197727
58821,196204,196304,Intersection,Cycles,0, ,,0,Y,06/20/2015 12:00:00 AM +0000,6/20/2015 6:08:00 PM,1,37087,At Intersection (intersection related),Daylight,26TH AVE NW AND NW 85TH W ST,0,1,Y,2,3707632,Dry,18,"MOTOR VEHICLE STRUCK PEDALCYCLIST, FRONT END AT ANGLE",,3906,0,2,Injury Collision,,45,Bicycle,Matched,N,1,Clear or Partly Cloudy,0,"(47.69057378300005, -122.39032847399994)",0,0,N,15-208333