OBJECTID,INCKEY,COLDETKEY,ADDRTYPE,COLLISIONTYPE,DISTANCE,EXCEPTRSNCODE,EXCEPTRSNDESC,FATALITIES,INATTENTIONIND,INCDATE,INCDTTM,INJURIES,INTKEY,JUNCTIONTYPE,LIGHTCOND,LOCATION,PEDCOUNT,PEDCYLCOUNT,PEDROWNOTGRNT,PERSONCOUNT,REPORTNO,ROADCOND,SDOT_COLCODE,SDOT_COLDESC,SDOTCOLNUM,SEGKEY,SERIOUSINJURIES,SEVERITYCODE,SEVERITYDESC,SPEEDING,ST_COLCODE,ST_COLDESC,STATUS,UNDERINFL,VEHCOUNT,WEATHER,WIDTH,Shape,SEGLANEKEY,CROSSWALKKEY,HITPARKEDCAR,SPDCASENO
58822,196869,196989,Block,Cycles,46, ,,0,,05/19/2015 12:00:00 AM +0000,5/19/2015 8:51:00 AM,1,,Mid-Block (not related to intersection),Daylight,LAKE CITY WAY NE BETWEEN NE 123RD ST AND 30TH N AVE NE,0,1,,1,E427778,Dry,18,"MOTOR VEHICLE STRUCK PEDALCYCLIST, FRONT END AT ANGLE",,11180,0,2,Injury Collision,,45,Bicycle,Matched,N,1,Overcast,0,"(47.717523345000075, -122.29627141599997)",0,0,N,2015-164098
58920,194740,194840,,Cycles,,NEI,"Not Enough Information, or Insufficient Location Information",0,Y,06/02/2015 12:00:00 AM +0000,6/2/2015 3:55:00 PM,1,,Mid-Block (not related to intersection),Daylight,,0,1,,1,3732679,Dry,69,PEDALCYCLIST OVERTURNED IN ROAD,,,0,2,Injury Collision,,45,Bicycle,Matched,N,0,Clear or Partly Cloudy,0,,0,0,N,2015-183244
58923,195407,195507,Intersection,Cycles,0, ,,0,Y,06/13/2015 12:00:00 AM +0000,6/13/2015 9:15:00 AM,1,31812,At Intersection (intersection related),Daylight,BEACH DR SW AND SW CARROLL ST,0,1,,2,3588278,Dry,51,PEDALCYCLIST STRUCK MOTOR VEHICLE FRONT END AT ANGLE,,9096,0,2,Injury Collision,,45,Bicycle,Matched,N,1,Clear or Partly Cloudy,0,"(47.56752239700006, -122.40951444099994)",0,0,N,2015-198037
58930,195941,196041,Block,Cycles,26, ,,0,Y,06/22/2015 12:00:00 AM +0000,6/22/2015 9:03:00 AM,1,,Mid-Block (not related to intersection),Daylight,15TH AVE E BETWEEN E HARRISON S ST AND E HARRISON N ST,0,1,,3,3626648,Dry,51,PEDALCYCLIST STRUCK MOTOR VEHICLE FRONT END AT ANGLE,,2006,0,2,Injury Collision,,45,Bicycle,Matched,N,1,Clear or Partly Cloudy,0,"(47.62201610500006, -122.31264321799995)",0,0,N,2015-210278
58941,196227,196327,Intersection,Cycles,0, ,,0,,06/24/2015 12:00:00 AM +0000,6/24/2015 7:32:00 PM,1,32863,At Intersection (intersection related),Daylight,ERSKINE WAY SW AND SW DAWSON N ST,0,1,,2,3588162,Dry,51,PEDALCYCLIST STRUCK MOTOR VEHICLE FRONT END AT ANGLE,,10251,0,2,Injury Collision,,45,Bicycle,Matched,N,1,Clear or Partly Cloudy,0,"(47.55668934000005, -122.39003525299995)",0,0,N,2015-213721
58945,195666,195766,Block,Cycles,491, ,,0,,06/17/2015 12:00:00 AM +0000,6/17/2015 7:55:00 PM,1,,Mid-Block (not related to intersection),Daylight,FAUNTLEROY WAY SW BETWEEN SW AUSTIN ST AND SW KENYON ST,0,1,,3,3571258,Dry,18,"MOTOR VEHICLE STRUCK PEDALCYCLIST, FRONT END AT ANGLE",,10412,0,2,Injury Collision,,45,Bicycle,Matched,N,1,Clear or Partly Cloudy,0,"(47.53362406400004, -122.39267237699994)",0,0,N,2015-204239
58988,193157,193237,Block,Cycles,667, ,,0,,05/06/2015 12:00:00 AM +0000,5/6/2015 8:12:00 AM,1,,Driveway Junction,Daylight,LINDEN AVE N BETWEEN N 130TH ST AND N 135TH ST,0,1,Y,2,3501825,Dry,18,"MOTOR VEHICLE STRUCK PEDALCYCLIST, FRONT END AT ANGLE",,11453,0,2,Injury Collision,,45,Bicycle,Matched,N,1,Clear or Partly Cloudy,0,"(47.72503747500008, -122.34793329699994)",0,0,N,2015-147723
59025,194748,194848,Intersection,Cycles,0, ,,0,,05/23/2015 12:00:00 AM +0000,5/23/2015 11:58:00 AM,0,35762,At Intersection (intersection related),Daylight,STONE AVE N AND N 130TH ST,0,1,,4,E427323,Dry,18,"MOTOR VEHICLE STRUCK PEDALCYCLIST, FRONT END AT ANGLE",,12948,1,2b,Serious Injury Collision,,45,Bicycle,Matched,N,1,Overcast,0,"(47.72321071500005, -122.34228021099995)",0,0,N,15-169576
59120,193738,193818,Block,Cycles,211.5, ,,0,,05/26/2015 12:00:00 AM +0000,5/26/2015 6:50:00 PM,1,,Driveway Junction,Daylight,BROADWAY BETWEEN E PIKE ST AND E PINE ST,0,1,Y,2,3626634,Dry,18,"MOTOR VEHICLE STRUCK PEDALCYCLIST, FRONT END AT ANGLE",,9447,0,2,Injury Collision,,45,Bicycle,Matched,N,1,Clear or Partly Cloudy,0,"(47.61465412100006, -122.32078948899999)",0,0,N,2015-173907
59126,192898,192978,,Cycles,,NEI,"Not Enough Information, or Insufficient Location Information",0,,04/13/2015 12:00:00 AM +0000,4/13/2015 6:10:00 PM,0,,,Unknown,,0,1,,2,3733006,Unknown,00,NOT ENOUGH INFORMATION / NOT APPLICABLE,,,0,1,Property Damage Only Collision,,45,Bicycle,Matched,N,1,Unknown,0,,0,0,N,2015-120955
59133,193433,193513,Block,Cycles,213, ,,0,Y,05/17/2015 12:00:00 AM +0000,5/17/2015 6:30:00 PM,1,,Mid-Block (but intersection related),Daylight,16TH AVE BETWEEN E OLIVE ST AND E HOWELL ST,0,1,,2,3707251,Dry,51,PEDALCYCLIST STRUCK MOTOR VEHICLE FRONT END AT ANGLE,,2231,0,2,Injury Collision,,45,Bicycle,Matched,N,1,Clear or Partly Cloudy,0,"(47.61702818900005, -122.31145033699994)",0,0,N,2015-163254
59139,194057,194137,Intersection,Cycles,0, ,,0,,05/19/2015 12:00:00 AM +0000,5/19/2015 10:19:00 AM,1,25657,At Intersection (intersection related),Daylight,EVANSTON AVE N AND N 50TH ST,0,1,,2,3738444,Dry,18,"MOTOR VEHICLE STRUCK PEDALCYCLIST, FRONT END AT ANGLE",,15641,0,2,Injury Collision,,45,Bicycle,Matched,N,1,Clear or Partly Cloudy,0,"(47.66501582700005, -122.35146177899998)",0,0,N,15-164192
59178,194757,194857,Block,Cycles,46, ,,0,,06/01/2015 12:00:00 AM +0000,6/1/2015 3:54:00 PM,1,,Mid-Block (not related to intersection),Daylight,LAKE CITY WAY NE BETWEEN NE 123RD ST AND 30TH N AVE NE,0,1,,3,3738579,Dry,18,"MOTOR VEHICLE STRUCK PEDALCYCLIST, FRONT END AT ANGLE",,11180,0,2,Injury Collision,,45,Bicycle,Matched,N,2,Overcast,0,"(47.717523345000075, -122.29627141599997)",0,0,N,2015-181919
59194,194058,194138,Intersection,Cycles,0, ,,0,Y,05/29/2015 12:00:00 AM +0000,5/29/2015 6:03:00 PM,1,36584,At Intersection (intersection related),Daylight,MERIDIAN AVE N AND N NORTHGATE WAY,0,1,,2,3738783,Dry,18,"MOTOR VEHICLE STRUCK PEDALCYCLIST, FRONT END AT ANGLE",,11826,0,2,Injury Collision,,45,Bicycle,Matched,N,1,Clear or Partly Cloudy,0,"(47.70866306600004, -122.33399304399995)",0,0,N,15-178071
59308,194769,194869,Intersection,Cycles,0, ,,0,,04/30/2015 12:00:00 AM +0000,4/30/2015 6:37:00 AM,1,24439,At Intersection (intersection related),Dawn,5TH AVE NE AND NE 74TH ST,0,1,,0,E423128,Dry,11,"MOTOR VEHICLE STRUCK MOTOR VEHICLE, FRONT END AT ANGLE",,7307,0,2,Injury Collision,,45,Bicycle,Matched,N,1,Overcast,0,"(47.68203101300003, -122.32288620499997)",0,0,N,2015-140717
59313,195437,195537,Block,Cycles,62, ,,0,,06/12/2015 12:00:00 AM +0000,6/12/2015 5:31:00 PM,1,,Mid-Block (but intersection related),Daylight,S KING ST BETWEEN ALASKAN WAY S AND ALASKAN E RDWY WAY S,0,1,,2,3739458,Dry,18,"MOTOR VEHICLE STRUCK PEDALCYCLIST, FRONT END AT ANGLE",,20592,0,2,Injury Collision,,45,Bicycle,Matched,N,1,Clear or Partly Cloudy,0,"(47.598293356000056, -122.33565807699995)",0,0,N,2015-197174
59345,195726,195826,Intersection,Cycles,0, ,,0,,06/17/2015 12:00:00 AM +0000,6/17/2015 9:14:00 AM,1,29862,At Intersection (intersection related),Daylight,BELLEVUE AVE AND E PINE ST,0,1,,2,3707282,Dry,18,"MOTOR VEHICLE STRUCK PEDALCYCLIST, FRONT END AT ANGLE",,9213,0,2,Injury Collision,,45,Bicycle,Matched,N,1,Clear or Partly Cloudy,0,"(47.61521815300006, -122.32680418799998)",0,0,N,2015-203456
59410,194773,194873,Block,Cycles,318, ,,0,,05/04/2015 12:00:00 AM +0000,5/4/2015 4:17:00 PM,1,,Mid-Block (not related to intersection),Daylight,EAST MARGINAL WAY S BETWEEN 16TH AVE S AND BOEING DR,0,1,,0,E423173,Dry,21,"MOTOR VEHICLE STRUCK PEDALCYCLIST, REAR END",,14419,0,2,Injury Collision,,45,Bicycle,Matched,N,1,Clear or Partly Cloudy,0,"(47.533689028000026, -122.31223592499998)",0,0,N,2015-145883
59419,193797,193877,Intersection,Cycles,0, ,,0,Y,05/26/2015 12:00:00 AM +0000,5/26/2015 8:13:00 PM,1,25757,At Intersection (intersection related),Daylight,11TH AVE NE AND NE RAVENNA WB BV,0,1,,2,3706666,Dry,51,PEDALCYCLIST STRUCK MOTOR VEHICLE FRONT END AT ANGLE,,1575,0,2,Injury Collision,,45,Bicycle,Matched,N,1,Clear or Partly Cloudy,0,"(47.671896987000025, -122.31577275399997)",0,0,N,15-173983
59420,195043,195143,Intersection,Cycles,0, ,,0,Y,06/05/2015 12:00:00 AM +0000,6/5/2015 8:31:00 AM,1,30542,At Intersection (intersection related),Daylight,6TH AVE S AND S DEARBORN ST,0,1,,2,3590618,Dry,18,"MOTOR VEHICLE STRUCK PEDALCYCLIST, FRONT END AT ANGLE",,7987,0,2,Injury Collision,,45,Bicycle,Matched,N,1,Clear or Partly Cloudy,0,"(47.59583727300003, -122.32637379799996)",0,0,N,15-186725
59456,195484,195565,Intersection,Cycles,0, ,,0,,06/10/2015 12:00:00 AM +0000,6/10/2015 2:07:00 PM,1,31348,At Intersection (intersection related),Daylight,4TH AVE S AND S HOLGATE ST,0,1,,0,E432976,Dry,18,"MOTOR VEHICLE STRUCK PEDALCYCLIST, FRONT END AT ANGLE",,6237,0,2,Injury Collision,,45,Bicycle,Matched,N,1,Clear or Partly Cloudy,0,"(47.58617011700005, -122.32906226399996)",0,0,N,2015-194015
59469,195477,195558,Block,Cycles,365, ,,0,,06/11/2015 12:00:00 AM +0000,6/11/2015 5:58:00 AM,1,,Mid-Block (not related to intersection),Daylight,ALKI AVE SW BETWEEN HARBOR AVE SW AND SW RHODE ISLAND ST,0,1,,0,E432698,Dry,18,"MOTOR VEHICLE STRUCK PEDALCYCLIST, FRONT END AT ANGLE",,8782,0,2,Injury Collision,,45,Bicycle,Matched,N,1,Clear or Partly Cloudy,0,"(47.59514844500006, -122.38679448199997)",0,0,N,2015-194905
59554,194523,194623,Intersection,Cycles,0, ,,0,,05/31/2015 12:00:00 AM +0000,5/31/2015 10:44:00 PM,1,27096,At Intersection (intersection related),Dark - Street Lights On,7TH AVE NE AND NE 42ND ST,0,1,,0,E429305,Dry,18,"MOTOR VEHICLE STRUCK PEDALCYCLIST, FRONT END AT ANGLE",,8171,0,2,Injury Collision,,45,Bicycle,Matched,N,1,Clear or Partly Cloudy,0,"(47.65751922700008, -122.32084615399998)",0,0,N,2015-180969
59562,193560,193640,Intersection,Cycles,0, ,,0,,05/19/2015 12:00:00 AM +0000,5/19/2015 9:53:00 AM,1,29863,At Intersection (intersection related),Daylight,MELROSE AVE AND PINE ST,0,1,,2,3626512,Dry,51,PEDALCYCLIST STRUCK MOTOR VEHICLE FRONT END AT ANGLE,,11745,0,2,Injury Collision,,45,Bicycle,Matched,N,1,Clear or Partly Cloudy,0,"(47.615238420000026, -122.32790375499997)",41973,0,N,2015-164159
59640,199027,199167,Intersection,Cycles,0, ,,0,,08/01/2015 12:00:00 AM +0000,8/1/2015 9:28:00 PM,1,25138,At Intersection (intersection related),Dark - Street Lights On,20TH AVE NW AND NW 57TH ST,0,1,Y,2,3739084,Dry,11,"MOTOR VEHICLE STRUCK MOTOR VEHICLE, FRONT END AT ANGLE",,3020,0,2,Injury Collision,,45,Bicycle,Matched,N,1,Clear or Partly Cloudy,0,"(47.670180102000074, -122.38213355999994)",0,0,N,2015-265444
59646,199028,199168,Intersection,Cycles,0, ,,0,,07/28/2015 12:00:00 AM +0000,7/28/2015 7:19:00 PM,1,28355,At Intersection (intersection related),Daylight,25TH AVE E AND E MCGRAW ST,0,1,,1,E446840,Dry,18,"MOTOR VEHICLE STRUCK PEDALCYCLIST, FRONT END AT ANGLE",,3714,0,2,Injury Collision,,45,Bicycle,Matched,N,1,Clear or Partly Cloudy,0,"(47.64025178000003, -122.30034445099994)",0,0,N,2015-259688
59648,197787,197907,Intersection,Cycles,0, ,,0,,07/14/2015 12:00:00 AM +0000,7/14/2015 5:20:00 PM,1,28376,At Intersection (intersection related),Daylight,24TH AVE E AND E INTERLAKEN BLVD,0,1,,2,3707440,Dry,18,"MOTOR VEHICLE STRUCK PEDALCYCLIST, FRONT END AT ANGLE",,3548,0,2,Injury Collision,,45,Bicycle,Matched,N,1,Clear or Partly Cloudy,0,"(47.634573061000026, -122.30157617799995)",0,0,N,2015-241362
59663,198774,198914,Block,Cycles,661, ,,0,,07/23/2015 12:00:00 AM +0000,7/23/2015 9:40:00 PM,1,,Mid-Block (but intersection related),Dark - Street Lights On,25TH AVE NE BETWEEN NE 60TH ST AND NE 65TH ST,0,1,,2,3738473,Dry,21,"MOTOR VEHICLE STRUCK PEDALCYCLIST, REAR END",,3727,0,2,Injury Collision,,45,Bicycle,Matched,N,1,Clear or Partly Cloudy,0,"(47.67396072400004, -122.30064519199999)",0,0,N,15-254108
59676,198769,198909,Block,Cycles,203.5, ,,0,,07/23/2015 12:00:00 AM +0000,7/23/2015 12:38:00 PM,0,,Mid-Block (but intersection related),Daylight,NW MARKET ST BETWEEN 28TH AVE NW AND NW 54TH ST,0,1,,2,3734369,Dry,21,"MOTOR VEHICLE STRUCK PEDALCYCLIST, REAR END",,19238,0,1,Property Damage Only Collision,,45,Bicycle,Matched,N,1,Clear or Partly Cloudy,0,"(47.66865140600004, -122.39368163099999)",0,0,N,15-252810
59681,197790,197910,Block,Cycles,203, ,,0,,07/14/2015 12:00:00 AM +0000,7/14/2015 11:15:00 AM,1,,Driveway Junction,Daylight,BROADWAY BETWEEN E UNION ST AND E PIKE ST,0,1,Y,2,3707504,Dry,18,"MOTOR VEHICLE STRUCK PEDALCYCLIST, FRONT END AT ANGLE",,9446,0,2,Injury Collision,,45,Bicycle,Matched,N,1,Clear or Partly Cloudy,0,"(47.613518148000026, -122.32077135099996)",0,0,N,2015-240894
59713,199040,199180,Block,Cycles,154, ,,0,,07/28/2015 12:00:00 AM +0000,7/28/2015 5:49:00 PM,1,,Mid-Block (but intersection related),Daylight,N 50TH ST BETWEEN PHINNEY E AVE N AND DAYTON AVE N,0,1,,1,E447006,Dry,18,"MOTOR VEHICLE STRUCK PEDALCYCLIST, FRONT END AT ANGLE",,15639,0,2,Injury Collision,,45,Bicycle,Matched,N,1,Clear or Partly Cloudy,0,"(47.66501850100008, -122.353337351)",0,0,N,2015-259595
59777,197246,197366,Intersection,Cycles,0, ,,0,,07/08/2015 12:00:00 AM +0000,7/8/2015 4:50:00 PM,1,30148,At Intersection (intersection related),Daylight,22ND AVE AND E UNION ST,0,1,,2,3707453,Dry,18,"MOTOR VEHICLE STRUCK PEDALCYCLIST, FRONT END AT ANGLE",,3232,1,2b,Serious Injury Collision,,45,Bicycle,Matched,N,1,Clear or Partly Cloudy,0,"(47.612933104000035, -122.30363535099997)",0,0,N,2015-233460
59785,197837,197957,Intersection,Cycles,0, ,,0,,07/07/2015 12:00:00 AM +0000,7/7/2015 8:30:00 AM,1,26848,At Intersection (intersection related),Unknown,STONE WAY N AND N 40TH ST,0,1,,0,E441032,Unknown,18,"MOTOR VEHICLE STRUCK PEDALCYCLIST, FRONT END AT ANGLE",,12961,0,2,Injury Collision,,45,Bicycle,Matched,N,1,Unknown,0,"(47.65538287600003, -122.34243924099997)",0,0,N,15-231759
59811,199073,199213,Intersection,Cycles,0, ,,0,,07/29/2015 12:00:00 AM +0000,7/29/2015 7:41:00 PM,1,27079,At Intersection (intersection related),Daylight,ROOSEVELT WAY NE AND NE 43RD S ST,0,1,,1,E447502,Dry,18,"MOTOR VEHICLE STRUCK PEDALCYCLIST, FRONT END AT ANGLE",,12597,0,2,Injury Collision,,45,Bicycle,Matched,N,1,Clear or Partly Cloudy,0,"(47.65945594600004, -122.31775170599997)",8995,0,N,2015-2611861
59822,198793,198933,Block,Cycles,153, ,,0,,07/28/2015 12:00:00 AM +0000,7/28/2015 9:43:00 PM,1,,Mid-Block (not related to intersection),Dark - Street Lights On,1ST AVE S BETWEEN YESLER WAY AND S WASHINGTON ST,0,2,,3,3696135,Dry,18,"MOTOR VEHICLE STRUCK PEDALCYCLIST, FRONT END AT ANGLE",,1185,0,2,Injury Collision,,45,Bicycle,Matched,N,1,Clear or Partly Cloudy,0,"(47.60130412800004, -122.33418005599998)",0,0,N,2015-259867
59824,196957,197077,Block,Cycles,330, ,,0,,05/28/2015 12:00:00 AM +0000,5/28/2015 7:30:00 PM,1,,Mid-Block (not related to intersection),Daylight,BROOKLYN AVE NE BETWEEN NE 47TH ST AND NE 50TH ST,0,1,,0,E429310,Dry,18,"MOTOR VEHICLE STRUCK PEDALCYCLIST, FRONT END AT ANGLE",,9483,0,2,Injury Collision,,45,Bicycle,Matched,N,1,Clear or Partly Cloudy,0,"(47.664002692000054, -122.31422407499997)",0,0,N,2015-176651
59843,197265,197385,Intersection,Cycles,0, ,,0,,07/06/2015 12:00:00 AM +0000,7/6/2015 11:05:00 AM,1,29875,At Intersection (intersection related),Daylight,SUMMIT AVE AND E PIKE ST,0,1,,0,E440188,Dry,18,"MOTOR VEHICLE STRUCK PEDALCYCLIST, FRONT END AT ANGLE",,12986,0,2,Injury Collision,,45,Bicycle,Matched,N,1,Clear or Partly Cloudy,0,"(47.614088508000066, -122.32551417499997)",0,0,N,2015-230266
59919,198112,198252,Block,Cycles,314.5, ,,0,,06/22/2015 12:00:00 AM +0000,6/22/2015 4:42:00 PM,1,,Mid-Block (not related to intersection),Daylight,26TH AVE S BETWEEN S WASHINGTON ST AND S JACKSON ST,0,1,,1,E436362,Dry,18,"MOTOR VEHICLE STRUCK PEDALCYCLIST, FRONT END AT ANGLE",,3915,0,2,Injury Collision,,45,Bicycle,Matched,N,1,Clear or Partly Cloudy,0,"(47.60011594700006, -122.29864146699998)",0,0,N,2015-210864
59921,196981,197101,Intersection,Cycles,0, ,,0,,07/01/2015 12:00:00 AM +0000,7/1/2015 11:00:00 AM,1,31623,At Intersection (intersection related),Daylight,BEACON AVE S AND S MCCLELLAN ST,0,1,,0,E439077,Dry,18,"MOTOR VEHICLE STRUCK PEDALCYCLIST, FRONT END AT ANGLE",,9120,0,2,Injury Collision,,45,Bicycle,Matched,N,1,Clear or Partly Cloudy,0,"(47.578626298000074, -122.31159702199994)",0,0,N,2015-222697
59967,199102,199242,Block,Cycles,213, ,,0,Y,07/31/2015 12:00:00 AM +0000,7/31/2015 10:07:00 AM,1,,Mid-Block (but intersection related),Daylight,3RD AVE BETWEEN UNIVERSITY ST AND UNION ST,0,1,,2,3739315,Dry,11,"MOTOR VEHICLE STRUCK MOTOR VEHICLE, FRONT END AT ANGLE",,4382,0,2,Injury Collision,,45,Bicycle,Matched,N,1,Clear or Partly Cloudy,0,"(47.608258539000076, -122.33642912999994)",0,0,N,15-263222
59970,197293,197413,Intersection,Cycles,0, ,,0,,06/07/2015 12:00:00 AM +0000,6/7/2015 3:27:00 PM,1,37461,At Intersection (intersection related),Daylight,DAYTON AVE N AND N 85TH ST,0,1,,1,E431753,Dry,18,"MOTOR VEHICLE STRUCK PEDALCYCLIST, FRONT END AT ANGLE",,9927,0,2,Injury Collision,,45,Bicycle,Matched,N,1,Clear or Partly Cloudy,0,"(47.690587073000074, -122.35260172799997)",0,37461,N,2015-189917
59973,198448,198588,Block,Cycles,51.5, ,,0,,07/22/2015 12:00:00 AM +0000,7/22/2015 8:17:00 AM,1,,Mid-Block (not related to intersection),Daylight,NW 70TH ST BETWEEN 9TH E AVE NW AND 9TH W AVE NW,0,1,,1,E444909,Dry,18,"MOTOR VEHICLE STRUCK PEDALCYCLIST, FRONT END AT ANGLE",,18710,0,2,Injury Collision,,45,Bicycle,Matched,N,1,Clear or Partly Cloudy,0,"(47.67954810600003, -122.36853377799997)",0,0,N,2015-251122
59993,198867,199007,Block,Cycles,210, ,,0,Y,07/28/2015 12:00:00 AM +0000,7/28/2015 9:05:00 AM,1,,Mid-Block (not related to intersection),Daylight,MERIDIAN AVE N BETWEEN N 34TH ST AND N 35TH ST,0,1,,2,3736690,Dry,18,"MOTOR VEHICLE STRUCK PEDALCYCLIST, FRONT END AT ANGLE",,11781,0,2,Injury Collision,,45,Bicycle,Matched,N,1,Clear or Partly Cloudy,0,"(47.648606130000076, -122.33390722799999)",0,0,N,15-259944
60028,197599,197719,Block,Cycles,202, ,,0,,07/09/2015 12:00:00 AM +0000,7/9/2015 8:30:00 PM,1,,Mid-Block (not related to intersection),Dark - Street Lights On,EASTLAKE AVE E BETWEEN STEWART ST AND THOMAS ST,0,1,,2,3590841,Dry,18,"MOTOR VEHICLE STRUCK PEDALCYCLIST, FRONT END AT ANGLE",,10163,0,2,Injury Collision,,45,Bicycle,Matched,N,1,Clear or Partly Cloudy,0,"(47.62026809500003, -122.32913853999997)",0,0,N,15-235103
60053,197301,197421,Intersection,Cycles,0, ,,0,,05/31/2015 12:00:00 AM +0000,5/31/2015 12:18:00 PM,1,29761,At Intersection (intersection related),Daylight,12TH AVE AND E MADISON ST,0,1,,0,E431761,Dry,18,"MOTOR VEHICLE STRUCK PEDALCYCLIST, FRONT END AT ANGLE",,1536,0,2,Injury Collision,,45,Bicycle,Matched,N,1,Clear or Partly Cloudy,0,"(47.61288923600006, -122.31673339099996)",0,297610,N,2015-108400
60078,197611,197731,Block,Cycles,323.5, ,,0,,06/12/2015 12:00:00 AM +0000,6/12/2015 12:20:00 PM,0,,Mid-Block (not related to intersection),Daylight,NW MARKET ST BETWEEN 14TH AVE NW AND 15TH AVE NW,0,1,,0,E434964,Dry,18,"MOTOR VEHICLE STRUCK PEDALCYCLIST, FRONT END AT ANGLE",,19226,0,1,Property Damage Only Collision,,45,Bicycle,Matched,N,1,Clear or Partly Cloudy,0,"(47.66866614400004, -122.37489946299996)",0,0,N,2015-196738
60126,198522,198662,Block,Cycles,153, ,,0,,07/24/2015 12:00:00 AM +0000,7/24/2015 9:28:00 AM,1,,Driveway Junction,Daylight,ALASKAN WAY BETWEEN MARION ST AND MADISON ST,0,1,Y,2,3549711,Dry,18,"MOTOR VEHICLE STRUCK PEDALCYCLIST, FRONT END AT ANGLE",,8719,0,2,Injury Collision,,45,Bicycle,Matched,N,1,Clear or Partly Cloudy,0,"(47.60341979000003, -122.33810477899999)",0,0,N,2015-253971
60161,199143,199283,Intersection,Cycles,0, ,,0,,08/02/2015 12:00:00 AM +0000,8/2/2015 2:09:00 AM,1,29176,At Intersection (intersection related),Dark - Street Lights On,BELLEVUE AVE AND E HOWELL ST,0,1,,2,3549267,Dry,11,"MOTOR VEHICLE STRUCK MOTOR VEHICLE, FRONT END AT ANGLE",,9216,0,2,Injury Collision,,45,Bicycle,Matched,Y,1,Clear or Partly Cloudy,0,"(47.61773993300005, -122.32676681199996)",0,0,N,2015-265743
60165,198526,198666,Block,Cycles,161, ,,0,,07/24/2015 12:00:00 AM +0000,7/24/2015 7:10:00 PM,1,,Driveway Junction,Daylight,PINE ST BETWEEN 8TH AVE AND 9TH AVE,0,1,,3,3574925,Dry,18,"MOTOR VEHICLE STRUCK PEDALCYCLIST, FRONT END AT ANGLE",,12221,0,2,Injury Collision,,45,Bicycle,Matched,Y,1,Clear or Partly Cloudy,0,"(47.61329521600004, -122.33259897599999)",0,0,N,2015-254679
60194,198186,198326,Block,Cycles,468, ,,0,,07/11/2015 12:00:00 AM +0000,7/11/2015 5:23:00 PM,1,,Mid-Block (not related to intersection),Daylight,SHILSHOLE AVE NW BETWEEN 17TH AVE NW AND NW DOCK PL,0,1,Y,3,3736650,Dry,18,"MOTOR VEHICLE STRUCK PEDALCYCLIST, FRONT END AT ANGLE",,12828,0,2,Injury Collision,,45,Bicycle,Matched,N,1,Overcast,0,"(47.662997646000065, -122.38055647199997)",0,0,N,15-237585
60221,197662,197782,Block,Cycles,139, ,,0,,05/11/2015 12:00:00 AM +0000,5/11/2015 7:38:00 PM,1,,Driveway Junction,Daylight,E DENNY WAY BETWEEN MELROSE AVE AND BELLEVUE AVE,0,1,,2,3707139,Dry,18,"MOTOR VEHICLE STRUCK PEDALCYCLIST, FRONT END AT ANGLE",,13945,0,2,Injury Collision,,45,Bicycle,Matched,N,1,Clear or Partly Cloudy,0,"(47.61849470200008, -122.32729177899995)",0,0,N,15-154879
60325,197674,197794,Intersection,Cycles,0, ,,0,,05/28/2015 12:00:00 AM +0000,5/28/2015 11:57:00 AM,1,29916,At Intersection (intersection related),Daylight,8TH AVE AND SENECA ST,0,1,,0,E435206,Dry,18,"MOTOR VEHICLE STRUCK PEDALCYCLIST, FRONT END AT ANGLE",,8278,0,2,Injury Collision,,45,Bicycle,Matched,N,1,Clear or Partly Cloudy,0,"(47.60937180500008, -122.32977650099997)",0,29916,N,2015-176067
60344,197076,197196,Block,Cycles,107.5, ,,0,,06/25/2015 12:00:00 AM +0000,6/25/2015 5:23:00 PM,1,,Mid-Block (but intersection related),Daylight,NE 125TH ST BETWEEN 17TH E AVE NE AND 19TH AVE NE,0,1,,3,3707865,Dry,51,PEDALCYCLIST STRUCK MOTOR VEHICLE FRONT END AT ANGLE,,16487,0,2,Injury Collision,,45,Bicycle,Matched,N,1,Clear or Partly Cloudy,0,"(47.71938575400003, -122.30954145099997)",0,0,N,15-214946
60374,199168,199308,Intersection,Cycles,0, ,,0,,08/01/2015 12:00:00 AM +0000,8/1/2015 7:26:00 AM,1,27816,At Intersection (intersection related),Daylight,W MCGRAW PL AND W MCGRAW E ST,0,1,,1,E447909,Dry,18,"MOTOR VEHICLE STRUCK PEDALCYCLIST, FRONT END AT ANGLE",,2916,0,2,Injury Collision,,45,Bicycle,Matched,N,1,Clear or Partly Cloudy,0,"(47.639596907000055, -122.35958981199997)",0,0,N,2015-264608
60381,199164,199304,Block,Cycles,189.5, ,,0,,08/01/2015 12:00:00 AM +0000,8/1/2015 3:14:00 PM,1,,Mid-Block (not related to intersection),Daylight,40TH AVE NE BETWEEN NE 52ND PL AND NE 55TH ST,0,1,,2,3733601,Dry,18,"MOTOR VEHICLE STRUCK PEDALCYCLIST, FRONT END AT ANGLE",,6313,0,2,Injury Collision,,45,Bicycle,Matched,N,1,Clear or Partly Cloudy,0,"(47.66798867600005, -122.28481801699996)",0,0,N,15-265024
60386,197697,197817,Block,Cycles,69.5, ,,0,,05/20/2015 12:00:00 AM +0000,5/20/2015 3:20:00 PM,1,,Mid-Block (not related to intersection),Daylight,4TH AVE S BETWEEN S INDUSTRIAL EB WAY AND DIAGONAL AVE S,0,1,,0,E435265,Dry,18,"MOTOR VEHICLE STRUCK PEDALCYCLIST, FRONT END AT ANGLE",,6250,0,2,Injury Collision,,45,Bicycle,Matched,N,1,Clear or Partly Cloudy,0,"(47.56748036600004, -122.32928120099996)",0,0,N,2015-165906