OBJECTID,INCKEY,COLDETKEY,ADDRTYPE,COLLISIONTYPE,DISTANCE,EXCEPTRSNCODE,EXCEPTRSNDESC,FATALITIES,INATTENTIONIND,INCDATE,INCDTTM,INJURIES,INTKEY,JUNCTIONTYPE,LIGHTCOND,LOCATION,PEDCOUNT,PEDCYLCOUNT,PEDROWNOTGRNT,PERSONCOUNT,REPORTNO,ROADCOND,SDOT_COLCODE,SDOT_COLDESC,SDOTCOLNUM,SEGKEY,SERIOUSINJURIES,SEVERITYCODE,SEVERITYDESC,SPEEDING,ST_COLCODE,ST_COLDESC,STATUS,UNDERINFL,VEHCOUNT,WEATHER,WIDTH,Shape,SEGLANEKEY,CROSSWALKKEY,HITPARKEDCAR,SPDCASENO
60389,197078,197198,Block,Cycles,156.5, ,,0,,06/25/2015 12:00:00 AM +0000,6/25/2015 4:21:00 PM,1,,Driveway Junction,Daylight,DEXTER AVE N BETWEEN ROY ST AND VALLEY ST,0,1,Y,2,3732143,Dry,18,"MOTOR VEHICLE STRUCK PEDALCYCLIST, FRONT END AT ANGLE",,10078,0,2,Injury Collision,,45,Bicycle,Matched,N,1,Clear or Partly Cloudy,0,"(47.62583102800005, -122.34233820999998)",0,0,N,2015-214874
60423,198617,198758,Block,Cycles,205, ,,0,,07/27/2015 12:00:00 AM +0000,7/27/2015 4:40:00 AM,1,,Mid-Block (but intersection related),Dark - Street Lights On,BELMONT AVE BETWEEN E PINE ST AND E OLIVE ST,0,1,,1,3642467,Dry,68,PEDALCYCLIST RAN OFF ROAD - HIT FIXED OBJECT,,9234,1,2b,Serious Injury Collision,Y,45,Bicycle,Matched,N,0,Clear or Partly Cloudy,0,"(47.615785104000054, -122.32447970899995)",0,0,N,2015-257473
60441,198599,198739,Intersection,Cycles,0, ,,0,,07/24/2015 12:00:00 AM +0000,7/24/2015 6:48:00 PM,1,28788,At Intersection (intersection related),Daylight,DEXTER AVE N AND THOMAS ST,0,1,Y,2,3573348,Dry,18,"MOTOR VEHICLE STRUCK PEDALCYCLIST, FRONT END AT ANGLE",,10073,0,2,Injury Collision,,45,Bicycle,Matched,N,1,Clear or Partly Cloudy,0,"(47.620888395000065, -122.34238173099999)",0,0,N,2015-254655
60473,198023,198143,Block,Cycles,231, ,,0,,07/18/2015 12:00:00 AM +0000,7/18/2015 8:29:00 PM,0,,Driveway Junction,Daylight,S LANE ST BETWEEN 13TH AVE S AND CORWIN PL S,0,1,,2,3707551,Dry,18,"MOTOR VEHICLE STRUCK PEDALCYCLIST, FRONT END AT ANGLE",,20658,0,1,Property Damage Only Collision,,45,Bicycle,Matched,N,1,Clear or Partly Cloudy,0,"(47.59665558800003, -122.31499411799996)",0,0,N,2015-246760
60479,198324,198464,Intersection,Cycles,0, ,,0,Y,07/22/2015 12:00:00 AM +0000,7/22/2015 10:56:00 AM,1,29047,At Intersection (intersection related),Daylight,HARVARD AVE E AND E THOMAS ST,0,1,,2,2899346,Dry,18,"MOTOR VEHICLE STRUCK PEDALCYCLIST, FRONT END AT ANGLE",,10847,0,2,Injury Collision,,45,Bicycle,Matched,N,1,Clear or Partly Cloudy,0,"(47.62106633700006, -122.32222485499994)",0,0,N,15-251267
60541,197748,197868,Intersection,Cycles,0, ,,0,,07/13/2015 12:00:00 AM +0000,7/13/2015 3:06:00 PM,1,34561,At Intersection (intersection related),Daylight,38TH AVE S AND S OTHELLO ST,0,1,,0,E442600,Dry,18,"MOTOR VEHICLE STRUCK PEDALCYCLIST, FRONT END AT ANGLE",,21051,0,2,Injury Collision,,45,Bicycle,Matched,N,1,Clear or Partly Cloudy,0,"(47.53703456900007, -122.28470685799999)",0,0,N,2015-239894
60576,199022,199162,Intersection,Cycles,0, ,,0,,07/30/2015 12:00:00 AM +0000,7/30/2015 9:30:00 PM,0,25793,At Intersection (intersection related),Dusk,UNIVERSITY WAY NE AND NE 50TH ST,0,1,Y,2,3739060,Dry,18,"MOTOR VEHICLE STRUCK PEDALCYCLIST, FRONT END AT ANGLE",,13224,0,1,Property Damage Only Collision,,45,Bicycle,Matched,N,1,Clear or Partly Cloudy,0,"(47.66490072400006, -122.31307415999999)",0,0,N,15-263467
60597,198757,198897,Block,Cycles,330, ,,0,Y,07/22/2015 12:00:00 AM +0000,7/22/2015 6:33:00 PM,1,,Mid-Block (not related to intersection),Daylight,N NORTHGATE WAY BETWEEN MERIDIAN AVE N AND CORLISS AVE N,0,1,Y,2,3739053,Dry,18,"MOTOR VEHICLE STRUCK PEDALCYCLIST, FRONT END AT ANGLE",,16119,0,2,Injury Collision,,45,Bicycle,Matched,N,1,Clear or Partly Cloudy,0,"(47.70865451600008, -122.33265537499994)",0,0,N,2015-251907
60604,198718,198858,Block,Cycles,153, ,,0,,07/25/2015 12:00:00 AM +0000,7/25/2015 4:30:00 PM,1,,Mid-Block (but intersection related),Daylight,2ND AVE BETWEEN BATTERY ST AND WALL ST,0,1,,2,3739001,Dry,18,"MOTOR VEHICLE STRUCK PEDALCYCLIST, FRONT END AT ANGLE",,2765,0,2,Injury Collision,,45,Bicycle,Matched,N,1,Clear or Partly Cloudy,0,"(47.615084022000076, -122.34741883299995)",0,0,N,2015-255932
60611,198697,198837,Intersection,Cycles,0, ,,1,,06/27/2015 12:00:00 AM +0000,6/27/2015 11:06:00 PM,1,24506,At Intersection (intersection related),Dark - Street Lights On,15TH AVE NE AND NE 65TH ST,0,1,,3,3503413,Dry,18,"MOTOR VEHICLE STRUCK PEDALCYCLIST, FRONT END AT ANGLE",,2048,0,3,Fatality Collision,,45,Bicycle,Matched,Y,1,Clear or Partly Cloudy,0,"(47.67578344000003, -122.31192972199995)",0,0,N,15-218075
60654,201388,201528,Intersection,Cycles,0, ,,0,,08/28/2015 12:00:00 AM +0000,8/28/2015 7:55:00 AM,1,28633,At Intersection (intersection related),,1ST AVE W AND W MERCER ST,1,1,,2,3736381,,24,MOTOR VEHCILE STRUCK PEDESTRIAN,,1243,0,2,Injury Collision,,45,Bicycle,Matched,N,0,,0,"(47.62458759100008, -122.35801570999996)",0,0,N,15-300577
60734,201058,201198,Block,Cycles,154, ,,0,,08/26/2015 12:00:00 AM +0000,8/26/2015 7:02:00 PM,1,,Mid-Block (not related to intersection),Daylight,FREMONT AVE N BETWEEN N 34TH ST AND FREMONT PL N,0,1,,0,E456228,Dry,18,"MOTOR VEHICLE STRUCK PEDALCYCLIST, FRONT END AT ANGLE",,10485,0,2,Injury Collision,,45,Bicycle,Matched,N,1,Clear or Partly Cloudy,0,"(47.650009011000066, -122.34979103399996)",8223,0,N,2015-298651
60825,199281,199421,Block,Cycles,203.5, ,,0,Y,07/31/2015 12:00:00 AM +0000,7/31/2015 3:37:00 PM,1,,Driveway Junction,Daylight,NW MARKET ST BETWEEN 28TH AVE NW AND NW 54TH ST,0,1,,1,E447943,Dry,51,PEDALCYCLIST STRUCK MOTOR VEHICLE FRONT END AT ANGLE,,19238,0,2,Injury Collision,,45,Bicycle,Matched,N,1,Clear or Partly Cloudy,0,"(47.66865140600004, -122.39368163099999)",0,0,N,2015-263605
60896,200817,200957,Block,Cycles,166.5, ,,0,Y,08/25/2015 12:00:00 AM +0000,8/25/2015 12:15:00 PM,1,,Mid-Block (not related to intersection),Daylight,RUSSELL AVE NW BETWEEN NW IONE PL AND NW CENTRAL PL,0,1,Y,2,3738883,Dry,18,"MOTOR VEHICLE STRUCK PEDALCYCLIST, FRONT END AT ANGLE",,12698,0,2,Injury Collision,,45,Bicycle,Matched,N,1,Clear or Partly Cloudy,0,"(47.66644024900006, -122.38047522499994)",0,0,N,2015-296885
60942,201664,201804,Intersection,Cycles,0, ,,0,,09/04/2015 12:00:00 AM +0000,9/4/2015 9:42:00 PM,1,29599,At Intersection (intersection related),Dark - Street Lights On,1ST AVE AND UNION ST,0,1,,0,E459217,Dry,18,"MOTOR VEHICLE STRUCK PEDALCYCLIST, FRONT END AT ANGLE",,1008,0,2,Injury Collision,,45,Bicycle,Matched,N,1,Clear or Partly Cloudy,0,"(47.60782816200003, -122.33910533499994)",0,0,N,2015-310793
60949,199298,199438,Intersection,Cycles,0, ,,0,,08/04/2015 12:00:00 AM +0000,8/4/2015 9:13:00 AM,1,29528,At Intersection (intersection related),Daylight,LENORA ST AND WESTLAKE AVE,0,1,Y,2,3585146,Dry,18,"MOTOR VEHICLE STRUCK PEDALCYCLIST, FRONT END AT ANGLE",,8285,0,2,Injury Collision,,45,Bicycle,Matched,N,1,Clear or Partly Cloudy,0,"(47.61649020500005, -122.33789362899995)",0,0,N,2015-268538
60956,199303,199443,Block,Cycles,294, ,,0,Y,08/04/2015 12:00:00 AM +0000,8/4/2015 7:26:00 PM,1,,Mid-Block (but intersection related),Daylight,N 34TH ST BETWEEN FREMONT AVE N AND TROLL AVE N,0,1,,2,3706815,Dry,21,"MOTOR VEHICLE STRUCK PEDALCYCLIST, REAR END",,15286,0,2,Injury Collision,,45,Bicycle,Matched,N,1,Clear or Partly Cloudy,0,"(47.649415228000066, -122.34858506899997)",0,0,N,2015-269329
60972,202522,202662,Block,Cycles,165, ,,0,,09/16/2015 12:00:00 AM +0000,9/16/2015 9:29:00 PM,1,,Mid-Block (not related to intersection),Dark - Street Lights On,AURORA AVE N BETWEEN N 96TH N ST AND N 97TH ST,0,1,,2,3695505,Dry,18,"MOTOR VEHICLE STRUCK PEDALCYCLIST, FRONT END AT ANGLE",,8976,0,2,Injury Collision,,45,Bicycle,Matched,N,1,Clear or Partly Cloudy,0,"(47.69916519900005, -122.34462415299998)",0,0,N,2015-325636
61009,201440,201580,Block,Cycles,367, ,,0,,08/06/2015 12:00:00 AM +0000,8/6/2015 5:58:00 PM,1,,Mid-Block (not related to intersection),Daylight,BEACON AVE S BETWEEN S STEVENS ST AND S HANFORD ST,0,1,Y,2,3726002,Dry,11,"MOTOR VEHICLE STRUCK MOTOR VEHICLE, FRONT END AT ANGLE",,9122,0,2,Injury Collision,,45,Bicycle,Matched,N,1,Clear or Partly Cloudy,0,"(47.576073543000064, -122.30951713499996)",0,0,N,15-272027
61020,200877,201017,Intersection,Cycles,0, ,,0,,08/26/2015 12:00:00 AM +0000,8/26/2015 9:07:00 PM,1,25385,At Intersection (but not related to intersection),Dark - Street Lights On,15TH AVE NW AND NW 64TH ST,0,1,,1,3501589,Dry,69,PEDALCYCLIST OVERTURNED IN ROAD,,2111,0,2,Injury Collision,,45,Bicycle,Matched,N,0,Clear or Partly Cloudy,0,"(47.67527948700007, -122.37621073499997)",0,0,N,2015-298786
61023,201441,201581,Block,Cycles,290, ,,0,Y,08/03/2015 12:00:00 AM +0000,8/3/2015 5:53:00 PM,1,,Mid-Block (not related to intersection),Daylight,SEWARD PARK AVE S BETWEEN S OTHELLO ST AND S FONTANELLE PL,0,1,Y,2,3730398,Dry,18,"MOTOR VEHICLE STRUCK PEDALCYCLIST, FRONT END AT ANGLE",,12806,0,2,Injury Collision,,45,Bicycle,Matched,N,1,Clear or Partly Cloudy,0,"(47.536183255000026, -122.26727802799996)",0,0,N,2015-267844
61068,201445,201585,Block,Cycles,162, ,,0,,08/06/2015 12:00:00 AM +0000,8/6/2015 4:14:00 PM,1,,Driveway Junction,Daylight,DEXTER AVE N BETWEEN LEE ST AND GALER ST,0,1,Y,2,3732561,Dry,18,"MOTOR VEHICLE STRUCK PEDALCYCLIST, FRONT END AT ANGLE",,10083,0,2,Injury Collision,,45,Bicycle,Matched,N,1,Clear or Partly Cloudy,0,"(47.63185406600007, -122.34228516499996)",0,0,N,15-271868
61093,199489,199629,Block,Cycles,153, ,,0,,08/08/2015 12:00:00 AM +0000,8/8/2015 4:45:00 PM,2,,Mid-Block (not related to intersection),Daylight,ALASKAN WAY BETWEEN MARION ST AND MADISON ST,0,1,,2,3589066,Dry,28,MOTOR VEHICLE RAN OFF ROAD - HIT FIXED OBJECT,,8719,0,2,Injury Collision,,45,Bicycle,Matched,N,0,Overcast,0,"(47.60341979000003, -122.33810477899999)",0,0,N,2015-274705
61094,199312,199452,Block,Cycles,161, ,,0,Y,08/05/2015 12:00:00 AM +0000,8/5/2015 11:34:00 AM,1,,Mid-Block (but intersection related),Daylight,STEWART ST BETWEEN 7TH AVE AND 8TH AVE,0,1,,2,3732557,Dry,54,PEDALCYCLIST STRUCK MOTOR VEHICLE REAR END,,12904,0,2,Injury Collision,,45,Bicycle,Matched,N,1,Clear or Partly Cloudy,0,"(47.614619204000064, -122.33572640499995)",0,0,N,2015-270163
61100,202526,202666,Block,Cycles,134.5, ,,0,,09/11/2015 12:00:00 AM +0000,9/11/2015 6:25:00 PM,0,,Mid-Block (not related to intersection),Daylight,ALASKAN WAY BETWEEN YESLER WAY AND COLUMBIA ST,0,1,,0,E460968,Dry,18,"MOTOR VEHICLE STRUCK PEDALCYCLIST, FRONT END AT ANGLE",,8717,0,1,Property Damage Only Collision,,45,Bicycle,Matched,N,0,Clear or Partly Cloudy,0,"(47.602031397000076, -122.33686381999996)",0,0,N,2015-320445
61108,199877,200017,Block,Cycles,367, ,,0,,08/12/2015 12:00:00 AM +0000,8/12/2015 4:35:00 PM,1,,Mid-Block (not related to intersection),Daylight,ALASKAN WAY BETWEEN XW BELL ST AND WALL ST,0,1,,2,3703610,Dry,11,"MOTOR VEHICLE STRUCK MOTOR VEHICLE, FRONT END AT ANGLE",,8730,0,2,Injury Collision,,45,Bicycle,Matched,N,1,Clear or Partly Cloudy,0,"(47.61218693200004, -122.35002038099998)",0,0,N,2015-279973
61187,201934,202074,Intersection,Cycles,0, ,,0,,07/28/2015 12:00:00 AM +0000,7/28/2015 9:25:00 AM,1,27039,At Intersection (intersection related),Daylight,FREMONT AVE N AND N 34TH ST,0,1,,1,E447509,Dry,18,"MOTOR VEHICLE STRUCK PEDALCYCLIST, FRONT END AT ANGLE",,10485,0,2,Injury Collision,,45,Bicycle,Matched,N,1,Clear or Partly Cloudy,0,"(47.64958972900007, -122.34974744899995)",0,0,N,2015-258960
61188,202325,202465,Block,Cycles,135, ,,0,,08/14/2015 12:00:00 AM +0000,8/14/2015 6:55:00 PM,1,,Mid-Block (not related to intersection),Daylight,MERIDIAN AVE N BETWEEN N 54TH ST AND N 55TH ST,0,1,,1,E452268,Wet,18,"MOTOR VEHICLE STRUCK PEDALCYCLIST, FRONT END AT ANGLE",,11802,0,2,Injury Collision,,45,Bicycle,Matched,N,1,Raining,0,"(47.66831166800006, -122.33366789999997)",0,0,N,2015-282887
61200,201928,202068,Block,Cycles,278, ,,0,,07/24/2015 12:00:00 AM +0000,7/24/2015 11:15:00 PM,2,,Mid-Block (not related to intersection),Dark - Street Lights On,AIRPORT WAY S BETWEEN S LUCILE ST AND CORSON AVE S,0,1,,1,E447423,Dry,14,"MOTOR VEHICLE STRUCK MOTOR VEHICLE, REAR END",,8690,0,2,Injury Collision,,45,Bicycle,Matched,Y,1,Clear or Partly Cloudy,0,"(47.55272059300006, -122.32037364599995)",0,0,N,2015-254989
61208,199318,199458,Block,Cycles,476.5, ,,0,,08/04/2015 12:00:00 AM +0000,8/4/2015 6:39:00 PM,1,,Driveway Junction,Dusk,NE 125TH ST BETWEEN 42ND AVE NE AND RIVIERA PL NE,0,1,,2,3733578,Dry,51,PEDALCYCLIST STRUCK MOTOR VEHICLE FRONT END AT ANGLE,,16512,0,2,Injury Collision,,45,Bicycle,Matched,N,1,Clear or Partly Cloudy,0,"(47.71917475300006, -122.28128337799996)",0,0,N,2015-269273
61231,199669,199809,Block,Cycles,132, ,,0,,06/29/2015 12:00:00 AM +0000,6/29/2015 8:55:00 PM,1,,Mid-Block (not related to intersection),Dusk,AURORA AVE N BETWEEN N 82ND ST AND GREEN LAKE DR N,0,1,,0,E438594,Dry,51,PEDALCYCLIST STRUCK MOTOR VEHICLE FRONT END AT ANGLE,,8960,0,2,Injury Collision,,45,Bicycle,Matched,N,1,Clear or Partly Cloudy,0,"(47.68874955500007, -122.34451256099999)",0,0,N,2015-220481
61292,201702,201842,Intersection,Cycles,0, ,,0,,07/16/2015 12:00:00 AM +0000,7/16/2015 8:06:00 AM,1,30501,At Intersection (intersection related),Daylight,5TH AVE S AND S MAIN ST,0,1,,1,E444860,Dry,18,"MOTOR VEHICLE STRUCK PEDALCYCLIST, FRONT END AT ANGLE",,7358,0,2,Injury Collision,,45,Bicycle,Matched,N,1,Clear or Partly Cloudy,0,"(47.60003407600004, -122.32766333399996)",0,20733,N,2015-243345
61354,199333,199473,Block,Cycles,329, ,,0,,08/02/2015 12:00:00 AM +0000,8/2/2015 11:40:00 PM,1,,Mid-Block (not related to intersection),Dark - Street Lights On,NW 85TH ST BETWEEN 6TH AVE NW AND 8TH AVE NW,0,1,,2,3739088,Dry,18,"MOTOR VEHICLE STRUCK PEDALCYCLIST, FRONT END AT ANGLE",,18960,0,2,Injury Collision,,45,Bicycle,Matched,N,1,Clear or Partly Cloudy,0,"(47.69064791800008, -122.36465469299998)",0,0,N,2015-266844
61366,199890,200030,Intersection,Cycles,0, ,,0,Y,08/12/2015 12:00:00 AM +0000,8/12/2015 7:07:00 PM,1,26454,At Intersection (intersection related),Daylight,GILMAN AVE W AND W EMERSON ST,0,1,,4,3732633,Dry,18,"MOTOR VEHICLE STRUCK PEDALCYCLIST, FRONT END AT ANGLE",,10636,0,2,Injury Collision,,45,Bicycle,Matched,N,3,Clear or Partly Cloudy,0,"(47.65397898100008, -122.38461607899995)",0,0,N,
61370,199677,199817,Intersection,Cycles,0, ,,0,,06/30/2015 12:00:00 AM +0000,6/30/2015 9:49:00 AM,1,33676,At Intersection (intersection related),Daylight,57TH AVE S AND S DAWSON ST,0,1,,0,E439080,Dry,18,"MOTOR VEHICLE STRUCK PEDALCYCLIST, FRONT END AT ANGLE",,7784,0,2,Injury Collision,,45,Bicycle,Matched,N,1,Clear or Partly Cloudy,0,"(47.55480344400007, -122.26250870999996)",33676,0,N,2015-221034
61388,200920,201060,Intersection,Cycles,0, ,,0,,08/23/2015 12:00:00 AM +0000,8/23/2015 12:33:00 PM,1,28725,At Intersection (intersection related),Daylight,HIGHLAND DR AND WESTLAKE AVE N,0,1,Y,2,3739259,Dry,18,"MOTOR VEHICLE STRUCK PEDALCYCLIST, FRONT END AT ANGLE",,13541,0,2,Injury Collision,,45,Bicycle,Matched,N,1,Clear or Partly Cloudy,0,"(47.62971165700003, -122.34100743599998)",0,0,N,2015-294394
61431,202157,202297,Intersection,Cycles,0, ,,0,,09/12/2015 12:00:00 AM +0000,9/12/2015 2:59:00 PM,1,25947,At Intersection (intersection related),Daylight,27TH AVE NE AND NE BLAKELEY ST,0,1,,2,3733610,Dry,51,PEDALCYCLIST STRUCK MOTOR VEHICLE FRONT END AT ANGLE,,4005,0,2,Injury Collision,,45,Bicycle,Matched,N,1,Clear or Partly Cloudy,0,"(47.66637296500005, -122.29849642399995)",0,0,N,15-320386
61477,202343,202483,Intersection,Cycles,0, ,,0,,08/15/2015 12:00:00 AM +0000,8/15/2015 4:00:00 PM,1,28913,At Intersection (intersection related),Daylight,MERCER ST AND TAYLOR AVE N,0,1,,1,E453109,Dry,18,"MOTOR VEHICLE STRUCK PEDALCYCLIST, FRONT END AT ANGLE",,11768,1,2b,Serious Injury Collision,,45,Bicycle,Matched,N,0,Clear or Partly Cloudy,0,"(47.62455804800004, -122.34626626299996)",0,0,N,2015-283938
61490,202162,202302,Intersection,Cycles,0, ,,0,Y,09/11/2015 12:00:00 AM +0000,9/11/2015 7:45:00 AM,1,27079,At Intersection (intersection related),Daylight,ROOSEVELT WAY NE AND NE 43RD S ST,0,1,,2,3733680,Dry,18,"MOTOR VEHICLE STRUCK PEDALCYCLIST, FRONT END AT ANGLE",,12597,0,2,Injury Collision,,45,Bicycle,Matched,N,1,Clear or Partly Cloudy,0,"(47.65945594600004, -122.31775170599997)",8990,0,N,2015-318473
61518,199904,200044,Intersection,Cycles,0, ,,0,,07/08/2015 12:00:00 AM +0000,7/8/2015 7:07:00 PM,1,27041,At Intersection (intersection related),Dusk,ALBION PL N AND N 34TH ST,0,1,,0,E441754,Dry,18,"MOTOR VEHICLE STRUCK PEDALCYCLIST, FRONT END AT ANGLE",,8774,0,2,Injury Collision,,45,Bicycle,Matched,N,1,Clear or Partly Cloudy,0,"(47.64884179300003, -122.34476587499995)",27041,0,N,2015-233637
61556,202354,202494,Block,Cycles,82, ,,0,,09/09/2015 12:00:00 AM +0000,9/9/2015 8:15:00 AM,0,,Mid-Block (not related to intersection),Daylight,E ROANOKE ST BETWEEN DELMAR DR E AND 11TH AVE E,0,1,Y,2,3737827,Dry,18,"MOTOR VEHICLE STRUCK PEDALCYCLIST, FRONT END AT ANGLE",,14730,0,1,Property Damage Only Collision,,45,Bicycle,Matched,N,1,Clear or Partly Cloudy,0,"(47.64319613200007, -122.31867238899997)",0,0,N,2015-315855
61568,202179,202319,Block,Cycles,376, ,,0,,09/05/2015 12:00:00 AM +0000,9/5/2015 4:52:00 PM,1,,Driveway Junction,Daylight,WEST GREEN LAKE WAY N BETWEEN N 63RD ST AND AURORA AVE N,0,1,,2,3733827,Wet,51,PEDALCYCLIST STRUCK MOTOR VEHICLE FRONT END AT ANGLE,,23400,0,2,Injury Collision,,45,Bicycle,Matched,N,1,Raining,0,"(47.67499106000008, -122.34646883299996)",0,0,N,15-311743
61571,201722,201862,Block,Cycles,467, ,,0,,07/20/2015 12:00:00 AM +0000,7/20/2015 1:30:00 PM,1,,Mid-Block (not related to intersection),Daylight,E MADISON ST BETWEEN 29TH E AVE E AND LAKE WASHINGTON BLVD E,0,1,,1,E445413,Dry,56,PEDALCYCLIST STRUCK MOTOR VEHICLE LEFT SIDE SIDESWIPE,,14364,0,2,Injury Collision,,45,Bicycle,Matched,N,1,Clear or Partly Cloudy,0,"(47.62511058800004, -122.29377870599996)",0,0,Y,2015-249164
61598,199357,199497,Block,Cycles,163.5, ,,0,,06/29/2015 12:00:00 AM +0000,6/29/2015 12:45:00 PM,1,,Mid-Block (not related to intersection),Daylight,VALLEY ST BETWEEN BOREN AVE N AND FAIRVIEW AVE N,0,1,,2,3549735,Dry,51,PEDALCYCLIST STRUCK MOTOR VEHICLE FRONT END AT ANGLE,,13267,0,2,Injury Collision,,45,Bicycle,Matched,N,1,Clear or Partly Cloudy,0,"(47.625777535000054, -122.33515575899997)",0,0,N,2015-219897
61641,200470,200610,Block,Cycles,166.5, ,,0,,08/19/2015 12:00:00 AM +0000,8/19/2015 11:00:00 PM,0,,Mid-Block (not related to intersection),Dark - Street Lights On,NE 125TH ST BETWEEN 15TH AVE NE AND 16TH AVE NE,0,1,,3,3734572,Unknown,51,PEDALCYCLIST STRUCK MOTOR VEHICLE FRONT END AT ANGLE,,16484,0,1,Property Damage Only Collision,,45,Bicycle,Matched,N,1,Clear or Partly Cloudy,0,"(47.71940798400004, -122.31200491399994)",0,0,N,15-290254
61642,199920,200060,Block,Cycles,47.5, ,,0,,07/10/2015 12:00:00 AM +0000,7/10/2015 5:54:00 AM,1,,Mid-Block (not related to intersection),Dawn,VALLEY ST BETWEEN LAKE UNION PARK ACCESS RD AND BOREN AVE N,0,1,,0,E442178,Dry,18,"MOTOR VEHICLE STRUCK PEDALCYCLIST, FRONT END AT ANGLE",,578003,0,2,Injury Collision,,45,Bicycle,Matched,N,1,Clear or Partly Cloudy,0,"(47.625785456000074, -122.33601127399999)",578003,0,N,2015-235534
61660,200202,200342,Block,Cycles,425, ,,0,,08/13/2015 12:00:00 AM +0000,8/13/2015 5:25:00 PM,0,,Mid-Block (not related to intersection),Daylight,11TH AVE NE BETWEEN NE 56TH ST AND NE RAVENNA EB BV,0,1,,3,3736794,Dry,54,PEDALCYCLIST STRUCK MOTOR VEHICLE REAR END,,1414,0,1,Property Damage Only Collision,,45,Bicycle,Matched,N,1,Clear or Partly Cloudy,0,"(47.67059462900005, -122.31628657099998)",0,0,N,2015-281479
61689,201727,201867,Block,Cycles,221.5,NEI,"Not Enough Information, or Insufficient Location Information",0,,07/13/2015 12:00:00 AM +0000,7/13/2015 3:13:00 PM,1,,,Daylight,QUEEN ANNE AVE N BETWEEN BOSTON ST AND MCGRAW ST,0,1,,1,E445421,Dry,00,NOT ENOUGH INFORMATION / NOT APPLICABLE,,12314,0,2,Injury Collision,,45,Bicycle,Matched,N,1,Clear or Partly Cloudy,0,"(47.63898781200004, -122.35691931799994)",0,0,N,2015-240404
61694,201204,201344,Intersection,Cycles,0, ,,0,,08/29/2015 12:00:00 AM +0000,8/29/2015 10:18:00 PM,1,29748,At Intersection (intersection related),Dark - Street Lights On,12TH AVE AND E PIKE ST,0,1,,3,3707245,Wet,18,"MOTOR VEHICLE STRUCK PEDALCYCLIST, FRONT END AT ANGLE",,1546,1,2b,Serious Injury Collision,,45,Bicycle,Matched,N,1,Raining,0,"(47.61410376900005, -122.31683584899997)",0,0,N,15-302996
61700,202186,202326,Block,Cycles,213.5, ,,0,,08/10/2015 12:00:00 AM +0000,8/10/2015 7:41:00 PM,1,,Mid-Block (not related to intersection),Daylight,ALASKAN WAY BETWEEN UNIVERSITY ST AND UNION ST,0,1,,1,E450748,Dry,55,PEDALCYCLIST STRUCK MOTOR VEHICLE RIGHT SIDE SIDESWIPE,,8723,0,2,Injury Collision,,45,Bicycle,Matched,N,1,Clear or Partly Cloudy,0,"(47.60640582000008, -122.34087258999995)",0,0,N,2015-277387
61800,199942,200082,Intersection,Cycles,0, ,,0,,07/12/2015 12:00:00 AM +0000,7/12/2015 3:38:00 PM,1,167623,At Intersection (intersection related),Daylight,BEACON ER AVE S AND S MYRTLE ST,0,2,,0,E442595,Dry,51,PEDALCYCLIST STRUCK MOTOR VEHICLE FRONT END AT ANGLE,,20912,0,2,Injury Collision,,45,Bicycle,Matched,N,1,Clear or Partly Cloudy,0,"(47.53895778300006, -122.29608148499995)",0,0,N,2015-238679
61844,201737,201877,Intersection,Cycles,0, ,,0,,09/04/2015 12:00:00 AM +0000,9/4/2015 3:00:00 PM,1,30506,At Intersection (intersection related),Daylight,2ND AVE S AND S JACKSON ST,0,1,,0,E458751,Dry,18,"MOTOR VEHICLE STRUCK PEDALCYCLIST, FRONT END AT ANGLE",,2871,0,2,Injury Collision,,45,Bicycle,Matched,N,1,Clear or Partly Cloudy,0,"(47.59920078500005, -122.33157768599995)",0,524965,N,2015-310305
61880,202194,202334,Intersection,Cycles,0, ,,0,,08/06/2015 12:00:00 AM +0000,8/6/2015 4:45:00 PM,1,24596,At Intersection (intersection related),Daylight,WOODLAWN AVE N AND N 66TH ST,0,1,,1,E450951,Dry,18,"MOTOR VEHICLE STRUCK PEDALCYCLIST, FRONT END AT ANGLE",,13700,0,2,Injury Collision,,45,Bicycle,Matched,N,1,Clear or Partly Cloudy,0,"(47.67723295900004, -122.33101419899998)",0,0,N,2015-271925
61883,202380,202520,Intersection,Cycles,0, ,,0,,09/11/2015 12:00:00 AM +0000,9/11/2015 4:53:00 PM,1,26454,At Intersection (intersection related),Daylight,GILMAN AVE W AND W EMERSON ST,0,1,Y,2,3739220,Dry,18,"MOTOR VEHICLE STRUCK PEDALCYCLIST, FRONT END AT ANGLE",,10636,0,2,Injury Collision,,45,Bicycle,Matched,N,1,Clear or Partly Cloudy,0,"(47.65397898100008, -122.38461607899995)",0,0,N,2015-319221
61885,202821,202961,Intersection,Cycles,0, ,,0,Y,09/12/2015 12:00:00 AM +0000,9/12/2015 7:03:00 PM,1,30482,At Intersection (intersection related),Dusk,2ND AVE AND JAMES ST,0,1,,2,3739355,Dry,18,"MOTOR VEHICLE STRUCK PEDALCYCLIST, FRONT END AT ANGLE",,2749,0,2,Injury Collision,,45,Bicycle,Matched,N,1,Clear or Partly Cloudy,0,"(47.60230560100007, -122.33251943999994)",0,12023,N,2015-319377
61907,200270,200410,Intersection,Cycles,0, ,,0,,08/14/2015 12:00:00 AM +0000,8/14/2015 6:00:00 PM,1,29865,At Intersection (intersection related),Daylight,BOREN AVE AND OLIVE WAY,0,1,Y,2,3726039,Dry,18,"MOTOR VEHICLE STRUCK PEDALCYCLIST, FRONT END AT ANGLE",,9321,0,2,Injury Collision,,45,Bicycle,Matched,N,1,Clear or Partly Cloudy,0,"(47.615449718000036, -122.33072969599999)",0,0,N,2015-286188