OBJECTID,INCKEY,COLDETKEY,ADDRTYPE,COLLISIONTYPE,DISTANCE,EXCEPTRSNCODE,EXCEPTRSNDESC,FATALITIES,INATTENTIONIND,INCDATE,INCDTTM,INJURIES,INTKEY,JUNCTIONTYPE,LIGHTCOND,LOCATION,PEDCOUNT,PEDCYLCOUNT,PEDROWNOTGRNT,PERSONCOUNT,REPORTNO,ROADCOND,SDOT_COLCODE,SDOT_COLDESC,SDOTCOLNUM,SEGKEY,SERIOUSINJURIES,SEVERITYCODE,SEVERITYDESC,SPEEDING,ST_COLCODE,ST_COLDESC,STATUS,UNDERINFL,VEHCOUNT,WEATHER,WIDTH,Shape,SEGLANEKEY,CROSSWALKKEY,HITPARKEDCAR,SPDCASENO
61914,199726,199866,Intersection,Cycles,0, ,,0,,06/26/2015 12:00:00 AM +0000,6/26/2015 11:27:00 PM,1,29761,At Intersection (intersection related),Dark - Street Lights On,12TH AVE AND E MADISON ST,0,1,,1,E439685,Dry,18,"MOTOR VEHICLE STRUCK PEDALCYCLIST, FRONT END AT ANGLE",,1536,0,2,Injury Collision,,45,Bicycle,Matched,N,1,Clear or Partly Cloudy,0,"(47.61288923600006, -122.31673339099996)",29761,0,N,2015-216765
61927,200264,200404,Block,Cycles,213, ,,0,Y,08/18/2015 12:00:00 AM +0000,8/18/2015 5:50:00 PM,1,,Mid-Block (not related to intersection),Daylight,12TH AVE BETWEEN E PINE ST AND E OLIVE ST,0,1,,2,3707384,Dry,51,PEDALCYCLIST STRUCK MOTOR VEHICLE FRONT END AT ANGLE,,1547,0,2,Injury Collision,,45,Bicycle,Matched,N,1,Clear or Partly Cloudy,0,"(47.61584669400003, -122.31686348699998)",0,0,N,2015-288084
61954,201543,201683,Block,Cycles,332.5, ,,0,,09/03/2015 12:00:00 AM +0000,9/3/2015 9:50:00 AM,1,,Mid-Block (not related to intersection),Daylight,UNIVERSITY WAY NE BETWEEN NE 45TH ST AND NE 47TH ST,0,1,,2,3503100,Dry,11,"MOTOR VEHICLE STRUCK MOTOR VEHICLE, FRONT END AT ANGLE",,13222,0,2,Injury Collision,,45,Bicycle,Matched,N,1,Clear or Partly Cloudy,0,"(47.662179209000044, -122.31311572699997)",0,0,N,15-308578
62014,199728,199868,Intersection,Cycles,0, ,,0,,06/24/2015 12:00:00 AM +0000,6/24/2015 8:48:00 PM,1,28242,At Intersection (intersection related),Daylight,10TH AVE E AND E BOSTON ST,0,1,,0,E439686,Dry,11,"MOTOR VEHICLE STRUCK MOTOR VEHICLE, FRONT END AT ANGLE",,1299,0,2,Injury Collision,,45,Bicycle,Matched,N,1,Clear or Partly Cloudy,0,"(47.63840322500005, -122.32007129499999)",0,0,N,2015-213802
62069,200658,200798,Block,Cycles,150, ,,0,,08/18/2015 12:00:00 AM +0000,8/18/2015 4:10:00 PM,1,,Mid-Block (but intersection related),Daylight,RAINIER AVE S BETWEEN SEWARD PARK AVE S AND 57TH AVE S,0,1,,1,E453137,Dry,18,"MOTOR VEHICLE STRUCK PEDALCYCLIST, FRONT END AT ANGLE",,12429,0,2,Injury Collision,,45,Bicycle,Matched,N,1,Clear or Partly Cloudy,0,"(47.52019046100003, -122.26218184299995)",0,0,N,2015-287948
62078,199986,200126,Block,Cycles,98, ,,0,,08/13/2015 12:00:00 AM +0000,8/13/2015 2:12:00 PM,1,,Mid-Block (not related to intersection),Daylight,58TH AVE SW BETWEEN SW SPOKANE W ST AND HILLCREST AVE SW,0,1,,2,3731651,Dry,11,"MOTOR VEHICLE STRUCK MOTOR VEHICLE, FRONT END AT ANGLE",,7834,0,2,Injury Collision,,45,Bicycle,Matched,Y,1,Clear or Partly Cloudy,0,"(47.57198541300005, -122.40736220199994)",0,0,N,2015-281180
62096,201807,201947,Block,Cycles,166.5, ,,0,,09/03/2015 12:00:00 AM +0000,9/3/2015 9:42:00 PM,1,,Mid-Block (not related to intersection),Dark - Street Lights On,2ND AVE S BETWEEN S JACKSON ST AND S KING ST,0,1,,2,3732647,Dry,18,"MOTOR VEHICLE STRUCK PEDALCYCLIST, FRONT END AT ANGLE",,2871,0,2,Injury Collision,,45,Bicycle,Matched,N,1,Clear or Partly Cloudy,0,"(47.598745586000064, -122.33157924899996)",0,0,N,15-309430
62108,201558,201698,Intersection,Cycles,0, ,,0,Y,09/05/2015 12:00:00 AM +0000,9/5/2015 4:37:00 PM,1,29603,At Intersection (intersection related),Daylight,2ND AVE AND UNIVERSITY ST,0,1,,2,3585069,Wet,18,"MOTOR VEHICLE STRUCK PEDALCYCLIST, FRONT END AT ANGLE",,2756,0,2,Injury Collision,,45,Bicycle,Matched,N,1,Raining,0,"(47.60729905800008, -122.33708679799997)",42167,0,N,15-311727
62115,202025,202165,Intersection,Cycles,0, ,,0,,08/02/2015 12:00:00 AM +0000,8/2/2015 9:47:00 AM,1,34815,At Intersection (intersection related),Daylight,45TH AVE SW AND SW WILDWOOD PL,0,1,,1,E449561,Dry,51,PEDALCYCLIST STRUCK MOTOR VEHICLE FRONT END AT ANGLE,,6875,0,2,Injury Collision,,45,Bicycle,Matched,N,1,Clear or Partly Cloudy,0,"(47.520787032000044, -122.39022156899995)",4834,0,N,2015-265997
62184,199576,199716,Intersection,Cycles,0, ,,0,,08/07/2015 12:00:00 AM +0000,8/7/2015 12:50:00 PM,1,29900,At Intersection (intersection related),Daylight,SENECA ST AND SUMMIT AVE,0,1,,2,3287495,Dry,18,"MOTOR VEHICLE STRUCK PEDALCYCLIST, FRONT END AT ANGLE",,12783,0,2,Injury Collision,,45,Bicycle,Matched,N,1,Clear or Partly Cloudy,0,"(47.61169433900005, -122.32422347199997)",0,0,N,2015-277192
62185,199391,199531,Intersection,Cycles,0, ,,0,,07/01/2015 12:00:00 AM +0000,7/1/2015 11:31:00 AM,1,24966,At Intersection (intersection related),Daylight,40TH AVE NE AND NE 68TH ST,0,1,,2,3642117,Dry,51,PEDALCYCLIST STRUCK MOTOR VEHICLE FRONT END AT ANGLE,,6321,0,2,Injury Collision,,45,Bicycle,Matched,N,1,Clear or Partly Cloudy,0,"(47.67760055700006, -122.28495680399999)",0,0,N,2015-222735
62212,200520,200660,Intersection,Cycles,0, ,,0,,08/20/2015 12:00:00 AM +0000,8/20/2015 6:30:00 PM,1,28048,At Intersection (intersection related),Daylight,2ND AVE N AND FLORENTIA ST,0,1,,0,E453876,Dry,18,"MOTOR VEHICLE STRUCK PEDALCYCLIST, FRONT END AT ANGLE",,10459,0,2,Injury Collision,,45,Bicycle,Matched,N,1,Clear or Partly Cloudy,0,"(47.646886522000045, -122.35342724799995)",0,0,N,2015-290862
62216,201304,201444,Intersection,Cycles,0, ,,0,,08/31/2015 12:00:00 AM +0000,8/31/2015 4:46:00 PM,1,29580,At Intersection (intersection related),Daylight,3RD AVE AND PINE ST,0,1,,2,3703501,Dry,51,PEDALCYCLIST STRUCK MOTOR VEHICLE FRONT END AT ANGLE,,4385,0,2,Injury Collision,,45,Bicycle,Matched,N,1,Overcast,0,"(47.61074295100008, -122.33870150899997)",0,0,N,2015-305199
62240,201817,201957,Block,Cycles,332.5, ,,0,,09/10/2015 12:00:00 AM +0000,9/10/2015 4:36:00 PM,2,,Mid-Block (but intersection related),Daylight,UNIVERSITY WAY NE BETWEEN NE 45TH ST AND NE 47TH ST,1,1,Y,2,3736800,Dry,64,PEDALCYCLIST STRUCK PEDESTRIAN,,13222,2,2b,Serious Injury Collision,,45,Bicycle,Matched,N,0,Clear or Partly Cloudy,0,"(47.662179209000044, -122.31311572699997)",0,0,N,2015-317789
62256,201563,201703,Block,Cycles,177, ,,0,,09/06/2015 12:00:00 AM +0000,9/6/2015 2:15:00 PM,1,,Mid-Block (not related to intersection),Daylight,ALKI AVE SW BETWEEN 60TH AVE SW AND 61ST AVE SW,1,1,,2,3588268,Dry,64,PEDALCYCLIST STRUCK PEDESTRIAN,,8797,0,2,Injury Collision,,45,Bicycle,Matched,N,0,Overcast,0,"(47.57931775900005, -122.40998774299999)",0,0,N,15-312797
62258,201562,201702,Block,Cycles,850, ,,0,,09/04/2015 12:00:00 AM +0000,9/4/2015 7:08:00 PM,1,,Mid-Block (not related to intersection),Dusk,HARBOR AVE SW BETWEEN SW FLORIDA ST AND SW HARBOR LN,0,1,,2,3588267,Dry,54,PEDALCYCLIST STRUCK MOTOR VEHICLE REAR END,,10820,1,2b,Serious Injury Collision,,45,Bicycle,Matched,N,1,Clear or Partly Cloudy,0,"(47.57900294400008, -122.37260725099998)",0,0,N,15-310623
62266,201559,201699,Intersection,Cycles,0, ,,0,,07/02/2015 12:00:00 AM +0000,7/2/2015 5:35:00 PM,1,26870,At Intersection (intersection related),Daylight,STONE WAY N AND N 38TH ST,0,1,Y,2,3591821,Dry,18,"MOTOR VEHICLE STRUCK PEDALCYCLIST, FRONT END AT ANGLE",,12958,0,2,Injury Collision,,45,Bicycle,Matched,N,1,Clear or Partly Cloudy,0,"(47.652706515000034, -122.34257533499999)",0,12956,N,2015-224732
62334,200014,200154,Block,Cycles,89.5, ,,0,,07/10/2015 12:00:00 AM +0000,7/10/2015 5:45:00 PM,1,,Mid-Block (not related to intersection),Daylight,N 36TH ST BETWEEN ALBION PL N AND WOODLAND PARK AVE N,1,1,,1,E443372,Dry,54,PEDALCYCLIST STRUCK MOTOR VEHICLE REAR END,,15328,0,2,Injury Collision,,45,Bicycle,Matched,N,1,Overcast,0,"(47.65055586100004, -122.34438614899994)",0,0,Y,236306
62338,200012,200152,Intersection,Cycles,0, ,,0,,07/10/2015 12:00:00 AM +0000,7/10/2015 12:00:00 PM,1,24878,At Intersection (intersection related),Daylight,54TH AVE NE AND NE 65TH ST,0,1,,0,E443236,Dry,18,"MOTOR VEHICLE STRUCK PEDALCYCLIST, FRONT END AT ANGLE",,7658,0,2,Injury Collision,,45,Bicycle,Matched,N,1,Overcast,0,"(47.67575234700007, -122.26956486099999)",24878,0,N,2015-235881
62363,201310,201450,Intersection,Cycles,0, ,,0,,09/01/2015 12:00:00 AM +0000,9/1/2015 10:45:00 AM,1,29839,At Intersection (intersection related),Daylight,12TH AVE AND E SPRUCE ST,0,1,,2,3707603,Wet,51,PEDALCYCLIST STRUCK MOTOR VEHICLE FRONT END AT ANGLE,,1525,0,2,Injury Collision,,45,Bicycle,Matched,N,1,Raining,0,"(47.60351416000003, -122.31678152399996)",0,0,N,2015-305979
62437,202443,202583,Intersection,Cycles,0,NEI,"Not Enough Information, or Insufficient Location Information",0,,09/16/2015 12:00:00 AM +0000,9/16/2015 9:14:00 AM,0,27035,At Intersection (intersection related),Daylight,FREMONT AVE N AND FREMONT PL N,0,1,,2,3733842,Dry,00,NOT ENOUGH INFORMATION / NOT APPLICABLE,,10486,0,1,Property Damage Only Collision,,45,Bicycle,Matched,N,1,Clear or Partly Cloudy,0,"(47.65043101700007, -122.34983490399998)",0,0,N,2015-324822
62458,199589,199729,Block,Cycles,631.5, ,,0,,06/24/2015 12:00:00 AM +0000,6/24/2015 11:33:00 AM,1,,Mid-Block (not related to intersection),Daylight,LAKE WASHINGTON BLVD E BETWEEN ARBORETUM DR E AND E INTERLAKEN BLVD,0,1,,0,E437289,Dry,23,"MOTOR VEHICLE STRUCK PEDALCYCLIST, LEFT SIDE SIDESWIPE",,11210,0,2,Injury Collision,,45,Bicycle,Matched,N,1,Clear or Partly Cloudy,0,"(47.629166619000046, -122.29603606699999)",0,0,N,2015-213117
62469,200348,200488,Block,Cycles,213.5, ,,0,Y,08/18/2015 12:00:00 AM +0000,8/18/2015 9:37:00 AM,1,,Mid-Block (but intersection related),Daylight,6TH AVE BETWEEN PINE ST AND OLIVE WAY,0,1,,2,3732642,Dry,18,"MOTOR VEHICLE STRUCK PEDALCYCLIST, FRONT END AT ANGLE",,7884,0,2,Injury Collision,,45,Bicycle,Matched,N,1,Clear or Partly Cloudy,0,"(47.612633294000034, -122.33582748299995)",0,0,N,2015-287442
62555,202452,202592,Block,Cycles,330, ,,0,,09/16/2015 12:00:00 AM +0000,9/16/2015 1:42:00 PM,1,,Driveway Junction,Daylight,NE NORTHGATE WAY BETWEEN 3RD AVE NE AND 5TH AVE NE,0,1,,2,3573642,Dry,18,"MOTOR VEHICLE STRUCK PEDALCYCLIST, FRONT END AT ANGLE",,18012,0,2,Injury Collision,,45,Bicycle,Matched,N,1,Clear or Partly Cloudy,0,"(47.70860281500006, -122.32461717999996)",0,0,N,2015-325129
62557,202254,202394,Block,Cycles,319, ,,0,,08/13/2015 12:00:00 AM +0000,8/13/2015 7:56:00 AM,1,,Mid-Block (not related to intersection),Daylight,S SPOKANE NR ST BETWEEN COLORADO AVE S AND 1ST AVE S,0,1,,1,E451552,Dry,18,"MOTOR VEHICLE STRUCK PEDALCYCLIST, FRONT END AT ANGLE",,21312,0,2,Injury Collision,,45,Bicycle,Matched,N,1,Clear or Partly Cloudy,0,"(47.57171617400007, -122.33549150599998)",0,0,N,2015-280708
62602,202874,203014,Intersection,Cycles,0, ,,0,,09/20/2015 12:00:00 AM +0000,9/20/2015 9:15:00 AM,1,29681,At Intersection (intersection related),Daylight,CLAY ST AND ELLIOTT AVE,0,1,,2,3789354,Dry,51,PEDALCYCLIST STRUCK MOTOR VEHICLE FRONT END AT ANGLE,,9682,0,2,Injury Collision,,45,Bicycle,Matched,N,1,Clear or Partly Cloudy,0,"(47.615024764000054, -122.35326864599995)",0,0,N,2015-329772
62676,202257,202397,Block,Cycles,211.5, ,,0,,08/12/2015 12:00:00 AM +0000,8/12/2015 8:31:00 AM,1,,Mid-Block (not related to intersection),Daylight,BROADWAY BETWEEN E PIKE ST AND E PINE ST,0,1,,1,E451819,Dry,69,PEDALCYCLIST OVERTURNED IN ROAD,,9447,1,2b,Serious Injury Collision,Y,45,Bicycle,Matched,N,0,Clear or Partly Cloudy,0,"(47.61465412100006, -122.32078948899999)",0,0,N,15-279361
62680,201852,201992,Intersection,Cycles,0, ,,0,,07/22/2015 12:00:00 AM +0000,7/22/2015 10:04:00 AM,1,31341,At Intersection (intersection related),Daylight,4TH AVE S AND S MASSACHUSETTS ST,0,1,,1,E446888,Dry,14,"MOTOR VEHICLE STRUCK MOTOR VEHICLE, REAR END",,6236,0,2,Injury Collision,,45,Bicycle,Matched,N,1,Clear or Partly Cloudy,0,"(47.58822700700006, -122.32905138799998)",0,0,N,2015-251214
62689,202467,202607,Block,Cycles,158,NEI,"Not Enough Information, or Insufficient Location Information",0,,09/11/2015 12:00:00 AM +0000,9/11/2015 10:45:00 AM,0,,Mid-Block (not related to intersection),Unknown,THOMAS ST BETWEEN PONTIUS AVE N AND YALE AVE N,0,1,,2,3734623,Unknown,00,NOT ENOUGH INFORMATION / NOT APPLICABLE,,13145,0,1,Property Damage Only Collision,,45,Bicycle,Matched,N,1,Unknown,0,"(47.62081868800004, -122.33106562599994)",0,0,N,15-318703
62715,199613,199753,Block,Cycles,213, ,,0,,08/06/2015 12:00:00 AM +0000,8/6/2015 8:50:00 AM,1,,Mid-Block (not related to intersection),Daylight,8TH AVE BETWEEN PINE ST AND OLIVE WAY,0,1,,2,3736792,Dry,11,"MOTOR VEHICLE STRUCK MOTOR VEHICLE, FRONT END AT ANGLE",,8281,0,2,Injury Collision,,45,Bicycle,Matched,N,1,Clear or Partly Cloudy,0,"(47.61355908100006, -122.33360568199998)",0,0,N,2015-271684
62764,204534,204674,Block,Cycles,330, ,,0,,09/28/2015 12:00:00 AM +0000,9/28/2015 5:30:00 PM,0,,Mid-Block (not related to intersection),Daylight,UNIVERSITY WAY NE BETWEEN NE 47TH ST AND NE 50TH ST,0,1,,2,3775545,Unknown,54,PEDALCYCLIST STRUCK MOTOR VEHICLE REAR END,,13223,0,1,Property Damage Only Collision,,45,Bicycle,Matched,N,1,Unknown,0,"(47.66399488800005, -122.31308797799994)",0,0,Y,2015-353529
62785,200120,200260,Intersection,Cycles,0, ,,0,,08/14/2015 12:00:00 AM +0000,8/14/2015 5:25:00 PM,2,28783,At Intersection (intersection related),Daylight,DEXTER AVE N AND HARRISON ST,0,1,Y,2,3574819,Wet,18,"MOTOR VEHICLE STRUCK PEDALCYCLIST, FRONT END AT ANGLE",,10074,1,2b,Serious Injury Collision,,45,Bicycle,Matched,N,1,Raining,0,"(47.62205574500007, -122.34237158599996)",0,0,N,2015-282781
62790,205302,205462,Block,Cycles,77, ,,0,,10/13/2015 12:00:00 AM +0000,10/13/2015 8:24:00 AM,1,,Mid-Block (not related to intersection),Daylight,DEXTER AVE N BETWEEN GARFIELD S ST AND GARFIELD N ST,0,1,,2,3789154,Wet,18,"MOTOR VEHICLE STRUCK PEDALCYCLIST, FRONT END AT ANGLE",,10085,0,2,Injury Collision,,45,Bicycle,Matched,N,1,Clear or Partly Cloudy,0,"(47.633208298000056, -122.34228266599996)",10084,0,N,2015-358046
62829,205753,205913,Block,Cycles,161, ,,0,,10/26/2015 12:00:00 AM +0000,10/26/2015 8:59:00 AM,1,,Mid-Block (not related to intersection),Daylight,PIKE ST BETWEEN TERRY AVE AND BOREN AVE,0,1,,1,E475213,Wet,18,"MOTOR VEHICLE STRUCK PEDALCYCLIST, FRONT END AT ANGLE",,12206,0,2,Injury Collision,,45,Bicycle,Matched,N,1,Raining,0,"(47.613232897000046, -122.32947078999996)",0,0,N,15-374453
62837,204092,204232,Intersection,Cycles,0, ,,0,,10/02/2015 12:00:00 AM +0000,10/2/2015 12:12:00 PM,1,26711,At Intersection (intersection related),Daylight,11TH AVE NW AND NW 45TH ST,0,1,,2,3734030,Dry,18,"MOTOR VEHICLE STRUCK PEDALCYCLIST, FRONT END AT ANGLE",,1427,0,2,Injury Collision,,45,Bicycle,Matched,N,1,Overcast,0,"(47.66146941900007, -122.37076944799998)",0,0,N,15-344569
62849,204357,204497,Intersection,Cycles,0, ,,0,Y,10/09/2015 12:00:00 AM +0000,10/9/2015 12:20:00 PM,1,24506,At Intersection (intersection related),Dawn,15TH AVE NE AND NE 65TH ST,0,1,,2,3695514,Wet,18,"MOTOR VEHICLE STRUCK PEDALCYCLIST, FRONT END AT ANGLE",,2048,0,2,Injury Collision,,45,Bicycle,Matched,N,1,Overcast,0,"(47.67578344000003, -122.31192972199995)",0,0,N,2015-353377
62863,204098,204238,Intersection,Cycles,0, ,,0,Y,10/04/2015 12:00:00 AM +0000,10/4/2015 12:51:00 PM,1,37461,At Intersection (intersection related),Daylight,DAYTON AVE N AND N 85TH ST,0,1,,2,3737251,Dry,18,"MOTOR VEHICLE STRUCK PEDALCYCLIST, FRONT END AT ANGLE",,9927,0,2,Injury Collision,,45,Bicycle,Matched,N,1,Clear or Partly Cloudy,0,"(47.690587073000074, -122.35260172799997)",0,0,N,15-347029
62929,206259,206439,Block,Cycles,129, ,,0,,07/18/2015 12:00:00 AM +0000,7/18/2015 1:30:00 PM,1,,Mid-Block (not related to intersection),Daylight,15TH AVE S BETWEEN S MASSACHUSETTS ST AND S STATE ST,0,1,,1,E462618,Dry,56,PEDALCYCLIST STRUCK MOTOR VEHICLE LEFT SIDE SIDESWIPE,,2134,0,2,Injury Collision,,45,Bicycle,Matched,N,1,Clear or Partly Cloudy,0,"(47.58812301800003, -122.31378198799996)",14085,0,N,2015-246286
62996,203667,203807,Intersection,Cycles,0, ,,0,,09/20/2015 12:00:00 AM +0000,9/20/2015 10:06:00 PM,1,29690,At Intersection (intersection related),Dark - Street Lights On,2ND AVE AND BATTERY ST,0,1,,1,E463509,Wet,18,"MOTOR VEHICLE STRUCK PEDALCYCLIST, FRONT END AT ANGLE",,2765,0,2,Injury Collision,,45,Bicycle,Matched,N,1,Raining,0,"(47.614808836000066, -122.34695357599998)",0,0,N,2015-330419
63017,204122,204262,Block,Cycles,28, ,,0,Y,10/04/2015 12:00:00 AM +0000,10/4/2015 4:23:00 PM,0,,Mid-Block (not related to intersection),Daylight,GREENWOOD AVE N BETWEEN N 67TH ST AND PHINNEY AVE N,0,1,,2,3737252,Dry,18,"MOTOR VEHICLE STRUCK PEDALCYCLIST, FRONT END AT ANGLE",,275587,0,1,Property Damage Only Collision,,45,Bicycle,Matched,N,1,Clear or Partly Cloudy,0,"(47.67783745400004, -122.35524787299994)",0,0,N,15-347242
63022,203322,203462,Intersection,Cycles,0, ,,0,,09/07/2015 12:00:00 AM +0000,9/7/2015 2:45:00 PM,1,33917,At Intersection (intersection related),Daylight,47TH AVE SW AND FAUNTLEROY WAY SW,0,1,,0,E460992,Dry,18,"MOTOR VEHICLE STRUCK PEDALCYCLIST, FRONT END AT ANGLE",,10411,0,2,Injury Collision,,45,Bicycle,Matched,N,1,Clear or Partly Cloudy,0,"(47.53580354200005, -122.39257830199995)",0,0,N,2015-313813
63082,203342,203482,Intersection,Cycles,0, ,,0,,09/23/2015 12:00:00 AM +0000,9/23/2015 6:03:00 PM,1,28788,At Intersection (intersection related),Daylight,DEXTER AVE N AND THOMAS ST,0,1,,1,E464879,Dry,18,"MOTOR VEHICLE STRUCK PEDALCYCLIST, FRONT END AT ANGLE",,10073,0,2,Injury Collision,,45,Bicycle,Matched,N,1,Clear or Partly Cloudy,0,"(47.620888395000065, -122.34238173099999)",12606,0,N,15-333706
63090,203674,203814,Intersection,Cycles,0, ,,0,,09/01/2015 12:00:00 AM +0000,9/1/2015 9:49:00 AM,1,29508,At Intersection (intersection related),Daylight,DENNY WAY AND TERRY AVE,0,1,,0,E458752,Wet,18,"MOTOR VEHICLE STRUCK PEDALCYCLIST, FRONT END AT ANGLE",,10016,0,2,Injury Collision,,45,Bicycle,Matched,N,1,Raining,0,"(47.61852939200003, -122.33728173199995)",0,0,N,2015-305924
63094,203329,203469,Intersection,Cycles,0, ,,0,,09/15/2015 12:00:00 AM +0000,9/15/2015 6:04:00 PM,0,29826,At Intersection (intersection related),Daylight,12TH AVE AND E ALDER ST,0,1,,1,E463489,Dry,18,"MOTOR VEHICLE STRUCK PEDALCYCLIST, FRONT END AT ANGLE",,1526,0,1,Property Damage Only Collision,,45,Bicycle,Matched,N,1,Clear or Partly Cloudy,0,"(47.604360385000064, -122.31678113299995)",0,0,N,2015-324190
63134,204878,205018,Block,Cycles,189.5, ,,0,,10/15/2015 12:00:00 AM +0000,10/15/2015 9:14:00 AM,1,,Mid-Block (not related to intersection),Daylight,EASTLAKE AVE E BETWEEN E BLAINE ST AND E HOWE ST,0,1,,1,E472020,Dry,14,"MOTOR VEHICLE STRUCK MOTOR VEHICLE, REAR END",,10173,0,2,Injury Collision,Y,45,Bicycle,Matched,N,1,Clear or Partly Cloudy,0,"(47.63536821100007, -122.32540032999998)",0,0,N,2015-360683
63136,204877,205017,Block,Cycles,161, ,,0,,10/14/2015 12:00:00 AM +0000,10/14/2015 1:25:00 PM,1,,Mid-Block (not related to intersection),Daylight,E PINE ST BETWEEN 11TH AVE AND 12TH AVE,0,1,,1,E472016,Dry,11,"MOTOR VEHICLE STRUCK MOTOR VEHICLE, FRONT END AT ANGLE",,14637,0,2,Injury Collision,,45,Bicycle,Matched,N,1,Clear or Partly Cloudy,0,"(47.61525914900005, -122.31750882199998)",14637,0,N,2015-395695
63203,205142,205282,Intersection,Cycles,0, ,,0,,10/20/2015 12:00:00 AM +0000,10/20/2015 1:44:00 PM,1,30748,At Intersection (intersection related),Daylight,16TH AVE S AND S JACKSON ST,0,1,,2,3737769,Dry,11,"MOTOR VEHICLE STRUCK MOTOR VEHICLE, FRONT END AT ANGLE",,2282,0,2,Injury Collision,,45,Bicycle,Matched,N,1,Clear or Partly Cloudy,0,"(47.599224596000056, -122.31157742299996)",0,0,N,2015-367338
63278,203520,203660,Intersection,Cycles,0, ,,0,,08/22/2015 12:00:00 AM +0000,8/22/2015 2:00:00 AM,1,28885,At Intersection (intersection related),Dark - Street Lights On,3RD AVE N AND ROY ST,0,1,,0,E458086,Dry,18,"MOTOR VEHICLE STRUCK PEDALCYCLIST, FRONT END AT ANGLE",,4398,0,2,Injury Collision,,45,Bicycle,Matched,N,1,Clear or Partly Cloudy,0,"(47.62543769000007, -122.35148024999995)",0,0,N,2015-292654
63289,205347,205507,Block,Cycles,229.5, ,,0,Y,10/16/2015 12:00:00 AM +0000,10/16/2015 1:06:00 PM,1,,Mid-Block (not related to intersection),Daylight,FREMONT AVE N BETWEEN XW N40 AND N 41ST ST,0,1,,1,E473348,Dry,51,PEDALCYCLIST STRUCK MOTOR VEHICLE FRONT END AT ANGLE,,10490,0,2,Injury Collision,,45,Bicycle,Matched,N,1,Clear or Partly Cloudy,0,"(47.65603275500007, -122.34993767699996)",0,0,N,2015-362265
63375,203203,203343,Block,Cycles,418.5, ,,0,,09/25/2015 12:00:00 AM +0000,9/25/2015 7:18:00 PM,1,,Mid-Block (not related to intersection),Unknown,12TH AVE S BETWEEN S CHARLES S ST AND S JUDKINS ST,0,1,,2,3708421,Unknown,18,"MOTOR VEHICLE STRUCK PEDALCYCLIST, FRONT END AT ANGLE",,1657,0,2,Injury Collision,,45,Bicycle,Matched,N,1,Unknown,0,"(47.592688001000056, -122.31728076599995)",294,0,N,2015-336926
63381,206299,206479,Block,Cycles,213, ,,0,,11/02/2015 12:00:00 AM +0000,11/2/2015 4:00:00 PM,1,,Mid-Block (not related to intersection),Daylight,1ST AVE BETWEEN UNION ST AND PIKE ST,0,1,,2,3788953,Wet,18,"MOTOR VEHICLE STRUCK PEDALCYCLIST, FRONT END AT ANGLE",,1008,0,2,Injury Collision,,45,Bicycle,Matched,N,1,Clear or Partly Cloudy,0,"(47.60832339900003, -122.33955831299994)",0,0,N,2015-384061
63445,205837,205997,Block,Cycles,542.5, ,,0,,10/28/2015 12:00:00 AM +0000,10/28/2015 3:45:00 PM,1,,Mid-Block (not related to intersection),Daylight,RAINIER AVE S BETWEEN S BAYVIEW ST AND S MCCLELLAN ST,0,1,,1,E476027,Wet,18,"MOTOR VEHICLE STRUCK PEDALCYCLIST, FRONT END AT ANGLE",,12364,0,2,Injury Collision,,45,Bicycle,Matched,N,1,Overcast,0,"(47.57967346300006, -122.29915965999999)",0,0,N,2015-377827
63446,205153,205293,Block,Cycles,581.5, ,,0,,10/01/2015 12:00:00 AM +0000,10/1/2015 5:50:00 AM,1,,Mid-Block (not related to intersection),Dark - Street Lights On,SW AVALON WAY BETWEEN 30TH AVE SW AND SW GENESEE ST,0,1,,1,E467827,Dry,18,"MOTOR VEHICLE STRUCK PEDALCYCLIST, FRONT END AT ANGLE",,21819,0,2,Injury Collision,,45,Bicycle,Matched,N,1,Clear or Partly Cloudy,0,"(47.56613850800005, -122.37167070799995)",0,0,N,2015-342935
63454,204920,205060,Block,Cycles,162, ,,0,Y,10/06/2015 12:00:00 AM +0000,10/6/2015 5:52:00 PM,1,,Mid-Block (not related to intersection),Dusk,E UNION ST BETWEEN 21ST AVE AND 22ND AVE,0,1,Y,2,E472175,Dry,18,"MOTOR VEHICLE STRUCK PEDALCYCLIST, FRONT END AT ANGLE",,14899,0,2,Injury Collision,,45,Bicycle,Matched,N,1,Clear or Partly Cloudy,0,"(47.61292718100003, -122.30429445299995)",14898,0,N,2015-349881
63474,205618,205778,Intersection,Cycles,0, ,,0,,10/27/2015 12:00:00 AM +0000,10/27/2015 8:00:00 AM,0,34011,At Intersection (intersection related),Daylight,SYLVAN WAY SW AND SW MORGAN W ST,0,1,Y,2,3385864,Dry,18,"MOTOR VEHICLE STRUCK PEDALCYCLIST, FRONT END AT ANGLE",,4869,0,1,Property Damage Only Collision,,45,Bicycle,Matched,N,1,Clear or Partly Cloudy,0,"(47.54465308200008, -122.37253412799998)",0,613430,N,15-375720
63491,206304,206484,Block,Cycles,222.5, ,,0,,11/06/2015 12:00:00 AM +0000,11/6/2015 6:58:00 AM,0,,Mid-Block (not related to intersection),Dawn,S FIDALGO ST BETWEEN 1ST AVE S AND 2ND AVE S,0,1,,1,E479083,Wet,18,"MOTOR VEHICLE STRUCK PEDALCYCLIST, FRONT END AT ANGLE",,19981,0,1,Property Damage Only Collision,,45,Bicycle,Matched,N,1,Raining,0,"(47.55048187400007, -122.33331954699997)",0,0,N,2015-388322