OBJECTID,INCKEY,COLDETKEY,ADDRTYPE,COLLISIONTYPE,DISTANCE,EXCEPTRSNCODE,EXCEPTRSNDESC,FATALITIES,INATTENTIONIND,INCDATE,INCDTTM,INJURIES,INTKEY,JUNCTIONTYPE,LIGHTCOND,LOCATION,PEDCOUNT,PEDCYLCOUNT,PEDROWNOTGRNT,PERSONCOUNT,REPORTNO,ROADCOND,SDOT_COLCODE,SDOT_COLDESC,SDOTCOLNUM,SEGKEY,SERIOUSINJURIES,SEVERITYCODE,SEVERITYDESC,SPEEDING,ST_COLCODE,ST_COLDESC,STATUS,UNDERINFL,VEHCOUNT,WEATHER,WIDTH,Shape,SEGLANEKEY,CROSSWALKKEY,HITPARKEDCAR,SPDCASENO
63520,203923,204063,Intersection,Cycles,0, ,,0,,08/10/2015 12:00:00 AM +0000,8/10/2015 4:45:00 PM,1,30174,At Intersection (intersection related),Daylight,22ND AVE AND E CHERRY ST,0,1,,0,E454488,Dry,18,"MOTOR VEHICLE STRUCK PEDALCYCLIST, FRONT END AT ANGLE",,3229,0,2,Injury Collision,,45,Bicycle,Matched,N,1,Clear or Partly Cloudy,0,"(47.60801107700007, -122.30372151999995)",0,0,N,2015-277182
63564,204657,204797,Block,Cycles,153, ,,0,,10/08/2015 12:00:00 AM +0000,10/8/2015 8:15:00 AM,1,,Mid-Block (not related to intersection),Daylight,BOREN AVE BETWEEN MADISON ST AND SPRING ST,0,1,,1,E469692,Wet,14,"MOTOR VEHICLE STRUCK MOTOR VEHICLE, REAR END",,9314,0,2,Injury Collision,,45,Bicycle,Matched,N,1,Clear or Partly Cloudy,0,"(47.60969372900007, -122.32546429599995)",0,0,N,2015-351745
63584,205626,205786,Intersection,Cycles,0, ,,0,,10/25/2015 12:00:00 AM +0000,10/25/2015 3:56:00 PM,1,29120,At Intersection (intersection related),Daylight,EASTLAKE AVE E AND LAKEVIEW BLVD E,0,1,,2,3732841,Wet,51,PEDALCYCLIST STRUCK MOTOR VEHICLE FRONT END AT ANGLE,,10168,0,2,Injury Collision,,45,Bicycle,Matched,N,1,Raining,0,"(47.62512051900006, -122.32916667899997)",11586,0,N,2015-373799
63617,202980,203120,Intersection,Cycles,0,NEI,"Not Enough Information, or Insufficient Location Information",0,,09/23/2015 12:00:00 AM +0000,9/23/2015 9:45:00 AM,0,25789,At Intersection (intersection related),Daylight,ROOSEVELT WAY NE AND NE 50TH ST,0,1,,2,3734846,Unknown,00,NOT ENOUGH INFORMATION / NOT APPLICABLE,,12601,0,1,Property Damage Only Collision,,45,Bicycle,Matched,N,1,Clear or Partly Cloudy,0,"(47.664937344000066, -122.31740379099995)",0,0,N,15-333257
63702,205631,205791,Intersection,Cycles,0, ,,0,,10/27/2015 12:00:00 AM +0000,10/27/2015 4:04:00 PM,1,24229,At Intersection (intersection related),,GREEN LAKE DR N AND N 80TH ST,0,1,,2,3739044,,51,PEDALCYCLIST STRUCK MOTOR VEHICLE FRONT END AT ANGLE,,10682,0,2,Injury Collision,,45,Bicycle,Matched,N,1,Unknown,0,"(47.68692953900006, -122.34045581899994)",0,0,N,2015-376479
63760,205637,205797,Block,Cycles,335, ,,0,,10/26/2015 12:00:00 AM +0000,10/26/2015 5:18:00 PM,2,,Mid-Block (not related to intersection),Daylight,16TH AVE SW BETWEEN SW BARTON ST AND SW CAMBRIDGE ST,0,2,,3,3587915,Wet,56,PEDALCYCLIST STRUCK MOTOR VEHICLE LEFT SIDE SIDESWIPE,,2349,2,2b,Serious Injury Collision,,45,Bicycle,Matched,N,1,Raining,0,"(47.52011557900005, -122.35513461899995)",0,0,Y,2015-375106
63776,203021,203161,Block,Cycles,133,NEI,"Not Enough Information, or Insufficient Location Information",0,,09/22/2015 12:00:00 AM +0000,9/22/2015 10:00:00 AM,0,,,Daylight,14TH AVE NW BETWEEN NW LEARY WAY AND NW 49TH ST,0,1,,2,3734866,Unknown,00,NOT ENOUGH INFORMATION / NOT APPLICABLE,,1888,0,1,Property Damage Only Collision,,45,Bicycle,Matched,N,1,Unknown,0,"(47.66402505000008, -122.37359347799998)",0,0,Y,2015-332627
63808,203958,204098,Block,Cycles,45, ,,0,,07/14/2015 12:00:00 AM +0000,7/14/2015 1:45:00 PM,1,,Mid-Block (not related to intersection),Daylight,16TH AVE NE BETWEEN LAKE CITY WAY NE AND NE 82ND ST,0,1,,0,E455238,Dry,11,"MOTOR VEHICLE STRUCK MOTOR VEHICLE, FRONT END AT ANGLE",,2262,0,2,Injury Collision,,45,Bicycle,Matched,N,1,Clear or Partly Cloudy,0,"(47.688379446000056, -122.31111443099996)",0,0,N,2015-241070
63839,205390,205550,Intersection,Cycles,0, ,,0,,10/22/2015 12:00:00 AM +0000,10/22/2015 8:04:00 PM,2,25117,At Intersection (intersection related),Dark - Street Lights On,20TH AVE NW AND NW 62ND ST,0,1,,2,3706816,Dry,18,"MOTOR VEHICLE STRUCK PEDALCYCLIST, FRONT END AT ANGLE",,3025,0,2,Injury Collision,,45,Bicycle,Matched,N,1,Clear or Partly Cloudy,0,"(47.673827294000034, -122.38212731099998)",11447,0,N,15*370434
63842,204726,204866,Intersection,Cycles,0, ,,0,,10/09/2015 12:00:00 AM +0000,10/9/2015 4:04:00 PM,1,30488,At Intersection (intersection related),Daylight,2ND AVE AND YESLER WAY,0,1,,1,E470484,Dry,18,"MOTOR VEHICLE STRUCK PEDALCYCLIST, FRONT END AT ANGLE",,2748,0,2,Injury Collision,,45,Bicycle,Matched,N,1,Clear or Partly Cloudy,0,"(47.601718704000064, -122.33198350499998)",0,0,N,2015-353598
63877,206071,206251,Block,Cycles,160.5,NEI,"Not Enough Information, or Insufficient Location Information",0,Y,11/02/2015 12:00:00 AM +0000,11/2/2015 8:45:00 AM,0,,,Unknown,S JACKSON ST BETWEEN 2ND AVE S AND 3RD AVE S,0,1,,2,3775625,Unknown,00,NOT ENOUGH INFORMATION / NOT APPLICABLE,,20484,0,1,Property Damage Only Collision,,45,Bicycle,Matched,N,1,Unknown,0,"(47.59919974400003, -122.33092876799998)",0,0,N,15-383554
63884,205643,205803,Block,Cycles,164.5, ,,0,,10/14/2015 12:00:00 AM +0000,10/14/2015 8:00:00 AM,1,,Mid-Block (not related to intersection),Daylight,E JEFFERSON ST BETWEEN BROADWAY AND 10TH AVE,0,1,,1,2616664,Dry,11,"MOTOR VEHICLE STRUCK MOTOR VEHICLE, FRONT END AT ANGLE",,14217,0,2,Injury Collision,,45,Bicycle,Matched,N,0,Clear or Partly Cloudy,0,"(47.60621058600003, -122.32008473599996)",0,0,N,15-362368
63919,203565,203705,Intersection,Cycles,0, ,,0,,09/11/2015 12:00:00 AM +0000,9/11/2015 12:54:00 PM,1,29604,At Intersection (intersection related),Daylight,1ST AVE AND UNIVERSITY ST,2,1,,0,E461321,Dry,64,PEDALCYCLIST STRUCK PEDESTRIAN,,1007,0,2,Injury Collision,,45,Bicycle,Matched,N,0,Clear or Partly Cloudy,0,"(47.60683500400006, -122.33819701599998)",0,521104,N,2015-318877
63953,203740,203880,Block,Cycles,160, ,,0,,08/06/2015 12:00:00 AM +0000,8/6/2015 6:00:00 PM,1,,Mid-Block (not related to intersection),Daylight,DEXTER AVE N BETWEEN WARD ST AND PROSPECT ST,0,1,,1,E466816,Dry,56,PEDALCYCLIST STRUCK MOTOR VEHICLE LEFT SIDE SIDESWIPE,,10080,0,2,Injury Collision,,45,Bicycle,Matched,N,1,Clear or Partly Cloudy,0,"(47.628445717000034, -122.34231499099997)",12783,0,N,15-274390
63975,204977,205117,Block,Cycles,467, ,,0,,10/16/2015 12:00:00 AM +0000,10/16/2015 5:07:00 PM,1,,Mid-Block (not related to intersection),Daylight,12TH AVE S BETWEEN XW S LANE ST AND GOLF DR S,0,1,,2,3644754,Dry,51,PEDALCYCLIST STRUCK MOTOR VEHICLE FRONT END AT ANGLE,,1656,0,2,Injury Collision,,45,Bicycle,Matched,Y,1,Clear or Partly Cloudy,0,"(47.59540739500005, -122.31726196999995)",0,0,N,2015-362620
64013,206395,206595,Block,Cycles,162, ,,0,Y,09/16/2015 12:00:00 AM +0000,9/16/2015 6:19:00 AM,1,,Mid-Block (not related to intersection),Dawn,DEXTER AVE N BETWEEN LEE ST AND GALER ST,0,1,,1,E478240,Dry,18,"MOTOR VEHICLE STRUCK PEDALCYCLIST, FRONT END AT ANGLE",,10083,0,2,Injury Collision,,45,Bicycle,Matched,N,1,Clear or Partly Cloudy,0,"(47.63185406600007, -122.34228516499996)",0,0,N,2015-324657
64069,203422,203562,Block,Cycles,385, ,,0,,09/29/2015 12:00:00 AM +0000,9/29/2015 6:17:00 PM,1,,Mid-Block (not related to intersection),Daylight,UNIVERSITY WAY NE BETWEEN NE 52ND ST AND NE 55TH ST,0,1,,1,E466410,Dry,18,"MOTOR VEHICLE STRUCK PEDALCYCLIST, FRONT END AT ANGLE",,13225,0,2,Injury Collision,,45,Bicycle,Matched,N,1,Clear or Partly Cloudy,0,"(47.66749016400007, -122.31303423799994)",0,0,N,2015-341272
64116,205239,205399,Block,Cycles,266, ,,0,,10/08/2015 12:00:00 AM +0000,10/8/2015 10:10:00 AM,1,,Mid-Block (not related to intersection),Daylight,ROOSEVELT WAY NE BETWEEN NE 43RD N ST AND NE 45TH ST,0,1,,1,E470829,Dry,18,"MOTOR VEHICLE STRUCK PEDALCYCLIST, FRONT END AT ANGLE",,12598,0,2,Injury Collision,,45,Bicycle,Matched,N,1,Clear or Partly Cloudy,0,"(47.660577379000074, -122.31772271499995)",12598,0,N,2015-358805
64123,205221,205381,Block,Cycles,156.5, ,,0,Y,10/19/2015 12:00:00 AM +0000,10/19/2015 7:16:00 AM,1,,Driveway Junction,Dark - Street Lights On,ROOSEVELT WAY NE BETWEEN NE 42ND S ST AND NE 42ND N ST,0,1,Y,2,3737406,Wet,51,PEDALCYCLIST STRUCK MOTOR VEHICLE FRONT END AT ANGLE,,12595,0,2,Injury Collision,,45,Bicycle,Matched,N,1,Overcast,0,"(47.65794175700006, -122.31779112599997)",8985,0,N,2015-365579
64186,203434,203574,Intersection,Cycles,0, ,,0,,09/13/2015 12:00:00 AM +0000,9/13/2015 2:22:00 PM,1,29165,At Intersection (intersection related),Daylight,MELROSE AVE AND E DENNY WAY,0,1,,1,E466525,Dry,18,"MOTOR VEHICLE STRUCK PEDALCYCLIST, FRONT END AT ANGLE",,11758,0,2,Injury Collision,,45,Bicycle,Matched,N,1,Clear or Partly Cloudy,0,"(47.61849674100006, -122.32785352399998)",0,0,N,2015-321589
64222,204464,204604,Block,Cycles,68.5, ,,0,Y,10/07/2015 12:00:00 AM +0000,10/7/2015 4:39:00 PM,1,,Mid-Block (but intersection related),Daylight,STONE WAY N BETWEEN N NORTHLAKE WAY AND N 34TH ST,0,1,,2,3733980,Wet,18,"MOTOR VEHICLE STRUCK PEDALCYCLIST, FRONT END AT ANGLE",,12954,0,2,Injury Collision,,45,Bicycle,Matched,N,1,Clear or Partly Cloudy,0,"(47.64835110300004, -122.34278486699998)",0,0,N,215-351069
64265,206105,206285,Intersection,Cycles,0, ,,0,Y,10/27/2015 12:00:00 AM +0000,10/27/2015 7:05:00 PM,1,37442,At Intersection (intersection related),Dark - Street Lights On,FREMONT AVE N AND N 90TH ST,0,1,,1,E477668,Dry,51,PEDALCYCLIST STRUCK MOTOR VEHICLE FRONT END AT ANGLE,,10534,0,2,Injury Collision,,45,Bicycle,Matched,N,1,Overcast,0,"(47.69420140200003, -122.34995493399998)",0,0,N,2015-376710
64316,203444,203584,Intersection,Cycles,0, ,,0,Y,09/28/2015 12:00:00 AM +0000,9/28/2015 7:22:00 PM,1,34885,At Intersection (intersection related),Dark - Street Lights On,20TH AVE SW AND DELRIDGE WAY SW,0,1,Y,2,3587909,Dry,18,"MOTOR VEHICLE STRUCK PEDALCYCLIST, FRONT END AT ANGLE",,3085,0,2,Injury Collision,,45,Bicycle,Matched,N,1,Clear or Partly Cloudy,0,"(47.52180710600004, -122.35915384699996)",0,0,N,2015-339979
64336,206111,206291,Block,Cycles,132, ,,0,,10/19/2015 12:00:00 AM +0000,10/19/2015 12:37:00 PM,1,,Driveway Junction,Daylight,AURORA AVE N BETWEEN N 100TH ST AND N 101ST ST,0,1,,2,3737377,Dry,18,"MOTOR VEHICLE STRUCK PEDALCYCLIST, FRONT END AT ANGLE",,8979,0,2,Injury Collision,,45,Bicycle,Matched,N,1,Clear or Partly Cloudy,0,"(47.70179073800006, -122.34465536399995)",0,0,N,15-365958
64345,204298,204438,Block,Cycles,331.5, ,,0,,10/01/2015 12:00:00 AM +0000,10/1/2015 6:15:00 PM,1,,Driveway Junction,Unknown,N 100TH ST BETWEEN LINDEN AVE N AND AURORA AVE N,0,1,,2,3738810,Unknown,18,"MOTOR VEHICLE STRUCK PEDALCYCLIST, FRONT END AT ANGLE",,14967,0,2,Injury Collision,,45,Bicycle,Matched,N,1,Unknown,0,"(47.70143393500007, -122.34599971799997)",0,0,N,2015-346905
64404,205037,205177,Intersection,Cycles,0, ,,0,,10/14/2015 12:00:00 AM +0000,10/14/2015 9:47:00 AM,1,27162,At Intersection (intersection related),Daylight,HARVARD AVE E AND E ALLISON ST,0,1,Y,3,3571450,Dry,51,PEDALCYCLIST STRUCK MOTOR VEHICLE FRONT END AT ANGLE,,10470,0,2,Injury Collision,,45,Bicycle,Matched,N,1,Overcast,0,"(47.64871064000005, -122.32209905699995)",6051,0,N,15-359455
64407,205036,205176,Intersection,Cycles,0, ,,0,Y,10/15/2015 12:00:00 AM +0000,10/15/2015 10:36:00 AM,1,28287,At Intersection (intersection related),Daylight,EASTLAKE AVE E AND E HAMLIN ST,0,1,,2,3282473,Dry,51,PEDALCYCLIST STRUCK MOTOR VEHICLE FRONT END AT ANGLE,,10181,0,2,Injury Collision,,45,Bicycle,Matched,N,1,Clear or Partly Cloudy,0,"(47.645623777000026, -122.32587912399998)",0,0,N,2015-360767
64425,206114,206294,Block,Cycles,127.5, ,,0,Y,10/26/2015 12:00:00 AM +0000,10/26/2015 7:30:00 AM,1,,Mid-Block (but intersection related),Dawn,NE 50TH ST BETWEEN 9TH AVE NE AND ROOSEVELT WAY NE,0,1,,2,3775690,Unknown,51,PEDALCYCLIST STRUCK MOTOR VEHICLE FRONT END AT ANGLE,,16929,0,2,Injury Collision,,45,Bicycle,Matched,N,1,Unknown,0,"(47.664940743000045, -122.31792288099996)",0,0,N,15-383667
64475,203278,203418,Block,Cycles,169, ,,0,,09/22/2015 12:00:00 AM +0000,9/22/2015 8:03:00 AM,1,,Mid-Block (not related to intersection),Daylight,GREEN LAKE WAY N BETWEEN N 48TH ST AND STONE AVE N,0,1,,2,3733820,Dry,23,"MOTOR VEHICLE STRUCK PEDALCYCLIST, LEFT SIDE SIDESWIPE",,10690,0,2,Injury Collision,,45,Bicycle,Matched,N,1,,0,"(47.66385188600003, -122.34264783499998)",1849,0,N,2015-331983
64517,204484,204624,Intersection,Cycles,0, ,,0,,10/08/2015 12:00:00 AM +0000,10/8/2015 7:56:00 AM,0,29710,At Intersection (intersection related),Daylight,BLANCHARD ST AND WESTERN AVE,0,1,Y,2,3789253,Dry,18,"MOTOR VEHICLE STRUCK PEDALCYCLIST, FRONT END AT ANGLE",,9290,0,1,Property Damage Only Collision,,45,Bicycle,Matched,N,1,Overcast,0,"(47.61194160700006, -122.34607236699998)",13068,0,N,15-351716
64523,205057,205197,Intersection,Cycles,0, ,,0,,10/17/2015 12:00:00 AM +0000,10/17/2015 8:30:00 PM,0,29551,At Intersection (intersection related),Dark - Street Lights On,6TH AVE AND STEWART ST,0,1,,2,3703559,Wet,51,PEDALCYCLIST STRUCK MOTOR VEHICLE FRONT END AT ANGLE,,7887,0,1,Property Damage Only Collision,,45,Bicycle,Matched,N,1,Overcast,0,"(47.613622332000034, -122.33701461599998)",0,0,N,2015-364072
64562,205925,206085,Block,Cycles,141.5, ,,0,Y,11/02/2015 12:00:00 AM +0000,11/2/2015 10:18:00 AM,1,,Mid-Block (not related to intersection),Daylight,NE CAMPUS EB PY BETWEEN 12TH AVE NE AND BROOKLYN AVE NE,0,1,,2,3737079,Wet,18,"MOTOR VEHICLE STRUCK PEDALCYCLIST, FRONT END AT ANGLE",,17987,0,2,Injury Collision,,45,Bicycle,Matched,N,1,Overcast,0,"(47.656006122000065, -122.31500036899996)",0,0,N,2015-383639
64587,205930,206090,Intersection,Cycles,0, ,,0,,10/30/2015 12:00:00 AM +0000,10/30/2015 6:30:00 PM,1,27079,At Intersection (intersection related),Dark - Street Lights On,ROOSEVELT WAY NE AND NE 43RD S ST,0,1,Y,2,3737335,Dry,18,"MOTOR VEHICLE STRUCK PEDALCYCLIST, FRONT END AT ANGLE",,12597,0,2,Injury Collision,,45,Bicycle,Matched,N,1,Overcast,0,"(47.65945594600004, -122.31775170599997)",8995,0,N,2015-380710
64639,204797,204937,Block,Cycles,398, ,,0,,10/15/2015 12:00:00 AM +0000,10/15/2015 8:10:00 AM,1,,Mid-Block (not related to intersection),Daylight,ROOSEVELT WAY NE BETWEEN NE 75TH ST AND NE 78TH ST,0,1,Y,2,3737277,Dry,18,"MOTOR VEHICLE STRUCK PEDALCYCLIST, FRONT END AT ANGLE",,12626,0,2,Injury Collision,,45,Bicycle,Matched,N,1,Clear or Partly Cloudy,0,"(47.684200393000026, -122.317508697)",0,0,N,2015-360610
64671,205456,205616,Block,Cycles,325, ,,0,Y,10/23/2015 12:00:00 AM +0000,10/23/2015 7:30:00 PM,1,,Mid-Block (not related to intersection),Dusk,CALIFORNIA AVE SW BETWEEN SW ALASKA ST AND ERSKINE WAY SW,0,1,,2,3731573,Dry,56,PEDALCYCLIST STRUCK MOTOR VEHICLE LEFT SIDE SIDESWIPE,,9554,0,2,Injury Collision,,45,Bicycle,Matched,N,1,Clear or Partly Cloudy,0,"(47.56021698200004, -122.38680395099999)",0,0,N,15-371712
64694,205275,205435,Block,Cycles,213, ,,0,,09/30/2015 12:00:00 AM +0000,9/30/2015 10:53:00 AM,1,,Mid-Block (not related to intersection),Daylight,BROADWAY BETWEEN E HOWELL ST AND E DENNY WAY,0,1,,2,3571447,Dry,51,PEDALCYCLIST STRUCK MOTOR VEHICLE FRONT END AT ANGLE,,9450,0,2,Injury Collision,,45,Bicycle,Matched,N,1,Overcast,0,"(47.618154047000075, -122.32084513599995)",0,0,N,15-341981
64710,203110,203250,Intersection,Cycles,0, ,,0,Y,09/26/2015 12:00:00 AM +0000,9/26/2015 1:40:00 PM,1,25143,At Intersection (intersection related),Daylight,24TH AVE NW AND NW MARKET ST,0,1,,2,3327825,Dry,18,"MOTOR VEHICLE STRUCK PEDALCYCLIST, FRONT END AT ANGLE",,3590,0,2,Injury Collision,,45,Bicycle,Matched,N,1,Clear or Partly Cloudy,0,"(47.66867869300006, -122.38757648599994)",0,0,N,2015-337152
64711,203465,203605,Block,Cycles,161, ,,0,,09/15/2015 12:00:00 AM +0000,9/15/2015 6:32:00 AM,1,,Mid-Block (not related to intersection),Dawn,JEFFERSON ST BETWEEN 5TH AVE AND 6TH AVE,0,1,,1,E463046,Dry,18,"MOTOR VEHICLE STRUCK PEDALCYCLIST, FRONT END AT ANGLE",,11063,0,2,Injury Collision,,45,Bicycle,Matched,N,1,Clear or Partly Cloudy,0,"(47.60321561100005, -122.32798197599999)",0,0,N,2015-323411
64741,206219,206399,Block,Cycles,174, ,,0,,11/04/2015 12:00:00 AM +0000,11/4/2015 7:24:00 AM,1,,Mid-Block (not related to intersection),Daylight,EASTLAKE AVE E BETWEEN ALOHA ST AND WARD ST,0,1,Y,2,3736385,Dry,18,"MOTOR VEHICLE STRUCK PEDALCYCLIST, FRONT END AT ANGLE",,10169,0,2,Injury Collision,,45,Bicycle,Matched,N,1,Clear or Partly Cloudy,0,"(47.62735267000005, -122.32922868899999)",0,0,N,15-385944
64759,204065,204205,Block,Cycles,237.5, ,,0,,09/02/2015 12:00:00 AM +0000,9/2/2015 2:00:00 PM,1,,Mid-Block (not related to intersection),Daylight,HARVARD AVE E BETWEEN HAMLIN ST ON RP AND E SHELBY ST,0,1,,0,E458503,Dry,18,"MOTOR VEHICLE STRUCK PEDALCYCLIST, FRONT END AT ANGLE",,10859,0,2,Injury Collision,,45,Bicycle,Matched,N,1,Clear or Partly Cloudy,0,"(47.64626955600005, -122.32210425299996)",0,0,N,
64811,204506,204646,Intersection,Cycles,0, ,,0,,10/12/2015 12:00:00 AM +0000,10/12/2015 4:41:00 PM,1,24245,At Intersection (intersection related),Daylight,STROUD AVE N AND EAST GREEN LAKE DR N,0,1,Y,2,3738856,Dry,18,"MOTOR VEHICLE STRUCK PEDALCYCLIST, FRONT END AT ANGLE",,12974,0,2,Injury Collision,,45,Bicycle,Matched,N,1,Clear or Partly Cloudy,0,"(47.68542320600005, -122.336230194)",7370,0,N,2015-357420
64868,203475,203615,Intersection,Cycles,0, ,,0,,09/19/2015 12:00:00 AM +0000,9/19/2015 4:26:00 PM,1,35451,At Intersection (intersection related),Daylight,RAINIER AVE S AND SEWARD PARK AVE S,0,1,,1,E463173,Dry,18,"MOTOR VEHICLE STRUCK PEDALCYCLIST, FRONT END AT ANGLE",,7746,0,2,Injury Collision,,45,Bicycle,Matched,N,1,Clear or Partly Cloudy,0,"(47.52011701300006, -122.26277739699998)",0,0,N,2015-329021
64871,203474,203614,Block,Cycles,180, ,,0,,09/19/2015 12:00:00 AM +0000,9/19/2015 5:00:00 PM,1,,Mid-Block (not related to intersection),Daylight,M L KING JR WAY S BETWEEN S PLUM ST AND S HILL ST,0,1,,1,E463166,Dry,18,"MOTOR VEHICLE STRUCK PEDALCYCLIST, FRONT END AT ANGLE",,11514,0,2,Injury Collision,,45,Bicycle,Matched,N,1,Overcast,0,"(47.584988001000056, -122.29813430499996)",0,0,N,2015-329156
64873,203654,203794,Block,Cycles,31, ,,0,,08/18/2015 12:00:00 AM +0000,8/18/2015 7:55:00 AM,1,,Mid-Block (not related to intersection),Daylight,4TH AVE BETWEEN OLIVE WAY AND STEWART ST,0,1,,0,E458083,Dry,18,"MOTOR VEHICLE STRUCK PEDALCYCLIST, FRONT END AT ANGLE",,6135,0,2,Injury Collision,,45,Bicycle,Matched,N,1,Clear or Partly Cloudy,0,"(47.61223681600006, -122.33863603299994)",0,0,N,2015-287339
64891,203848,203988,Block,Cycles,96, ,,0,,09/19/2015 12:00:00 AM +0000,9/19/2015 2:32:00 PM,1,,Mid-Block (not related to intersection),Daylight,RAINIER AVE S BETWEEN S JACKSON PL AND S KING ST,0,1,,1,E467248,Dry,18,"MOTOR VEHICLE STRUCK PEDALCYCLIST, FRONT END AT ANGLE",,12341,0,2,Injury Collision,,45,Bicycle,Matched,N,1,Clear or Partly Cloudy,0,"(47.598567057000025, -122.31358522799997)",0,0,N,2015-328918
64894,203482,203622,Intersection,Cycles,0, ,,0,,09/29/2015 12:00:00 AM +0000,9/29/2015 5:49:00 PM,1,29920,At Intersection (intersection related),Daylight,BOREN AVE AND MADISON ST,0,1,,2,3737845,Dry,11,"MOTOR VEHICLE STRUCK MOTOR VEHICLE, FRONT END AT ANGLE",,9314,0,2,Injury Collision,,45,Bicycle,Matched,N,1,Clear or Partly Cloudy,0,"(47.60933797200005, -122.32513907699996)",0,0,N,2015-341245
64942,204355,204495,Intersection,Cycles,0, ,,0,,10/09/2015 12:00:00 AM +0000,10/9/2015 5:02:00 AM,1,29168,At Intersection (intersection related),Dawn,DENNY WAY AND STEWART ST,0,1,,2,3613447,Dry,51,PEDALCYCLIST STRUCK MOTOR VEHICLE FRONT END AT ANGLE,,10023,0,2,Injury Collision,,45,Bicycle,Matched,N,1,Clear or Partly Cloudy,0,"(47.61849175700007, -122.33072296099999)",0,0,N,2015-353009
64948,209080,209300,Intersection,Cycles,0, ,,0,,12/12/2015 12:00:00 AM +0000,12/12/2015 10:00:00 AM,1,28373,At Intersection (intersection related),Daylight,26TH AVE E AND E NEWTON ST,0,1,,2,3642666,Unknown,18,"MOTOR VEHICLE STRUCK PEDALCYCLIST, FRONT END AT ANGLE",,3856,0,2,Injury Collision,,45,Bicycle,Matched,N,1,Unknown,0,"(47.63790473000006, -122.29943399899997)",0,0,N,15-430777
64975,209585,209805,Intersection,Cycles,0, ,,0,Y,12/07/2015 12:00:00 AM +0000,12/7/2015 6:00:00 PM,0,287164,At Intersection (intersection related),Dark - Street Lights On,30TH AVE NE AND BURKE GILMAN TRL,0,1,,2,3775962,Wet,18,"MOTOR VEHICLE STRUCK PEDALCYCLIST, FRONT END AT ANGLE",,287208,0,1,Property Damage Only Collision,,45,Bicycle,Matched,N,1,Unknown,0,"(47.66444733600008, -122.29561786299996)",287261,0,N,2015-425065
64978,209782,210002,Intersection,Cycles,0, ,,0,,12/14/2015 12:00:00 AM +0000,12/14/2015 2:05:00 PM,1,27079,At Intersection (intersection related),Daylight,ROOSEVELT WAY NE AND NE 43RD S ST,0,2,,1,E493562,Dry,18,"MOTOR VEHICLE STRUCK PEDALCYCLIST, FRONT END AT ANGLE",,12597,0,2,Injury Collision,,45,Bicycle,Matched,N,1,Clear or Partly Cloudy,0,"(47.65945594600004, -122.31775170599997)",8995,0,N,2015-433061
65050,207423,207623,Block,Cycles,229.5, ,,0,,11/13/2015 12:00:00 AM +0000,11/13/2015 8:45:00 AM,1,,Mid-Block (not related to intersection),Daylight,FREMONT AVE N BETWEEN XW N40 AND N 41ST ST,0,1,,1,E481785,Wet,18,"MOTOR VEHICLE STRUCK PEDALCYCLIST, FRONT END AT ANGLE",,10490,0,2,Injury Collision,,45,Bicycle,Matched,N,1,Raining,0,"(47.65603275500007, -122.34993767699996)",8390,0,N,2015-396579
65091,209320,209540,Block,Cycles,503, ,,0,Y,12/11/2015 12:00:00 AM +0000,12/11/2015 5:29:00 PM,1,,Driveway Junction,Dark - Street Lights On,25TH AVE NE BETWEEN NE 44TH ST AND NE 47TH ST,0,1,,3,3736847,Wet,18,"MOTOR VEHICLE STRUCK PEDALCYCLIST, FRONT END AT ANGLE",,3720,0,2,Injury Collision,,45,Bicycle,Matched,N,1,Overcast,0,"(47.66188693000004, -122.30090615699999)",0,0,N,2015-429947
65106,208573,208773,Block,Cycles,161,NEI,"Not Enough Information, or Insufficient Location Information",0,,12/04/2015 12:00:00 AM +0000,12/4/2015 9:56:00 AM,1,,,Daylight,OLIVE WAY BETWEEN BOREN AVE AND MINOR AVE,0,1,,0,E489978,Dry,00,NOT ENOUGH INFORMATION / NOT APPLICABLE,,12049,0,2,Injury Collision,,45,Bicycle,Matched,N,1,Clear or Partly Cloudy,0,"(47.61568108800003, -122.33017644799997)",0,0,N,2015-421097
65167,209621,209841,Intersection,Cycles,0, ,,0,Y,12/10/2015 12:00:00 AM +0000,12/10/2015 10:45:00 AM,1,30752,At Intersection (intersection related),Daylight,18TH AVE S AND S JACKSON ST,0,1,Y,2,3738194,Wet,11,"MOTOR VEHICLE STRUCK MOTOR VEHICLE, FRONT END AT ANGLE",,2592,0,2,Injury Collision,,45,Bicycle,Matched,N,1,Raining,0,"(47.599238971000034, -122.308967844)",0,0,N,2015-428222
65177,207260,207460,Block,Cycles,110.5, ,,0,,11/18/2015 12:00:00 AM +0000,11/18/2015 9:38:00 AM,1,,Mid-Block (not related to intersection),Daylight,W GOVERNMENT WAY BETWEEN 32ND N AVE W AND 32ND S AVE W,0,1,Y,2,3732878,Dry,51,PEDALCYCLIST STRUCK MOTOR VEHICLE FRONT END AT ANGLE,,23388,0,2,Injury Collision,,45,Bicycle,Matched,N,1,Clear or Partly Cloudy,0,"(47.66037121900007, -122.39823985499999)",0,0,N,2015-402697
65275,209624,209844,Intersection,Cycles,0, ,,0,Y,12/16/2015 12:00:00 AM +0000,12/16/2015 7:00:00 AM,1,25148,At Intersection (intersection related),Dark - Street Lights On,17TH AVE NW AND NW 56TH ST,0,1,Y,2,3738515,Wet,11,"MOTOR VEHICLE STRUCK MOTOR VEHICLE, FRONT END AT ANGLE",,2441,0,2,Injury Collision,,45,Bicycle,Matched,N,1,Overcast,0,"(47.669445877000044, -122.37888369899997)",0,0,N,2015-434990