OBJECTID,INCKEY,COLDETKEY,ADDRTYPE,COLLISIONTYPE,DISTANCE,EXCEPTRSNCODE,EXCEPTRSNDESC,FATALITIES,INATTENTIONIND,INCDATE,INCDTTM,INJURIES,INTKEY,JUNCTIONTYPE,LIGHTCOND,LOCATION,PEDCOUNT,PEDCYLCOUNT,PEDROWNOTGRNT,PERSONCOUNT,REPORTNO,ROADCOND,SDOT_COLCODE,SDOT_COLDESC,SDOTCOLNUM,SEGKEY,SERIOUSINJURIES,SEVERITYCODE,SEVERITYDESC,SPEEDING,ST_COLCODE,ST_COLDESC,STATUS,UNDERINFL,VEHCOUNT,WEATHER,WIDTH,Shape,SEGLANEKEY,CROSSWALKKEY,HITPARKEDCAR,SPDCASENO
65294,207438,207638,Block,Cycles,166, ,,0,Y,11/08/2015 12:00:00 AM +0000,11/8/2015 5:26:00 PM,0,,Mid-Block (not related to intersection),Dark - Street Lights On,LINDEN AVE N BETWEEN N 135TH ST AND N 137TH S ST,0,1,,1,E481798,Dry,18,"MOTOR VEHICLE STRUCK PEDALCYCLIST, FRONT END AT ANGLE",,11455,0,1,Property Damage Only Collision,,45,Bicycle,Matched,N,1,Overcast,0,"(47.727314352000064, -122.34771899499998)",11455,0,N,2015-391127
65315,206831,207031,Block,Cycles,380.5, ,,0,,11/14/2015 12:00:00 AM +0000,11/14/2015 11:51:00 AM,1,,Driveway Junction,Daylight,S JACKSON ST BETWEEN 12TH AVE S AND 14TH AVE S,0,1,Y,2,3672496,Wet,18,"MOTOR VEHICLE STRUCK PEDALCYCLIST, FRONT END AT ANGLE",,20494,0,2,Injury Collision,,45,Bicycle,Matched,N,1,Raining,0,"(47.59919951900008, -122.31568207499998)",11009,0,N,2015-397984
65336,208170,208370,Intersection,Cycles,0, ,,0,,11/27/2015 12:00:00 AM +0000,11/27/2015 11:54:00 AM,1,24419,At Intersection (intersection related),Daylight,5TH AVE NE AND NE 76TH ST,0,1,,0,E487873,Dry,18,"MOTOR VEHICLE STRUCK PEDALCYCLIST, FRONT END AT ANGLE",,7310,0,2,Injury Collision,,45,Bicycle,Matched,N,1,Clear or Partly Cloudy,0,"(47.683537847000025, -122.32290725799999)",0,0,N,2015-413340
65370,208589,208789,Intersection,Cycles,0, ,,0,,12/07/2015 12:00:00 AM +0000,12/7/2015 6:48:00 AM,0,27156,At Intersection (intersection related),Dark - Street Lights On,FRANKLIN AVE E AND FUHRMAN AVE E,0,1,,2,3626649,Wet,51,PEDALCYCLIST STRUCK MOTOR VEHICLE FRONT END AT ANGLE,,10578,0,1,Property Damage Only Collision,,45,Bicycle,Matched,N,1,Clear or Partly Cloudy,0,"(47.65073133700008, -122.32051113299997)",0,0,N,2015-424099
65375,209817,210037,Block,Cycles,213, ,,0,Y,12/02/2015 12:00:00 AM +0000,12/2/2015 5:34:00 PM,1,,Mid-Block (not related to intersection),Dark - Street Lights On,12TH AVE BETWEEN E MARION ST AND E SPRING ST,0,1,,1,E493917,Dry,00,NOT ENOUGH INFORMATION / NOT APPLICABLE,,1534,0,2,Injury Collision,,45,Bicycle,Matched,N,1,Clear or Partly Cloudy,0,"(47.61097747700006, -122.31677912199996)",1534,0,Y,2015-419214
65410,206587,206787,Intersection,Cycles,0,NEI,"Not Enough Information, or Insufficient Location Information",0,,11/05/2015 12:00:00 AM +0000,11/5/2015 6:10:00 AM,1,26231,At Intersection (but not related to intersection),Dark - No Street Lights,35TH AVE NE AND NE 50TH ST,0,1,,1,E479019,Dry,00,NOT ENOUGH INFORMATION / NOT APPLICABLE,,5353,0,2,Injury Collision,,45,Bicycle,Matched,N,1,Overcast,0,"(47.66487480600006, -122.29016470699997)",0,0,N,2015-387050
65453,208179,208379,Block,Cycles,213, ,,0,,11/30/2015 12:00:00 AM +0000,11/30/2015 8:50:00 AM,1,,Mid-Block (but intersection related),Daylight,9TH AVE BETWEEN STEWART ST AND VIRGINIA ST,0,1,,0,E488073,Dry,21,"MOTOR VEHICLE STRUCK PEDALCYCLIST, REAR END",,8524,0,2,Injury Collision,,45,Bicycle,Matched,N,1,Clear or Partly Cloudy,0,"(47.61600003700005, -122.33508453299999)",0,0,N,2015-416075
65468,207895,208095,Block,Cycles,100, ,,0,,11/25/2015 12:00:00 AM +0000,11/25/2015 7:36:00 AM,2,,Mid-Block (not related to intersection),Daylight,UNIVERSITY BR BETWEEN POINT A AND POINT B,0,2,,2,3737236,Ice,69,PEDALCYCLIST OVERTURNED IN ROAD,,13190,0,2,Injury Collision,,45,Bicycle,Matched,N,0,Clear or Partly Cloudy,0,"(47.65271931700005, -122.32039378999997)",0,0,N,15-411304
65480,207678,207878,Intersection,Cycles,0, ,,0,,11/20/2015 12:00:00 AM +0000,11/20/2015 2:12:00 PM,1,485928,At Intersection (intersection related),Daylight,M L KING JR ER WAY S AND S GRAHAM ST,0,1,,0,E484673,Dry,18,"MOTOR VEHICLE STRUCK PEDALCYCLIST, FRONT END AT ANGLE",,11552,0,2,Injury Collision,,45,Bicycle,Matched,N,1,Clear or Partly Cloudy,0,"(47.546058412000036, -122.28545201999998)",0,20124,N,2015-405748
65519,209122,209342,Intersection,Cycles,0,NEI,"Not Enough Information, or Insufficient Location Information",0,,12/09/2015 12:00:00 AM +0000,12/9/2015 4:40:00 PM,1,29581,At Intersection (intersection related),Dusk,2ND AVE AND STEWART ST,0,1,,0,E492125,Dry,00,NOT ENOUGH INFORMATION / NOT APPLICABLE,,2760,0,2,Injury Collision,,45,Bicycle,Matched,N,1,Overcast,0,"(47.61096394900005, -122.34045213899998)",0,0,N,2015-427419
65521,209648,209868,Block,Cycles,136,NEI,"Not Enough Information, or Insufficient Location Information",0,,12/14/2015 12:00:00 AM +0000,12/14/2015 4:40:00 PM,0,,Mid-Block (not related to intersection),Unknown,E DENNY WAY BETWEEN 36TH AVE AND 37TH AVE E,0,1,,2,3776005,Unknown,00,NOT ENOUGH INFORMATION / NOT APPLICABLE,,13978,0,1,Property Damage Only Collision,,45,Bicycle,Matched,N,1,Unknown,0,"(47.61836155300006, -122.28702125899997)",0,0,N,2015-434011
65563,209839,210059,Block,Cycles,213, ,,0,,12/15/2015 12:00:00 AM +0000,12/15/2015 11:49:00 AM,1,,Mid-Block (not related to intersection),Daylight,5TH AVE BETWEEN STEWART ST AND VIRGINIA ST,0,1,,1,E494000,Dry,00,NOT ENOUGH INFORMATION / NOT APPLICABLE,,7242,0,2,Injury Collision,,45,Bicycle,Matched,N,1,Clear or Partly Cloudy,0,"(47.613341770000034, -122.33852199699999)",0,0,Y,2015-434103
65571,207683,207883,Intersection,Cycles,0,NEI,"Not Enough Information, or Insufficient Location Information",0,,11/15/2015 12:00:00 AM +0000,11/15/2015 5:01:00 PM,0,35427,At Intersection (intersection related),Dark - Street Lights On,RAINIER AVE S AND S CLOVERDALE ST,0,1,,2,E482814,Dry,00,NOT ENOUGH INFORMATION / NOT APPLICABLE,,9694,0,1,Property Damage Only Collision,,45,Bicycle,Matched,N,1,Clear or Partly Cloudy,0,"(47.52617082200004, -122.26998317899995)",0,0,N,2015-399419
65601,207288,207488,Block,Cycles,213, ,,0,,11/21/2015 12:00:00 AM +0000,11/21/2015 4:10:00 PM,1,,Mid-Block (not related to intersection),Daylight,4TH AVE BETWEEN LENORA ST AND BLANCHARD ST,0,1,Y,2,3703740,Dry,18,"MOTOR VEHICLE STRUCK PEDALCYCLIST, FRONT END AT ANGLE",,6138,0,2,Injury Collision,,45,Bicycle,Matched,N,1,Clear or Partly Cloudy,0,"(47.61421489400004, -122.34198208899994)",0,0,N,2015-407097
65613,208196,208396,Block,Cycles,147.5, ,,0,,11/20/2015 12:00:00 AM +0000,11/20/2015 6:34:00 PM,1,,Mid-Block (not related to intersection),Dark - Street Lights On,15TH AVE E BETWEEN E VALLEY ST AND E ALOHA ST,0,1,,0,E488838,Dry,51,PEDALCYCLIST STRUCK MOTOR VEHICLE FRONT END AT ANGLE,,2013,0,2,Injury Collision,,45,Bicycle,Matched,N,1,Clear or Partly Cloudy,0,"(47.62647298600007, -122.31257436599998)",0,0,N,2015-406113
65741,209421,209641,Block,Cycles,243,NEI,"Not Enough Information, or Insufficient Location Information",0,,12/11/2015 12:00:00 AM +0000,12/11/2015 7:15:00 AM,1,,,Unknown,57TH AVE S BETWEEN S HOLLY ST AND DEAD END 1,0,1,,0,E493082,Unknown,00,NOT ENOUGH INFORMATION / NOT APPLICABLE,,7791,0,2,Injury Collision,,45,Bicycle,Matched,N,1,Unknown,0,"(47.541842718000055, -122.26151841099994)",0,0,N,2015-429568
65755,208197,208397,Block,Cycles,208, ,,0,,11/24/2015 12:00:00 AM +0000,11/24/2015 6:08:00 PM,1,,Mid-Block (not related to intersection),Dark - Street Lights On,BROADWAY E BETWEEN E REPUBLICAN ST AND E MERCER ST,0,1,,0,E488839,Dry,51,PEDALCYCLIST STRUCK MOTOR VEHICLE FRONT END AT ANGLE,,9455,0,2,Injury Collision,,45,Bicycle,Matched,N,1,Clear or Partly Cloudy,0,"(47.62369761200006, -122.320933304)",0,0,N,2015-410831
65763,208628,208828,Intersection,Cycles,0, ,,0,,12/01/2015 12:00:00 AM +0000,12/1/2015 12:43:00 PM,0,37475,At Intersection (intersection related),Daylight,5TH AVE NE AND NE 103RD ST,0,1,,2,3737285,Dry,51,PEDALCYCLIST STRUCK MOTOR VEHICLE FRONT END AT ANGLE,,7333,0,1,Property Damage Only Collision,,45,Bicycle,Matched,N,1,Clear or Partly Cloudy,0,"(47.703140321000035, -122.32314837099995)",0,0,N,15-417597
65774,207928,208128,Intersection,Cycles,0, ,,0,,11/29/2015 12:00:00 AM +0000,11/29/2015 5:58:00 PM,1,29877,At Intersection (intersection related),Dark - Street Lights On,MELROSE AVE AND PIKE ST,0,1,Y,4,3738000,Wet,24,MOTOR VEHCILE STRUCK PEDESTRIAN,,11744,0,2,Injury Collision,,45,Bicycle,Matched,N,1,Fog/Smog/Smoke,0,"(47.61393023000005, -122.32780457599995)",0,0,N,2015-415540
65949,210239,210477,Intersection,Cycles,0, ,,0,,12/23/2015 12:00:00 AM +0000,12/23/2015 3:32:00 PM,0,34521,At Intersection (intersection related),Daylight,M L KING JR WR WAY S AND S MORGAN ST,0,1,,1,E498153,Wet,51,PEDALCYCLIST STRUCK MOTOR VEHICLE FRONT END AT ANGLE,,11555,0,1,Property Damage Only Collision,,45,Bicycle,Matched,N,1,Raining,0,"(47.54426842500004, -122.28476395999996)",0,525171,N,2015-444555
65975,206624,206824,Intersection,Cycles,0, ,,0,,10/19/2015 12:00:00 AM +0000,10/19/2015 1:59:00 PM,1,29859,At Intersection (intersection related),Daylight,BELMONT AVE AND E PINE ST,0,1,,1,E480656,Dry,18,"MOTOR VEHICLE STRUCK PEDALCYCLIST, FRONT END AT ANGLE",,9234,0,2,Injury Collision,,45,Bicycle,Matched,N,1,Clear or Partly Cloudy,0,"(47.61522500500007, -122.32447263599994)",10368,0,N,2015-366066
66005,208649,208849,Intersection,Cycles,0, ,,0,,11/03/2015 12:00:00 AM +0000,11/3/2015 5:22:00 PM,1,25520,At Intersection (intersection related),Dark - Street Lights On,GREEN LAKE WAY N AND N 52ND ST,0,1,,2,3737082,Dry,18,"MOTOR VEHICLE STRUCK PEDALCYCLIST, FRONT END AT ANGLE",,10695,0,2,Injury Collision,,45,Bicycle,Matched,N,1,Clear or Partly Cloudy,0,"(47.66640717400003, -122.340090525)",0,0,N,2015-386676
66140,207334,207534,Block,Cycles,240, ,,0,,11/21/2015 12:00:00 AM +0000,11/21/2015 2:18:00 PM,1,,Driveway Junction,Daylight,NE NORTHGATE WAY BETWEEN ROOSEVELT WAY NE AND 11TH AVE NE,0,1,,2,3737030,Dry,18,"MOTOR VEHICLE STRUCK PEDALCYCLIST, FRONT END AT ANGLE",,18015,0,2,Injury Collision,,45,Bicycle,Matched,N,1,Clear or Partly Cloudy,0,"(47.708554836000076, -122.31687923899995)",0,0,N,2015-407009
66147,208659,208859,Block,Cycles,130.5, ,,0,,12/01/2015 12:00:00 AM +0000,12/1/2015 11:40:00 AM,1,,Mid-Block (not related to intersection),Dawn,E PINE ST BETWEEN BELMONT AVE AND BOYLSTON AVE,0,1,,2,3738187,Wet,18,"MOTOR VEHICLE STRUCK PEDALCYCLIST, FRONT END AT ANGLE",,14631,0,2,Injury Collision,,45,Bicycle,Matched,N,1,Clear or Partly Cloudy,0,"(47.615228063000075, -122.32394607099997)",10368,0,N,2015-417220
66206,209183,209403,Intersection,Cycles,0, ,,0,,12/11/2015 12:00:00 AM +0000,12/11/2015 8:10:00 PM,1,30146,At Intersection (intersection related),Dark - Street Lights On,20TH AVE AND E UNION ST,0,1,Y,2,3738199,Dry,18,"MOTOR VEHICLE STRUCK PEDALCYCLIST, FRONT END AT ANGLE",,2940,0,2,Injury Collision,,45,Bicycle,Matched,N,1,Clear or Partly Cloudy,0,"(47.61290962100003, -122.30624554799999)",9353,0,N,2015-430116
66216,207117,207317,Block,Cycles,450, ,,0,Y,11/07/2015 12:00:00 AM +0000,11/7/2015 7:30:00 PM,1,,Mid-Block (not related to intersection),Dark - Street Lights On,8TH AVE BETWEEN SENECA ST AND CONVENTION CTR DR,0,1,,3,3788879,Wet,18,"MOTOR VEHICLE STRUCK PEDALCYCLIST, FRONT END AT ANGLE",,8278,0,2,Injury Collision,,45,Bicycle,Matched,N,1,Raining,0,"(47.61041939200004, -122.33073466299999)",0,0,N,2015-390174
66231,210280,210520,Intersection,Cycles,0, ,,0,,12/18/2015 12:00:00 AM +0000,12/18/2015 6:24:00 PM,1,28634,At Intersection (intersection related),Dark - Street Lights On,2ND AVE W AND W MERCER ST,0,1,,1,E500374,Wet,18,"MOTOR VEHICLE STRUCK PEDALCYCLIST, FRONT END AT ANGLE",,2903,1,2b,Serious Injury Collision,,45,Bicycle,Matched,N,1,Raining,0,"(47.62459219100003, -122.35932146099998)",0,0,N,2015-438172
66341,209194,209414,Block,Cycles,160, ,,0,,12/11/2015 12:00:00 AM +0000,12/11/2015 5:37:00 PM,1,,Mid-Block (not related to intersection),Dark - Street Lights Off,DEXTER AVE N BETWEEN WARD ST AND PROSPECT ST,0,1,,2,3789256,Dry,18,"MOTOR VEHICLE STRUCK PEDALCYCLIST, FRONT END AT ANGLE",,10080,0,2,Injury Collision,,45,Bicycle,Matched,N,1,Overcast,0,"(47.628445717000034, -122.34231499099997)",12788,0,N,2015-429958
66344,209192,209412,Intersection,Cycles,0, ,,0,Y,12/11/2015 12:00:00 AM +0000,12/11/2015 2:35:00 PM,1,29563,At Intersection (intersection related),Daylight,3RD AVE AND VIRGINIA ST,0,1,,2,3789157,Dry,51,PEDALCYCLIST STRUCK MOTOR VEHICLE FRONT END AT ANGLE,,4387,0,2,Injury Collision,,45,Bicycle,Matched,N,1,Clear or Partly Cloudy,0,"(47.61239802600005, -122.34089245499996)",0,0,N,15-429719
66372,206719,206919,Intersection,Cycles,0, ,,0,Y,11/08/2015 12:00:00 AM +0000,11/8/2015 10:57:00 AM,1,23934,At Intersection (intersection related),Daylight,23RD AVE NW AND NW 67TH ST,0,1,,2,3706765,Wet,18,"MOTOR VEHICLE STRUCK PEDALCYCLIST, FRONT END AT ANGLE",,3422,0,2,Injury Collision,,45,Bicycle,Matched,N,1,Raining,0,"(47.677702338000074, -122.38536098199995)",0,0,N,15-390758
66405,207559,207759,Block,Cycles,213, ,,0,,11/24/2015 12:00:00 AM +0000,11/24/2015 10:20:00 AM,1,,Mid-Block (not related to intersection),Daylight,BROADWAY BETWEEN XW E OLIVE ST AND E HOWELL ST,0,1,,2,3737994,Dry,66,PEDALCYCLIST STRUCK OBJECT IN ROAD,,9449,1,2b,Serious Injury Collision,,45,Bicycle,Matched,N,1,Overcast,0,"(47.61698593600005, -122.32082645399998)",6835,0,Y,2015-410206
66495,209936,210156,Intersection,Cycles,0, ,,0,,12/18/2015 12:00:00 AM +0000,12/18/2015 5:40:00 PM,1,24578,At Intersection (intersection related),Dark - Street Lights On,EAST GREEN LAKE DR N AND NE MAPLE LEAF PL,0,1,,1,E495627,Wet,18,"MOTOR VEHICLE STRUCK PEDALCYCLIST, FRONT END AT ANGLE",,14058,0,2,Injury Collision,,45,Bicycle,Matched,N,1,Raining,0,"(47.68071059600004, -122.326130208)",0,0,N,2015-438128
66531,207377,207577,Intersection,Cycles,0, ,,0,,11/05/2015 12:00:00 AM +0000,11/5/2015 4:36:00 PM,1,36359,At Intersection (intersection related),Dark - Street Lights On,AURORA AVE N AND N 107TH S ST,0,1,,1,E481791,Wet,18,"MOTOR VEHICLE STRUCK PEDALCYCLIST, FRONT END AT ANGLE",,8986,0,2,Injury Collision,,45,Bicycle,Matched,N,1,Overcast,0,"(47.70654592400007, -122.34471870899995)",0,0,N,2015-387723
66535,207365,207565,Intersection,Cycles,0, ,,0,,11/04/2015 12:00:00 AM +0000,11/4/2015 12:06:00 PM,2,25786,At Intersection (intersection related),Daylight,7TH AVE NE AND NE 50TH ST,0,1,,1,E481789,Dry,18,"MOTOR VEHICLE STRUCK PEDALCYCLIST, FRONT END AT ANGLE",,8178,0,2,Injury Collision,,45,Bicycle,Matched,N,1,Clear or Partly Cloudy,0,"(47.66495773100007, -122.32070290399997)",0,8177,N,2015-386222
66580,209208,209428,Intersection,Cycles,0, ,,0,Y,12/12/2015 12:00:00 AM +0000,12/12/2015 5:10:00 PM,1,28744,At Intersection (intersection related),Dark - Street Lights On,BROAD ST AND VALLEY ST,0,1,Y,2,3789291,Wet,11,"MOTOR VEHICLE STRUCK MOTOR VEHICLE, FRONT END AT ANGLE",,13265,0,2,Injury Collision,,45,Bicycle,Matched,N,1,Raining,0,"(47.625795769000035, -122.33863455)",0,0,N,15-431083
66589,209204,209424,Block,Cycles,206, ,,0,,12/10/2015 12:00:00 AM +0000,12/10/2015 5:21:00 PM,0,,Driveway Junction,Dark - Street Lights On,MINOR AVE BETWEEN OLIVE WAY AND HOWELL ST,0,1,Y,3,3789287,Wet,18,"MOTOR VEHICLE STRUCK PEDALCYCLIST, FRONT END AT ANGLE",,11878,0,1,Property Damage Only Collision,,45,Bicycle,Matched,N,2,Raining,0,"(47.61639311400006, -122.33005930499996)",0,0,N,15-428694
66639,207580,207780,Block,Cycles,161, ,,0,,11/16/2015 12:00:00 AM +0000,11/16/2015 6:56:00 PM,1,,Driveway Junction,Dark - Street Lights On,MARION ST BETWEEN 2ND AVE AND 3RD AVE,0,1,,2,3789060,Wet,18,"MOTOR VEHICLE STRUCK PEDALCYCLIST, FRONT END AT ANGLE",,11664,0,2,Injury Collision,,45,Bicycle,Matched,N,1,Raining,0,"(47.604677776000074, -122.33392354199998)",0,0,N,2015-400767
66658,206931,207131,Block,Cycles,132, ,,0,Y,11/12/2015 12:00:00 AM +0000,11/12/2015 10:34:00 PM,1,,Mid-Block (not related to intersection),Dark - Street Lights On,AURORA AVE N BETWEEN N 94TH ST AND N 95TH ST,0,1,,2,3737208,Wet,51,PEDALCYCLIST STRUCK MOTOR VEHICLE FRONT END AT ANGLE,,8973,0,2,Injury Collision,,45,Bicycle,Matched,Y,1,Raining,0,"(47.697445059000074, -122.34460370599999)",0,0,N,2015-396224
66668,207583,207783,Intersection,Cycles,0, ,,0,,11/18/2015 12:00:00 AM +0000,11/18/2015 12:46:00 PM,1,30357,At Intersection (intersection related),Daylight,1ST AVE AND YESLER WAY,0,1,,2,3789062,Dry,51,PEDALCYCLIST STRUCK MOTOR VEHICLE FRONT END AT ANGLE,,1000,0,2,Injury Collision,,45,Bicycle,Matched,N,1,Overcast,0,"(47.60172233900005, -122.33417859499997)",0,0,N,2015-402921
66694,207797,207997,Intersection,Cycles,0, ,,0,,11/24/2015 12:00:00 AM +0000,11/24/2015 10:30:00 PM,2,32699,At Intersection (intersection related),Dark - Street Lights On,38TH AVE S AND S DAKOTA ST,0,1,,2,3725988,Dry,18,"MOTOR VEHICLE STRUCK PEDALCYCLIST, FRONT END AT ANGLE",,5899,0,2,Injury Collision,,45,Bicycle,Matched,N,1,Clear or Partly Cloudy,0,"(47.566177227000026, -122.28499712599995)",0,0,N,2015-411052
66747,206780,206980,Intersection,Cycles,0, ,,0,,11/11/2015 12:00:00 AM +0000,11/11/2015 12:37:00 PM,1,34870,At Intersection (intersection related),Daylight,20TH AVE SW AND SW HENDERSON ST,0,1,Y,2,3587853,Dry,18,"MOTOR VEHICLE STRUCK PEDALCYCLIST, FRONT END AT ANGLE",,3084,0,2,Injury Collision,,45,Bicycle,Matched,N,1,Clear or Partly Cloudy,0,"(47.52286301600003, -122.35914219799997)",0,0,N,15-394445
66821,209023,209243,Intersection,Cycles,0, ,,0,Y,12/10/2015 12:00:00 AM +0000,12/10/2015 4:38:00 PM,1,27244,At Intersection (intersection related),Dark - Street Lights On,LATONA AVE NE AND NE PACIFIC ST,0,1,,5,3736739,Wet,51,PEDALCYCLIST STRUCK MOTOR VEHICLE FRONT END AT ANGLE,,11289,0,2,Injury Collision,,45,Bicycle,Matched,N,1,Raining,0,"(47.65488891200005, -122.32570273399995)",287246,0,N,2015-428648
66862,209233,209453,Block,Cycles,332, ,,0,,12/02/2015 12:00:00 AM +0000,12/2/2015 4:38:00 PM,1,,Driveway Junction,Dusk,GREENWOOD AVE N BETWEEN N 134TH ST AND N 136TH ST,0,1,,3,3733670,Dry,51,PEDALCYCLIST STRUCK MOTOR VEHICLE FRONT END AT ANGLE,,10789,1,2b,Serious Injury Collision,,45,Bicycle,Matched,N,1,Clear or Partly Cloudy,0,"(47.72731642200006, -122.35555593899994)",0,0,N,15-419136
66888,206786,206986,Block,Cycles,115, ,,0,Y,11/10/2015 12:00:00 AM +0000,11/10/2015 12:01:00 PM,1,,Mid-Block (not related to intersection),Daylight,S LANDER ST BETWEEN 3RD AVE S AND 4TH AVE S,0,1,Y,2,3587831,Dry,18,"MOTOR VEHICLE STRUCK PEDALCYCLIST, FRONT END AT ANGLE",,20625,0,2,Injury Collision,,45,Bicycle,Matched,N,1,Clear or Partly Cloudy,0,"(47.579809597000065, -122.32952440699995)",0,0,N,2015-393159
66946,208123,208323,Block,Cycles,39,NEI,"Not Enough Information, or Insufficient Location Information",0,,11/19/2015 12:00:00 AM +0000,11/19/2015 4:03:00 PM,1,,,Dusk,N 45TH ST BETWEEN DENSMORE W AVE N AND DENSMORE E AVE N,0,1,,0,E486312,Dry,00,NOT ENOUGH INFORMATION / NOT APPLICABLE,,15546,0,2,Injury Collision,,45,Bicycle,Matched,N,1,Clear or Partly Cloudy,0,"(47.66138705900005, -122.33753150999996)",0,0,N,2015-404560
66963,209036,209256,Intersection,Cycles,0, ,,0,Y,12/09/2015 12:00:00 AM +0000,12/9/2015 9:36:00 AM,2,26687,At Intersection (intersection related),Daylight,W BERTONA ST AND W EMERSON ST,1,1,Y,2,3789281,Wet,24,MOTOR VEHCILE STRUCK PEDESTRIAN,,23086,0,2,Injury Collision,,45,Bicycle,Matched,N,0,Overcast,0,"(47.65050181700008, -122.36354858399994)",0,525457,N,2015-426805
67024,210142,210362,Intersection,Cycles,0, ,,0,Y,12/29/2015 12:00:00 AM +0000,12/29/2015 6:40:00 PM,1,30513,At Intersection (intersection related),Dark - Street Lights On,7TH AVE S AND S JACKSON ST,0,1,,3,3789159,Dry,18,"MOTOR VEHICLE STRUCK PEDALCYCLIST, FRONT END AT ANGLE",,8207,0,2,Injury Collision,,45,Bicycle,Matched,N,1,Clear or Partly Cloudy,0,"(47.59918859700008, -122.32375005299997)",0,0,N,15-449327
67080,207612,207812,Intersection,Cycles,0, ,,0,,11/06/2015 12:00:00 AM +0000,11/6/2015 6:40:00 AM,1,28237,At Intersection (intersection related),Dawn,10TH AVE E AND E LYNN ST,0,1,,0,E483750,Wet,18,"MOTOR VEHICLE STRUCK PEDALCYCLIST, FRONT END AT ANGLE",,1300,0,2,Injury Collision,,45,Bicycle,Matched,N,1,Raining,0,"(47.63954711300005, -122.32006287099995)",0,0,N,2015-388312
67188,109717,109717,Intersection,Cycles,0,,,0,,01/03/2011 12:00:00 AM +0000,1/3/2011 5:30:00 PM,1,29224,At Intersection (intersection related),Dark - Street Lights On,28TH AVE E AND E ALOHA ST,0,1,,1,3568628,Ice,69,PEDALCYCLIST OVERTURNED IN ROAD,11003027,4104,1,2b,Serious Injury Collision,,45,Bicycle,Matched,N,0,Clear or Partly Cloudy,0,"(47.62664106300008, -122.29641418399996)",0,0,N,2011-3396
67211,110817,110817,Block,Cycles,221,,,0,,05/10/2010 12:00:00 AM +0000,5/10/2010 6:08:00 PM,1,,Mid-Block (but intersection related),Daylight,1ST AVE NE BETWEEN NE 43RD ST AND NE 44TH ST,0,1,,3,3333636,Dry,51,PEDALCYCLIST STRUCK MOTOR VEHICLE FRONT END AT ANGLE,10130005,1065,0,2,Injury Collision,,45,Bicycle,Matched,N,1,Clear or Partly Cloudy,0,"(47.65964495000003, -122.32828717399997)",0,0,N,10-153160
67238,110813,110813,Intersection,Cycles,0,,,0,,04/20/2010 12:00:00 AM +0000,4/20/2010 1:43:00 PM,1,29862,At Intersection (intersection related),Daylight,BELLEVUE AVE AND E PINE ST,0,1,Y,2,3207750,Dry,51,PEDALCYCLIST STRUCK MOTOR VEHICLE FRONT END AT ANGLE,10110017,9213,0,2,Injury Collision,Y,45,Bicycle,Matched,N,1,Clear or Partly Cloudy,0,"(47.61521815300006, -122.32680418799998)",10342,0,N,2010-128641
67251,110544,110544,Intersection,Cycles,0, ,,0,,05/01/2010 12:00:00 AM +0000,5/1/2010 5:30:00 PM,1,36500,At Intersection (intersection related),Daylight,8TH AVE NE AND NE NORTHGATE WAY,0,1,,2,3376237,Dry,18,"MOTOR VEHICLE STRUCK PEDALCYCLIST, FRONT END AT ANGLE",10121001,8358,0,2,Injury Collision,,45,Bicycle,Matched,N,1,Clear or Partly Cloudy,0,"(47.70857741100008, -122.32056130299998)",0,521317,N,2010-142009
67342,110399,110399,Intersection,Cycles,0, ,,0,,09/02/2010 12:00:00 AM +0000,9/2/2010 7:14:00 PM,1,30355,At Intersection (intersection related),Daylight,2ND AVE AND CHERRY ST,0,1,Y,2,3373655,Dry,18,"MOTOR VEHICLE STRUCK PEDALCYCLIST, FRONT END AT ANGLE",10245029,2750,0,2,Injury Collision,,45,Bicycle,Matched,N,1,Clear or Partly Cloudy,0,"(47.60301939300007, -122.33317224599995)",12029,0,N,10-307690
67357,110671,110671,Intersection,Cycles,0,,,0,,10/23/2010 12:00:00 AM +0000,10/23/2010 9:02:00 PM,1,29924,At Intersection (intersection related),Dark - Street Lights On,MADISON ST AND TERRY AVE,0,1,Y,2,3346116,Wet,51,PEDALCYCLIST STRUCK MOTOR VEHICLE FRONT END AT ANGLE,10296034,11591,0,2,Injury Collision,,45,Bicycle,Matched,N,1,Raining,0,"(47.608873380000034, -122.32624962899996)",22742,0,N,10-371178
67383,110118,110118,Block,Cycles,161,,,0,,06/25/2010 12:00:00 AM +0000,6/25/2010 5:36:00 PM,1,,Mid-Block (not related to intersection),Daylight,BELL ST BETWEEN 3RD AVE AND 4TH AVE,0,2,,3,3346086,Dry,51,PEDALCYCLIST STRUCK MOTOR VEHICLE FRONT END AT ANGLE,10176027,9200,0,2,Injury Collision,,45,Bicycle,Matched,Y,1,Overcast,0,"(47.61503572400005, -122.34436529899995)",14228,0,N,10-216139