OBJECTID,INCKEY,COLDETKEY,ADDRTYPE,COLLISIONTYPE,DISTANCE,EXCEPTRSNCODE,EXCEPTRSNDESC,FATALITIES,INATTENTIONIND,INCDATE,INCDTTM,INJURIES,INTKEY,JUNCTIONTYPE,LIGHTCOND,LOCATION,PEDCOUNT,PEDCYLCOUNT,PEDROWNOTGRNT,PERSONCOUNT,REPORTNO,ROADCOND,SDOT_COLCODE,SDOT_COLDESC,SDOTCOLNUM,SEGKEY,SERIOUSINJURIES,SEVERITYCODE,SEVERITYDESC,SPEEDING,ST_COLCODE,ST_COLDESC,STATUS,UNDERINFL,VEHCOUNT,WEATHER,WIDTH,Shape,SEGLANEKEY,CROSSWALKKEY,HITPARKEDCAR,SPDCASENO
67420,109420,109420,Intersection,Cycles,0,,,0,,10/01/2010 12:00:00 AM +0000,10/1/2010 12:54:00 PM,1,32788,At Intersection (intersection related),Daylight,CALIFORNIA AVE SW AND SW DAWSON S ST,0,1,,2,3342576,Dry,18,"MOTOR VEHICLE STRUCK PEDALCYCLIST, FRONT END AT ANGLE",10274037,9558,1,2b,Serious Injury Collision,,45,Bicycle,Matched,N,1,Clear or Partly Cloudy,0,"(47.55570116800004, -122.386935129)",0,0,N,2010-343337
67429,109696,109696,Intersection,Cycles,0,NEI,"Not Enough Information, or Insufficient Location Information",0,,06/08/2010 12:00:00 AM +0000,6/8/2010 1:00:00 PM,1,25663,At Intersection (intersection related),Daylight,PHINNEY WR AVE N AND N 50TH ST,0,1,Y,2,3288181,Dry,00,NOT ENOUGH INFORMATION / NOT APPLICABLE,10159004,15638,0,2,Injury Collision,,45,Bicycle,Matched,N,1,Clear or Partly Cloudy,0,"(47.66502100500003, -122.35443705299997)",3789,0,N,10-192631
67574,109415,109415,Block,Cycles,116,,,0,,05/09/2010 12:00:00 AM +0000,5/9/2010 10:33:00 PM,1,,Mid-Block (not related to intersection),Dark - Street Lights On,12TH AVE BETWEEN E JEFFERSON ST AND E BARCLAY CT,0,1,,1,3282418,Dry,69,PEDALCYCLIST OVERTURNED IN ROAD,10129001,1529,1,2b,Serious Injury Collision,,45,Bicycle,Matched,N,0,Clear or Partly Cloudy,0,"(47.60651901700004, -122.31678037899997)",10636,0,N,10-152154
67590,109144,109144,Intersection,Cycles,0,,,0,,03/23/2010 12:00:00 AM +0000,3/23/2010 10:44:00 AM,1,29872,At Intersection (intersection related),Daylight,BOREN AVE AND PINE ST,0,1,,2,3341803,Dry,51,PEDALCYCLIST STRUCK MOTOR VEHICLE FRONT END AT ANGLE,10082016,9320,0,2,Injury Collision,,45,Bicycle,Matched,N,1,Clear or Partly Cloudy,0,"(47.61445724200007, -122.32982243299995)",10320,0,N,10-95196
67597,109417,109417,Intersection,Cycles,0,,,0,,05/11/2010 12:00:00 AM +0000,5/11/2010 10:16:00 AM,1,26002,At Intersection (intersection related),Daylight,20TH AVE NE AND NE 58TH ST,0,1,Y,3,3286947,Dry,51,PEDALCYCLIST STRUCK MOTOR VEHICLE FRONT END AT ANGLE,10131002,337138,0,2,Injury Collision,,45,Bicycle,Matched,N,1,Clear or Partly Cloudy,0,"(47.67070345800005, -122.30649833799998)",0,0,N,2010-153916
67663,109965,109965,Intersection,Cycles,0,,,0,,10/15/2010 12:00:00 AM +0000,10/15/2010 10:41:00 AM,1,30748,At Intersection (intersection related),Daylight,16TH AVE S AND S JACKSON ST,0,1,Y,2,3386621,Dry,18,"MOTOR VEHICLE STRUCK PEDALCYCLIST, FRONT END AT ANGLE",10288008,2282,0,2,Injury Collision,,45,Bicycle,Matched,N,1,Clear or Partly Cloudy,0,"(47.599224596000056, -122.31157742299996)",11025,0,N,2010-360835
67665,110246,110246,Intersection,Cycles,0,,,0,,08/09/2010 12:00:00 AM +0000,8/9/2010 7:50:00 AM,1,27157,At Intersection (but not related to intersection),Daylight,EASTLAKE AVE E AND HARVARD AVE E,0,1,Y,2,3345375,Dry,23,"MOTOR VEHICLE STRUCK PEDALCYCLIST, LEFT SIDE SIDESWIPE",10221032,10184,0,2,Injury Collision,,45,Bicycle,Matched,N,1,Overcast,0,"(47.65051917300008, -122.32209446499996)",6060,0,N,2010-276481
67737,109270,109270,Block,Cycles,49, ,,0,,05/24/2010 12:00:00 AM +0000,5/24/2010 4:22:00 PM,2,,Mid-Block (but intersection related),Daylight,DELRIDGE WAY SW BETWEEN SW CHARLESTOWN ST AND DELRIDGE-W SEATTLE BR EB ON RP,0,1,Y,3,3288358,Dry,51,PEDALCYCLIST STRUCK MOTOR VEHICLE FRONT END AT ANGLE,10144037,270155,0,2,Injury Collision,,45,Bicycle,Matched,N,1,Clear or Partly Cloudy,0,"(47.57004013400007, -122.36210570199995)",0,0,N,2010-171582
67789,110508,110508,Intersection,Cycles,0,,,0,,12/15/2010 12:00:00 AM +0000,12/15/2010 7:31:00 AM,1,37659,At Intersection (intersection related),Daylight,27TH AVE NE AND NE 90TH ST,0,1,Y,2,3561680,Wet,18,"MOTOR VEHICLE STRUCK PEDALCYCLIST, FRONT END AT ANGLE",10349033,4023,0,2,Injury Collision,,45,Bicycle,Matched,N,1,Clear or Partly Cloudy,0,"(47.69388393000003, -122.29873112299998)",0,0,N,2010-430923
67801,110368,110368,Block,Cycles,132,,,0,,11/10/2010 12:00:00 AM +0000,11/10/2010 2:00:00 PM,1,,Mid-Block (not related to intersection),Unknown,GREENWOOD AVE N BETWEEN N 100TH ST AND N 101ST ST,0,1,Y,2,3206060,Unknown,18,"MOTOR VEHICLE STRUCK PEDALCYCLIST, FRONT END AT ANGLE",10314003,10760,0,2,Injury Collision,,45,Bicycle,Matched,N,1,Unknown,0,"(47.701821962000054, -122.35541864199996)",4755,0,N,10-396431
67846,110773,110773,Block,Cycles,208.5, ,,0,,11/18/2010 12:00:00 AM +0000,11/18/2010 3:40:00 PM,1,,Mid-Block (but intersection related),Daylight,SW ORCHARD ST BETWEEN DELRIDGE WAY SW AND SYLVAN WAY SW,0,1,,2,3342432,Dry,18,"MOTOR VEHICLE STRUCK PEDALCYCLIST, FRONT END AT ANGLE",10322020,22645,0,2,Injury Collision,,45,Bicycle,Matched,N,1,Clear or Partly Cloudy,0,"(47.53775876200007, -122.36186725499999)",0,525434,N,10-402493
67917,109950,109950,Block,Cycles,290.5,,,0,Y,10/04/2010 12:00:00 AM +0000,10/4/2010 9:21:00 AM,1,,Driveway Junction,Daylight,BARNES AVE NW BETWEEN 17TH AVE NW AND NW MARKET ST,0,1,,3,3374922,Dry,54,PEDALCYCLIST STRUCK MOTOR VEHICLE REAR END,10277028,9063,0,2,Injury Collision,,45,Bicycle,Matched,N,1,Clear or Partly Cloudy,0,"(47.66804977000004, -122.37961752399997)",0,0,N,10-346809
67925,110228,110228,Block,Cycles,249.5,,,0,,06/01/2010 12:00:00 AM +0000,6/1/2010 10:15:00 AM,1,,Mid-Block (not related to intersection),Daylight,10TH AVE E BETWEEN E ROY W ST AND E ALOHA ST,0,1,Y,2,3283168,Dry,51,PEDALCYCLIST STRUCK MOTOR VEHICLE FRONT END AT ANGLE,10152032,1290,0,2,Injury Collision,,45,Bicycle,Matched,N,1,Clear or Partly Cloudy,0,"(47.62614319900007, -122.320223038)",6193,0,N,2010-182337
68072,109941,109941,Intersection,Cycles,0,,,0,,10/19/2010 12:00:00 AM +0000,10/19/2010 4:39:00 PM,1,37425,At Intersection (intersection related),Daylight,FREMONT AVE N AND N 95TH ST,0,1,Y,2,3327738,Dry,51,PEDALCYCLIST STRUCK MOTOR VEHICLE FRONT END AT ANGLE,10292030,10539,0,2,Injury Collision,,45,Bicycle,Matched,N,1,Clear or Partly Cloudy,0,"(47.697823819000064, -122.34999793999998)",0,0,N,2010-365940
68270,109370,109370,Intersection,Cycles,0,,,0,,01/21/2010 12:00:00 AM +0000,1/21/2010 8:30:00 AM,0,29603,At Intersection (intersection related),Daylight,2ND AVE AND UNIVERSITY ST,0,1,,3,3325959,Dry,11,"MOTOR VEHICLE STRUCK MOTOR VEHICLE, FRONT END AT ANGLE",10021017,2756,0,1,Property Damage Only Collision,,45,Bicycle,Matched,N,2,Clear or Partly Cloudy,0,"(47.60729905800008, -122.33708679799997)",12162,0,N,10-232 97
68279,110882,110882,Intersection,Cycles,0,,,0,,05/13/2010 12:00:00 AM +0000,5/13/2010 7:55:00 PM,1,29747,At Intersection (intersection related),Dusk,11TH AVE AND E PIKE ST,0,1,Y,2,3329755,Dry,51,PEDALCYCLIST STRUCK MOTOR VEHICLE FRONT END AT ANGLE,10133003,1382,1,2b,Serious Injury Collision,,45,Bicycle,Matched,N,1,Clear or Partly Cloudy,0,"(47.61409443200006, -122.31814094999999)",31243,0,N,2010-157087
68287,111020,111020,Intersection,Cycles,0,,,0,,07/21/2010 12:00:00 AM +0000,7/21/2010 7:01:00 PM,1,29732,At Intersection (intersection related),Daylight,HARVARD AVE AND E OLIVE ST,1,1,,2,3329194,Dry,24,MOTOR VEHCILE STRUCK PEDESTRIAN,10202015,10843,0,2,Injury Collision,,45,Bicycle,Matched,N,0,Clear or Partly Cloudy,0,"(47.61639417100008, -122.32214881099998)",0,0,N,2010-251467
68288,110610,110610,Intersection,Cycles,0, ,,0,,08/06/2010 12:00:00 AM +0000,8/6/2010 12:00:00 PM,1,29068,At Intersection (intersection related),Daylight,BROADWAY AND E DENNY WAY,0,1,Y,2,3332199,Dry,51,PEDALCYCLIST STRUCK MOTOR VEHICLE FRONT END AT ANGLE,10218028,9451,0,2,Injury Collision,,45,Bicycle,Matched,N,1,Overcast,0,"(47.61873954100008, -122.32085448299995)",0,523773,N,2010 272869
68307,110617,110617,Intersection,Cycles,0,NEI,"Not Enough Information, or Insufficient Location Information",0,,06/17/2010 12:00:00 AM +0000,6/17/2010 10:21:00 PM,1,29737,At Intersection (intersection related),Dark - Street Lights On,NAGLE PL AND E PINE ST,0,1,Y,2,3332086,Dry,00,NOT ENOUGH INFORMATION / NOT APPLICABLE,10168020,11942,0,2,Injury Collision,,45,Bicycle,Matched,N,1,Clear or Partly Cloudy,0,"(47.61524085500008, -122.32001617599997)",10408,0,N,10-205630
68308,110616,110616,Block,Cycles,281,,,0,,06/15/2010 12:00:00 AM +0000,6/15/2010 2:45:00 PM,1,,,Daylight,EAST MARGINAL WAY S BETWEEN S FRONT ST AND S MICHIGAN ST,0,1,,2,3335789,Dry,00,NOT ENOUGH INFORMATION / NOT APPLICABLE,10166020,14407,0,2,Injury Collision,,45,Bicycle,Matched,0,1,Clear or Partly Cloudy,0,"(47.545389037000064, -122.33216351499999)",0,0,N,2010-202322
68362,108669,108669,Block,Cycles,213, ,,0,,09/17/2010 12:00:00 AM +0000,9/17/2010 9:15:00 AM,1,,Mid-Block (not related to intersection),Daylight,3RD AVE W BETWEEN W HARRISON ST AND W REPUBLICAN ST,0,1,Y,3,3325940,Dry,18,"MOTOR VEHICLE STRUCK PEDALCYCLIST, FRONT END AT ANGLE",10260015,4542,0,2,Injury Collision,,45,Bicycle,Matched,N,1,Overcast,0,"(47.62270504800006, -122.36064255999997)",35340,0,N,10-325856
68400,106779,106779,Block,Cycles,327.5,,,0,Y,07/30/2010 12:00:00 AM +0000,7/30/2010 6:16:00 PM,1,,Mid-Block (not related to intersection),Daylight,CALIFORNIA AVE SW BETWEEN FAUNTLEROY WAY SW AND SW HOLLY ST,0,1,Y,2,3342980,Dry,18,"MOTOR VEHICLE STRUCK PEDALCYCLIST, FRONT END AT ANGLE",10211030,9566,0,2,Injury Collision,,45,Bicycle,Matched,N,1,Clear or Partly Cloudy,0,"(47.54397624500007, -122.38722466799999)",0,0,N,2010-263576
68434,108261,108261,Intersection,Cycles,0,,,0,Y,04/09/2010 12:00:00 AM +0000,4/9/2010 8:19:00 PM,1,29863,At Intersection (intersection related),Dark - Street Lights On,MELROSE AVE AND PINE ST,0,1,,2,3329732,Dry,51,PEDALCYCLIST STRUCK MOTOR VEHICLE FRONT END AT ANGLE,10099002,11745,0,2,Injury Collision,Y,45,Bicycle,Matched,N,1,Clear or Partly Cloudy,0,"(47.615238420000026, -122.32790375499997)",10336,0,N,2010-115547
68508,106911,106911,Intersection,Cycles,0, ,,0,,09/01/2010 12:00:00 AM +0000,9/1/2010 8:41:00 PM,1,29603,At Intersection (intersection related),Dark - Street Lights On,2ND AVE AND UNIVERSITY ST,0,1,,3,3345676,Dry,18,"MOTOR VEHICLE STRUCK PEDALCYCLIST, FRONT END AT ANGLE",10244034,2756,0,2,Injury Collision,,45,Bicycle,Matched,N,1,Clear or Partly Cloudy,0,"(47.60729905800008, -122.33708679799997)",12162,0,N,10-306472
68510,106909,106909,Block,Cycles,130.5,,,0,,08/31/2010 12:00:00 AM +0000,8/31/2010 7:50:00 PM,1,,Mid-Block (not related to intersection),Dark - Street Lights On,NE 45TH ST BETWEEN ROOSEVELT WAY NE AND 11TH AVE NE,0,1,Y,2,3206118,Wet,51,PEDALCYCLIST STRUCK MOTOR VEHICLE FRONT END AT ANGLE,10243055,16848,0,2,Injury Collision,,45,Bicycle,Matched,N,1,Overcast,0,"(47.661295342000074, -122.31711056999995)",0,0,N,2010 305018
68523,108115,108115,Intersection,Cycles,0, ,,0,,08/28/2010 12:00:00 AM +0000,8/28/2010 3:50:00 PM,1,30474,At Intersection (intersection related),Daylight,DEARBORN ST OFF RP AND S DEARBORN ST,0,1,Y,2,3386576,Dry,18,"MOTOR VEHICLE STRUCK PEDALCYCLIST, FRONT END AT ANGLE",10240009,19832,0,2,Injury Collision,,45,Bicycle,Matched,0,1,Clear or Partly Cloudy,0,"(47.59582497800005, -122.31921544999994)",0,525652,N,100 301182
68532,106916,106916,Intersection,Cycles,0,,,0,,04/06/2010 12:00:00 AM +0000,4/6/2010 6:12:00 PM,1,34876,At Intersection (intersection related),Daylight,25TH AVE SW AND SW BARTON ST,0,1,Y,2,3331801,Dry,18,"MOTOR VEHICLE STRUCK PEDALCYCLIST, FRONT END AT ANGLE",10096011,3813,0,2,Injury Collision,,45,Bicycle,Matched,N,1,Clear or Partly Cloudy,0,"(47.52102329200005, -122.36454783799996)",29560,0,N,10-111894
68572,107449,107449,Intersection,Cycles,0,,,0,,04/14/2010 12:00:00 AM +0000,4/14/2010 4:32:00 PM,1,37396,At Intersection (intersection related),Daylight,GREENWOOD AVE N AND N 100TH ST,0,1,,2,3376234,Dry,18,"MOTOR VEHICLE STRUCK PEDALCYCLIST, FRONT END AT ANGLE",10104003,10760,0,2,Injury Collision,,45,Bicycle,Matched,N,1,Clear or Partly Cloudy,0,"(47.70146108500006, -122.35541487499995)",0,0,N,2010-121339
68650,106768,106768,Block,Cycles,380,,,0,,07/02/2010 12:00:00 AM +0000,7/2/2010,1,,Mid-Block (not related to intersection),Daylight,1ST AVE S BETWEEN S ROYAL BROUGHAM WAY AND S ATLANTIC ST,0,1,Y,2,3200790,Wet,21,"MOTOR VEHICLE STRUCK PEDALCYCLIST, REAR END",10183031,1202,0,2,Injury Collision,,45,Bicycle,Matched,0,1,Raining,0,"(47.59135531000004, -122.33419497799997)",5236,0,N,2010-224721
68695,107829,107829,Intersection,Cycles,0, ,,0,Y,11/26/2010 12:00:00 AM +0000,11/26/2010 4:48:00 PM,1,26448,At Intersection (but not related to intersection),Dark - Street Lights On,23RD AVE W AND GILMAN AVE W,0,1,,2,3560557,Wet,54,PEDALCYCLIST STRUCK MOTOR VEHICLE REAR END,10330017,10637,0,2,Injury Collision,,45,Bicycle,Matched,N,1,Raining,0,"(47.65549266000005, -122.38600012999996)",15419,0,N,10-409658
68719,107833,107833,Block,Cycles,135.5,,,0,,12/06/2010 12:00:00 AM +0000,12/6/2010 7:26:00 PM,1,,Driveway Junction,Dark - Street Lights On,E PINE ST BETWEEN MELROSE AVE AND BELLEVUE AVE,0,1,,1,3559552,Dry,18,"MOTOR VEHICLE STRUCK PEDALCYCLIST, FRONT END AT ANGLE",10340024,14627,0,2,Injury Collision,,45,Bicycle,Matched,N,0,Clear or Partly Cloudy,0,"(47.61522832500003, -122.32735599299997)",10336,0,N,2010-420948
68720,108242,108242,Block,Cycles,213, ,,0,,09/03/2010 12:00:00 AM +0000,9/3/2010 4:19:00 PM,1,,Mid-Block (not related to intersection),Daylight,6TH AVE BETWEEN UNIVERSITY ST AND UNION ST,0,1,,5,3334754,Dry,55,PEDALCYCLIST STRUCK MOTOR VEHICLE RIGHT SIDE SIDESWIPE,10246021,7880,0,2,Injury Collision,,45,Bicycle,Matched,N,2,Clear or Partly Cloudy,0,"(47.609653871000035, -122.33309704899995)",36407,0,N,10-308853
68751,107315,107315,Block,Cycles,372,,,0,,08/23/2010 12:00:00 AM +0000,8/23/2010 4:53:00 PM,1,,Mid-Block (not related to intersection),Daylight,THORNDYKE AVE W BETWEEN 22ND AVE W AND 21ST AVE W,0,1,Y,2,3345934,Dry,11,"MOTOR VEHICLE STRUCK MOTOR VEHICLE, FRONT END AT ANGLE",10235033,13160,0,2,Injury Collision,,45,Bicycle,Matched,N,1,Clear or Partly Cloudy,0,"(47.64384253700007, -122.38391182599997)",41943,0,N,10-294963
68763,107174,107174,Intersection,Cycles,0,,,0,,09/21/2010 12:00:00 AM +0000,9/21/2010 4:02:00 PM,0,25843,At Intersection (intersection related),Daylight,KIRKWOOD PL N AND N 56TH ST,0,1,Y,3,3377224,Dry,11,"MOTOR VEHICLE STRUCK MOTOR VEHICLE, FRONT END AT ANGLE",10264002,11129,0,1,Property Damage Only Collision,,45,Bicycle,Matched,N,1,Clear or Partly Cloudy,0,"(47.66900960100003, -122.33173384699995)",31729,0,N,10-330973
68803,106890,106890,Intersection,Cycles,0,,,0,,12/16/2010 12:00:00 AM +0000,12/16/2010 5:22:00 PM,1,28873,At Intersection (intersection related),Dark - Street Lights On,ALOHA ST AND TAYLOR AVE N,0,1,Y,2,3560681,Dry,18,"MOTOR VEHICLE STRUCK PEDALCYCLIST, FRONT END AT ANGLE",10350006,8812,0,2,Injury Collision,,45,Bicycle,Matched,0,1,Overcast,0,"(47.62715494200006, -122.34624471899997)",11245,0,N,2010-432792
68848,108098,108098,Intersection,Cycles,0, ,,1,,07/28/2010 12:00:00 AM +0000,7/28/2010 10:38:00 AM,0,29826,At Intersection (intersection related),Daylight,12TH AVE AND E ALDER ST,0,1,Y,2,3210889,Dry,18,"MOTOR VEHICLE STRUCK PEDALCYCLIST, FRONT END AT ANGLE",10209025,1526,0,3,Fatality Collision,,45,Bicycle,Matched,N,1,Clear or Partly Cloudy,0,"(47.604360385000064, -122.31678113299995)",10590,0,N,2010-260333
68859,107171,107171,Block,Cycles,160, ,,0,,06/08/2010 12:00:00 AM +0000,6/8/2010 5:25:00 PM,2,,,Daylight,DEXTER AVE N BETWEEN WARD ST AND PROSPECT ST,1,1,Y,2,3346476,Dry,00,NOT ENOUGH INFORMATION / NOT APPLICABLE,10159011,10080,1,2b,Serious Injury Collision,,45,Bicycle,Matched,N,0,Overcast,0,"(47.628445717000034, -122.34231499099997)",12783,0,N,2010-192788
68873,107309,107309,Block,Cycles,367,,,0,,08/14/2010 12:00:00 AM +0000,8/14/2010 1:35:00 PM,1,,Mid-Block (not related to intersection),Daylight,ALASKAN WAY BETWEEN XW BELL ST AND WALL ST,0,1,,2,2599441,Dry,56,PEDALCYCLIST STRUCK MOTOR VEHICLE LEFT SIDE SIDESWIPE,10226030,8730,0,2,Injury Collision,,45,Bicycle,Matched,N,1,Clear or Partly Cloudy,0,"(47.61218693200004, -122.35002038099998)",20821,0,N,20101748
68892,107553,107553,Intersection,Cycles,0,,,0,,09/22/2010 12:00:00 AM +0000,9/22/2010 11:22:00 AM,1,24245,At Intersection (intersection related),Daylight,STROUD AVE N AND EAST GREEN LAKE DR N,0,1,,3,3558805,Dry,11,"MOTOR VEHICLE STRUCK MOTOR VEHICLE, FRONT END AT ANGLE",10265002,12974,0,2,Injury Collision,,45,Bicycle,Matched,N,1,Clear or Partly Cloudy,0,"(47.68542320600005, -122.336230194)",7360,0,N,10-331924
68947,108634,108634,Intersection,Cycles,0, ,,0,Y,09/05/2010 12:00:00 AM +0000,9/5/2010 6:26:00 PM,1,24229,At Intersection (intersection related),Daylight,GREEN LAKE DR N AND N 80TH ST,0,1,,3,2802350,Dry,18,"MOTOR VEHICLE STRUCK PEDALCYCLIST, FRONT END AT ANGLE",10248004,10682,0,2,Injury Collision,,45,Bicycle,Matched,N,1,Clear or Partly Cloudy,0,"(47.68692953900006, -122.34045581899994)",10150,0,N,10-311426
68982,107549,107549,Intersection,Cycles,0,,,0,,04/05/2010 12:00:00 AM +0000,4/5/2010 10:34:00 AM,0,29808,At Intersection (intersection related),Daylight,12TH AVE AND E BARCLAY CT,0,1,Y,2,2882168,Dry,51,PEDALCYCLIST STRUCK MOTOR VEHICLE FRONT END AT ANGLE,10095024,1530,0,1,Property Damage Only Collision,,45,Bicycle,Matched,N,1,Clear or Partly Cloudy,0,"(47.60683771200007, -122.31678028999994)",10648,0,N,10-110205
68990,107952,107952,Block,Cycles,153,,,0,,02/21/2010 12:00:00 AM +0000,2/21/2010 9:30:00 PM,1,,Mid-Block (not related to intersection),Dark - Street Lights On,TERRY AVE BETWEEN SPRUCE ST AND ALDER ST,0,1,,2,3329364,Dry,56,PEDALCYCLIST STRUCK MOTOR VEHICLE LEFT SIDE SIDESWIPE,10052015,13100,0,2,Injury Collision,,45,Bicycle,Matched,Y,1,Clear or Partly Cloudy,0,"(47.60351917100007, -122.32135805999997)",0,0,N,2010-59612
69033,107301,107301,Intersection,Cycles,0, ,,0,,07/18/2010 12:00:00 AM +0000,7/18/2010 2:31:00 PM,1,25144,At Intersection (intersection related),Daylight,BALLARD AVE NW AND NW MARKET ST,0,1,Y,2,3377214,Dry,18,"MOTOR VEHICLE STRUCK PEDALCYCLIST, FRONT END AT ANGLE",10199015,19235,0,2,Injury Collision,,45,Bicycle,Matched,N,1,Clear or Partly Cloudy,0,"(47.66867996800005, -122.38636797899994)",0,521840,N,10-247359
69034,106877,106877,Block,Cycles,165,,,0,,03/19/2010 12:00:00 AM +0000,3/19/2010 11:09:00 PM,1,,Mid-Block (not related to intersection),Dark - Street Lights On,HARVARD AVE E BETWEEN E SHELBY ST AND E GWINN PL,0,1,,2,3207743,Dry,23,"MOTOR VEHICLE STRUCK PEDALCYCLIST, LEFT SIDE SIDESWIPE",10078025,10860,0,2,Injury Collision,,45,Bicycle,Matched,N,1,Clear or Partly Cloudy,0,"(47.647372983000025, -122.32210191399997)",6049,0,N,10-91333
69035,107299,107299,Intersection,Cycles,0,,,0,,07/13/2010 12:00:00 AM +0000,7/13/2010 7:45:00 PM,1,26863,At Intersection (intersection related),Daylight,STONE WAY N AND N 39TH ST,0,1,Y,2,3374633,Dry,51,PEDALCYCLIST STRUCK MOTOR VEHICLE FRONT END AT ANGLE,10194014,12959,1,2b,Serious Injury Collision,,45,Bicycle,Matched,N,1,Clear or Partly Cloudy,0,"(47.654120093000074, -122.34250125799997)",6311,0,N,10-240878
69074,108484,108484,Block,Cycles,385,,,0,,10/01/2010 12:00:00 AM +0000,10/1/2010 3:00:00 PM,1,,Mid-Block (not related to intersection),Daylight,UNIVERSITY WAY NE BETWEEN NE 52ND ST AND NE 55TH ST,0,1,Y,2,3559062,Dry,18,"MOTOR VEHICLE STRUCK PEDALCYCLIST, FRONT END AT ANGLE",10274012,13225,0,2,Injury Collision,,45,Bicycle,Matched,N,1,Clear or Partly Cloudy,0,"(47.66749016400007, -122.31303423799994)",5599,0,N,10-343513
69136,108079,108079,Block,Cycles,333,,,0,,02/04/2010 12:00:00 AM +0000,2/4/2010 3:20:00 PM,1,,Mid-Block (but intersection related),Daylight,35TH AVE NE BETWEEN NE 57TH ST AND NE 60TH ST,0,1,Y,2,3333092,Dry,51,PEDALCYCLIST STRUCK MOTOR VEHICLE FRONT END AT ANGLE,10035012,5356,0,2,Injury Collision,,45,Bicycle,Matched,N,1,Clear or Partly Cloudy,0,"(47.67123285400004, -122.29022335099995)",30278,0,N,10-40275
69138,108077,108077,Intersection,Cycles,0, ,,0,,02/02/2010 12:00:00 AM +0000,2/2/2010 8:43:00 AM,1,30427,At Intersection (intersection related),Daylight,12TH AVE S AND S JACKSON ST,0,1,Y,2,3329403,Wet,18,"MOTOR VEHICLE STRUCK PEDALCYCLIST, FRONT END AT ANGLE",10033021,1654,0,2,Injury Collision,,45,Bicycle,Matched,N,1,Overcast,0,"(47.59918906300004, -122.31722284699998)",11009,0,N,10-37403
69189,108622,108622,Block,Cycles,85.5,,,0,,09/16/2010 12:00:00 AM +0000,9/16/2010 3:00:00 PM,1,,Mid-Block (not related to intersection),Daylight,S SNOQUALMIE ST BETWEEN 15TH AVE S AND 16TH AVE S,0,1,Y,2,3374153,Unknown,55,PEDALCYCLIST STRUCK MOTOR VEHICLE RIGHT SIDE SIDESWIPE,10259052,21256,0,2,Injury Collision,,45,Bicycle,Matched,N,1,Unknown,0,"(47.56169778900005, -122.31313547099995)",0,0,N,2010-329252
69263,107279,107279,Intersection,Cycles,0,,,0,,02/10/2010 12:00:00 AM +0000,2/10/2010 6:09:00 PM,1,28046,At Intersection (intersection related),Dark - Street Lights On,FLORENTIA ST AND NICKERSON ST,0,1,,4,3342212,Wet,18,"MOTOR VEHICLE STRUCK PEDALCYCLIST, FRONT END AT ANGLE",10041035,4416,0,2,Injury Collision,,45,Bicycle,Matched,N,1,Raining,0,"(47.64688457700004, -122.35135310999999)",12468,0,N,10-47303
69363,107790,107790,Intersection,Cycles,0, ,,0,Y,01/13/2010 12:00:00 AM +0000,1/13/2010 10:33:00 AM,1,27109,At Intersection (intersection related),Daylight,BROOKLYN AVE NE AND NE 40TH ST,0,1,,2,3198718,Wet,18,"MOTOR VEHICLE STRUCK PEDALCYCLIST, FRONT END AT ANGLE",10013005,9476,1,2b,Serious Injury Collision,,45,Bicycle,Matched,N,1,Clear or Partly Cloudy,0,"(47.655367643000034, -122.31444113299995)",41120,0,N,10-13967
69414,108465,108465,Intersection,Cycles,0,,,0,,09/14/2010 12:00:00 AM +0000,9/14/2010 3:50:00 PM,0,36173,At Intersection (but not related to intersection),Unknown,35TH AVE NE AND ERICKSON PL NE,0,1,Y,2,3345650,Unknown,00,NOT ENOUGH INFORMATION / NOT APPLICABLE,10257029,5400,0,1,Property Damage Only Collision,,45,Bicycle,Matched,N,1,Unknown,0,"(47.72646363900003, -122.29090682999998)",3066,0,N,10-322568
69440,108597,108597,Intersection,Cycles,0, ,,0,,03/24/2010 12:00:00 AM +0000,3/24/2010 8:15:00 AM,1,29949,At Intersection (intersection related),Daylight,4TH AVE AND SPRING ST,0,1,Y,2,3325929,Dry,18,"MOTOR VEHICLE STRUCK PEDALCYCLIST, FRONT END AT ANGLE",10083015,6127,0,2,Injury Collision,Y,45,Bicycle,Matched,N,1,Clear or Partly Cloudy,0,"(47.60680128700005, -122.33356204899997)",0,523605,N,10-96236
69447,106718,106718,Block,Cycles,90.5,,,0,,05/31/2009 12:00:00 AM +0000,5/31/2009 1:12:00 PM,1,,Mid-Block (not related to intersection),Daylight,EAST GREEN LAKE WAY N BETWEEN 2ND AVE NE AND 4TH AVE NE,0,1,Y,2,3205930,Dry,51,PEDALCYCLIST STRUCK MOTOR VEHICLE FRONT END AT ANGLE,09151003,14082,0,2,Injury Collision,,45,Bicycle,Matched,0,1,Overcast,0,"(47.67843998600006, -122.32716208399995)",7406,0,N,09-187156
69492,107388,107388,Block,Cycles,155.5,,,0,,03/04/2010 12:00:00 AM +0000,3/4/2010 10:11:00 PM,0,,Mid-Block (not related to intersection),Dark - Street Lights On,E UNION ST BETWEEN 19TH AVE AND 20TH AVE,0,1,,2,3329370,Dry,51,PEDALCYCLIST STRUCK MOTOR VEHICLE FRONT END AT ANGLE,10063021,14897,0,1,Property Damage Only Collision,,45,Bicycle,Matched,N,1,Clear or Partly Cloudy,0,"(47.61290392800004, -122.30687719999997)",9350,0,N,10-72822