OBJECTID,INCKEY,COLDETKEY,ADDRTYPE,COLLISIONTYPE,DISTANCE,EXCEPTRSNCODE,EXCEPTRSNDESC,FATALITIES,INATTENTIONIND,INCDATE,INCDTTM,INJURIES,INTKEY,JUNCTIONTYPE,LIGHTCOND,LOCATION,PEDCOUNT,PEDCYLCOUNT,PEDROWNOTGRNT,PERSONCOUNT,REPORTNO,ROADCOND,SDOT_COLCODE,SDOT_COLDESC,SDOTCOLNUM,SEGKEY,SERIOUSINJURIES,SEVERITYCODE,SEVERITYDESC,SPEEDING,ST_COLCODE,ST_COLDESC,STATUS,UNDERINFL,VEHCOUNT,WEATHER,WIDTH,Shape,SEGLANEKEY,CROSSWALKKEY,HITPARKEDCAR,SPDCASENO
69501,108326,108326,Intersection,Cycles,0,,,0,,08/11/2010 12:00:00 AM +0000,8/11/2010 6:22:00 PM,1,29860,At Intersection (intersection related),Daylight,SUMMIT AVE AND E PINE ST,0,1,Y,2,3332466,Dry,18,"MOTOR VEHICLE STRUCK PEDALCYCLIST, FRONT END AT ANGLE",10223007,12987,0,2,Injury Collision,,45,Bicycle,Matched,N,1,Clear or Partly Cloudy,0,"(47.615218748000075, -122.325528841)",10354,0,N,10 279729
69502,108325,108325,Intersection,Cycles,0,,,0,,08/09/2010 12:00:00 AM +0000,8/9/2010 11:58:00 AM,1,25392,At Intersection (intersection related),Daylight,14TH AVE NW AND NW 61ST ST,0,1,Y,2,3559211,Unknown,18,"MOTOR VEHICLE STRUCK PEDALCYCLIST, FRONT END AT ANGLE",10221041,1901,1,2b,Serious Injury Collision,,45,Bicycle,Matched,N,1,Unknown,0,"(47.67308658600007, -122.37357867699995)",0,0,N,10-284518
69558,106981,106981,Intersection,Cycles,0,,,0,,10/08/2010 12:00:00 AM +0000,10/8/2010 11:55:00 PM,1,29865,At Intersection (intersection related),Dark - Street Lights On,BOREN AVE AND OLIVE WAY,0,1,,2,3383659,Wet,18,"MOTOR VEHICLE STRUCK PEDALCYCLIST, FRONT END AT ANGLE",10281029,9321,0,2,Injury Collision,,45,Bicycle,Matched,N,1,Raining,0,"(47.615449718000036, -122.33072969599999)",24933,0,N,10-352973
69583,108451,108451,Intersection,Cycles,0,,,0,,09/13/2010 12:00:00 AM +0000,9/13/2010 4:50:00 PM,1,37566,At Intersection (intersection related),Daylight,1ST AVE NE AND NE 105TH ST,0,1,,2,3377022,Dry,18,"MOTOR VEHICLE STRUCK PEDALCYCLIST, FRONT END AT ANGLE",10256006,1097,0,2,Injury Collision,,45,Bicycle,Matched,Y,1,Clear or Partly Cloudy,0,"(47.70499627100003, -122.32854959999997)",0,0,N,10-321307
69598,108594,108594,Block,Cycles,148,,,0,,08/24/2010 12:00:00 AM +0000,8/24/2010 5:07:00 PM,1,,Mid-Block (not related to intersection),Daylight,E MADISON ST BETWEEN 27TH N AVE E AND M L KING JR WAY E,0,1,Y,2,3332239,Dry,56,PEDALCYCLIST STRUCK MOTOR VEHICLE LEFT SIDE SIDESWIPE,10236014,14360,0,2,Injury Collision,,45,Bicycle,Matched,0,1,Clear or Partly Cloudy,0,"(47.62302952200008, -122.29685042599999)",34591,0,N,10-296205
69647,107380,107380,Block,Cycles,1559.5,,,0,,03/11/2010 12:00:00 AM +0000,3/11/2010 2:53:00 AM,1,,Mid-Block (not related to intersection),Dark - Street Lights On,AIRPORT WAY S BETWEEN S OTHELLO ST AND MILITARY RD S,0,1,,2,3296583,Wet,54,PEDALCYCLIST STRUCK MOTOR VEHICLE REAR END,10070025,8699,0,2,Injury Collision,,45,Bicycle,Matched,N,1,Raining,0,"(47.533962845000076, -122.29835839499998)",20380,0,N,2010-80427
69706,108587,108587,Block,Cycles,286,,,0,,02/10/2010 12:00:00 AM +0000,2/10/2010 6:30:00 PM,0,,Driveway Junction,Dark - Street Lights On,NW 100TH PL BETWEEN 7TH AVE NW AND NW 100TH ST,0,1,Y,2,2893068,Wet,51,PEDALCYCLIST STRUCK MOTOR VEHICLE FRONT END AT ANGLE,10041040,18114,0,1,Property Damage Only Collision,,45,Bicycle,Matched,N,1,Raining,0,"(47.702007698000045, -122.36474756099994)",3514,0,N,10-47891
69711,108311,108311,Intersection,Cycles,0,,,0,,02/18/2010 12:00:00 AM +0000,2/18/2010 8:07:00 PM,1,30428,At Intersection (intersection related),Dark - Street Lights On,BOREN AVE S AND RAINIER AVE S,0,1,Y,2,3329509,Dry,18,"MOTOR VEHICLE STRUCK PEDALCYCLIST, FRONT END AT ANGLE",10049017,12340,0,2,Injury Collision,,45,Bicycle,Matched,N,1,Clear or Partly Cloudy,0,"(47.599210087000074, -122.31413725499999)",11014,0,N,10-56214
69730,108723,108723,Intersection,Cycles,0,,,0,Y,02/25/2010 12:00:00 AM +0000,2/25/2010 7:55:00 AM,1,28872,At Intersection (intersection related),Daylight,5TH AVE N AND ALOHA ST,0,1,,3,3326444,Wet,51,PEDALCYCLIST STRUCK MOTOR VEHICLE FRONT END AT ANGLE,10056001,7267,0,2,Injury Collision,,45,Bicycle,Matched,N,1,Raining,0,"(47.62715946700007, -122.34754993099995)",0,0,N,10-63430
69866,107755,107755,Intersection,Cycles,0,,,0,,08/10/2010 12:00:00 AM +0000,8/10/2010 3:15:00 PM,1,30408,At Intersection (intersection related),Daylight,14TH AVE AND E YESLER WAY,0,1,,2,3332465,Dry,14,"MOTOR VEHICLE STRUCK MOTOR VEHICLE, REAR END",10222003,1840,0,2,Injury Collision,,45,Bicycle,Matched,N,1,Clear or Partly Cloudy,0,"(47.60168875700003, -122.31416192599994)",10011,0,N,10 278204
69887,107893,107893,Block,Cycles,223.5, ,,0,Y,09/21/2010 12:00:00 AM +0000,9/21/2010 5:27:00 PM,1,,Mid-Block (not related to intersection),Daylight,8TH AVE BETWEEN OLIVE WAY AND STEWART ST,0,1,Y,2,3373648,Dry,18,"MOTOR VEHICLE STRUCK PEDALCYCLIST, FRONT END AT ANGLE",10264001,8282,0,2,Injury Collision,,45,Bicycle,Matched,N,1,Clear or Partly Cloudy,0,"(47.61450364700005, -122.33467655199996)",14013,0,N,10-331069
69912,107363,107363,Block,Cycles,406,,,0,,07/15/2010 12:00:00 AM +0000,7/15/2010 5:26:00 PM,1,,Mid-Block (not related to intersection),Daylight,M L KING JR WAY S BETWEEN S DEARBORN ST AND S NORMAN ST,0,1,Y,2,3199611,Dry,51,PEDALCYCLIST STRUCK MOTOR VEHICLE FRONT END AT ANGLE,10196012,11505,0,2,Injury Collision,,45,Bicycle,Matched,N,1,Clear or Partly Cloudy,0,"(47.594435788000055, -122.29787055599996)",10259,0,N,10-243493
69938,106816,106816,Block,Cycles,329.5, ,,0,,07/21/2010 12:00:00 AM +0000,7/21/2010 11:41:00 AM,1,,Mid-Block (not related to intersection),Daylight,30TH AVE NE BETWEEN NE 125TH ST AND NE 127TH ST,0,1,Y,2,3198664,Dry,18,"MOTOR VEHICLE STRUCK PEDALCYCLIST, FRONT END AT ANGLE",10202017,4633,0,2,Injury Collision,,45,Bicycle,Matched,N,1,Clear or Partly Cloudy,0,"(47.72018729300004, -122.29632488299995)",35218,0,N,2010-250961
69950,107097,107097,Intersection,Cycles,0,,,0,,04/11/2010 12:00:00 AM +0000,4/11/2010 1:12:00 PM,1,26823,At Intersection (intersection related),Daylight,STONE WAY N AND N MENFORD PL,0,1,,2,3376379,Dry,18,"MOTOR VEHICLE STRUCK PEDALCYCLIST, FRONT END AT ANGLE",10101002,12965,0,2,Injury Collision,,45,Bicycle,Matched,N,1,Clear or Partly Cloudy,0,"(47.65843409800004, -122.34229378599997)",0,0,N,2010-117477
69999,107884,107884,Intersection,Cycles,0, ,,0,,06/18/2010 12:00:00 AM +0000,6/18/2010 8:30:00 AM,0,29763,At Intersection (intersection related),Unknown,14TH AVE AND E UNION ST,0,1,,2,3345283,Unknown,11,"MOTOR VEHICLE STRUCK MOTOR VEHICLE, FRONT END AT ANGLE",10169045,1850,0,1,Property Damage Only Collision,,45,Bicycle,Matched,N,1,Unknown,0,"(47.61291739700005, -122.31416739399998)",9297,0,N,2010-258927
70003,106681,106681,Intersection,Cycles,0,,,0,,05/15/2009 12:00:00 AM +0000,5/15/2009 3:49:00 PM,1,28767,At Intersection (intersection related),Daylight,DEXTER AVE N AND MERCER ST,0,1,Y,2,2791625,Dry,51,PEDALCYCLIST STRUCK MOTOR VEHICLE FRONT END AT ANGLE,09135003,10076,0,2,Injury Collision,,45,Bicycle,Matched,0,1,Clear or Partly Cloudy,0,"(47.624549727000044, -122.34234960099997)",12649,0,N,2009-165345
70005,106679,106679,Block,Cycles,201,,,0,,06/18/2009 12:00:00 AM +0000,6/18/2009 12:19:00 PM,1,,Driveway Junction,Daylight,ALOHA ST BETWEEN YALE AVE N AND EASTLAKE AVE E,0,1,,2,3326412,Dry,18,"MOTOR VEHICLE STRUCK PEDALCYCLIST, FRONT END AT ANGLE",09169008,8819,0,2,Injury Collision,,45,Bicycle,Matched,0,1,Clear or Partly Cloudy,0,"(47.62686964300008, -122.33003397699997)",0,0,N,2009-210735
70007,108711,108711,Block,Cycles,338,,,0,,05/21/2010 12:00:00 AM +0000,5/21/2010 8:50:00 AM,1,,Mid-Block (not related to intersection),Daylight,15TH AVE NW BETWEEN NW 70TH ST AND NW 73RD ST,0,1,,2,3206054,Dry,18,"MOTOR VEHICLE STRUCK PEDALCYCLIST, FRONT END AT ANGLE",10141029,2114,0,2,Injury Collision,,45,Bicycle,Matched,N,1,Clear or Partly Cloudy,0,"(47.68045378700003, -122.37677179299999)",0,0,N,10-166889
70008,108710,108710,Intersection,Cycles,0,,,0,,05/20/2010 12:00:00 AM +0000,5/20/2010 8:24:00 AM,1,32118,At Intersection (intersection related),Daylight,ADMIRAL AVALON RP AND SW ADMIRAL WAY,0,1,,2,3325807,Dry,51,PEDALCYCLIST STRUCK MOTOR VEHICLE FRONT END AT ANGLE,10140039,21690,0,2,Injury Collision,,45,Bicycle,Matched,0,1,Overcast,0,"(47.57147661600004, -122.371319917)",3037,0,N,10-165592
70036,108290,108290,Intersection,Cycles,0,,,0,,06/18/2010 12:00:00 AM +0000,6/18/2010 5:28:00 PM,1,33877,At Intersection (intersection related),Daylight,48TH AVE SW AND BEACH DR SW,0,1,Y,2,3331301,Dry,51,PEDALCYCLIST STRUCK MOTOR VEHICLE FRONT END AT ANGLE,10169050,9110,0,2,Injury Collision,,45,Bicycle,Matched,N,1,Clear or Partly Cloudy,0,"(47.54070141600005, -122.39646048399999)",0,0,N,2010-206650
70097,108699,108699,Block,Cycles,132,NEI,"Not Enough Information, or Insufficient Location Information",0,,06/11/2010 12:00:00 AM +0000,6/11/2010 8:10:00 AM,1,,Mid-Block (not related to intersection),Daylight,5TH AVE NE BETWEEN NE 52ND ST AND NE 53RD ST,0,1,Y,2,3377189,Dry,00,NOT ENOUGH INFORMATION / NOT APPLICABLE,10162006,7292,0,2,Injury Collision,,45,Bicycle,Matched,N,1,Overcast,0,"(47.66678009000003, -122.32285604599997)",0,0,N,10-198164
70166,108420,108420,Block,Cycles,167.5,,,0,,03/17/2010 12:00:00 AM +0000,3/17/2010 12:44:00 PM,1,,Mid-Block (not related to intersection),Daylight,NW 80TH ST BETWEEN 14TH AVE NW AND MARY AVE NW,0,1,Y,2,3198721,Wet,23,"MOTOR VEHICLE STRUCK PEDALCYCLIST, LEFT SIDE SIDESWIPE",10076003,18896,0,2,Injury Collision,,45,Bicycle,Matched,N,1,Overcast,0,"(47.68688894600007, -122.37477303199995)",27401,0,N,10-88023
70186,107075,107075,Intersection,Cycles,0,,,0,,04/26/2010 12:00:00 AM +0000,4/26/2010 4:56:00 PM,1,24266,At Intersection (intersection related),Daylight,DAYTON AVE N AND N 83RD ST,0,1,,2,2893075,Wet,18,"MOTOR VEHICLE STRUCK PEDALCYCLIST, FRONT END AT ANGLE",10116005,9925,1,2b,Serious Injury Collision,,45,Bicycle,Matched,N,1,Raining,0,"(47.68911218000005, -122.35260268899998)",0,0,N,10-135932
70199,107345,107345,Block,Cycles,225.5,,,0,,01/15/2010 12:00:00 AM +0000,1/15/2010 4:56:00 PM,1,,Mid-Block (but intersection related),Dark - No Street Lights,BROADWAY E BETWEEN E ROANOKE ST AND E EDGAR S ST,0,1,,2,3207911,Wet,18,"MOTOR VEHICLE STRUCK PEDALCYCLIST, FRONT END AT ANGLE",10015030,9467,0,2,Injury Collision,,45,Bicycle,Matched,N,1,Raining,0,"(47.643809591000036, -122.32085044699994)",0,0,N,2010-16847
70249,108547,108547,Intersection,Cycles,0, ,,0,,06/19/2010 12:00:00 AM +0000,6/19/2010 1:30:00 PM,1,32933,At Intersection (intersection related),Daylight,DELRIDGE WAY SW AND SW HUDSON ST,0,1,,2,3331610,Dry,51,PEDALCYCLIST STRUCK MOTOR VEHICLE FRONT END AT ANGLE,10170015,9966,1,2b,Serious Injury Collision,Y,45,Bicycle,Matched,N,1,Overcast,0,"(47.557467184000075, -122.36291869699994)",0,0,N,2010-207823
70261,108689,108689,Block,Cycles,332.5,,,0,,09/29/2010 12:00:00 AM +0000,9/29/2010 3:46:00 PM,1,,Mid-Block (not related to intersection),Daylight,UNIVERSITY WAY NE BETWEEN NE 45TH ST AND NE 47TH ST,0,1,,3,3559005,Dry,18,"MOTOR VEHICLE STRUCK PEDALCYCLIST, FRONT END AT ANGLE",10272029,13222,0,2,Injury Collision,,45,Bicycle,Matched,N,1,Clear or Partly Cloudy,0,"(47.662179209000044, -122.31311572699997)",5645,0,N,10-340914
70272,107587,107587,Block,Cycles,249.5,,,0,Y,06/22/2010 12:00:00 AM +0000,6/22/2010 9:47:00 PM,1,,Mid-Block (not related to intersection),Dark - No Street Lights,10TH AVE E BETWEEN E ROY W ST AND E ALOHA ST,0,1,,3,3332229,Dry,54,PEDALCYCLIST STRUCK MOTOR VEHICLE REAR END,10173018,1290,0,2,Injury Collision,,45,Bicycle,Matched,N,1,Clear or Partly Cloudy,0,"(47.62614319900007, -122.320223038)",6191,0,N,10-212295
70321,107869,107869,Intersection,Cycles,0,,,0,,05/15/2010 12:00:00 AM +0000,5/15/2010 1:49:00 PM,1,28375,At Intersection (intersection related),Daylight,24TH AVE E AND BOYER AVE E,0,1,Y,2,3329583,Dry,51,PEDALCYCLIST STRUCK MOTOR VEHICLE FRONT END AT ANGLE,10135003,3549,0,2,Injury Collision,,45,Bicycle,Matched,N,1,Clear or Partly Cloudy,0,"(47.63524417700006, -122.30156537499994)",22451,0,N,10-169385
70345,107068,107068,Block,Cycles,230.5,,,0,,09/11/2010 12:00:00 AM +0000,9/11/2010 4:43:00 PM,1,,Mid-Block (not related to intersection),Daylight,FREMONT AVE N BETWEEN FREMONT WAY N AND XW N40,0,1,,1,3333839,Dry,29,MOTOR VEHICLE OVERTURNED IN ROAD,10254020,10489,0,2,Injury Collision,Y,45,Bicycle,Matched,N,0,Clear or Partly Cloudy,0,"(47.65477142200007, -122.34991612999994)",8386,0,N,10 318904
70424,107717,107717,Intersection,Cycles,0,,,0,,07/14/2010 12:00:00 AM +0000,7/14/2010 2:10:00 PM,1,29744,At Intersection (intersection related),Daylight,HARVARD AVE AND E PIKE ST,0,1,,2,3332031,Dry,51,PEDALCYCLIST STRUCK MOTOR VEHICLE FRONT END AT ANGLE,10195021,10841,1,2b,Serious Injury Collision,,45,Bicycle,Matched,N,1,Clear or Partly Cloudy,0,"(47.61406619600007, -122.32211092499995)",36650,0,N,10-241864
70436,108137,108137,Block,Cycles,143.5,,,0,,04/26/2010 12:00:00 AM +0000,4/26/2010 7:30:00 PM,1,,Driveway Junction,Dusk,N 36TH ST BETWEEN PALATINE AVE N AND GREENWOOD AVE N,0,1,,1,3326384,Wet,69,PEDALCYCLIST OVERTURNED IN ROAD,10116028,15316,0,2,Injury Collision,,45,Bicycle,Matched,N,0,Raining,0,"(47.652599432000045, -122.356046962)",17472,0,N,2010-137791
70511,104770,104770,Intersection,Cycles,0,,,0,,07/29/2009 12:00:00 AM +0000,7/29/2009 9:15:00 PM,1,34801,At Intersection (intersection related),Dusk,FAUNTLEROY WAY SW AND SW BARTON ST,0,1,Y,4,2796652,Dry,18,"MOTOR VEHICLE STRUCK PEDALCYCLIST, FRONT END AT ANGLE",09210022,10421,0,2,Injury Collision,,45,Bicycle,Matched,0,1,Clear or Partly Cloudy,0,"(47.52317298100007, -122.39298987299998)",3033,0,N,2009-265893
70556,106243,106243,Intersection,Cycles,0,,,0,,05/19/2009 12:00:00 AM +0000,5/19/2009 7:20:00 AM,1,27039,At Intersection (intersection related),Daylight,FREMONT AVE N AND N 34TH ST,0,1,Y,2,3280418,Dry,18,"MOTOR VEHICLE STRUCK PEDALCYCLIST, FRONT END AT ANGLE",09139005,10485,0,2,Injury Collision,,45,Bicycle,Matched,0,1,Overcast,0,"(47.64958972900007, -122.34974744899995)",8240,0,N,09-170133
70573,105840,105840,Intersection,Cycles,0,,,0,Y,09/17/2009 12:00:00 AM +0000,9/17/2009 8:00:00 AM,1,24573,At Intersection (intersection related),Daylight,LATONA AVE NE AND EAST GREEN LAKE DR N,0,1,,2,3283907,Dry,51,PEDALCYCLIST STRUCK MOTOR VEHICLE FRONT END AT ANGLE,09260031,11313,0,2,Injury Collision,,45,Bicycle,Matched,0,1,Clear or Partly Cloudy,0,"(47.68165808100008, -122.32748855199998)",7307,0,N,09-329049
70601,104893,104893,Intersection,Cycles,0,,,0,,05/18/2009 12:00:00 AM +0000,5/18/2009 6:00:00 PM,1,25790,At Intersection (intersection related),Daylight,11TH AVE NE AND NE 50TH ST,0,1,,2,C721225,Dry,18,"MOTOR VEHICLE STRUCK PEDALCYCLIST, FRONT END AT ANGLE",09138042,1411,0,2,Injury Collision,,45,Bicycle,Matched,0,1,Overcast,0,"(47.66492767300008, -122.31633451799996)",21428,0,N,
70729,105420,105420,Intersection,Cycles,0,,,0,,09/12/2009 12:00:00 AM +0000,9/12/2009 5:55:00 AM,1,32871,At Intersection (intersection related),Dark - Street Lights On,46TH AVE SW AND ERSKINE E WAY SW,0,1,Y,2,2796281,Dry,18,"MOTOR VEHICLE STRUCK PEDALCYCLIST, FRONT END AT ANGLE",09255001,6967,0,2,Injury Collision,,45,Bicycle,Matched,0,1,Clear or Partly Cloudy,0,"(47.555672249000054, -122.39062963199996)",32376,0,N,2009-322838
70731,105292,105292,Block,Cycles,218,,,0,,01/31/2009 12:00:00 AM +0000,1/31/2009 10:31:00 AM,1,,Mid-Block (not related to intersection),Daylight,W GOVERNMENT WAY BETWEEN 33RD AVE W AND 34TH AVE W,0,1,,2,3274132,Dry,23,"MOTOR VEHICLE STRUCK PEDALCYCLIST, LEFT SIDE SIDESWIPE",09031004,23390,0,2,Injury Collision,Y,45,Bicycle,Matched,0,1,Clear or Partly Cloudy,0,"(47.65977668000005, -122.40034774399999)",15363,0,N,2009-37727
70745,105016,105016,Block,Cycles,189.5,,,0,,04/07/2009 12:00:00 AM +0000,4/7/2009,1,,Driveway Junction,Daylight,EASTLAKE AVE E BETWEEN E BLAINE ST AND E HOWE ST,0,1,Y,4,3289570,Dry,18,"MOTOR VEHICLE STRUCK PEDALCYCLIST, FRONT END AT ANGLE",09097039,10173,0,2,Injury Collision,,45,Bicycle,Matched,0,1,Clear or Partly Cloudy,0,"(47.63536821100007, -122.32540032999998)",24781,0,N,09-116827
70779,104751,104751,Intersection,Cycles,0, ,,0,,03/06/2009 12:00:00 AM +0000,3/6/2009,1,27066,At Intersection (intersection related),Dark - Street Lights On,ROOSEVELT WAY NE AND NE 45TH ST,0,1,,2,3210254,Dry,18,"MOTOR VEHICLE STRUCK PEDALCYCLIST, FRONT END AT ANGLE",09065027,12599,0,2,Injury Collision,,45,Bicycle,Matched,0,1,Clear or Partly Cloudy,0,"(47.66129873700004, -122.31763816199998)",0,524683,N,2009-079433
70810,105414,105414,Intersection,Cycles,0,,,0,,02/23/2009 12:00:00 AM +0000,2/23/2009 8:05:00 AM,1,28767,At Intersection (intersection related),Daylight,DEXTER AVE N AND MERCER ST,0,1,Y,2,3289759,Dry,51,PEDALCYCLIST STRUCK MOTOR VEHICLE FRONT END AT ANGLE,09054014,10076,0,2,Injury Collision,,45,Bicycle,Matched,0,1,Clear or Partly Cloudy,0,"(47.624549727000044, -122.34234960099997)",12649,0,N,2009-65618
70953,105543,105543,Block,Cycles,161.5,,,0,,12/05/2009 12:00:00 AM +0000,12/5/2009,1,,Mid-Block (not related to intersection),Daylight,BOYER AVE E BETWEEN BOYER UPPER AVE E AND E EDGAR ST,0,1,,2,3207386,Dry,56,PEDALCYCLIST STRUCK MOTOR VEHICLE LEFT SIDE SIDESWIPE,09339022,9364,0,2,Injury Collision,,45,Bicycle,Matched,0,1,Clear or Partly Cloudy,0,"(47.64404198200003, -122.31705447399997)",6016,0,N,09 420522
70961,105948,105948,Block,Cycles,133,,,0,,06/29/2009 12:00:00 AM +0000,6/29/2009 11:00:00 PM,1,,Mid-Block (not related to intersection),Dusk,14TH AVE NW BETWEEN NW LEARY WAY AND NW 49TH ST,0,1,,2,2804338,Dry,23,"MOTOR VEHICLE STRUCK PEDALCYCLIST, LEFT SIDE SIDESWIPE",09180032,1888,0,2,Injury Collision,,45,Bicycle,Matched,0,1,Clear or Partly Cloudy,0,"(47.66402505000008, -122.37359347799998)",26641,0,N,09-227562
70983,104593,104593,Intersection,Cycles,0,,,0,,11/13/2009 12:00:00 AM +0000,11/13/2009 9:13:00 AM,1,29925,At Intersection (intersection related),Daylight,9TH AVE AND MADISON ST,0,1,Y,2,2797562,Wet,18,"MOTOR VEHICLE STRUCK PEDALCYCLIST, FRONT END AT ANGLE",09317046,8516,0,2,Injury Collision,,45,Bicycle,Matched,0,1,Raining,0,"(47.60840867600007, -122.32736100899996)",22727,0,N,09-396668
71009,104595,104595,Intersection,Cycles,0,,,0,,11/16/2009 12:00:00 AM +0000,11/16/2009 5:17:00 PM,1,28783,At Intersection (intersection related),Dark - Street Lights On,DEXTER AVE N AND HARRISON ST,0,1,Y,2,2826472,Wet,51,PEDALCYCLIST STRUCK MOTOR VEHICLE FRONT END AT ANGLE,09320004,10074,0,2,Injury Collision,,45,Bicycle,Matched,0,1,Raining,0,"(47.62205574500007, -122.34237158599996)",12620,0,N,09-400322
71067,106614,106614,Block,Cycles,204,,,0,,06/25/2009 12:00:00 AM +0000,6/25/2009 12:57:00 PM,1,,Driveway Junction,Daylight,BEACON ER AVE S BETWEEN CHEASTY BLVD S AND S ANGELINE ST,0,1,,2,3296461,Dry,54,PEDALCYCLIST STRUCK MOTOR VEHICLE REAR END,09176003,9127,0,2,Injury Collision,,45,Bicycle,Matched,0,1,Clear or Partly Cloudy,0,"(47.560661897000045, -122.30469634599996)",13052,0,N,09-219 648
71116,105799,105799,Intersection,Cycles,0, ,,0,,04/21/2009 12:00:00 AM +0000,4/21/2009 1:30:00 PM,1,27061,At Intersection (intersection related),Daylight,15TH AVE NE AND NE 45TH ST,1,1,Y,2,2893945,Dry,64,PEDALCYCLIST STRUCK PEDESTRIAN,09111012,2035,0,2,Injury Collision,,45,Bicycle,Matched,0,0,Clear or Partly Cloudy,0,"(47.661261953000064, -122.31199330999999)",6965,524694,N,09-134898
71120,105671,105671,Intersection,Cycles,0,,,0,,03/17/2009 12:00:00 AM +0000,3/17/2009 9:29:00 AM,1,30868,At Intersection (intersection related),Daylight,34TH AVE S AND S MCCLELLAN ST,0,1,Y,2,2798093,Wet,51,PEDALCYCLIST STRUCK MOTOR VEHICLE FRONT END AT ANGLE,09076025,5265,0,2,Injury Collision,,45,Bicycle,Matched,0,1,Clear or Partly Cloudy,0,"(47.578341488000035, -122.28979542099995)",0,0,N,09-91664
71176,105931,105931,Block,Cycles,160,,,0,,06/01/2009 12:00:00 AM +0000,6/1/2009,1,,Driveway Junction,Daylight,S ROYAL BROUGHAM WAY BETWEEN EAST FRONTAGE RD S AND 1ST AVE S,0,1,,2,3282592,Dry,51,PEDALCYCLIST STRUCK MOTOR VEHICLE FRONT END AT ANGLE,09152001,21213,0,2,Injury Collision,,45,Bicycle,Matched,0,1,Clear or Partly Cloudy,0,"(47.592397453000046, -122.33484538999994)",0,0,N,09-188702
71318,105917,105917,Intersection,Cycles,0,,,0,,10/12/2009 12:00:00 AM +0000,10/12/2009 3:30:00 PM,1,27100,At Intersection (intersection related),Unknown,ROOSEVELT WAY NE AND NE 41ST ST,0,1,Y,2,3334399,Unknown,23,"MOTOR VEHICLE STRUCK PEDALCYCLIST, LEFT SIDE SIDESWIPE",09285016,12594,0,2,Injury Collision,,45,Bicycle,Matched,0,1,Unknown,0,"(47.65688930500005, -122.31781902899996)",11662,0,N,09-360305
71369,105113,105113,Block,Cycles,273.5,,,0,,04/25/2009 12:00:00 AM +0000,4/25/2009 5:57:00 PM,0,,Mid-Block (not related to intersection),Daylight,ROOSEVELT WAY NE BETWEEN NE 50TH ST AND NE 52ND ST,0,1,,2,2802362,Dry,56,PEDALCYCLIST STRUCK MOTOR VEHICLE LEFT SIDE SIDESWIPE,09115002,12601,0,1,Property Damage Only Collision,,45,Bicycle,Matched,0,1,Clear or Partly Cloudy,0,"(47.66568552000007, -122.31739560399996)",9128,0,N,09-140382
71398,105657,105657,Intersection,Cycles,0,,,0,,01/30/2009 12:00:00 AM +0000,1/30/2009 6:56:00 PM,1,26791,At Intersection (intersection related),Dark - Street Lights On,WOODLAWN AVE N AND N 45TH W ST,0,1,Y,2,3284814,Wet,18,"MOTOR VEHICLE STRUCK PEDALCYCLIST, FRONT END AT ANGLE",09030008,13680,0,2,Injury Collision,,45,Bicycle,Matched,0,1,Raining,0,"(47.66138585200008, -122.33915660499997)",0,0,N,09-037073
71423,104709,104709,Intersection,Cycles,0,,,0,,04/09/2009 12:00:00 AM +0000,4/9/2009,1,25934,At Intersection (intersection related),Daylight,27TH AVE NE AND NE 55TH ST,0,1,Y,2,2893931,Wet,18,"MOTOR VEHICLE STRUCK PEDALCYCLIST, FRONT END AT ANGLE",09099004,4009,0,2,Injury Collision,,45,Bicycle,Matched,0,1,Overcast,0,"(47.66852284700008, -122.29850822999998)",33923,0,N,2009-119364
71472,106586,106586,Intersection,Cycles,0, ,,0,,12/10/2009 12:00:00 AM +0000,12/10/2009 2:14:00 PM,1,26710,At Intersection (intersection related),Daylight,9TH AVE NW AND NW 45TH ST,0,1,Y,2,3198286,Dry,18,"MOTOR VEHICLE STRUCK PEDALCYCLIST, FRONT END AT ANGLE",09344022,8563,0,2,Injury Collision,,45,Bicycle,Matched,0,1,Clear or Partly Cloudy,0,"(47.66146692900003, -122.36861555399997)",0,630875,N,09-425462
71495,105909,105909,Intersection,Cycles,0, ,,0,,10/06/2009 12:00:00 AM +0000,10/6/2009,0,33362,At Intersection (intersection related),Daylight,15TH AVE S AND S LUCILE ST,0,1,,2,3343891,Dry,18,"MOTOR VEHICLE STRUCK PEDALCYCLIST, FRONT END AT ANGLE",09279005,2169,0,1,Property Damage Only Collision,,45,Bicycle,Matched,0,1,Clear or Partly Cloudy,0,"(47.55344267600003, -122.31347288299997)",0,525165,N,09-352995
71539,104830,104830,Block,Cycles,50,,,0,Y,07/29/2009 12:00:00 AM +0000,7/29/2009 7:55:00 AM,0,,Mid-Block (but intersection related),Daylight,FAIRVIEW AVE N BETWEEN MERCER S SR ST AND MERCER ST,0,1,,2,3207268,Dry,21,"MOTOR VEHICLE STRUCK PEDALCYCLIST, REAR END",09210020,274457,0,1,Property Damage Only Collision,,45,Bicycle,Matched,N,1,Clear or Partly Cloudy,0,"(47.624401791000025, -122.33428603899995)",25396,0,N,09 264986