OBJECTID,INCKEY,COLDETKEY,ADDRTYPE,COLLISIONTYPE,DISTANCE,EXCEPTRSNCODE,EXCEPTRSNDESC,FATALITIES,INATTENTIONIND,INCDATE,INCDTTM,INJURIES,INTKEY,JUNCTIONTYPE,LIGHTCOND,LOCATION,PEDCOUNT,PEDCYLCOUNT,PEDROWNOTGRNT,PERSONCOUNT,REPORTNO,ROADCOND,SDOT_COLCODE,SDOT_COLDESC,SDOTCOLNUM,SEGKEY,SERIOUSINJURIES,SEVERITYCODE,SEVERITYDESC,SPEEDING,ST_COLCODE,ST_COLDESC,STATUS,UNDERINFL,VEHCOUNT,WEATHER,WIDTH,Shape,SEGLANEKEY,CROSSWALKKEY,HITPARKEDCAR,SPDCASENO
71581,106313,106313,Intersection,Cycles,0,,,0,,09/04/2009 12:00:00 AM +0000,9/4/2009,1,36693,At Intersection (intersection related),Dawn,20TH AVE NE AND NE 125TH ST,0,1,Y,2,3286569,Dry,51,PEDALCYCLIST STRUCK MOTOR VEHICLE FRONT END AT ANGLE,09247036,3003,1,2b,Serious Injury Collision,,45,Bicycle,Matched,0,1,Clear or Partly Cloudy,0,"(47.71936523200003, -122.30727176399995)",42001,0,N,2009-312684
71596,106581,106581,Block,Cycles,68.5,,,0,Y,10/03/2009 12:00:00 AM +0000,10/3/2009,1,,Mid-Block (not related to intersection),Daylight,NW MARKET ST BETWEEN TALLMAN AVE NW AND 20TH AVE NW,0,1,,3,3198863,Dry,56,PEDALCYCLIST STRUCK MOTOR VEHICLE LEFT SIDE SIDESWIPE,09276003,19231,0,2,Injury Collision,,45,Bicycle,Matched,0,1,Clear or Partly Cloudy,0,"(47.66867543400008, -122.38185005899999)",25888,0,N,09-349463
71607,106038,106038,Intersection,Cycles,0,,,0,,07/20/2009 12:00:00 AM +0000,7/20/2009 7:32:00 AM,1,29140,At Intersection (intersection related),Daylight,SUMMIT AVE E AND E HARRISON ST,0,1,Y,2,2827950,Dry,51,PEDALCYCLIST STRUCK MOTOR VEHICLE FRONT END AT ANGLE,09201005,12995,0,2,Injury Collision,,45,Bicycle,Matched,0,1,Clear or Partly Cloudy,0,"(47.62198601000006, -122.32530599499995)",0,0,N,2009-252793
71641,106170,106170,Intersection,Cycles,0,,,0,Y,12/11/2009 12:00:00 AM +0000,12/11/2009 7:27:00 AM,1,24483,At Intersection (intersection related),Dawn,ROOSEVELT WAY NE AND NE 68TH ST,0,1,,2,3333504,Dry,51,PEDALCYCLIST STRUCK MOTOR VEHICLE FRONT END AT ANGLE,09345026,12618,0,2,Injury Collision,,45,Bicycle,Matched,0,1,Clear or Partly Cloudy,0,"(47.67801242100006, -122.31739331799997)",9408,0,N,2009-426245
71723,105762,105762,Intersection,Cycles,0,,,0,,06/04/2009 12:00:00 AM +0000,6/4/2009,1,30056,At Intersection (intersection related),Daylight,27TH AVE AND E COLUMBIA ST,0,1,Y,2,2797154,Dry,18,"MOTOR VEHICLE STRUCK PEDALCYCLIST, FRONT END AT ANGLE",09155019,3991,0,2,Injury Collision,,45,Bicycle,Matched,0,1,Clear or Partly Cloudy,0,"(47.60900951700006, -122.29755069499998)",0,0,N,09-192849
71739,105896,105896,Intersection,Cycles,0,,,0,,05/25/2009 12:00:00 AM +0000,5/25/2009 4:11:00 PM,1,26915,At Intersection (intersection related),Daylight,DENSMORE AVE N AND N NORTHLAKE WAY,0,2,Y,3,3210185,Dry,18,"MOTOR VEHICLE STRUCK PEDALCYCLIST, FRONT END AT ANGLE",09145004,10025,0,2,Injury Collision,,45,Bicycle,Matched,0,1,Clear or Partly Cloudy,0,"(47.64688448100003, -122.33755585699998)",0,0,N,2009-178755
71791,105222,105222,Block,Cycles,160.5,,,0,,08/11/2009 12:00:00 AM +0000,8/11/2009 3:15:00 PM,1,,Driveway Junction,Daylight,SW JUNEAU ST BETWEEN 40TH AVE SW AND 41ST AVE SW,0,1,Y,2,3283110,Dry,51,PEDALCYCLIST STRUCK MOTOR VEHICLE FRONT END AT ANGLE,09223023,22472,0,2,Injury Collision,,45,Bicycle,Matched,0,1,Clear or Partly Cloudy,0,"(47.55025612400004, -122.38367869499996)",0,0,N,09-282673
71837,105086,105086,Block,Cycles,341,,,0,,04/13/2009 12:00:00 AM +0000,4/13/2009 6:40:00 PM,1,,Mid-Block (not related to intersection),Dawn,24TH AVE NW BETWEEN NW 73RD ST AND NW 75TH ST,0,1,Y,2,2893935,Wet,18,"MOTOR VEHICLE STRUCK PEDALCYCLIST, FRONT END AT ANGLE",09103026,3603,0,2,Injury Collision,,45,Bicycle,Matched,0,1,Overcast,0,"(47.68224759700007, -122.38755410499999)",2174,0,N,09-124689
71865,106566,106566,Intersection,Cycles,0,,,0,,05/09/2009 12:00:00 AM +0000,5/9/2009,1,29592,At Intersection (intersection related),Dark - Street Lights On,2ND AVE AND PIKE ST,0,1,,3,2898871,Dry,18,"MOTOR VEHICLE STRUCK PEDALCYCLIST, FRONT END AT ANGLE",09129016,2758,0,2,Injury Collision,,45,Bicycle,Matched,0,1,Clear or Partly Cloudy,0,"(47.60928514300008, -122.33890369399995)",12173,0,N,09-157729
71896,106023,106023,Intersection,Cycles,0,,,0,,09/11/2009 12:00:00 AM +0000,9/11/2009 3:39:00 PM,1,30968,At Intersection (intersection related),Daylight,61ST AVE SW AND ALKI AVE SW,0,1,,2,2796379,Dry,18,"MOTOR VEHICLE STRUCK PEDALCYCLIST, FRONT END AT ANGLE",09254002,8086,0,2,Injury Collision,,45,Bicycle,Matched,0,1,Clear or Partly Cloudy,0,"(47.57912495100004, -122.41064800799995)",3646,0,N,2009-321967
71994,106417,106417,Block,Cycles,327,,,0,,04/24/2009 12:00:00 AM +0000,4/24/2009 7:59:00 PM,1,,Mid-Block (but intersection related),Dusk,15TH AVE W BETWEEN W ARMOUR ST AND 15TH AV W NB OFF RP,0,1,,4,2803792,Dry,51,PEDALCYCLIST STRUCK MOTOR VEHICLE FRONT END AT ANGLE,09114003,2192,0,2,Injury Collision,,45,Bicycle,Matched,0,1,Clear or Partly Cloudy,0,"(47.64566268500005, -122.37626316499995)",16116,0,N,09-139312
72038,105880,105880,Intersection,Cycles,0,,,0,,06/26/2009 12:00:00 AM +0000,6/26/2009 9:33:00 PM,1,29157,At Intersection (intersection related),Dark - Street Lights On,BELMONT AVE E AND E OLIVE WAY,0,1,Y,2,2899042,Dry,51,PEDALCYCLIST STRUCK MOTOR VEHICLE FRONT END AT ANGLE,09177035,9237,0,2,Injury Collision,,45,Bicycle,Matched,0,1,Clear or Partly Cloudy,0,"(47.61966624400003, -122.32401126599996)",23250,0,N,09-221549
72045,105069,105069,Intersection,Cycles,0,,,0,,09/17/2009 12:00:00 AM +0000,9/17/2009 3:15:00 AM,1,29863,At Intersection (intersection related),Dark - Street Lights On,MELROSE AVE AND PINE ST,0,1,,2,3210511,Dry,11,"MOTOR VEHICLE STRUCK MOTOR VEHICLE, FRONT END AT ANGLE",09260001,11745,0,2,Injury Collision,,45,Bicycle,Matched,1,1,Clear or Partly Cloudy,0,"(47.615238420000026, -122.32790375499997)",41973,0,N,09-328898
72051,104937,104937,Block,Cycles,342.5,,,0,,05/21/2009 12:00:00 AM +0000,5/21/2009 12:32:00 AM,1,,Mid-Block (but intersection related),Dark - Street Lights On,15TH AVE NE BETWEEN NE 73RD ST AND NE 75TH ST,0,1,Y,2,3283660,Dry,21,"MOTOR VEHICLE STRUCK PEDALCYCLIST, REAR END",09141001,2054,0,2,Injury Collision,,45,Bicycle,Matched,1,1,Clear or Partly Cloudy,0,"(47.68214975400008, -122.31169203799999)",29134,0,N,2009-172686
72060,105611,105611,Intersection,Cycles,0,,,0,,10/05/2009 12:00:00 AM +0000,10/5/2009,1,29681,At Intersection (intersection related),Daylight,CLAY ST AND ELLIOTT AVE,0,1,Y,2,3345129,Dry,51,PEDALCYCLIST STRUCK MOTOR VEHICLE FRONT END AT ANGLE,09278002,9682,0,2,Injury Collision,,45,Bicycle,Matched,0,1,Clear or Partly Cloudy,0,"(47.615024764000054, -122.35326864599995)",41963,0,N,09-352039
72102,104525,104525,Intersection,Cycles,0,,,0,Y,01/27/2009 12:00:00 AM +0000,1/27/2009 4:40:00 PM,1,25790,At Intersection (intersection related),Dusk,11TH AVE NE AND NE 50TH ST,0,1,,2,3289058,Wet,18,"MOTOR VEHICLE STRUCK PEDALCYCLIST, FRONT END AT ANGLE",09027010,1411,0,2,Injury Collision,,45,Bicycle,Matched,0,1,Raining,0,"(47.66492767300008, -122.31633451799996)",21428,0,N,09-033056
72114,105874,105874,Block,Cycles,170.5,,,0,,02/02/2009 12:00:00 AM +0000,2/2/2009,1,,Driveway Junction,Dusk,NE 127TH ST BETWEEN 25TH AVE NE AND 26TH AVE NE,0,1,Y,2,3286687,Dry,51,PEDALCYCLIST STRUCK MOTOR VEHICLE FRONT END AT ANGLE,09033003,16525,0,2,Injury Collision,,45,Bicycle,Matched,0,1,Overcast,0,"(47.72112433900003, -122.30118357699996)",0,0,N,09-040324
72195,104793,104793,Intersection,Cycles,0,,,0,,01/07/2009 12:00:00 AM +0000,1/7/2009,1,26903,At Intersection (intersection related),Daylight,WALLINGFORD AVE N AND N 35TH ST,0,1,Y,2,3284678,Wet,51,PEDALCYCLIST STRUCK MOTOR VEHICLE FRONT END AT ANGLE,09007031,13363,0,2,Injury Collision,,45,Bicycle,Matched,0,1,Overcast,0,"(47.64919565900004, -122.33633815999997)",6168,0,N,2009-007587
72228,104927,104927,Intersection,Cycles,0,,,0,,08/14/2009 12:00:00 AM +0000,8/14/2009 6:37:00 PM,1,29881,At Intersection (intersection related),Daylight,7TH AVE AND PINE ST,0,1,Y,2,3344724,Dry,51,PEDALCYCLIST STRUCK MOTOR VEHICLE FRONT END AT ANGLE,09226007,8159,0,2,Injury Collision,,45,Bicycle,Matched,0,1,Clear or Partly Cloudy,0,"(47.61260043800007, -122.33426239999994)",37048,0,N,09-286715
72240,106540,106540,Intersection,Cycles,0, ,,0,Y,08/08/2009 12:00:00 AM +0000,8/8/2009,2,38074,At Intersection (intersection related),Daylight,MARINE VIEW DR SW AND SW 104TH ST,0,1,,2,2613344,Dry,23,"MOTOR VEHICLE STRUCK PEDALCYCLIST, LEFT SIDE SIDESWIPE",09220001,11648,0,2,Injury Collision,,45,Bicycle,Matched,0,1,Overcast,0,"(47.51008456000005, -122.38816333799997)",31570,0,N,09-278831
72247,105862,105862,Block,Cycles,159.5,,,0,,05/23/2009 12:00:00 AM +0000,5/23/2009 2:07:00 PM,1,,Mid-Block (not related to intersection),Daylight,QUEEN ANNE AVE N BETWEEN VALLEY ST AND ALOHA ST,0,1,,1,3200772,Dry,69,PEDALCYCLIST OVERTURNED IN ROAD,09143002,12302,0,2,Injury Collision,Y,45,Bicycle,Matched,0,0,Clear or Partly Cloudy,0,"(47.626753105000034, -122.35669314699999)",30628,0,N,09-175994
72252,104659,104659,Block,Cycles,213,,,0,Y,07/11/2009 12:00:00 AM +0000,7/11/2009 3:06:00 PM,0,,Driveway Junction,Daylight,1ST AVE BETWEEN LENORA ST AND BLANCHARD ST,0,1,Y,2,3276966,Dry,18,"MOTOR VEHICLE STRUCK PEDALCYCLIST, FRONT END AT ANGLE",09192025,1013,0,1,Property Damage Only Collision,,45,Bicycle,Matched,0,1,Clear or Partly Cloudy,0,"(47.61222096200004, -122.34456117999997)",0,0,N,09-241482
72266,105864,105864,Block,Cycles,161,,,0,,08/26/2009 12:00:00 AM +0000,8/26/2009 12:38:00 PM,1,,Driveway Junction,Daylight,S DEARBORN ST BETWEEN 7TH AVE S AND 8TH AVE S,0,1,,5,3286368,Dry,18,"MOTOR VEHICLE STRUCK PEDALCYCLIST, FRONT END AT ANGLE",09238004,19829,0,2,Injury Collision,,45,Bicycle,Matched,0,1,Clear or Partly Cloudy,0,"(47.59583224000005, -122.32311316699997)",0,0,N,09-301637
72333,105187,105187,Block,Cycles,239.5,,,0,,09/25/2009 12:00:00 AM +0000,9/25/2009 12:56:00 PM,1,,Driveway Junction,Daylight,RAINIER AVE S BETWEEN S FOREST ST AND M L KING JR WAY S,0,1,Y,2,3296870,Dry,18,"MOTOR VEHICLE STRUCK PEDALCYCLIST, FRONT END AT ANGLE",09268004,12366,0,2,Injury Collision,,45,Bicycle,Matched,0,1,Clear or Partly Cloudy,0,"(47.57694362600006, -122.29707687099994)",20107,0,N,2009-339291
72409,105984,105984,Block,Cycles,283,,,0,,04/05/2009 12:00:00 AM +0000,4/5/2009,1,,Mid-Block (not related to intersection),Daylight,14TH AVE S BETWEEN S ATLANTIC ST AND S MASSACHUSETTS ST,0,1,,2,3285060,Dry,56,PEDALCYCLIST STRUCK MOTOR VEHICLE LEFT SIDE SIDESWIPE,09095026,1925,0,2,Injury Collision,,45,Bicycle,Matched,0,1,Clear or Partly Cloudy,0,"(47.58921408600003, -122.31485614599995)",37518,0,N,2009-114603
72418,106254,106254,Block,Cycles,147,,,0,Y,08/18/2009 12:00:00 AM +0000,8/18/2009 11:43:00 PM,1,,Mid-Block (but intersection related),Dark - Street Lights On,E MADISON ST BETWEEN E PINE ST AND 17TH AVE,0,1,,2,3207353,Dry,21,"MOTOR VEHICLE STRUCK PEDALCYCLIST, REAR END",09230004,14348,0,2,Injury Collision,,45,Bicycle,Matched,0,1,Clear or Partly Cloudy,0,"(47.61537759000004, -122.31066051399995)",22986,0,N,2009-292224
72501,106659,106659,Intersection,Cycles,0,,,0,,06/26/2009 12:00:00 AM +0000,6/26/2009 11:45:00 AM,1,34266,At Intersection (intersection related),Daylight,2ND AVE S AND S HOLDEN ST,0,1,Y,3,3296095,Dry,18,"MOTOR VEHICLE STRUCK PEDALCYCLIST, FRONT END AT ANGLE",09177036,20300,0,2,Injury Collision,,45,Bicycle,Matched,0,1,Clear or Partly Cloudy,0,"(47.53415617200005, -122.33138589599997)",4423,0,N,09-220855
72502,106387,106387,Intersection,Cycles,0,,,0,Y,06/02/2009 12:00:00 AM +0000,6/2/2009,1,25178,At Intersection (intersection related),Daylight,BALLARD AVE NW AND NW DOCK PL,0,1,Y,2,3206721,Dry,51,PEDALCYCLIST STRUCK MOTOR VEHICLE FRONT END AT ANGLE,09153019,9042,0,2,Injury Collision,,45,Bicycle,Matched,0,1,Clear or Partly Cloudy,0,"(47.664461851000056, -122.38090587099998)",26310,0,N,2009-189503
72551,105979,105979,Block,Cycles,67,,,0,,10/24/2009 12:00:00 AM +0000,10/24/2009 4:35:00 PM,1,,Mid-Block (not related to intersection),Daylight,NW 65TH ST BETWEEN 7TH E AVE NW AND 7TH W AVE NW,0,1,Y,2,3276690,Dry,21,"MOTOR VEHICLE STRUCK PEDALCYCLIST, REAR END",09297006,18608,1,2b,Serious Injury Collision,,45,Bicycle,Matched,1,1,Clear or Partly Cloudy,0,"(47.67598993800004, -122.36479070099995)",28346,0,N,09-374655
72655,104080,104080,Intersection,Cycles,0,,,0,,10/13/2009 12:00:00 AM +0000,10/13/2009 7:40:00 AM,1,29592,At Intersection (intersection related),Daylight,2ND AVE AND PIKE ST,0,1,,2,3207284,Dry,51,PEDALCYCLIST STRUCK MOTOR VEHICLE FRONT END AT ANGLE,09286045,2758,0,2,Injury Collision,,45,Bicycle,Matched,0,1,Overcast,0,"(47.60928514300008, -122.33890369399995)",36906,0,N,09-361014
72684,103402,103402,Intersection,Cycles,0,,,0,,04/10/2009 12:00:00 AM +0000,4/10/2009 8:21:00 AM,1,28028,At Intersection (intersection related),Daylight,DEXTER AVE N AND GARFIELD N ST,0,1,Y,2,3289749,Wet,18,"MOTOR VEHICLE STRUCK PEDALCYCLIST, FRONT END AT ANGLE",09100025,10086,0,2,Injury Collision,,45,Bicycle,Matched,0,1,Raining,0,"(47.633420201000035, -122.34228296399999)",12978,0,N,09-120662
72762,102451,102451,Block,Cycles,124,,,0,Y,04/21/2009 12:00:00 AM +0000,4/21/2009 5:13:00 PM,1,,Mid-Block (not related to intersection),Daylight,GREEN LAKE WAY N BETWEEN N 52ND ST AND N 53RD ST,0,1,,2,3277109,Dry,23,"MOTOR VEHICLE STRUCK PEDALCYCLIST, LEFT SIDE SIDESWIPE",09111013,10695,0,2,Injury Collision,,45,Bicycle,Matched,0,1,Clear or Partly Cloudy,0,"(47.66674642900006, -122.34008797699994)",40757,0,N,09-135174
72779,102587,102587,Intersection,Cycles,0, ,,0,,06/28/2009 12:00:00 AM +0000,6/28/2009 11:39:00 AM,0,31517,At Intersection (intersection related),Daylight,RAINIER AVE S AND S MASSACHUSETTS ST,0,1,Y,6,3210926,Dry,18,"MOTOR VEHICLE STRUCK PEDALCYCLIST, FRONT END AT ANGLE",09179002,12353,0,1,Property Damage Only Collision,,45,Bicycle,Matched,0,1,Clear or Partly Cloudy,0,"(47.58841060100008, -122.30582739599998)",0,524935,N,2009-223395
72783,104074,104074,Intersection,Cycles,0,,,0,,06/30/2009 12:00:00 AM +0000,6/30/2009 9:46:00 PM,1,26727,At Intersection (intersection related),Dusk,14TH AVE W AND W NICKERSON ST,0,1,Y,2,2805528,Dry,18,"MOTOR VEHICLE STRUCK PEDALCYCLIST, FRONT END AT ANGLE",09181035,23619,0,2,Injury Collision,,45,Bicycle,Matched,0,1,Clear or Partly Cloudy,0,"(47.65516512500005, -122.37491603499996)",29914,0,N,09-225657
72799,104344,104344,Intersection,Cycles,0, ,,1,,07/17/2009 12:00:00 AM +0000,7/17/2009 6:36:00 PM,1,33710,At Intersection (intersection related),Daylight,LAKE WASHINGTON BLVD S AND S ORCAS ST,0,1,Y,7,3211076,Dry,51,PEDALCYCLIST STRUCK MOTOR VEHICLE FRONT END AT ANGLE,09198005,11246,0,3,Fatality Collision,,45,Bicycle,Matched,0,1,Clear or Partly Cloudy,0,"(47.55104977900004, -122.25934300299997)",38088,0,N,2009-249469
72820,103533,103533,Intersection,Cycles,0,,,0,,12/14/2009 12:00:00 AM +0000,12/14/2009 5:28:00 PM,1,25439,At Intersection (intersection related),Dark - Street Lights Off,14TH AVE NW AND NW 51ST ST,0,1,Y,2,3333139,Wet,18,"MOTOR VEHICLE STRUCK PEDALCYCLIST, FRONT END AT ANGLE",09348034,1891,0,2,Injury Collision,,45,Bicycle,Matched,0,1,Raining,0,"(47.66570139100003, -122.37359167999995)",26676,0,N,09-430062
72897,102576,102576,Intersection,Cycles,0,,,0,,02/10/2009 12:00:00 AM +0000,2/10/2009 7:31:00 PM,0,27185,At Intersection (intersection related),Dark - Street Lights On,SUNNYSIDE AVE N AND N 45TH ST,0,1,Y,3,3284864,Wet,18,"MOTOR VEHICLE STRUCK PEDALCYCLIST, FRONT END AT ANGLE",09041002,13012,0,1,Property Damage Only Collision,,45,Bicycle,Matched,0,1,Sleet/Hail/Freezing Rain,0,"(47.66136913200006, -122.33016245999994)",6525,0,N,09-050549
72915,103934,103934,Intersection,Cycles,0,,,0,,12/29/2009 12:00:00 AM +0000,12/29/2009 8:20:00 AM,0,29157,At Intersection (intersection related),Daylight,BELMONT AVE E AND E OLIVE WAY,0,1,Y,4,2882165,Dry,18,"MOTOR VEHICLE STRUCK PEDALCYCLIST, FRONT END AT ANGLE",09363003,9237,0,1,Property Damage Only Collision,,45,Bicycle,Matched,0,1,Clear or Partly Cloudy,0,"(47.61966624400003, -122.32401126599996)",23250,0,N,2009-444915
72950,104335,104335,Block,Cycles,667,,,0,,10/20/2009 12:00:00 AM +0000,10/20/2009 2:16:00 PM,1,,Driveway Junction,Daylight,LINDEN AVE N BETWEEN N 130TH ST AND N 135TH ST,0,1,,2,3206104,Dry,18,"MOTOR VEHICLE STRUCK PEDALCYCLIST, FRONT END AT ANGLE",09293004,11453,0,2,Injury Collision,,45,Bicycle,Matched,0,1,Clear or Partly Cloudy,0,"(47.72503747500008, -122.34793329699994)",40842,0,N,2009-369797
73003,102845,102845,Block,Cycles,161,,,0,Y,06/18/2009 12:00:00 AM +0000,6/18/2009 6:28:00 AM,1,,Driveway Junction,Daylight,S DEARBORN ST BETWEEN MAYNARD AVE S AND 7TH AVE S,0,1,Y,2,2896681,Dry,51,PEDALCYCLIST STRUCK MOTOR VEHICLE FRONT END AT ANGLE,09169009,19828,0,2,Injury Collision,,45,Bicycle,Matched,0,1,Clear or Partly Cloudy,0,"(47.59583432900007, -122.32441806099996)",5820,0,N,2009-210419
73092,104055,104055,Block,Cycles,461,,,0,,06/01/2009 12:00:00 AM +0000,6/1/2009,0,,Mid-Block (but intersection related),Daylight,LAKE WASHINGTON BLVD E BETWEEN E MADISON ST AND ARBORETUM DR E,0,1,Y,2,3198935,Dry,23,"MOTOR VEHICLE STRUCK PEDALCYCLIST, LEFT SIDE SIDESWIPE",09152003,11209,0,1,Property Damage Only Collision,,45,Bicycle,Matched,0,1,Clear or Partly Cloudy,0,"(47.627191362000076, -122.29298983499996)",8945,0,N,09-188827
73096,103927,103927,Intersection,Cycles,0,,,0,,08/18/2009 12:00:00 AM +0000,8/18/2009 4:52:00 PM,1,29862,At Intersection (intersection related),Daylight,BELLEVUE AVE AND E PINE ST,0,1,Y,2,3198940,Dry,51,PEDALCYCLIST STRUCK MOTOR VEHICLE FRONT END AT ANGLE,09230003,9213,0,2,Injury Collision,,45,Bicycle,Matched,0,1,Clear or Partly Cloudy,0,"(47.61521815300006, -122.32680418799998)",10342,0,N,09-291752
73113,102839,102839,Intersection,Cycles,0,,,0,,08/13/2009 12:00:00 AM +0000,8/13/2009 8:04:00 AM,1,28913,At Intersection (intersection related),Daylight,MERCER ST AND TAYLOR AVE N,0,1,Y,2,2796201,Dry,18,"MOTOR VEHICLE STRUCK PEDALCYCLIST, FRONT END AT ANGLE",09225013,11768,0,2,Injury Collision,,45,Bicycle,Matched,0,1,Overcast,0,"(47.62455804800004, -122.34626626299996)",25073,0,N,2009-284798
73124,103102,103102,Block,Cycles,213,,,0,,10/19/2009 12:00:00 AM +0000,10/19/2009 6:45:00 PM,1,,Mid-Block (but intersection related),Dusk,BROADWAY E BETWEEN E DENNY WAY AND E OLIVE WAY,0,1,Y,2,3207727,Dry,23,"MOTOR VEHICLE STRUCK PEDALCYCLIST, LEFT SIDE SIDESWIPE",09292003,9451,0,2,Injury Collision,,45,Bicycle,Matched,0,1,Clear or Partly Cloudy,0,"(47.61932227600005, -122.32086366599998)",6821,0,N,2009-368945
73155,104181,104181,Intersection,Cycles,0, ,,0,,09/28/2009 12:00:00 AM +0000,9/28/2009 4:34:00 PM,1,31517,At Intersection (intersection related),Daylight,RAINIER AVE S AND S MASSACHUSETTS ST,0,1,,3,3211220,Dry,18,"MOTOR VEHICLE STRUCK PEDALCYCLIST, FRONT END AT ANGLE",09271001,12353,0,2,Injury Collision,,45,Bicycle,Matched,0,1,Clear or Partly Cloudy,0,"(47.58841060100008, -122.30582739599998)",0,522986,N,09-343374
73174,104182,104182,Block,Cycles,180,,,0,,09/29/2009 12:00:00 AM +0000,9/29/2009 5:49:00 PM,0,,Mid-Block (not related to intersection),Daylight,15TH AVE E BETWEEN E REPUBLICAN N ST AND E MERCER S ST,0,1,,2,3199390,Wet,56,PEDALCYCLIST STRUCK MOTOR VEHICLE LEFT SIDE SIDESWIPE,09272008,2009,0,1,Property Damage Only Collision,,45,Bicycle,Matched,0,1,Raining,0,"(47.62375513000006, -122.31261507399995)",8560,0,N,09-344711
73181,104319,104319,Block,Cycles,153.5,,,0,,10/20/2009 12:00:00 AM +0000,10/20/2009 4:44:00 PM,1,,Driveway Junction,Daylight,6TH AVE BETWEEN JAMES ST AND CHERRY ST,0,1,Y,2,3328460,Dry,18,"MOTOR VEHICLE STRUCK PEDALCYCLIST, FRONT END AT ANGLE",09293003,7873,0,2,Injury Collision,,45,Bicycle,Matched,0,1,Clear or Partly Cloudy,0,"(47.60451764100003, -122.32840497599994)",36575,0,N,2009-369974
73196,104188,104188,Intersection,Cycles,0, ,,0,,05/24/2009 12:00:00 AM +0000,5/24/2009 12:50:00 PM,0,29894,At Intersection (intersection related),Daylight,6TH AVE AND PIKE ST,0,1,Y,2,2826485,Dry,18,"MOTOR VEHICLE STRUCK PEDALCYCLIST, FRONT END AT ANGLE",09144012,7883,0,1,Property Damage Only Collision,,45,Bicycle,Matched,0,1,Clear or Partly Cloudy,0,"(47.61114239800003, -122.33446376999996)",0,523698,N,09-177627
73239,103645,103645,Intersection,Cycles,0,,,0,,05/20/2009 12:00:00 AM +0000,5/20/2009 6:19:00 PM,0,29761,At Intersection (intersection related),Daylight,12TH AVE AND E MADISON ST,0,1,,2,3199078,Dry,18,"MOTOR VEHICLE STRUCK PEDALCYCLIST, FRONT END AT ANGLE",09140005,1536,0,1,Property Damage Only Collision,,45,Bicycle,Matched,0,1,Clear or Partly Cloudy,0,"(47.61288923600006, -122.31673339099996)",10773,0,N,2009-172285
73280,102686,102686,Block,Cycles,43,,,0,,07/21/2009 12:00:00 AM +0000,7/21/2009 11:27:00 AM,1,,Mid-Block (but intersection related),Daylight,51ST AVE S BETWEEN RAINIER AVE S AND S BARTON PL,0,1,,2,3285312,Dry,51,PEDALCYCLIST STRUCK MOTOR VEHICLE FRONT END AT ANGLE,09202008,7525,0,2,Injury Collision,,45,Bicycle,Matched,0,1,Clear or Partly Cloudy,0,"(47.52005416000003, -122.26982140799998)",37790,0,N,09-254313
73282,102559,102559,Intersection,Cycles,0,,,0,,05/25/2009 12:00:00 AM +0000,5/25/2009 11:42:00 PM,1,29109,At Intersection (intersection related),Dark - Street Lights On,FAIRVIEW AVE N AND FAIRVIEW PL N,0,1,,2,3273860,Dry,18,"MOTOR VEHICLE STRUCK PEDALCYCLIST, FRONT END AT ANGLE",09145001,10354,0,2,Injury Collision,,45,Bicycle,Matched,0,1,Clear or Partly Cloudy,0,"(47.626280877000056, -122.33400849299994)",0,0,N,2009-179341
73422,102545,102545,Intersection,Cycles,0,,,0,,06/29/2009 12:00:00 AM +0000,6/29/2009 3:55:00 PM,1,30147,At Intersection (intersection related),Daylight,21ST AVE AND E UNION ST,0,1,Y,2,3283159,Dry,18,"MOTOR VEHICLE STRUCK PEDALCYCLIST, FRONT END AT ANGLE",09180003,3106,0,2,Injury Collision,,45,Bicycle,Matched,0,1,Clear or Partly Cloudy,0,"(47.61292129000003, -122.30494951099996)",9353,0,N,09-224885
73438,104168,104168,Intersection,Cycles,0,,,0,,02/04/2009 12:00:00 AM +0000,2/4/2009,1,35096,At Intersection (intersection related),Dark - Street Lights On,12TH AVE S AND S CLOVERDALE ST,0,1,Y,2,3296132,Dry,18,"MOTOR VEHICLE STRUCK PEDALCYCLIST, FRONT END AT ANGLE",09035021,1689,0,2,Injury Collision,,45,Bicycle,Matched,0,1,Clear or Partly Cloudy,0,"(47.52644853800007, -122.31758185099994)",0,0,N,09-43099
73474,104441,104441,Block,Cycles,211,,,0,,05/05/2009 12:00:00 AM +0000,5/5/2009,1,,Mid-Block (not related to intersection),Daylight,W NICKERSON ST BETWEEN QUEEN ANNE AVE N AND W BERTONA ST,0,1,Y,2,2612760,Wet,23,"MOTOR VEHICLE STRUCK PEDALCYCLIST, LEFT SIDE SIDESWIPE",09125021,23610,0,2,Injury Collision,,45,Bicycle,Matched,0,1,Raining,0,"(47.650099854000075, -122.35838332399999)",12480,0,N,09-152474
73482,103494,103494,Block,Cycles,165.5,,,0,,08/03/2009 12:00:00 AM +0000,8/3/2009,1,,Mid-Block (not related to intersection),Daylight,NE 65TH ST BETWEEN 44TH AVE NE AND 45TH AVE NE,0,1,,2,3284488,Dry,54,PEDALCYCLIST STRUCK MOTOR VEHICLE REAR END,09215005,17302,1,2b,Serious Injury Collision,,45,Bicycle,Matched,0,1,Clear or Partly Cloudy,0,"(47.67578890500005, -122.28020712999995)",29987,0,N,2009-271914