OBJECTID,INCKEY,COLDETKEY,ADDRTYPE,COLLISIONTYPE,DISTANCE,EXCEPTRSNCODE,EXCEPTRSNDESC,FATALITIES,INATTENTIONIND,INCDATE,INCDTTM,INJURIES,INTKEY,JUNCTIONTYPE,LIGHTCOND,LOCATION,PEDCOUNT,PEDCYLCOUNT,PEDROWNOTGRNT,PERSONCOUNT,REPORTNO,ROADCOND,SDOT_COLCODE,SDOT_COLDESC,SDOTCOLNUM,SEGKEY,SERIOUSINJURIES,SEVERITYCODE,SEVERITYDESC,SPEEDING,ST_COLCODE,ST_COLDESC,STATUS,UNDERINFL,VEHCOUNT,WEATHER,WIDTH,Shape,SEGLANEKEY,CROSSWALKKEY,HITPARKEDCAR,SPDCASENO
73529,102675,102675,Intersection,Cycles,0,,,0,,07/19/2009 12:00:00 AM +0000,7/19/2009 2:40:00 PM,2,29212,At Intersection (intersection related),Daylight,ARBORETUM DR E AND LAKE WASHINGTON BLVD E,1,1,Y,2,3199405,Dry,64,PEDALCYCLIST STRUCK PEDESTRIAN,09200035,8844,1,2b,Serious Injury Collision,,45,Bicycle,Matched,0,0,Clear or Partly Cloudy,0,"(47.628152871000054, -122.29408106699998)",8940,0,N,2009-251993
73594,104159,104159,Intersection,Cycles,0,,,0,,11/01/2009 12:00:00 AM +0000,11/1/2009,1,24698,At Intersection (intersection related),Daylight,28TH AVE NE AND NE 65TH ST,0,1,Y,2,3206463,Dry,18,"MOTOR VEHICLE STRUCK PEDALCYCLIST, FRONT END AT ANGLE",09305016,4110,0,2,Injury Collision,,45,Bicycle,Matched,0,1,Clear or Partly Cloudy,0,"(47.675777280000034, -122.29741281999998)",29805,0,N,2009-383895
73633,103073,103073,Block,Cycles,600,,,0,,04/16/2009 12:00:00 AM +0000,4/16/2009 6:59:00 PM,1,,Driveway Junction,Daylight,1ST AVE S BETWEEN RAILROAD S WAY S AND S ROYAL BROUGHAM WAY,0,1,,1,3207186,Dry,18,"MOTOR VEHICLE STRUCK PEDALCYCLIST, FRONT END AT ANGLE",09106026,1200,0,2,Injury Collision,,45,Bicycle,Matched,0,0,Clear or Partly Cloudy,0,"(47.594039731000066, -122.33419227599995)",0,0,N,2009-128616
73675,102804,102804,Intersection,Cycles,0,,,0,,01/12/2009 12:00:00 AM +0000,1/12/2009 5:49:00 PM,1,28531,At Intersection (intersection related),Dark - No Street Lights,MCGILVRA BLVD E AND E MADISON S ST,0,1,Y,2,3282959,Wet,51,PEDALCYCLIST STRUCK MOTOR VEHICLE FRONT END AT ANGLE,09012030,14052,0,2,Injury Collision,,45,Bicycle,Matched,0,1,Raining,0,"(47.63337181300005, -122.28157849399997)",34300,0,N,09-14703
73697,102932,102932,Block,Cycles,161,,,0,,02/27/2009 12:00:00 AM +0000,2/27/2009 10:00:00 AM,1,,Mid-Block (not related to intersection),Daylight,S DEARBORN ST BETWEEN MAYNARD AVE S AND 7TH AVE S,0,1,Y,3,2898366,Dry,51,PEDALCYCLIST STRUCK MOTOR VEHICLE FRONT END AT ANGLE,09058009,19828,0,2,Injury Collision,,45,Bicycle,Matched,0,1,Clear or Partly Cloudy,0,"(47.59583432900007, -122.32441806099996)",5820,0,N,09-070362
73705,103880,103880,Block,Cycles,132.5,,,0,,12/07/2009 12:00:00 AM +0000,12/7/2009,1,,Driveway Junction,Dark - Street Lights On,E ALOHA ST BETWEEN 10TH AVE E AND FEDERAL AVE E,0,1,Y,2,3199413,Dry,18,"MOTOR VEHICLE STRUCK PEDALCYCLIST, FRONT END AT ANGLE",09341005,13812,0,2,Injury Collision,,45,Bicycle,Matched,0,1,Clear or Partly Cloudy,0,"(47.62682378000005, -122.31968435399995)",8608,0,N,2009-422678
73762,103202,103202,Intersection,Cycles,0, ,,1,,03/11/2009 12:00:00 AM +0000,3/11/2009 10:25:00 AM,0,25845,At Intersection (intersection related),Daylight,1ST AVE NE AND NE 56TH ST,0,1,,4,2792983,Dry,18,"MOTOR VEHICLE STRUCK PEDALCYCLIST, FRONT END AT ANGLE",09070037,1074,0,3,Fatality Collision,,45,Bicycle,Matched,0,1,Clear or Partly Cloudy,0,"(47.66936557400004, -122.32825777899996)",0,0,N,09-84594
73763,103613,103613,Block,Cycles,161,,,0,Y,08/22/2009 12:00:00 AM +0000,8/22/2009 8:32:00 PM,1,,Mid-Block (but intersection related),Dark - Street Lights On,JAMES ST BETWEEN 2ND AVE AND 3RD AVE,0,1,,5,3200595,Dry,54,PEDALCYCLIST STRUCK MOTOR VEHICLE REAR END,09234002,11050,0,2,Injury Collision,,45,Bicycle,Matched,0,2,Clear or Partly Cloudy,0,"(47.60253667200004, -122.33196570599995)",24805,0,N,2009-297100
73836,104144,104144,Intersection,Cycles,0,,,0,,04/10/2009 12:00:00 AM +0000,4/10/2009 5:11:00 PM,1,29965,At Intersection (intersection related),Daylight,5TH AVE AND COLUMBIA ST,0,1,,2,3208204,Dry,18,"MOTOR VEHICLE STRUCK PEDALCYCLIST, FRONT END AT ANGLE",09100003,7228,0,2,Injury Collision,,45,Bicycle,Matched,0,1,Overcast,0,"(47.605126152000025, -122.33049384199995)",36265,0,N,09-121212
73855,104282,104282,Intersection,Cycles,0,,,0,,07/08/2009 12:00:00 AM +0000,7/8/2009,1,25464,At Intersection (intersection related),Daylight,LEARY WAY NW AND NW 46TH ST,0,1,Y,2,3277075,Dry,18,"MOTOR VEHICLE STRUCK PEDALCYCLIST, FRONT END AT ANGLE",09189002,11347,0,2,Injury Collision,,45,Bicycle,Matched,0,1,Clear or Partly Cloudy,0,"(47.66219540600008, -122.36786512799995)",0,0,N,09-237313
73857,104280,104280,Block,Cycles,213,,,0,,07/06/2009 12:00:00 AM +0000,7/6/2009,1,,Mid-Block (not related to intersection),Daylight,5TH AVE BETWEEN STEWART ST AND VIRGINIA ST,0,1,,2,2797615,Dry,56,PEDALCYCLIST STRUCK MOTOR VEHICLE LEFT SIDE SIDESWIPE,09187033,7242,0,2,Injury Collision,,45,Bicycle,Matched,0,1,Clear or Partly Cloudy,0,"(47.613341770000034, -122.33852199699999)",36184,0,N,09-234542
73874,104417,104417,Intersection,Cycles,0,,,0,,01/08/2009 12:00:00 AM +0000,1/8/2009,1,27077,At Intersection (intersection related),Dark - Street Lights On,UNIVERSITY WAY NE AND NE 43RD ST,0,1,,2,3285024,Wet,18,"MOTOR VEHICLE STRUCK PEDALCYCLIST, FRONT END AT ANGLE",09008004,13221,0,2,Injury Collision,,45,Bicycle,Matched,0,1,Raining,0,"(47.65979512000007, -122.31316833599999)",5653,0,N,09-008618
73875,104416,104416,Intersection,Cycles,0,,,0,,01/06/2009 12:00:00 AM +0000,1/6/2009,1,31577,At Intersection (intersection related),Daylight,21ST AVE S AND S COLLEGE ST,0,1,Y,2,3282182,Wet,18,"MOTOR VEHICLE STRUCK PEDALCYCLIST, FRONT END AT ANGLE",09006018,3175,0,2,Injury Collision,Y,45,Bicycle,Matched,0,1,Raining,0,"(47.58295569300003, -122.30556231299994)",38190,0,N,09-006658
73894,103736,103736,Block,Cycles,181.5,,,0,,06/02/2009 12:00:00 AM +0000,6/2/2009,1,,Mid-Block (not related to intersection),Daylight,ALASKAN WAY BETWEEN PINE ST AND VIRGINIA ST,0,1,,3,2612764,Dry,56,PEDALCYCLIST STRUCK MOTOR VEHICLE LEFT SIDE SIDESWIPE,09153027,8726,0,2,Injury Collision,,45,Bicycle,Matched,0,1,Clear or Partly Cloudy,0,"(47.60890055800007, -122.34444039399995)",20933,0,N,09-190186
73909,103465,103465,Block,Cycles,124.5,,,0,,04/24/2009 12:00:00 AM +0000,4/24/2009 5:15:00 PM,1,,Driveway Junction,Daylight,NE 45TH ST BETWEEN 1ST AVE NE AND 2ND AVE NE,0,1,Y,2,2893453,Dry,51,PEDALCYCLIST STRUCK MOTOR VEHICLE FRONT END AT ANGLE,09114007,16838,0,2,Injury Collision,,45,Bicycle,Matched,0,1,Clear or Partly Cloudy,0,"(47.661357277000036, -122.32775751099996)",6532,0,N,2009-139162
73988,104271,104271,Intersection,Cycles,0, ,,0,,07/07/2009 12:00:00 AM +0000,7/7/2009,1,24429,At Intersection (intersection related),Daylight,12TH AVE NE AND NE 75TH ST,0,1,Y,2,3210485,Dry,18,"MOTOR VEHICLE STRUCK PEDALCYCLIST, FRONT END AT ANGLE",09188011,1590,1,2b,Serious Injury Collision,,45,Bicycle,Matched,0,1,Clear or Partly Cloudy,0,"(47.68308626400005, -122.31527968899996)",0,521080,N,09-236278
73992,104267,104267,Intersection,Cycles,0,,,0,,06/12/2009 12:00:00 AM +0000,6/12/2009 9:20:00 PM,1,29739,At Intersection (intersection related),Daylight,11TH AVE AND E PINE ST,0,1,Y,4,3199097,Dry,18,"MOTOR VEHICLE STRUCK PEDALCYCLIST, FRONT END AT ANGLE",09163004,1383,0,2,Injury Collision,,45,Bicycle,Matched,0,1,Clear or Partly Cloudy,0,"(47.615254391000065, -122.318159434)",10420,0,N,09-203511
73993,103994,103994,Intersection,Cycles,0,,,0,,06/23/2009 12:00:00 AM +0000,6/23/2009 5:11:00 PM,1,29873,At Intersection (intersection related),Daylight,BELLEVUE AVE AND E PIKE ST,0,1,Y,2,3283317,Dry,18,"MOTOR VEHICLE STRUCK PEDALCYCLIST, FRONT END AT ANGLE",09174003,9212,0,2,Injury Collision,,45,Bicycle,Matched,0,1,Clear or Partly Cloudy,0,"(47.61408812700006, -122.32682047299994)",31140,0,N,09-217397
74088,102507,102507,Intersection,Cycles,0,,,0,,04/26/2009 12:00:00 AM +0000,4/26/2009 6:49:00 PM,1,30097,At Intersection (intersection related),Daylight,M L KING JR WAY AND E ALDER ST,0,1,,3,3287459,Dry,18,"MOTOR VEHICLE STRUCK PEDALCYCLIST, FRONT END AT ANGLE",09116002,11483,0,2,Injury Collision,,45,Bicycle,Matched,0,1,Clear or Partly Cloudy,0,"(47.60424209800004, -122.29679819299997)",0,0,N,09-141636
74096,103457,103457,Block,Cycles,44,,,0,,04/25/2009 12:00:00 AM +0000,4/25/2009 7:00:00 AM,0,,Mid-Block (not related to intersection),Dawn,TAYLOR AVE N BETWEEN ALOHA ST AND WARD PL,0,1,,2,C719928,Dry,11,"MOTOR VEHICLE STRUCK MOTOR VEHICLE, FRONT END AT ANGLE",09115025,13080,0,1,Property Damage Only Collision,,45,Bicycle,Matched,0,1,Clear or Partly Cloudy,0,"(47.62727483400005, -122.34624372199994)",11243,0,N,
74126,103586,103586,Block,Cycles,340.5,,,0,,03/07/2009 12:00:00 AM +0000,3/7/2009,1,,Mid-Block (not related to intersection),Daylight,NE 55TH ST BETWEEN 43RD AVE NE AND 45TH AVE NE,0,1,,2,3283933,Wet,56,PEDALCYCLIST STRUCK MOTOR VEHICLE LEFT SIDE SIDESWIPE,09066003,17057,0,2,Injury Collision,,45,Bicycle,Matched,0,1,Overcast,0,"(47.668788594000034, -122.28080181999997)",34171,0,N,09-080356
74164,103852,103852,Block,Cycles,164,,,0,,08/07/2009 12:00:00 AM +0000,8/7/2009,1,,Mid-Block (but intersection related),Daylight,E PIKE ST BETWEEN HARVARD AVE AND BROADWAY,0,1,,2,3199372,Dry,54,PEDALCYCLIST STRUCK MOTOR VEHICLE REAR END,09219039,14599,0,2,Injury Collision,,45,Bicycle,Matched,0,1,Clear or Partly Cloudy,0,"(47.61407091900003, -122.32144766799996)",31201,0,N,09-278031
74264,103982,103982,Intersection,Cycles,0, ,,1,,07/01/2009 12:00:00 AM +0000,7/1/2009,1,27982,At Intersection (intersection related),Dark - Street Lights On,AURORA AVE N AND DEXTER WAY N,0,1,,3,2907125,Dry,18,"MOTOR VEHICLE STRUCK PEDALCYCLIST, FRONT END AT ANGLE",09182026,8917,0,3,Fatality Collision,,45,Bicycle,Matched,1,2,Clear or Partly Cloudy,0,"(47.64058930700003, -122.34631476299995)",0,0,N,2009-228057
74304,103305,103305,Block,Cycles,164,,,0,,02/04/2009 12:00:00 AM +0000,2/4/2009,1,,Driveway Junction,Dawn,E THOMAS ST BETWEEN 15TH S AVE E AND 16TH AVE E,0,1,Y,2,3287716,Dry,18,"MOTOR VEHICLE STRUCK PEDALCYCLIST, FRONT END AT ANGLE",09035016,14859,0,2,Injury Collision,,45,Bicycle,Matched,0,1,Clear or Partly Cloudy,0,"(47.62050127500004, -122.31205001199999)",35281,0,N,09-042337
74305,103304,103304,Intersection,Cycles,0, ,,0,,02/02/2009 12:00:00 AM +0000,2/2/2009,1,23895,At Intersection (intersection related),Daylight,15TH AVE NW AND NW 75TH ST,0,1,,3,3277491,Dry,18,"MOTOR VEHICLE STRUCK PEDALCYCLIST, FRONT END AT ANGLE",09033025,2116,0,2,Injury Collision,,45,Bicycle,Matched,0,1,Clear or Partly Cloudy,0,"(47.68323791900008, -122.37678003499997)",0,521278,N,09-040275
74344,103579,103579,Block,Cycles,165,,,0,,05/16/2009 12:00:00 AM +0000,5/16/2009 12:59:00 PM,0,,Mid-Block (but intersection related),Daylight,NW 83RD ST BETWEEN MARY AVE NW AND 15TH AVE NW,0,1,,2,3284890,Dry,54,PEDALCYCLIST STRUCK MOTOR VEHICLE REAR END,09136002,18937,0,1,Property Damage Only Collision,,45,Bicycle,Matched,0,1,Clear or Partly Cloudy,0,"(47.68872662000007, -122.37612772599999)",0,0,N,09-166579
74353,103025,103025,Block,Cycles,76, ,,0,,02/20/2009 12:00:00 AM +0000,2/20/2009 2:05:00 PM,1,,Driveway Junction,Daylight,BURKE GILMAN TRL BETWEEN 8TH AVE NW AND 8TH AVE NW,0,1,Y,2,3210351,Dry,18,"MOTOR VEHICLE STRUCK PEDALCYCLIST, FRONT END AT ANGLE",09051019,287188,0,2,Injury Collision,,45,Bicycle,Matched,0,1,Clear or Partly Cloudy,0,"(47.659098415000074, -122.36625996299995)",0,630875,N,09-062453
74354,103024,103024,Intersection,Cycles,0,,,0,,09/13/2009 12:00:00 AM +0000,9/13/2009 2:25:00 AM,1,31285,At Intersection (intersection related),Dark - Street Lights On,15TH AVE S AND S COLLEGE ST,0,1,Y,2,3283467,Dry,18,"MOTOR VEHICLE STRUCK PEDALCYCLIST, FRONT END AT ANGLE",09256002,2141,0,2,Injury Collision,,45,Bicycle,Matched,0,1,Clear or Partly Cloudy,0,"(47.582981946000075, -122.31339442999996)",14060,0,N,09-324058
74367,102759,102759,Intersection,Cycles,0, ,,0,,11/16/2009 12:00:00 AM +0000,11/16/2009 5:10:00 PM,0,287158,At Intersection (intersection related),Dark - Street Lights Off,BROOKLYN AVE NE AND BURKE GILMAN TRL,0,1,,2,3198558,Wet,18,"MOTOR VEHICLE STRUCK PEDALCYCLIST, FRONT END AT ANGLE",09320001,287256,0,1,Property Damage Only Collision,,45,Bicycle,Matched,0,1,Raining,0,"(47.654209094000066, -122.31447179599996)",0,525567,N,09-400318
74375,102626,102626,Intersection,Cycles,0, ,,0,,07/10/2009 12:00:00 AM +0000,7/10/2009 6:45:00 PM,1,35910,At Intersection (intersection related),Daylight,MERIDIAN AVE N AND N 145TH ST,0,1,,2,2877980,Dry,18,"MOTOR VEHICLE STRUCK PEDALCYCLIST, FRONT END AT ANGLE",09191050,15280,0,2,Injury Collision,,45,Bicycle,Matched,0,1,Clear or Partly Cloudy,0,"(47.73413650100008, -122.33427594299997)",0,523998,N,
74388,104105,104105,Block,Cycles,922.5,,,0,Y,07/05/2009 12:00:00 AM +0000,7/5/2009,1,,Driveway Junction,Daylight,HARBOR AVE SW BETWEEN SW HARBOR LN AND SW SPOKANE NR ST,0,1,,4,3296120,Dry,51,PEDALCYCLIST STRUCK MOTOR VEHICLE FRONT END AT ANGLE,09186022,10821,1,2b,Serious Injury Collision,,45,Bicycle,Matched,0,1,Clear or Partly Cloudy,0,"(47.574311359000035, -122.37093230899995)",4282,0,N,2009-233683
74451,103291,103291,Intersection,Cycles,0,,,0,,09/25/2009 12:00:00 AM +0000,9/25/2009 4:40:00 PM,0,29878,At Intersection (intersection related),Daylight,BOREN AVE AND PIKE ST,0,1,,2,3326534,Dry,51,PEDALCYCLIST STRUCK MOTOR VEHICLE FRONT END AT ANGLE,09268005,9319,0,1,Property Damage Only Collision,,45,Bicycle,Matched,0,1,Clear or Partly Cloudy,0,"(47.613465820000044, -122.32891310199994)",31087,0,N,09-339598
74510,104233,104233,Intersection,Cycles,0,,,0,,10/09/2009 12:00:00 AM +0000,10/9/2009,1,29587,At Intersection (intersection related),Daylight,3RD AVE AND PIKE ST,0,1,,2,3345176,Dry,21,"MOTOR VEHICLE STRUCK PEDALCYCLIST, REAR END",09282002,4384,0,2,Injury Collision,,45,Bicycle,Matched,0,1,Clear or Partly Cloudy,0,"(47.60974973300006, -122.33779291599996)",35770,0,N,2009-356463
74518,102884,102884,Block,Cycles,115,,,0,,05/14/2009 12:00:00 AM +0000,5/14/2009 2:38:00 PM,1,,Mid-Block (but intersection related),Daylight,E ROANOKE ST BETWEEN GLENWILDE PL E AND 25TH AVE E,0,1,,2,2898937,Dry,51,PEDALCYCLIST STRUCK MOTOR VEHICLE FRONT END AT ANGLE,09134004,14736,0,2,Injury Collision,,45,Bicycle,Matched,0,1,Clear or Partly Cloudy,0,"(47.64314903700006, -122.30071450999998)",0,0,N,09-163904
74572,103562,103562,Intersection,Cycles,0,,,0,,01/22/2009 12:00:00 AM +0000,1/22/2009 7:35:00 AM,1,31372,At Intersection (intersection related),Dawn,1ST AVE S AND S LANDER ST,0,1,Y,2,3289460,Dry,51,PEDALCYCLIST STRUCK MOTOR VEHICLE FRONT END AT ANGLE,09022025,1208,0,2,Injury Collision,,45,Bicycle,Matched,0,1,Overcast,0,"(47.579811138000025, -122.33420081399998)",5336,0,N,2009-26446
74574,103560,103560,Intersection,Cycles,0,,,0,,01/21/2009 12:00:00 AM +0000,1/21/2009 7:23:00 AM,2,26774,At Intersection (intersection related),Dawn,15TH AV W NB OFF RP AND W DRAVUS ST,0,2,,2,3273989,Dry,58,PEDALCYCLIST STRUCK PEDALCYCLIST FRONT END AT ANGLE,09021001,2202,0,2,Injury Collision,,45,Bicycle,Matched,0,0,Clear or Partly Cloudy,0,"(47.648468285000035, -122.37610866399996)",16062,0,N,2009-25085
74636,102738,102738,Intersection,Cycles,0,,,0,,05/01/2009 12:00:00 AM +0000,5/1/2009,1,27182,At Intersection (intersection related),Daylight,2ND AVE NE AND NE 45TH ST,0,1,Y,3,3287033,Dry,51,PEDALCYCLIST STRUCK MOTOR VEHICLE FRONT END AT ANGLE,09121031,2803,0,2,Injury Collision,,45,Bicycle,Matched,0,1,Clear or Partly Cloudy,0,"(47.661354747000075, -122.32725022499994)",6532,0,N,09-147555
74664,102607,102607,Block,Cycles,185,,,0,,06/01/2009 12:00:00 AM +0000,6/1/2009,0,,Mid-Block (not related to intersection),Daylight,UNIVERSITY BR BETWEEN FUHRMAN AVE E AND POINT A,0,1,,2,3205952,Dry,55,PEDALCYCLIST STRUCK MOTOR VEHICLE RIGHT SIDE SIDESWIPE,09152002,13189,0,1,Property Damage Only Collision,,45,Bicycle,Matched,0,1,Clear or Partly Cloudy,0,"(47.65202472800007, -122.32092404899998)",15452,0,N,09-188705
74823,101512,101512,Intersection,Cycles,0,,,0,,05/01/2009 12:00:00 AM +0000,5/1/2009,1,29508,At Intersection (intersection related),Daylight,DENNY WAY AND TERRY AVE,0,1,Y,3,3200440,Dry,51,PEDALCYCLIST STRUCK MOTOR VEHICLE FRONT END AT ANGLE,09121005,10016,0,2,Injury Collision,,45,Bicycle,Matched,0,1,Clear or Partly Cloudy,0,"(47.61852939200003, -122.33728173199995)",23507,0,N,09-147296
74834,101917,101917,Intersection,Cycles,0, ,,0,,01/24/2009 12:00:00 AM +0000,1/24/2009 9:16:00 PM,1,27149,At Intersection (intersection related),Dark - Street Lights On,15TH AVE NE AND NE PACIFIC ST,0,1,,3,3210551,Wet,18,"MOTOR VEHICLE STRUCK PEDALCYCLIST, FRONT END AT ANGLE",09024002,2028,0,2,Injury Collision,,45,Bicycle,Matched,0,2,Raining,0,"(47.65297596400006, -122.31246414499998)",0,520838,N,2009-029864
74869,100963,100963,Intersection,Cycles,0,,,0,,03/24/2009 12:00:00 AM +0000,3/24/2009 7:45:00 AM,0,35274,At Intersection (intersection related),Daylight,RENTON AVE S AND S HENDERSON ST,0,1,,2,3296789,Dry,18,"MOTOR VEHICLE STRUCK PEDALCYCLIST, FRONT END AT ANGLE",09083008,12525,0,1,Property Damage Only Collision,,45,Bicycle,Matched,0,1,Overcast,0,"(47.52331233900003, -122.27640325499999)",14444,0,N,2009-99982
74893,100829,100829,Block,Cycles,352,,,0,,09/13/2009 12:00:00 AM +0000,9/13/2009 2:00:00 PM,1,,Mid-Block (not related to intersection),Daylight,M L KING JR WAY BETWEEN E ALDER ST AND E JEFFERSON ST,0,1,Y,2,3328359,Dry,23,"MOTOR VEHICLE STRUCK PEDALCYCLIST, LEFT SIDE SIDESWIPE",09256028,11483,0,2,Injury Collision,,45,Bicycle,Matched,0,1,Clear or Partly Cloudy,0,"(47.60520605800008, -122.29679336599997)",10171,0,N,09-327970
74914,100418,100418,Block,Cycles,277,,,0,,06/02/2009 12:00:00 AM +0000,6/2/2009,1,,Mid-Block (not related to intersection),Daylight,15TH AVE S BETWEEN S ATLANTIC ST AND S MASSACHUSETTS ST,0,1,,2,3285457,Dry,56,PEDALCYCLIST STRUCK MOTOR VEHICLE LEFT SIDE SIDESWIPE,09153020,2133,0,2,Injury Collision,,45,Bicycle,Matched,0,1,Clear or Partly Cloudy,0,"(47.58923541000007, -122.31375094099997)",14089,0,N,09-190100
74944,101910,101910,Block,Cycles,117.5,,,0,,08/12/2009 12:00:00 AM +0000,8/12/2009 8:40:00 AM,1,,Mid-Block (not related to intersection),Daylight,VIRGINIA ST BETWEEN TERRY AVE AND FAIRVIEW AVE,0,1,Y,4,3344685,Wet,21,"MOTOR VEHICLE STRUCK PEDALCYCLIST, REAR END",09224021,13320,0,2,Injury Collision,,45,Bicycle,Matched,0,1,Clear or Partly Cloudy,0,"(47.61729106900003, -122.33456437099994)",14339,0,N,2009-283502
74947,102318,102318,Intersection,Cycles,0,,,0,,01/28/2009 12:00:00 AM +0000,1/28/2009 8:30:00 AM,1,29205,At Intersection (intersection related),Daylight,24TH AVE E AND E PROSPECT ST,0,1,,2,2882766,Dry,51,PEDALCYCLIST STRUCK MOTOR VEHICLE FRONT END AT ANGLE,09028021,3543,0,2,Injury Collision,Y,45,Bicycle,Matched,0,1,Clear or Partly Cloudy,0,"(47.62926766700008, -122.30166617799995)",22536,0,N,2009-035281
74950,102315,102315,Intersection,Cycles,0,,,0,,09/30/2009 12:00:00 AM +0000,9/30/2009 8:35:00 AM,1,25978,At Intersection (intersection related),Daylight,15TH AVE NE AND NE 62ND ST,0,1,,2,3207302,Dry,51,PEDALCYCLIST STRUCK MOTOR VEHICLE FRONT END AT ANGLE,09273019,2046,0,2,Injury Collision,,45,Bicycle,Matched,0,1,Clear or Partly Cloudy,0,"(47.673978427000065, -122.31191775499997)",29058,0,N,09-345315
74964,101224,101224,Block,Cycles,122,,,0,,01/21/2009 12:00:00 AM +0000,1/21/2009 7:18:00 AM,1,,Mid-Block (but intersection related),Dawn,BEACON ER AVE S BETWEEN S DAWSON ST AND S BENNETT N ST,0,1,,2,3289157,Dry,51,PEDALCYCLIST STRUCK MOTOR VEHICLE FRONT END AT ANGLE,09021003,167174,1,2b,Serious Injury Collision,,45,Bicycle,Matched,0,1,Clear or Partly Cloudy,0,"(47.55563121700004, -122.30313970599997)",12886,0,N,09-025081
75002,101635,101635,Intersection,Cycles,0,,,0,,06/28/2009 12:00:00 AM +0000,6/28/2009 7:16:00 PM,1,26581,At Intersection (intersection related),Daylight,28TH AVE W AND W DRAVUS ST,0,1,,2,3208405,Dry,18,"MOTOR VEHICLE STRUCK PEDALCYCLIST, FRONT END AT ANGLE",09179008,4249,0,2,Injury Collision,,45,Bicycle,Matched,0,1,Clear or Partly Cloudy,0,"(47.64864617600006, -122.39290032499997)",29577,0,N,09-223809
75031,100952,100952,Block,Cycles,165,,,0,,05/30/2009 12:00:00 AM +0000,5/30/2009 2:23:00 PM,1,,Driveway Junction,Daylight,HARVARD AVE E BETWEEN E SHELBY ST AND E GWINN PL,0,1,,2,2906494,Dry,18,"MOTOR VEHICLE STRUCK PEDALCYCLIST, FRONT END AT ANGLE",09150004,10860,0,2,Injury Collision,Y,45,Bicycle,Matched,0,1,Clear or Partly Cloudy,0,"(47.647372983000025, -122.32210191399997)",0,0,N,2009-185789
75033,100826,100826,Block,Cycles,116,,,0,,06/12/2009 12:00:00 AM +0000,6/12/2009 4:36:00 PM,0,,Mid-Block (not related to intersection),Daylight,12TH AVE BETWEEN E REMINGTON CT AND E JEFFERSON ST,0,1,Y,2,3281759,Dry,56,PEDALCYCLIST STRUCK MOTOR VEHICLE LEFT SIDE SIDESWIPE,09163007,1528,0,1,Property Damage Only Collision,,45,Bicycle,Matched,0,1,Clear or Partly Cloudy,0,"(47.60588380000007, -122.31678057699997)",10600,0,N,2009-203161
75064,101907,101907,Intersection,Cycles,0, ,,0,,08/10/2009 12:00:00 AM +0000,8/10/2009 5:27:00 PM,1,36637,At Intersection (intersection related),Daylight,25TH AVE NE AND NE 117TH ST,0,1,Y,3,3198634,Dry,51,PEDALCYCLIST STRUCK MOTOR VEHICLE FRONT END AT ANGLE,09222024,3743,0,2,Injury Collision,,45,Bicycle,Matched,0,1,Clear or Partly Cloudy,0,"(47.71387809700008, -122.30177243199995)",0,0,N,09-281552
75110,101628,101628,Block,Cycles,68.5, ,,0,,08/12/2009 12:00:00 AM +0000,8/12/2009 9:25:00 AM,1,,Mid-Block (but intersection related),Daylight,STONE WAY N BETWEEN N NORTHLAKE WAY AND N 34TH ST,0,1,,2,3289818,Dry,51,PEDALCYCLIST STRUCK MOTOR VEHICLE FRONT END AT ANGLE,09224023,12954,0,2,Injury Collision,Y,45,Bicycle,Matched,0,1,Clear or Partly Cloudy,0,"(47.64835110300004, -122.34278486699998)",0,523424,N,09-283540
75115,101494,101494,Block,Cycles,479, ,,0,,12/18/2009 12:00:00 AM +0000,12/18/2009 4:28:00 PM,1,,Mid-Block (not related to intersection),Dark - Street Lights On,NE PACIFIC PL BETWEEN NE PACIFIC ST AND MONTLAKE BLVD NE,0,1,Y,2,3210397,Dry,18,"MOTOR VEHICLE STRUCK PEDALCYCLIST, FRONT END AT ANGLE",09352030,18037,0,2,Injury Collision,,45,Bicycle,Matched,0,1,Overcast,0,"(47.65062622700003, -122.30572030799999)",0,524520,N,09-434753
75124,100811,100811,Block,Cycles,295,,,0,,06/05/2009 12:00:00 AM +0000,6/5/2009,1,,Mid-Block (not related to intersection),Daylight,19TH AVE E BETWEEN E ROY ST AND E ALOHA ST,0,1,Y,2,3199092,Dry,56,PEDALCYCLIST STRUCK MOTOR VEHICLE LEFT SIDE SIDESWIPE,09156044,2660,0,2,Injury Collision,,45,Bicycle,Matched,0,1,Overcast,0,"(47.626041573000066, -122.30730824899996)",8893,0,N,2009-193536
75126,100682,100682,Intersection,Cycles,0,,,0,,05/23/2009 12:00:00 AM +0000,5/23/2009 8:44:00 PM,1,29911,At Intersection (intersection related),Daylight,7TH AVE AND UNION ST,0,1,,2,3208497,Dry,18,"MOTOR VEHICLE STRUCK PEDALCYCLIST, FRONT END AT ANGLE",09143003,8157,0,2,Injury Collision,,45,Bicycle,Matched,0,1,Clear or Partly Cloudy,0,"(47.610614154000075, -122.33244672399996)",37014,0,N,2009-176467
75176,100270,100270,Block,Cycles,171,,,0,,01/21/2009 12:00:00 AM +0000,1/21/2009 11:06:00 AM,1,,Mid-Block (not related to intersection),Daylight,E UNION ST BETWEEN 14TH AVE AND 15TH AVE,0,1,,2,3282932,Dry,18,"MOTOR VEHICLE STRUCK PEDALCYCLIST, FRONT END AT ANGLE",09021004,14892,0,2,Injury Collision,,45,Bicycle,Matched,0,1,Overcast,0,"(47.61291457800007, -122.31347563099996)",9297,0,N,09-025311