OBJECTID,INCKEY,COLDETKEY,ADDRTYPE,COLLISIONTYPE,DISTANCE,EXCEPTRSNCODE,EXCEPTRSNDESC,FATALITIES,INATTENTIONIND,INCDATE,INCDTTM,INJURIES,INTKEY,JUNCTIONTYPE,LIGHTCOND,LOCATION,PEDCOUNT,PEDCYLCOUNT,PEDROWNOTGRNT,PERSONCOUNT,REPORTNO,ROADCOND,SDOT_COLCODE,SDOT_COLDESC,SDOTCOLNUM,SEGKEY,SERIOUSINJURIES,SEVERITYCODE,SEVERITYDESC,SPEEDING,ST_COLCODE,ST_COLDESC,STATUS,UNDERINFL,VEHCOUNT,WEATHER,WIDTH,Shape,SEGLANEKEY,CROSSWALKKEY,HITPARKEDCAR,SPDCASENO
75203,101895,101895,Block,Cycles,142.5,,,0,,03/10/2009 12:00:00 AM +0000,3/10/2009 7:10:00 PM,1,,Driveway Junction,Dusk,NE 41ST ST BETWEEN BROOKLYN AVE NE AND UNIVERSITY WAY NE,0,1,,3,3210258,Dry,18,"MOTOR VEHICLE STRUCK PEDALCYCLIST, FRONT END AT ANGLE",09069002,16756,0,2,Injury Collision,,45,Bicycle,Matched,0,1,Clear or Partly Cloudy,0,"(47.656841229000065, -122.31382613799997)",0,0,N,2009-083980
75275,100941,100941,Intersection,Cycles,0,,,0,,10/09/2009 12:00:00 AM +0000,10/9/2009,1,29579,At Intersection (intersection related),Dark - Street Lights On,4TH AVE AND PINE ST,0,1,,2,3328451,Dry,18,"MOTOR VEHICLE STRUCK PEDALCYCLIST, FRONT END AT ANGLE",09282003,6133,0,2,Injury Collision,,45,Bicycle,Matched,1,1,Clear or Partly Cloudy,0,"(47.61120737300007, -122.33759198199999)",12763,0,N,09-357279
75355,102291,102291,Intersection,Cycles,0, ,,0,,02/01/2009 12:00:00 AM +0000,2/1/2009,1,30144,At Intersection (intersection related),Dark - Street Lights On,18TH AVE AND E UNION ST,0,1,Y,2,3283001,Dry,51,PEDALCYCLIST STRUCK MOTOR VEHICLE FRONT END AT ANGLE,09032003,2540,0,2,Injury Collision,,45,Bicycle,Matched,0,1,Clear or Partly Cloudy,0,"(47.612901753000074, -122.30886086799995)",9324,0,N,2009-39218
75366,101340,101340,Intersection,Cycles,0,,,0,,06/04/2009 12:00:00 AM +0000,6/4/2009,1,25525,At Intersection (intersection related),Daylight,MERIDIAN AVE N AND N 50TH ST,0,1,,3,3207108,Dry,18,"MOTOR VEHICLE STRUCK PEDALCYCLIST, FRONT END AT ANGLE",09155041,11798,0,2,Injury Collision,,45,Bicycle,Matched,0,1,Clear or Partly Cloudy,0,"(47.66503572100004, -122.33371870099995)",31676,0,N,09-192190
75465,102146,102146,Block,Cycles,198,,,0,,04/17/2009 12:00:00 AM +0000,4/17/2009 9:28:00 AM,1,,Mid-Block (not related to intersection),Daylight,ROOSEVELT WAY NE BETWEEN NE 42ND N ST AND NE 43RD S ST,0,1,,1,3277107,Wet,69,PEDALCYCLIST OVERTURNED IN ROAD,09107008,12596,0,2,Injury Collision,,45,Bicycle,Matched,0,0,Overcast,0,"(47.65891124900003, -122.31776594999997)",8990,0,N,2009-129267
75495,101877,101877,Intersection,Cycles,0,,,0,,01/14/2009 12:00:00 AM +0000,1/14/2009 3:15:00 PM,0,25115,At Intersection (intersection related),Unknown,22ND AVE NW AND NW 62ND ST,0,1,,2,C716590,Dry,18,"MOTOR VEHICLE STRUCK PEDALCYCLIST, FRONT END AT ANGLE",09014031,3287,0,1,Property Damage Only Collision,,45,Bicycle,Matched,0,1,Clear or Partly Cloudy,0,"(47.67382941100004, -122.38474112399996)",0,0,N,
75534,102279,102279,Intersection,Cycles,0,,,0,,01/26/2009 12:00:00 AM +0000,1/26/2009 12:05:00 PM,1,36585,At Intersection (intersection related),Daylight,CORLISS AVE N AND N NORTHGATE WAY,0,1,,2,3282573,Dry,51,PEDALCYCLIST STRUCK MOTOR VEHICLE FRONT END AT ANGLE,09026005,16120,0,2,Injury Collision,,45,Bicycle,Matched,0,1,Clear or Partly Cloudy,0,"(47.70864592500004, -122.33131365399998)",18972,0,N,2009-031572
75537,100654,100654,Block,Cycles,118.5,,,0,,08/21/2009 12:00:00 AM +0000,8/21/2009 7:23:00 PM,1,,Driveway Junction,Daylight,CALIFORNIA AVE SW BETWEEN SW GRAHAM ST AND SW EDDY ST,0,1,,3,2796464,Dry,54,PEDALCYCLIST STRUCK MOTOR VEHICLE REAR END,09233004,9563,0,2,Injury Collision,,45,Bicycle,Matched,0,2,Clear or Partly Cloudy,0,"(47.54635981300004, -122.38719884099999)",2758,0,N,09-295815
75576,100790,100790,Intersection,Cycles,0,,,0,,06/02/2009 12:00:00 AM +0000,6/2/2009,0,29740,At Intersection (intersection related),Daylight,12TH AVE AND E PINE ST,0,1,Y,2,2623447,Dry,21,"MOTOR VEHICLE STRUCK PEDALCYCLIST, REAR END",09153018,1547,0,1,Property Damage Only Collision,,45,Bicycle,Matched,0,1,Clear or Partly Cloudy,0,"(47.61526393300005, -122.31685416899995)",10827,0,N,09-189964
75597,102009,102009,Intersection,Cycles,0,,,0,,10/12/2009 12:00:00 AM +0000,10/12/2009 6:55:00 AM,1,30750,At Intersection (intersection related),Dawn,17TH AVE S AND S JACKSON ST,0,1,Y,3,3207651,Dry,18,"MOTOR VEHICLE STRUCK PEDALCYCLIST, FRONT END AT ANGLE",09285003,20497,0,2,Injury Collision,,45,Bicycle,Matched,0,1,Clear or Partly Cloudy,0,"(47.59923179300006, -122.31027221399995)",11031,0,N,09-359742
75639,101180,101180,Intersection,Cycles,0, ,,0,,05/07/2009 12:00:00 AM +0000,5/7/2009,1,27167,At Intersection (intersection related),Daylight,UNIVERSITY WAY NE AND NE PACIFIC ST,0,1,Y,2,3210306,Wet,18,"MOTOR VEHICLE STRUCK PEDALCYCLIST, FRONT END AT ANGLE",09127002,13215,0,2,Injury Collision,,45,Bicycle,Matched,0,1,Raining,0,"(47.65339944100003, -122.31333457599999)",0,522415,N,09-155394
75665,100915,100915,Intersection,Cycles,0,,,0,,06/28/2009 12:00:00 AM +0000,6/28/2009 5:56:00 PM,0,33562,At Intersection (intersection related),Daylight,RAINIER AVE S AND S ANGELINE ST,0,1,Y,2,3285532,Dry,18,"MOTOR VEHICLE STRUCK PEDALCYCLIST, FRONT END AT ANGLE",09179001,12385,0,1,Property Damage Only Collision,,45,Bicycle,Matched,0,1,Clear or Partly Cloudy,0,"(47.55946382600007, -122.28596362199994)",0,0,N,2009-223731
75712,100510,100510,Intersection,Cycles,0,,,0,,04/16/2009 12:00:00 AM +0000,4/16/2009 5:57:00 AM,1,26640,At Intersection (intersection related),Dawn,LEARY WAY NW AND NW 41ST ST,0,1,Y,2,2623934,Dry,51,PEDALCYCLIST STRUCK MOTOR VEHICLE FRONT END AT ANGLE,09106005,11339,0,2,Injury Collision,,45,Bicycle,Matched,0,1,Overcast,0,"(47.65693614800006, -122.36276701099996)",17393,0,N,09-127771
75748,100237,100237,Intersection,Cycles,0, ,,0,,12/08/2009 12:00:00 AM +0000,12/8/2009,1,30392,At Intersection (intersection related),Dark - Street Lights On,ALASKAN WAY S AND ALASKAN E RDWY WAY S,0,1,Y,2,3201017,Dry,18,"MOTOR VEHICLE STRUCK PEDALCYCLIST, FRONT END AT ANGLE",09342001,8740,0,2,Injury Collision,,45,Bicycle,Matched,0,1,Clear or Partly Cloudy,0,"(47.597269606000054, -122.33591132499998)",0,522601,N,09-423622
75756,101177,101177,Intersection,Cycles,0,,,0,,09/22/2009 12:00:00 AM +0000,9/22/2009 11:46:00 AM,2,29341,At Intersection (intersection related),Daylight,21ST AVE E AND E MERCER ST,0,1,,2,3199389,Dry,18,"MOTOR VEHICLE STRUCK PEDALCYCLIST, FRONT END AT ANGLE",09265005,3112,0,2,Injury Collision,,45,Bicycle,Matched,0,1,Clear or Partly Cloudy,0,"(47.62440457400004, -122.30466749399994)",0,0,N,09-335384
75886,101029,101029,Intersection,Cycles,0, ,,0,Y,10/19/2009 12:00:00 AM +0000,10/19/2009 5:00:00 PM,0,29805,At Intersection (intersection related),Daylight,14TH AVE AND E JEFFERSON ST,0,1,Y,2,3207703,Dry,18,"MOTOR VEHICLE STRUCK PEDALCYCLIST, FRONT END AT ANGLE",09292002,1845,0,1,Property Damage Only Collision,,45,Bicycle,Matched,0,1,Clear or Partly Cloudy,0,"(47.60619196400006, -122.314165334)",0,524055,N,09-368835
75944,100356,100356,Intersection,Cycles,0, ,,0,,08/27/2009 12:00:00 AM +0000,8/27/2009 2:24:00 PM,1,24581,At Intersection (intersection related),Daylight,EAST GREEN LAKE DR N AND NE RAVENNA EB BV,0,1,Y,2,3327726,Dry,18,"MOTOR VEHICLE STRUCK PEDALCYCLIST, FRONT END AT ANGLE",09239027,14056,0,2,Injury Collision,,45,Bicycle,Matched,0,1,Clear or Partly Cloudy,0,"(47.679817015000026, -122.32571289799995)",0,524088,N,2009-303005
75956,100625,100625,Intersection,Cycles,0, ,,0,,08/18/2009 12:00:00 AM +0000,8/18/2009 4:00:00 PM,1,25147,At Intersection (intersection related),Daylight,TALLMAN AVE NW AND NW MARKET ST,0,1,Y,2,3328157,Dry,18,"MOTOR VEHICLE STRUCK PEDALCYCLIST, FRONT END AT ANGLE",09230001,19231,0,2,Injury Collision,,45,Bicycle,Matched,0,1,Clear or Partly Cloudy,0,"(47.66867507400008, -122.38157414899996)",0,596167,N,2009-291690
75964,100490,100490,Block,Cycles,124.5,,,0,,10/21/2009 12:00:00 AM +0000,10/21/2009 2:16:00 PM,1,,Driveway Junction,Daylight,NE 45TH ST BETWEEN 1ST AVE NE AND 2ND AVE NE,0,1,Y,2,3332762,Dry,51,PEDALCYCLIST STRUCK MOTOR VEHICLE FRONT END AT ANGLE,09294010,16838,0,2,Injury Collision,,45,Bicycle,Matched,0,1,Clear or Partly Cloudy,0,"(47.661357277000036, -122.32775751099996)",6532,0,N,09-370996
76028,101566,101566,Intersection,Cycles,0, ,,0,,10/01/2009 12:00:00 AM +0000,10/1/2009,1,37769,At Intersection (intersection related),Daylight,20TH AVE NE AND LAKE CITY WAY NE,0,1,Y,2,3198592,Wet,18,"MOTOR VEHICLE STRUCK PEDALCYCLIST, FRONT END AT ANGLE",09274002,2980,0,2,Injury Collision,,45,Bicycle,Matched,0,1,Clear or Partly Cloudy,0,"(47.691236167000056, -122.30684853599996)",0,524603,N,2009-346481
76029,101565,101565,Intersection,Cycles,0, ,,0,,09/30/2009 12:00:00 AM +0000,9/30/2009 7:25:00 PM,0,24350,At Intersection (intersection related),Dark - Street Lights On,GREENWOOD AVE N AND N 67TH ST,1,0,Y,2,3344593,Dry,18,"MOTOR VEHICLE STRUCK PEDALCYCLIST, FRONT END AT ANGLE",09273022,275587,0,1,Property Damage Only Collision,,45,Bicycle,Matched,0,1,Clear or Partly Cloudy,0,"(47.67778147200005, -122.35532238399998)",0,0,N,09-345989
76049,101571,101571,Block,Cycles,213,,,0,,08/13/2009 12:00:00 AM +0000,8/13/2009 6:15:00 PM,1,,Driveway Junction,Daylight,WESTERN AVE BETWEEN UNION ST AND PIKE ST,0,1,Y,2,3280359,Wet,51,PEDALCYCLIST STRUCK MOTOR VEHICLE FRONT END AT ANGLE,09225004,13503,0,2,Injury Collision,,45,Bicycle,Matched,0,1,Overcast,0,"(47.60785918400006, -122.34066884699996)",13038,0,N,09-285415
76069,100751,100751,Intersection,Cycles,0,,,0,,02/19/2009 12:00:00 AM +0000,2/19/2009 2:49:00 PM,0,26052,At Intersection (intersection related),Daylight,15TH AVE NE AND NE 50TH ST,0,1,Y,2,3286712,Dry,18,"MOTOR VEHICLE STRUCK PEDALCYCLIST, FRONT END AT ANGLE",09050002,2037,0,1,Property Damage Only Collision,,45,Bicycle,Matched,0,1,Clear or Partly Cloudy,0,"(47.66489281100007, -122.31193741899995)",28979,0,N,09-061318
76104,100892,100892,Intersection,Cycles,0,,,0,,08/24/2009 12:00:00 AM +0000,8/24/2009 4:40:00 PM,1,29567,At Intersection (intersection related),Daylight,5TH AVE AND OLIVE WAY,0,1,,2,3286042,Dry,51,PEDALCYCLIST STRUCK MOTOR VEHICLE FRONT END AT ANGLE,09236002,7241,1,2b,Serious Injury Collision,,45,Bicycle,Matched,0,1,Clear or Partly Cloudy,0,"(47.612665347000075, -122.33739360399994)",14355,0,N,09-299326
76108,100889,100889,Block,Cycles,120.5, ,,1,,02/04/2009 12:00:00 AM +0000,2/4/2009,0,,Mid-Block (not related to intersection),Daylight,24TH AVE NW BETWEEN NW 64TH ST AND NW 65TH ST,0,1,,2,2905434,Dry,18,"MOTOR VEHICLE STRUCK PEDALCYCLIST, FRONT END AT ANGLE",09035001,3599,0,3,Fatality Collision,,45,Bicycle,Matched,0,1,Clear or Partly Cloudy,0,"(47.675617111000065, -122.38758443899997)",2152,0,N,09-042431
76119,101839,101839,Intersection,Cycles,0,,,0,,05/06/2009 12:00:00 AM +0000,5/6/2009,1,29157,At Intersection (intersection related),Daylight,BELMONT AVE E AND E OLIVE WAY,1,1,Y,3,3206710,Wet,64,PEDALCYCLIST STRUCK PEDESTRIAN,09126028,9237,0,2,Injury Collision,,45,Bicycle,Matched,0,1,Raining,0,"(47.61966624400003, -122.32401126599996)",23250,0,N,2009-153876
76163,101014,101014,Block,Cycles,395,,,0,,04/07/2009 12:00:00 AM +0000,4/7/2009,1,,Mid-Block (not related to intersection),Daylight,LAKESIDE AVE S BETWEEN E YESLER WAY AND S LESCHI PL,0,1,,2,3283551,Dry,56,PEDALCYCLIST STRUCK MOTOR VEHICLE LEFT SIDE SIDESWIPE,09097028,11258,0,2,Injury Collision,,45,Bicycle,Matched,0,1,Clear or Partly Cloudy,0,"(47.60062927900003, -122.28571336199997)",35091,0,N,09-117400
76169,101295,101295,Block,Cycles,213,,,0,,02/28/2009 12:00:00 AM +0000,2/28/2009 6:50:00 PM,1,,Mid-Block (not related to intersection),Dark - Street Lights On,4TH AVE BETWEEN LENORA ST AND BLANCHARD ST,0,1,,3,C719666,Dry,56,PEDALCYCLIST STRUCK MOTOR VEHICLE LEFT SIDE SIDESWIPE,09059037,6138,1,2b,Serious Injury Collision,,45,Bicycle,Matched,0,2,Clear or Partly Cloudy,0,"(47.61421489400004, -122.34198208899994)",12814,0,N,
76209,101010,101010,Block,Cycles,148.5,,,0,,02/19/2009 12:00:00 AM +0000,2/19/2009 2:21:00 PM,1,,Mid-Block (not related to intersection),Daylight,19TH AVE E BETWEEN E MERCER ST AND E ROY ST,0,1,,2,2899264,Dry,56,PEDALCYCLIST STRUCK MOTOR VEHICLE LEFT SIDE SIDESWIPE,09050001,2659,0,2,Injury Collision,,45,Bicycle,Matched,0,1,Clear or Partly Cloudy,0,"(47.624825214000055, -122.30730943499998)",8889,0,N,09-61278
76225,102234,102234,Block,Cycles,190,,,0,,01/21/2009 12:00:00 AM +0000,1/21/2009 9:20:00 AM,1,,Driveway Junction,Daylight,MERCER SR ST BETWEEN BOREN AVE N AND FAIRVIEW N AVE N,0,1,Y,2,3289459,Dry,18,"MOTOR VEHICLE STRUCK PEDALCYCLIST, FRONT END AT ANGLE",09021010,11775,0,2,Injury Collision,,45,Bicycle,Matched,0,1,Clear or Partly Cloudy,0,"(47.62461728400007, -122.33506754299998)",0,0,N,2009-25200
76244,100476,100476,Intersection,Cycles,0,,,0,,11/06/2009 12:00:00 AM +0000,11/6/2009,1,31631,At Intersection (intersection related),Dark - Street Lights On,23RD AVE S AND S MCCLELLAN ST,0,1,Y,2,3344306,Sand/Mud/Dirt,51,PEDALCYCLIST STRUCK MOTOR VEHICLE FRONT END AT ANGLE,09310032,3462,0,2,Injury Collision,,45,Bicycle,Matched,0,1,Raining,0,"(47.57835107900007, -122.30332510499994)",38281,0,N,2009-389570
76269,101414,101414,Block,Cycles,423,,,0,,04/08/2009 12:00:00 AM +0000,4/8/2009,1,,Driveway Junction,Dark - No Street Lights,S JUNEAU ST BETWEEN 25TH AVE S AND 28TH AVE S,0,1,,2,3285127,Dry,18,"MOTOR VEHICLE STRUCK PEDALCYCLIST, FRONT END AT ANGLE",09098018,20538,0,2,Injury Collision,,45,Bicycle,Matched,0,1,Overcast,0,"(47.54997973500008, -122.298595966)",0,0,N,2009-118920
76383,100188,100188,Intersection,Cycles,0,,,0,,01/06/2009 12:00:00 AM +0000,1/6/2009,1,29661,At Intersection (intersection related),Dark - Street Lights On,1ST AVE AND WARREN PL,0,1,Y,2,3285977,Wet,21,"MOTOR VEHICLE STRUCK PEDALCYCLIST, REAR END",09006021,1023,0,2,Injury Collision,Y,45,Bicycle,Matched,0,1,Raining,0,"(47.61788948000003, -122.35415335399995)",14424,0,N,21-Sep
76407,101408,101408,Intersection,Cycles,0, ,,0,,04/17/2009 12:00:00 AM +0000,4/17/2009 5:41:00 PM,1,30436,At Intersection (intersection related),Daylight,12TH AVE S AND S WELLER ST,0,1,Y,2,3283533,Dry,18,"MOTOR VEHICLE STRUCK PEDALCYCLIST, FRONT END AT ANGLE",09107009,21537,0,2,Injury Collision,,45,Bicycle,Matched,0,1,Clear or Partly Cloudy,0,"(47.59749957200006, -122.31722672699999)",0,525494,N,2009-129914
76463,100732,100732,Intersection,Cycles,0,,,0,,10/07/2009 12:00:00 AM +0000,10/7/2009,2,24540,At Intersection (intersection related),Daylight,BAGLEY AVE N AND N 77TH ST,0,1,,3,3207303,Dry,51,PEDALCYCLIST STRUCK MOTOR VEHICLE FRONT END AT ANGLE,09280013,9024,0,2,Injury Collision,Y,45,Bicycle,Matched,0,1,Clear or Partly Cloudy,0,"(47.68508443700006, -122.33162119299999)",0,0,N,09-353898
76482,100863,100863,Block,Cycles,213,,,0,,09/15/2009 12:00:00 AM +0000,9/15/2009 5:07:00 PM,1,,Driveway Junction,Daylight,STONE WAY N BETWEEN N 41ST N ST AND N 42ND ST,0,1,Y,2,3284724,Dry,51,PEDALCYCLIST STRUCK MOTOR VEHICLE FRONT END AT ANGLE,09258014,12963,0,2,Injury Collision,,45,Bicycle,Matched,0,1,Clear or Partly Cloudy,0,"(47.65743061000006, -122.34234102399995)",6343,0,N,09-327067
76536,101670,101670,Intersection,Cycles,0,,,0,,08/19/2009 12:00:00 AM +0000,8/19/2009 4:09:00 PM,1,28767,At Intersection (intersection related),Daylight,DEXTER AVE N AND MERCER ST,0,1,Y,2,3285614,Dry,51,PEDALCYCLIST STRUCK MOTOR VEHICLE FRONT END AT ANGLE,09231026,10076,0,2,Injury Collision,,45,Bicycle,Matched,0,1,Clear or Partly Cloudy,0,"(47.624549727000044, -122.34234960099997)",12649,0,N,09-292991
76540,101396,101396,Intersection,Cycles,0,,,0,,10/22/2009 12:00:00 AM +0000,10/22/2009 6:53:00 PM,1,29860,At Intersection (intersection related),Dark - Street Lights On,SUMMIT AVE AND E PINE ST,0,1,,3,3207731,Dry,23,"MOTOR VEHICLE STRUCK PEDALCYCLIST, LEFT SIDE SIDESWIPE",09295026,12987,0,2,Injury Collision,,45,Bicycle,Matched,0,1,Clear or Partly Cloudy,0,"(47.615218748000075, -122.325528841)",10345,0,N,09-372359
76565,101536,101536,Block,Cycles,365.5,,,0,,08/01/2009 12:00:00 AM +0000,8/1/2009,1,,Driveway Junction,Daylight,21ST AVE W BETWEEN W EMERSON PL AND W ELMORE ST,0,1,,1,3280763,Dry,69,PEDALCYCLIST OVERTURNED IN ROAD,09213011,3217,0,2,Injury Collision,,45,Bicycle,Matched,0,0,Clear or Partly Cloudy,0,"(47.65663125900005, -122.38339089699997)",33816,0,N,09-269346
76580,101122,101122,Intersection,Cycles,0,,,0,,07/28/2009 12:00:00 AM +0000,7/28/2009 10:24:00 PM,1,26795,At Intersection (intersection related),Dark - Street Lights On,STONE WAY N AND N ALLEN PL,0,1,Y,2,3198236,Dry,18,"MOTOR VEHICLE STRUCK PEDALCYCLIST, FRONT END AT ANGLE",09209011,12968,0,2,Injury Collision,,45,Bicycle,Matched,0,1,Clear or Partly Cloudy,0,"(47.66067212100006, -122.34218132399997)",6375,0,N,09-264577
76592,100857,100857,Block,Cycles,162,,,0,,04/08/2009 12:00:00 AM +0000,4/8/2009,1,,Driveway Junction,Daylight,S DEARBORN ST BETWEEN RAINIER AVE S AND HIAWATHA PL S,0,1,,2,3283553,Dry,56,PEDALCYCLIST STRUCK MOTOR VEHICLE LEFT SIDE SIDESWIPE,09098003,19837,0,2,Injury Collision,,45,Bicycle,Matched,0,1,Overcast,0,"(47.595873776000076, -122.31087581799994)",11478,0,N,09-118055
76615,100448,100448,Block,Cycles,190.5,,,0,,07/12/2009 12:00:00 AM +0000,7/12/2009 12:01:00 PM,1,,Driveway Junction,Dark - Street Lights Off,LEARY WAY NW BETWEEN NW BOWDOIN N PL AND NW 40TH ST,0,1,Y,2,3280438,Unknown,18,"MOTOR VEHICLE STRUCK PEDALCYCLIST, FRONT END AT ANGLE",09193004,11337,0,2,Injury Collision,,45,Bicycle,Matched,0,1,Unknown,0,"(47.655624257000056, -122.36149436999995)",17409,0,N,09-242441
76644,100587,100587,Intersection,Cycles,0,,,0,,08/05/2009 12:00:00 AM +0000,8/5/2009,1,29675,At Intersection (intersection related),Daylight,3RD AVE AND VINE ST,0,1,Y,2,3326785,Dry,18,"MOTOR VEHICLE STRUCK PEDALCYCLIST, FRONT END AT ANGLE",09217003,4393,1,2b,Serious Injury Collision,,45,Bicycle,Matched,0,1,Clear or Partly Cloudy,0,"(47.61657884200008, -122.34796376599996)",35614,0,N,2009-275073
76651,100585,100585,Block,Cycles,163.5,,,0,,12/10/2009 12:00:00 AM +0000,12/10/2009 8:28:00 PM,0,,Driveway Junction,Dark - Street Lights On,VALLEY ST BETWEEN BOREN AVE N AND FAIRVIEW AVE N,0,1,Y,2,3208220,Dry,51,PEDALCYCLIST STRUCK MOTOR VEHICLE FRONT END AT ANGLE,09344029,13267,0,1,Property Damage Only Collision,,45,Bicycle,Matched,0,1,Clear or Partly Cloudy,0,"(47.625777535000054, -122.33515575899997)",25038,0,N,2009-425860
76659,100445,100445,Block,Cycles,335.5,,,0,,07/10/2009 12:00:00 AM +0000,7/10/2009 10:28:00 PM,0,,Mid-Block (not related to intersection),Dark - Street Lights On,10TH AVE E BETWEEN E MILLER ST AND E ROANOKE W ST,0,1,,2,3282970,Dry,56,PEDALCYCLIST STRUCK MOTOR VEHICLE LEFT SIDE SIDESWIPE,09191008,1301,0,1,Property Damage Only Collision,,45,Bicycle,Matched,0,1,Clear or Partly Cloudy,0,"(47.64227343300007, -122.32005761599999)",6086,0,N,09-240632
76771,100711,100711,Intersection,Cycles,0,,,0,,03/18/2009 12:00:00 AM +0000,3/18/2009 4:57:00 PM,0,35901,At Intersection (intersection related),Daylight,12TH AVE NE AND NE 125TH ST,0,1,,2,3210532,Dry,51,PEDALCYCLIST STRUCK MOTOR VEHICLE FRONT END AT ANGLE,09077016,1619,0,1,Property Damage Only Collision,,45,Bicycle,Matched,0,1,Clear or Partly Cloudy,0,"(47.71943187000005, -122.31540634199996)",11010,0,N,09-093424
76817,101246,101246,Intersection,Cycles,0,,,0,,09/25/2009 12:00:00 AM +0000,9/25/2009 9:05:00 PM,1,37571,At Intersection (intersection related),Dark - Street Lights Off,MERIDIAN AVE N AND N 92ND ST,0,1,Y,3,3198585,Dry,18,"MOTOR VEHICLE STRUCK PEDALCYCLIST, FRONT END AT ANGLE",09268002,16037,0,2,Injury Collision,,45,Bicycle,Matched,0,1,Clear or Partly Cloudy,0,"(47.695946657000036, -122.333803908)",0,0,N,2009-339892
76824,102203,102203,Intersection,Cycles,0, ,,0,,09/26/2009 12:00:00 AM +0000,9/26/2009 6:06:00 PM,1,287171,At Intersection (intersection related),Daylight,BURKE GILMAN TRL AND NE 65TH ST,0,1,,2,3327986,Dry,18,"MOTOR VEHICLE STRUCK PEDALCYCLIST, FRONT END AT ANGLE",09269027,287215,1,2b,Serious Injury Collision,,45,Bicycle,Matched,0,1,Clear or Partly Cloudy,0,"(47.67573704200004, -122.26656513399996)",0,524265,N,09-341067
76834,101789,101789,Block,Cycles,161,,,0,Y,07/27/2009 12:00:00 AM +0000,7/27/2009 10:02:00 PM,1,,Driveway Junction,Dark - Street Lights On,STEWART ST BETWEEN BOREN AVE AND MINOR AVE,0,1,Y,2,3344705,Dry,18,"MOTOR VEHICLE STRUCK PEDALCYCLIST, FRONT END AT ANGLE",09208035,12908,0,2,Injury Collision,,45,Bicycle,Matched,0,1,Clear or Partly Cloudy,0,"(47.617276211000046, -122.33228969599998)",0,0,N,09-263195
76882,98278,98278,Intersection,Cycles,0, ,,0,,05/11/2009 12:00:00 AM +0000,5/11/2009 5:21:00 PM,1,25698,At Intersection (intersection related),Daylight,ROOSEVELT WAY NE AND NE 64TH ST,0,1,,3,3210543,Dry,51,PEDALCYCLIST STRUCK MOTOR VEHICLE FRONT END AT ANGLE,09131005,12614,0,2,Injury Collision,,45,Bicycle,Matched,0,1,Clear or Partly Cloudy,0,"(47.67497937100006, -122.317363151)",9212,0,N,09-160469
76891,99894,99894,Block,Cycles,206,,,0,,09/22/2009 12:00:00 AM +0000,9/22/2009 9:03:00 AM,1,,Mid-Block (not related to intersection),Daylight,15TH AVE W BETWEEN W BLAINE ST AND W HOWE ST,0,1,Y,2,3295884,Dry,18,"MOTOR VEHICLE STRUCK PEDALCYCLIST, FRONT END AT ANGLE",09265001,2185,0,2,Injury Collision,,45,Bicycle,Matched,0,1,Clear or Partly Cloudy,0,"(47.63538625000007, -122.37613581299996)",18997,0,N,2009 335257
76909,99614,99614,Block,Cycles,269, ,,0,,05/18/2009 12:00:00 AM +0000,5/18/2009 12:40:00 PM,1,,Mid-Block (not related to intersection),Daylight,UNIVERSITY WAY NE BETWEEN NE 43RD ST AND NE 45TH ST,1,1,Y,2,3210135,Dry,64,PEDALCYCLIST STRUCK PEDESTRIAN,09138005,13221,0,2,Injury Collision,,45,Bicycle,Matched,0,0,Clear or Partly Cloudy,0,"(47.66053087600005, -122.31314903299995)",5653,522427,N,2009-169184
76981,98550,98550,Block,Cycles,213,,,0,,01/14/2009 12:00:00 AM +0000,1/14/2009 7:35:00 AM,1,,Driveway Junction,Daylight,17TH AVE BETWEEN E CHERRY ST AND E COLUMBIA ST,0,1,,2,3287737,Dry,54,PEDALCYCLIST STRUCK MOTOR VEHICLE REAR END,09014013,2360,0,2,Injury Collision,Y,45,Bicycle,Matched,0,1,Clear or Partly Cloudy,0,"(47.60861439900003, -122.31023183999997)",0,0,N,2009-16668
76990,98691,98691,Block,Cycles,161,,,0,,08/26/2009 12:00:00 AM +0000,8/26/2009 11:10:00 PM,1,,Driveway Junction,Dark - Street Lights On,E PIKE ST BETWEEN 13TH AVE AND 14TH AVE,0,1,,2,3207376,Dry,18,"MOTOR VEHICLE STRUCK PEDALCYCLIST, FRONT END AT ANGLE",09238010,14604,0,2,Injury Collision,,45,Bicycle,Matched,0,1,Clear or Partly Cloudy,0,"(47.61411751600008, -122.31487905199998)",31277,0,N,2009-302335
77007,98414,98414,Intersection,Cycles,0,,,0,Y,07/10/2009 12:00:00 AM +0000,7/10/2009 7:09:00 PM,1,29847,At Intersection (intersection related),Daylight,MELROSE AVE AND OLIVE WAY,0,1,Y,3,2803797,Dry,51,PEDALCYCLIST STRUCK MOTOR VEHICLE FRONT END AT ANGLE,09191009,11756,0,2,Injury Collision,,45,Bicycle,Matched,0,1,Clear or Partly Cloudy,0,"(47.61664171000007, -122.32788067299998)",11520,0,N,09-240358