OBJECTID,INCKEY,COLDETKEY,ADDRTYPE,COLLISIONTYPE,DISTANCE,EXCEPTRSNCODE,EXCEPTRSNDESC,FATALITIES,INATTENTIONIND,INCDATE,INCDTTM,INJURIES,INTKEY,JUNCTIONTYPE,LIGHTCOND,LOCATION,PEDCOUNT,PEDCYLCOUNT,PEDROWNOTGRNT,PERSONCOUNT,REPORTNO,ROADCOND,SDOT_COLCODE,SDOT_COLDESC,SDOTCOLNUM,SEGKEY,SERIOUSINJURIES,SEVERITYCODE,SEVERITYDESC,SPEEDING,ST_COLCODE,ST_COLDESC,STATUS,UNDERINFL,VEHCOUNT,WEATHER,WIDTH,Shape,SEGLANEKEY,CROSSWALKKEY,HITPARKEDCAR,SPDCASENO
81670,94318,94318,Block,Cycles,130,,,0,Y,05/28/2009 12:00:00 AM +0000,5/28/2009 4:50:00 PM,2,,Mid-Block (not related to intersection),Daylight,WALLINGFORD AVE N BETWEEN N 47TH ST AND N 48TH ST,1,1,,2,2893363,Dry,64,PEDALCYCLIST STRUCK PEDESTRIAN,09148001,13375,0,2,Injury Collision,,45,Bicycle,Matched,0,0,Clear or Partly Cloudy,0,"(47.66322203500005, -122.33642000699996)",0,0,N,09-183022
81676,93768,93768,Intersection,Cycles,0,,,0,,05/29/2009 12:00:00 AM +0000,5/29/2009 5:13:00 PM,1,32018,At Intersection (intersection related),Daylight,MARGINAL PL SW AND SW CHARLESTOWN ST,0,1,Y,2,3295554,Dry,51,PEDALCYCLIST STRUCK MOTOR VEHICLE FRONT END AT ANGLE,09149004,11638,1,2b,Serious Injury Collision,,45,Bicycle,Matched,0,1,Clear or Partly Cloudy,0,"(47.57011451600005, -122.35621454899996)",38438,0,N,09-184449
81721,95545,95545,Block,Cycles,132,,,0,,08/06/2009 12:00:00 AM +0000,8/6/2009,1,,Driveway Junction,Daylight,NE 45TH ST BETWEEN 2ND AVE NE AND THACKERAY PL NE,0,1,Y,2,3208335,Dry,51,PEDALCYCLIST STRUCK MOTOR VEHICLE FRONT END AT ANGLE,09218002,16839,1,2b,Serious Injury Collision,,45,Bicycle,Matched,0,1,Clear or Partly Cloudy,0,"(47.66135208600008, -122.32671661299997)",6536,0,N,09-276295
81738,95673,95673,Intersection,Cycles,0,,,0,,01/30/2009 12:00:00 AM +0000,1/30/2009 8:12:00 PM,1,28320,At Intersection (intersection related),Dark - Street Lights On,EASTLAKE AVE E AND E NEWTON ST,0,1,Y,2,3273994,Wet,18,"MOTOR VEHICLE STRUCK PEDALCYCLIST, FRONT END AT ANGLE",09030007,10175,0,2,Injury Collision,,45,Bicycle,Matched,0,1,Raining,0,"(47.63676649700005, -122.32589888799998)",24761,0,N,2009-37090
81741,95538,95538,Intersection,Cycles,0,,,0,,11/13/2009 12:00:00 AM +0000,11/13/2009 6:39:00 PM,1,29593,At Intersection (intersection related),Dark - Street Lights On,1ST AVE AND PIKE ST,1,1,Y,2,3328806,Dry,64,PEDALCYCLIST STRUCK PEDESTRIAN,09317042,1009,1,2b,Serious Injury Collision,,45,Bicycle,Matched,0,0,Overcast,0,"(47.60882096000006, -122.34001342699997)",36657,0,N,09-397237
81787,94578,94578,Block,Cycles,153.5,,,0,,08/08/2009 12:00:00 AM +0000,8/8/2009,0,,Mid-Block (not related to intersection),Dark - Street Lights On,ALASKAN E RDWY WAY S BETWEEN S WASHINGTON ST AND S MAIN ST,0,1,,2,2899917,Dry,21,"MOTOR VEHICLE STRUCK PEDALCYCLIST, REAR END",09220002,8754,0,1,Property Damage Only Collision,,45,Bicycle,Matched,0,1,Overcast,0,"(47.60046898500008, -122.335456567)",0,0,N,09-279557
81795,94449,94449,Intersection,Cycles,0, ,,0,,07/21/2009 12:00:00 AM +0000,7/21/2009 5:27:00 PM,1,27149,At Intersection (intersection related),Daylight,15TH AVE NE AND NE PACIFIC ST,0,1,Y,5,3206306,Dry,18,"MOTOR VEHICLE STRUCK PEDALCYCLIST, FRONT END AT ANGLE",09202006,2028,0,2,Injury Collision,,45,Bicycle,Matched,0,1,Clear or Partly Cloudy,0,"(47.65297596400006, -122.31246414499998)",0,520838,N,09-254754
81906,94442,94442,Intersection,Cycles,0,,,0,,11/11/2009 12:00:00 AM +0000,11/11/2009 6:56:00 AM,1,29055,At Intersection (intersection related),Daylight,12TH AVE E AND E JOHN ST,0,1,,2,3207979,Wet,21,"MOTOR VEHICLE STRUCK PEDALCYCLIST, REAR END",09315031,1551,0,2,Injury Collision,,45,Bicycle,Matched,0,1,Overcast,0,"(47.61993670700008, -122.31692834199998)",35229,0,N,09-394248
81928,94573,94573,Intersection,Cycles,0,,,0,,01/14/2009 12:00:00 AM +0000,1/14/2009 8:23:00 AM,1,30750,At Intersection (intersection related),Daylight,17TH AVE S AND S JACKSON ST,0,1,Y,2,2906164,Dry,18,"MOTOR VEHICLE STRUCK PEDALCYCLIST, FRONT END AT ANGLE",09014012,20497,0,2,Injury Collision,,45,Bicycle,Matched,0,1,Clear or Partly Cloudy,0,"(47.59923179300006, -122.31027221399995)",11031,0,N,2009-16707
81957,95792,95792,Intersection,Cycles,0, ,,0,,07/20/2009 12:00:00 AM +0000,7/20/2009 9:58:00 PM,0,26276,At Intersection (intersection related),Dusk,SAND POINT WAY NE AND NE 65TH ST,0,1,Y,2,3277565,Dry,18,"MOTOR VEHICLE STRUCK PEDALCYCLIST, FRONT END AT ANGLE",09201024,12723,0,1,Property Damage Only Collision,,45,Bicycle,Matched,0,1,Clear or Partly Cloudy,0,"(47.67572242600005, -122.26354467999994)",0,525666,N,09-253718
82096,94154,94154,Intersection,Cycles,0,,,0,,06/29/2009 12:00:00 AM +0000,6/29/2009 4:29:00 PM,1,29552,At Intersection (intersection related),Daylight,7TH AVE AND STEWART ST,0,1,,1,3200786,Dry,69,PEDALCYCLIST OVERTURNED IN ROAD,09180004,8161,0,2,Injury Collision,,45,Bicycle,Matched,0,0,Clear or Partly Cloudy,0,"(47.61428794700004, -122.33615476799997)",13649,0,N,09-224925
82108,95376,95376,Intersection,Cycles,0,,,0,,05/27/2009 12:00:00 AM +0000,5/27/2009 7:53:00 AM,1,30134,At Intersection (intersection related),Daylight,16TH AVE AND E PINE ST,0,1,Y,2,2899121,Dry,18,"MOTOR VEHICLE STRUCK PEDALCYCLIST, FRONT END AT ANGLE",09147002,2230,0,2,Injury Collision,,45,Bicycle,Matched,0,1,Clear or Partly Cloudy,0,"(47.61527767100006, -122.31146185199998)",23057,0,N,2009-180969
82153,94835,94835,Block,Cycles,330,,,0,,07/15/2009 12:00:00 AM +0000,7/15/2009 5:20:00 PM,1,,Mid-Block (but intersection related),Daylight,CALIFORNIA AVE SW BETWEEN SW RAYMOND ST AND SW GRAHAM ST,0,1,Y,3,2796581,Dry,56,PEDALCYCLIST STRUCK MOTOR VEHICLE LEFT SIDE SIDESWIPE,09196002,9562,0,2,Injury Collision,,45,Bicycle,Matched,0,2,Clear or Partly Cloudy,0,"(47.54758854100004, -122.38716952899995)",2736,0,N,2009-246637
82176,94686,94686,Block,Cycles,87.5,,,0,,09/18/2009 12:00:00 AM +0000,9/18/2009 2:16:00 AM,0,,Mid-Block (but intersection related),Dark - Street Lights On,S JACKSON ST BETWEEN 2ND AV ET S AND 4TH AVE S,0,1,,2,3285993,Dry,51,PEDALCYCLIST STRUCK MOTOR VEHICLE FRONT END AT ANGLE,09261024,20486,0,1,Property Damage Only Collision,,45,Bicycle,Matched,0,1,Clear or Partly Cloudy,0,"(47.59919741400006, -122.32932504799999)",4866,0,N,09-330230
82261,95780,95780,Block,Cycles,433,,,0,,04/04/2009 12:00:00 AM +0000,4/4/2009,1,,Driveway Junction,Daylight,DAYTON AVE N BETWEEN N 36TH ST AND N 39TH E ST,0,1,Y,2,3280413,Dry,18,"MOTOR VEHICLE STRUCK PEDALCYCLIST, FRONT END AT ANGLE",09094005,9890,0,2,Injury Collision,,45,Bicycle,Matched,0,1,Clear or Partly Cloudy,0,"(47.652952216000074, -122.35235313599998)",0,0,N,09-113299
82291,94961,94961,Block,Cycles,221,,,0,Y,12/17/2009 12:00:00 AM +0000,12/17/2009 8:15:00 PM,1,,Mid-Block (but intersection related),Dark - Street Lights On,9TH AVE BETWEEN LENORA ST AND BLANCHARD ST,0,1,,1,3200461,Dry,66,PEDALCYCLIST STRUCK OBJECT IN ROAD,09351019,8526,0,2,Injury Collision,,45,Bicycle,Matched,0,0,Clear or Partly Cloudy,0,"(47.61754255000005, -122.33772061899998)",36884,0,N,2009-433762
82302,95092,95092,Intersection,Cycles,0,,,0,Y,06/06/2009 12:00:00 AM +0000,6/6/2009,1,27021,At Intersection (intersection related),Dusk,BRIDGE WAY N AND N 38TH ST,0,1,,2,3198351,Dry,18,"MOTOR VEHICLE STRUCK PEDALCYCLIST, FRONT END AT ANGLE",09157004,9404,0,2,Injury Collision,,45,Bicycle,Matched,0,1,Overcast,0,"(47.65274500100003, -122.34596370599996)",0,0,N,09-195688
82310,94275,94275,Intersection,Cycles,0, ,,0,,03/24/2009 12:00:00 AM +0000,3/24/2009 10:16:00 PM,1,29734,At Intersection (intersection related),Dark - Street Lights On,BOYLSTON AVE AND E PINE ST,0,1,Y,2,3283150,Dry,69,PEDALCYCLIST OVERTURNED IN ROAD,09083002,9375,1,2b,Serious Injury Collision,,45,Bicycle,Matched,0,1,Overcast,0,"(47.61523114200003, -122.32341547099998)",10374,0,N,09-100849
82328,94823,94823,Intersection,Cycles,0,,,0,,11/26/2009 12:00:00 AM +0000,11/26/2009 12:05:00 AM,1,29656,At Intersection (intersection related),Dark - Street Lights On,4TH AVE AND DENNY WAY,0,1,,2,3328430,Wet,18,"MOTOR VEHICLE STRUCK PEDALCYCLIST, FRONT END AT ANGLE",09330006,6146,0,2,Injury Collision,,45,Bicycle,Matched,1,1,Raining,0,"(47.61857626600005, -122.34892520399995)",23321,0,N,2009-410920
82362,94133,94133,Block,Cycles,213,,,0,,05/28/2009 12:00:00 AM +0000,5/28/2009 6:28:00 PM,1,,Mid-Block (not related to intersection),Daylight,1ST AVE BETWEEN UNION ST AND PIKE ST,0,1,,2,3200779,Dry,18,"MOTOR VEHICLE STRUCK PEDALCYCLIST, FRONT END AT ANGLE",09148023,1008,0,2,Injury Collision,,45,Bicycle,Matched,0,1,Clear or Partly Cloudy,0,"(47.60832339900003, -122.33955831299994)",36675,0,N,09-183130
82377,94270,94270,Intersection,Cycles,0,,,0,,09/29/2009 12:00:00 AM +0000,9/29/2009 9:25:00 AM,1,29054,At Intersection (intersection related),Daylight,11TH AVE E AND E JOHN ST,0,1,Y,3,2796230,Dry,18,"MOTOR VEHICLE STRUCK PEDALCYCLIST, FRONT END AT ANGLE",09272009,1387,0,2,Injury Collision,,45,Bicycle,Matched,0,1,Overcast,0,"(47.61992718400006, -122.31823392599995)",35222,0,N,09-344160
82380,93864,93864,Intersection,Cycles,0,,,0,,11/10/2009 12:00:00 AM +0000,11/10/2009 6:10:00 PM,1,24319,At Intersection (intersection related),Dark - Street Lights On,GREENWOOD AVE N AND N 74TH ST,0,1,Y,2,3198422,Wet,51,PEDALCYCLIST STRUCK MOTOR VEHICLE FRONT END AT ANGLE,09314031,10741,0,2,Injury Collision,,45,Bicycle,Matched,0,1,Raining,0,"(47.68255377200006, -122.35530042799996)",4451,0,N,09-393706
82383,94138,94138,Block,Cycles,321.5,,,0,,05/31/2009 12:00:00 AM +0000,5/31/2009 11:48:00 AM,1,,Driveway Junction,Daylight,38TH AVE NE BETWEEN NE 82ND ST AND NE 85TH E ST,0,1,,2,3205977,Dry,18,"MOTOR VEHICLE STRUCK PEDALCYCLIST, FRONT END AT ANGLE",09151002,5872,0,2,Injury Collision,,45,Bicycle,Matched,0,1,Clear or Partly Cloudy,0,"(47.68930986500004, -122.28746970299994)",0,0,N,09-187059
82425,95638,95638,Block,Cycles,395,,,0,,08/21/2009 12:00:00 AM +0000,8/21/2009 1:37:00 PM,1,,Mid-Block (not related to intersection),Daylight,LAKESIDE AVE S BETWEEN E YESLER WAY AND S LESCHI PL,0,1,Y,2,3207402,Dry,56,PEDALCYCLIST STRUCK MOTOR VEHICLE LEFT SIDE SIDESWIPE,09233005,11258,0,2,Injury Collision,,45,Bicycle,Matched,0,1,Clear or Partly Cloudy,0,"(47.60062927900003, -122.28571336199997)",35089,0,N,09-296 721
82442,94950,94950,Block,Cycles,130.5,,,0,,08/03/2009 12:00:00 AM +0000,8/3/2009,1,,Driveway Junction,Daylight,NE 45TH ST BETWEEN ROOSEVELT WAY NE AND 11TH AVE NE,0,1,,1,3286938,Dry,68,PEDALCYCLIST RAN OFF ROAD - HIT FIXED OBJECT,09215026,16848,0,2,Injury Collision,,45,Bicycle,Matched,0,0,Clear or Partly Cloudy,0,"(47.661295342000074, -122.31711056999995)",7005,0,N,2009-271988
82448,94817,94817,Block,Cycles,212.5,,,0,,06/12/2009 12:00:00 AM +0000,6/12/2009 3:10:00 PM,1,,Mid-Block (not related to intersection),Daylight,7TH AVE BETWEEN UNION ST AND PIKE ST,0,1,Y,2,2612770,Dry,18,"MOTOR VEHICLE STRUCK PEDALCYCLIST, FRONT END AT ANGLE",09163006,8157,0,2,Injury Collision,,45,Bicycle,Matched,0,1,Clear or Partly Cloudy,0,"(47.61110909000007, -122.33289919099997)",37095,0,N,2009-203047
82477,94129,94129,Block,Cycles,420,,,0,,10/07/2009 12:00:00 AM +0000,10/7/2009,1,,Mid-Block (not related to intersection),Daylight,EASTLAKE AVE E BETWEEN E LYNN ST AND E LOUISA ST,0,1,Y,2,3207417,Dry,18,"MOTOR VEHICLE STRUCK PEDALCYCLIST, FRONT END AT ANGLE",09280030,10177,0,2,Injury Collision,,45,Bicycle,Matched,1,1,Clear or Partly Cloudy,0,"(47.64087739100006, -122.325889916)",24736,0,N,09-353978
82481,94125,94125,Block,Cycles,213,,,0,,06/23/2009 12:00:00 AM +0000,6/23/2009 8:52:00 AM,1,,Mid-Block (not related to intersection),Daylight,4TH AVE BETWEEN VIRGINIA ST AND LENORA ST,0,1,,2,3326828,Dry,51,PEDALCYCLIST STRUCK MOTOR VEHICLE FRONT END AT ANGLE,09174004,6137,0,2,Injury Collision,,45,Bicycle,Matched,0,1,Clear or Partly Cloudy,0,"(47.61344599300003, -122.34068149399997)",12801,0,N,09-216871
82488,94405,94405,Intersection,Cycles,0,,,0,,07/09/2009 12:00:00 AM +0000,7/9/2009,1,34861,At Intersection (intersection related),Daylight,DELRIDGE WAY SW AND SW TRENTON ST,0,1,,2,3285606,Dry,18,"MOTOR VEHICLE STRUCK PEDALCYCLIST, FRONT END AT ANGLE",09190005,9987,0,2,Injury Collision,,45,Bicycle,Matched,0,1,Clear or Partly Cloudy,0,"(47.52469334500006, -122.36047908399996)",0,0,N,09-238557
82552,95494,95494,Intersection,Cycles,0,,,0,Y,07/30/2009 12:00:00 AM +0000,7/30/2009 7:14:00 PM,1,32143,At Intersection (intersection related),Daylight,SW AVALON WAY AND SW GENESEE ST,0,1,,3,2796602,Dry,51,PEDALCYCLIST STRUCK MOTOR VEHICLE FRONT END AT ANGLE,09211005,21820,0,2,Injury Collision,,45,Bicycle,Matched,0,1,Clear or Partly Cloudy,0,"(47.56466115600006, -122.37256226099998)",3521,0,N,09-267152
82607,94939,94939,Block,Cycles,160,,,0,,08/13/2009 12:00:00 AM +0000,8/13/2009 7:30:00 AM,1,,Mid-Block (but intersection related),Daylight,DEXTER AVE N BETWEEN WARD ST AND PROSPECT ST,0,1,Y,2,2608024,Dry,23,"MOTOR VEHICLE STRUCK PEDALCYCLIST, LEFT SIDE SIDESWIPE",09225012,10080,0,2,Injury Collision,,45,Bicycle,Matched,0,1,Overcast,0,"(47.628445717000034, -122.34231499099997)",12740,0,N,09-284832
82640,93986,93986,Block,Cycles,213,,,0,,10/01/2009 12:00:00 AM +0000,10/1/2009,0,,Mid-Block (not related to intersection),Daylight,BROADWAY BETWEEN E PINE ST AND XW E OLIVE ST,0,1,,3,3207413,Wet,23,"MOTOR VEHICLE STRUCK PEDALCYCLIST, LEFT SIDE SIDESWIPE",09274001,9448,0,1,Property Damage Only Collision,Y,45,Bicycle,Matched,0,2,Raining,0,"(47.61581794700004, -122.32080786599994)",0,0,N,09-347014
82652,93713,93713,Intersection,Cycles,0,,,0,,05/21/2009 12:00:00 AM +0000,5/21/2009 8:45:00 AM,1,29004,At Intersection (intersection related),Daylight,11TH AVE E AND E MERCER ST,0,1,,2,C721126,Dry,11,"MOTOR VEHICLE STRUCK MOTOR VEHICLE, FRONT END AT ANGLE",09141038,1391,0,2,Injury Collision,,45,Bicycle,Matched,0,1,Clear or Partly Cloudy,0,"(47.624263916000075, -122.31778692499995)",0,0,N,
82701,95622,95622,Block,Cycles,331.5,,,0,,08/18/2009 12:00:00 AM +0000,8/18/2009 6:11:00 AM,1,,Mid-Block (not related to intersection),Daylight,DELRIDGE WAY SW BETWEEN SW HOLDEN ST AND SW KENYON ST,0,1,,1,3295733,Dry,18,"MOTOR VEHICLE STRUCK PEDALCYCLIST, FRONT END AT ANGLE",09230002,9983,1,2b,Serious Injury Collision,,45,Bicycle,Matched,0,0,Clear or Partly Cloudy,0,"(47.532784252000056, -122.36043342799996)",40050,0,N,09-291152
82712,94802,94802,Block,Cycles,433,,,0,,11/20/2009 12:00:00 AM +0000,11/20/2009 11:55:00 AM,1,,Driveway Junction,Daylight,DAYTON AVE N BETWEEN N 36TH ST AND N 39TH E ST,0,1,Y,2,3198693,Dry,18,"MOTOR VEHICLE STRUCK PEDALCYCLIST, FRONT END AT ANGLE",09324030,9890,0,2,Injury Collision,,45,Bicycle,Matched,0,1,Overcast,0,"(47.652952216000074, -122.35235313599998)",0,0,N,09-404655
82744,94524,94524,Intersection,Cycles,0,,,0,,11/12/2009 12:00:00 AM +0000,11/12/2009 9:49:00 AM,1,30453,At Intersection (intersection related),Daylight,GOLF DR S AND S CHARLES ST,0,1,Y,2,3285270,Dry,18,"MOTOR VEHICLE STRUCK PEDALCYCLIST, FRONT END AT ANGLE",09316026,10668,0,2,Injury Collision,,45,Bicycle,Matched,0,1,Clear or Partly Cloudy,0,"(47.594281684000066, -122.31657709199999)",14097,0,N,2009-395500
82842,94377,94377,Block,Cycles,238,,,0,,10/27/2009 12:00:00 AM +0000,10/27/2009 5:40:00 PM,1,,Mid-Block (not related to intersection),Dusk,LAKE WASHINGTON BLVD BETWEEN E TERRACE ST AND E JEFFERSON ST,0,1,Y,2,2907619,Dry,54,PEDALCYCLIST STRUCK MOTOR VEHICLE REAR END,09300003,11194,0,2,Injury Collision,,45,Bicycle,Matched,0,1,Clear or Partly Cloudy,0,"(47.60527694600006, -122.28350343499994)",36203,0,N,09-378093
82889,93968,93968,Block,Cycles,329,,,0,,05/12/2009 12:00:00 AM +0000,5/12/2009 9:30:00 AM,1,,Mid-Block (not related to intersection),Daylight,NW 56TH ST BETWEEN 15TH AVE NW AND 17TH AVE NW,0,1,,2,3289246,Wet,51,PEDALCYCLIST STRUCK MOTOR VEHICLE FRONT END AT ANGLE,09132019,18461,0,2,Injury Collision,,45,Bicycle,Matched,0,1,Raining,0,"(47.66944417900004, -122.37754670999999)",0,0,N,09-161223
82939,95606,95606,Intersection,Cycles,0,,,0,,05/13/2009 12:00:00 AM +0000,5/13/2009 6:20:00 AM,1,25661,At Intersection (intersection related),Dawn,PHINNEY AVE N AND N 50TH E ST,0,1,Y,2,3206423,Dry,51,PEDALCYCLIST STRUCK MOTOR VEHICLE FRONT END AT ANGLE,09133007,15639,0,2,Injury Collision,,45,Bicycle,Matched,0,1,Clear or Partly Cloudy,0,"(47.66501938000005, -122.35395996399996)",28288,0,N,2009-162395
82943,95330,95330,Block,Cycles,213.5,,,0,,05/23/2009 12:00:00 AM +0000,5/23/2009 12:38:00 PM,3,,Mid-Block (not related to intersection),Daylight,LAKESIDE AVE S BETWEEN S MASSACHUSETTS ST AND 36TH AVE S,0,2,Y,4,3296722,Dry,56,PEDALCYCLIST STRUCK MOTOR VEHICLE LEFT SIDE SIDESWIPE,09143006,11272,0,2,Injury Collision,,45,Bicycle,Matched,0,1,Clear or Partly Cloudy,0,"(47.58708404400005, -122.28652384699996)",37987,0,N,09-175898
82947,94779,94779,Block,Cycles,66,,,0,,06/04/2009 12:00:00 AM +0000,6/4/2009,1,,Mid-Block (not related to intersection),Daylight,5TH AVE NE BETWEEN NE 75TH ST AND NE 76TH ST,0,1,Y,2,3205959,Dry,18,"MOTOR VEHICLE STRUCK PEDALCYCLIST, FRONT END AT ANGLE",09155004,7309,0,2,Injury Collision,,45,Bicycle,Matched,0,1,Clear or Partly Cloudy,0,"(47.683355590000076, -122.32290493299996)",7480,0,N,09-192194
83028,93688,93688,Intersection,Cycles,0,,,0,,06/24/2009 12:00:00 AM +0000,6/24/2009 8:45:00 AM,1,29168,At Intersection (intersection related),Daylight,DENNY WAY AND STEWART ST,0,1,,2,2906966,Dry,51,PEDALCYCLIST STRUCK MOTOR VEHICLE FRONT END AT ANGLE,09175028,10023,0,2,Injury Collision,,45,Bicycle,Matched,0,1,Clear or Partly Cloudy,0,"(47.61849175700007, -122.33072296099999)",23731,0,N,2009-218144
83043,93959,93959,Intersection,Cycles,0,,,0,,05/06/2009 12:00:00 AM +0000,5/6/2009,1,26848,At Intersection (intersection related),Daylight,STONE WAY N AND N 40TH ST,0,1,,2,3276795,Wet,18,"MOTOR VEHICLE STRUCK PEDALCYCLIST, FRONT END AT ANGLE",09126002,12961,0,2,Injury Collision,Y,45,Bicycle,Matched,0,1,Raining,0,"(47.65538287600003, -122.34243924099997)",6322,0,N,09-153652
83105,94769,94769,Intersection,Cycles,0, ,,0,,10/13/2009 12:00:00 AM +0000,10/13/2009 10:55:00 AM,2,26786,At Intersection (intersection related),Daylight,BURKE AVE N AND N 45TH ST,1,1,Y,2,3345157,Dry,64,PEDALCYCLIST STRUCK PEDESTRIAN,09286002,9511,0,2,Injury Collision,,45,Bicycle,Matched,0,0,Clear or Partly Cloudy,0,"(47.661385848000066, -122.33507243499997)",6498,523821,N,2009-361156
83127,94773,94773,Intersection,Cycles,0, ,,0,,10/14/2009 12:00:00 AM +0000,10/14/2009 7:14:00 PM,1,28632,At Intersection (intersection related),Dark - Street Lights On,MERCER ST AND QUEEN ANNE AVE N,0,1,,2,3327017,Dry,18,"MOTOR VEHICLE STRUCK PEDALCYCLIST, FRONT END AT ANGLE",09287027,11761,0,2,Injury Collision,,45,Bicycle,Matched,0,1,Overcast,0,"(47.62458297300003, -122.35670922099996)",0,523535,N,09-362951
83136,94221,94221,Intersection,Cycles,0,,,0,,04/24/2009 12:00:00 AM +0000,4/24/2009 2:15:00 PM,1,31923,At Intersection (but not related to intersection),Unknown,36TH AVE SW AND SW ALASKA ST,0,1,,2,C720114,Unknown,14,"MOTOR VEHICLE STRUCK MOTOR VEHICLE, REAR END",09114034,5618,0,2,Injury Collision,,45,Bicycle,Matched,0,1,Unknown,0,"(47.56107033400008, -122.37745325299994)",41585,0,N,
83181,93955,93955,Block,Cycles,148,,,0,,01/10/2009 12:00:00 AM +0000,1/10/2009 9:42:00 AM,1,,Mid-Block (not related to intersection),Daylight,2ND AVE BETWEEN PINE ST AND STEWART ST,0,1,,2,2899746,Dry,54,PEDALCYCLIST STRUCK MOTOR VEHICLE REAR END,09010009,2759,0,2,Injury Collision,,45,Bicycle,Matched,0,1,Clear or Partly Cloudy,0,"(47.61062229600003, -122.34012716999996)",12185,0,N,2009-011824
83202,95036,95036,Block,Cycles,213,,,0,Y,04/02/2009 12:00:00 AM +0000,4/2/2009,1,,Driveway Junction,Dusk,2ND AVE BETWEEN PIKE ST AND PINE ST,0,1,Y,2,2908293,Wet,18,"MOTOR VEHICLE STRUCK PEDALCYCLIST, FRONT END AT ANGLE",09092026,2758,0,2,Injury Collision,,45,Bicycle,Matched,0,1,Raining,0,"(47.609780570000055, -122.33935700699999)",12173,0,N,09-111285
83208,95452,95452,Intersection,Cycles,0,,,0,,02/22/2009 12:00:00 AM +0000,2/22/2009 3:14:00 PM,1,24972,At Intersection (intersection related),Daylight,36TH AVE NE AND NE 65TH W ST,0,1,Y,2,3210353,Dry,51,PEDALCYCLIST STRUCK MOTOR VEHICLE FRONT END AT ANGLE,09053016,17293,0,2,Injury Collision,,45,Bicycle,Matched,0,1,Overcast,0,"(47.67578409300006, -122.28916255499996)",29903,0,N,09-065013
83218,94897,94897,Block,Cycles,140,,,0,,08/05/2009 12:00:00 AM +0000,8/5/2009,1,,Mid-Block (not related to intersection),Daylight,NE 45TH ST BETWEEN UNIVERSITY WAY NE AND 15TH AVE NE,0,1,Y,2,3328126,Dry,23,"MOTOR VEHICLE STRUCK PEDALCYCLIST, LEFT SIDE SIDESWIPE",09217012,16852,0,2,Injury Collision,,45,Bicycle,Matched,0,1,Clear or Partly Cloudy,0,"(47.66126567400005, -122.31256350599995)",6964,0,N,2009-275256
83229,95173,95173,Intersection,Cycles,0,,,0,,04/22/2009 12:00:00 AM +0000,4/22/2009 8:44:00 PM,1,29805,At Intersection (intersection related),Dark - Street Lights On,14TH AVE AND E JEFFERSON ST,0,1,,5,3283540,Wet,51,PEDALCYCLIST STRUCK MOTOR VEHICLE FRONT END AT ANGLE,09112025,1845,0,2,Injury Collision,,45,Bicycle,Matched,0,1,Raining,0,"(47.60619196400006, -122.314165334)",35459,0,N,2009-136717
83231,92464,92464,Block,Cycles,318,,,0,,11/09/2008 12:00:00 AM +0000,11/9/2008,0,,Mid-Block (not related to intersection),Dark - Street Lights On,EAST MARGINAL WAY S BETWEEN 16TH AVE S AND BOEING DR,0,1,Y,2,2615674,Wet,21,"MOTOR VEHICLE STRUCK PEDALCYCLIST, REAR END",08314020,14419,0,1,Property Damage Only Collision,,45,Bicycle,Matched,1,1,Raining,0,"(47.533689028000026, -122.31223592499998)",1271,0,N,08-420642
83315,93667,93667,Intersection,Cycles,0,,,0,,08/18/2009 12:00:00 AM +0000,8/18/2009 11:22:00 PM,1,25438,At Intersection (intersection related),Dark - Street Lights On,15TH AVE NW AND NW 51ST ST,0,1,Y,3,3327927,Dry,51,PEDALCYCLIST STRUCK MOTOR VEHICLE FRONT END AT ANGLE,09230022,2098,0,2,Injury Collision,,45,Bicycle,Matched,0,1,Clear or Partly Cloudy,0,"(47.66570451300004, -122.37621919199995)",18264,0,N,09-292199
83333,92728,92728,Intersection,Cycles,0, ,,0,,07/19/2008 12:00:00 AM +0000,7/19/2008 6:47:00 PM,1,33512,At Intersection (intersection related),Daylight,RAINIER AVE S AND S ORCAS ST,0,1,Y,2,2894199,Dry,18,"MOTOR VEHICLE STRUCK PEDALCYCLIST, FRONT END AT ANGLE",08201002,12394,0,2,Injury Collision,,45,Bicycle,Matched,0,1,Clear or Partly Cloudy,0,"(47.55117602400003, -122.27766410999999)",0,523358,N,08-265957
83337,93528,93528,Intersection,Cycles,0,,,0,,07/17/2009 12:00:00 AM +0000,7/17/2009 7:50:00 AM,1,28767,At Intersection (intersection related),Daylight,DEXTER AVE N AND MERCER ST,0,1,Y,2,2906971,Dry,51,PEDALCYCLIST STRUCK MOTOR VEHICLE FRONT END AT ANGLE,09198003,10076,0,2,Injury Collision,,45,Bicycle,Matched,0,1,Clear or Partly Cloudy,0,"(47.624549727000044, -122.34234960099997)",12649,0,N,2009-248757
83376,92194,92194,Intersection,Cycles,0, ,,0,,07/29/2008 12:00:00 AM +0000,7/29/2008 9:37:00 AM,1,29704,At Intersection (intersection related),Daylight,BELL ST AND WESTERN AVE,0,1,Y,2,2906869,Wet,18,"MOTOR VEHICLE STRUCK PEDALCYCLIST, FRONT END AT ANGLE",08211009,9197,0,2,Injury Collision,,45,Bicycle,Matched,0,1,Overcast,0,"(47.612710391000064, -122.34737243299998)",0,523763,N,08-279221