OBJECTID,INCKEY,COLDETKEY,ADDRTYPE,COLLISIONTYPE,DISTANCE,EXCEPTRSNCODE,EXCEPTRSNDESC,FATALITIES,INATTENTIONIND,INCDATE,INCDTTM,INJURIES,INTKEY,JUNCTIONTYPE,LIGHTCOND,LOCATION,PEDCOUNT,PEDCYLCOUNT,PEDROWNOTGRNT,PERSONCOUNT,REPORTNO,ROADCOND,SDOT_COLCODE,SDOT_COLDESC,SDOTCOLNUM,SEGKEY,SERIOUSINJURIES,SEVERITYCODE,SEVERITYDESC,SPEEDING,ST_COLCODE,ST_COLDESC,STATUS,UNDERINFL,VEHCOUNT,WEATHER,WIDTH,Shape,SEGLANEKEY,CROSSWALKKEY,HITPARKEDCAR,SPDCASENO
83398,92587,92587,Block,Cycles,140, ,,0,,04/04/2008 12:00:00 AM +0000,4/4/2008,1,,Mid-Block (not related to intersection),Daylight,NE 45TH ST BETWEEN UNIVERSITY WAY NE AND 15TH AVE NE,0,1,,4,2895009,Dry,54,PEDALCYCLIST STRUCK MOTOR VEHICLE REAR END,08095002,16852,0,2,Injury Collision,,45,Bicycle,Matched,0,1,Overcast,0,"(47.66126567400005, -122.31256350599995)",6968,0,N,08-121687
83400,92322,92322,Intersection,Cycles,0,,,0,,09/16/2008 12:00:00 AM +0000,9/16/2008 5:12:00 AM,1,36621,At Intersection (intersection related),Dark - Street Lights On,30TH AVE NE AND NE 120TH ST,0,1,Y,2,3284033,Dry,18,"MOTOR VEHICLE STRUCK PEDALCYCLIST, FRONT END AT ANGLE",08260002,4631,0,2,Injury Collision,,45,Bicycle,Matched,0,1,Clear or Partly Cloudy,0,"(47.71559629500007, -122.29646014899998)",0,0,N,2008-347488
83402,91666,91666,Intersection,Cycles,0,,,0,,05/09/2008 12:00:00 AM +0000,5/9/2008,0,25871,At Intersection (intersection related),Daylight,1ST AVE NE AND NE 50TH ST,0,1,,2,C704706,Dry,18,"MOTOR VEHICLE STRUCK PEDALCYCLIST, FRONT END AT ANGLE",08130051,1069,0,1,Property Damage Only Collision,,45,Bicycle,Matched,0,1,Clear or Partly Cloudy,0,"(47.66500266400004, -122.32826780399995)",0,0,N,
83405,92058,92058,Intersection,Cycles,0, ,,0,,10/10/2008 12:00:00 AM +0000,10/10/2008 5:20:00 PM,1,29612,At Intersection (intersection related),Daylight,2ND AVE AND SENECA ST,1,1,,2,2620086,Dry,64,PEDALCYCLIST STRUCK PEDESTRIAN,08284031,2755,0,2,Injury Collision,,45,Bicycle,Matched,0,0,Clear or Partly Cloudy,0,"(47.60658579100004, -122.33643418799994)",12156,520993,N,08-381833
83419,91927,91927,Block,Cycles,265,,,0,Y,11/03/2008 12:00:00 AM +0000,11/3/2008,1,,Driveway Junction,Dark - Street Lights On,SW ANDOVER ST BETWEEN DELRIDGE WAY SW AND 26TH AVE SW,0,1,Y,2,2896218,Wet,18,"MOTOR VEHICLE STRUCK PEDALCYCLIST, FRONT END AT ANGLE",08308003,21754,0,2,Injury Collision,,45,Bicycle,Matched,0,1,Raining,0,"(47.56834594600008, -122.36435375099995)",41441,0,N,2008-413437
83461,93121,93121,Intersection,Cycles,0, ,,0,,12/30/2008 12:00:00 AM +0000,12/30/2008 9:54:00 PM,1,29173,At Intersection (intersection related),Dark - Street Lights On,STEWART ST AND YALE AVE,0,1,Y,3,3289135,Wet,18,"MOTOR VEHICLE STRUCK PEDALCYCLIST, FRONT END AT ANGLE",08365023,12910,0,2,Injury Collision,,45,Bicycle,Matched,0,1,Raining,0,"(47.61827376300005, -122.33099940999995)",0,524029,N,08-482151
83472,93663,93663,Block,Cycles,298,,,0,,06/23/2009 12:00:00 AM +0000,6/23/2009 8:52:00 AM,1,,Driveway Junction,Daylight,S JACKSON ST BETWEEN 10TH AVE S AND 12TH AVE S,0,1,Y,2,3199256,Dry,18,"MOTOR VEHICLE STRUCK PEDALCYCLIST, FRONT END AT ANGLE",09174005,20493,0,2,Injury Collision,,45,Bicycle,Matched,0,1,Clear or Partly Cloudy,0,"(47.59918655700005, -122.31843273799996)",24480,0,N,09-216873
83499,92988,92988,Intersection,Cycles,0,,,0,,02/28/2008 12:00:00 AM +0000,2/28/2008 7:10:00 AM,1,28375,At Intersection (intersection related),Dawn,24TH AVE E AND BOYER AVE E,0,1,Y,2,2897926,Dry,51,PEDALCYCLIST STRUCK MOTOR VEHICLE FRONT END AT ANGLE,08059012,3549,0,2,Injury Collision,,45,Bicycle,Matched,0,1,Clear or Partly Cloudy,0,"(47.63524417700006, -122.30156537499994)",22451,0,N,2008-76581
83531,92725,92725,Block,Cycles,161,,,0,,07/21/2008 12:00:00 AM +0000,7/21/2008 8:59:00 AM,1,,Driveway Junction,Daylight,S JACKSON ST BETWEEN 7TH AVE S AND 8TH AVE S,0,1,Y,2,3282454,Dry,18,"MOTOR VEHICLE STRUCK PEDALCYCLIST, FRONT END AT ANGLE",08203004,20491,0,2,Injury Collision,,45,Bicycle,Matched,0,1,Clear or Partly Cloudy,0,"(47.59918737100003, -122.32309939399994)",24453,0,N,08-267927
83577,93249,93249,Intersection,Cycles,0,,,0,,08/14/2008 12:00:00 AM +0000,8/14/2008 8:49:00 AM,1,30403,At Intersection (intersection related),Daylight,12TH AVE AND E FIR ST,0,1,Y,3,2898139,Dry,51,PEDALCYCLIST STRUCK MOTOR VEHICLE FRONT END AT ANGLE,08227037,1524,0,2,Injury Collision,,45,Bicycle,Matched,0,1,Clear or Partly Cloudy,0,"(47.60268590700008, -122.31678180399996)",10566,0,N,08-301966
83591,92984,92984,Intersection,Cycles,0,,,0,,04/10/2008 12:00:00 AM +0000,4/10/2008 6:12:00 PM,1,36748,At Intersection (intersection related),Daylight,17TH AVE NE AND NE NORTHGATE WAY,0,1,,2,2904891,Wet,51,PEDALCYCLIST STRUCK MOTOR VEHICLE FRONT END AT ANGLE,08101001,2413,0,2,Injury Collision,,45,Bicycle,Matched,0,1,Raining,0,"(47.70850520100004, -122.30996524899996)",0,0,N,2008-129270
83639,92177,92177,Intersection,Cycles,0,,,0,,07/07/2008 12:00:00 AM +0000,7/7/2008,1,25789,At Intersection (intersection related),Daylight,ROOSEVELT WAY NE AND NE 50TH ST,0,1,,3,3277330,Dry,18,"MOTOR VEHICLE STRUCK PEDALCYCLIST, FRONT END AT ANGLE",08189022,12601,0,2,Injury Collision,,45,Bicycle,Matched,0,1,Clear or Partly Cloudy,0,"(47.664937344000066, -122.31740379099995)",9124,0,N,08-248854
83646,92577,92577,Intersection,Cycles,0,,,0,,11/24/2008 12:00:00 AM +0000,11/24/2008 7:00:00 PM,1,26711,At Intersection (intersection related),Unknown,11TH AVE NW AND NW 45TH ST,0,1,,2,2609742,Dry,18,"MOTOR VEHICLE STRUCK PEDALCYCLIST, FRONT END AT ANGLE",08329013,1427,0,2,Injury Collision,,45,Bicycle,Matched,0,1,Clear or Partly Cloudy,0,"(47.66146941900007, -122.37076944799998)",0,0,N,08-440991
83755,93371,93371,Block,Cycles,131.5,,,0,,08/22/2008 12:00:00 AM +0000,8/22/2008 8:37:00 PM,1,,Driveway Junction,Dark - Street Lights On,STONE WAY N BETWEEN BRIDGE WAY N AND N 40TH ST,0,1,Y,2,2904932,Dry,18,"MOTOR VEHICLE STRUCK PEDALCYCLIST, FRONT END AT ANGLE",08235003,12960,0,2,Injury Collision,,45,Bicycle,Matched,0,1,Clear or Partly Cloudy,0,"(47.65502131000005, -122.34245699799999)",6317,0,N,08-313751
83773,93106,93106,Intersection,Cycles,0,,,0,,12/02/2008 12:00:00 AM +0000,12/2/2008,1,30355,At Intersection (intersection related),Dark - Street Lights On,2ND AVE AND CHERRY ST,0,1,,2,2616457,Wet,51,PEDALCYCLIST STRUCK MOTOR VEHICLE FRONT END AT ANGLE,08337022,2750,0,2,Injury Collision,,45,Bicycle,Matched,0,1,Raining,0,"(47.60301939300007, -122.33317224599995)",12035,0,N,08-450527
83796,92301,92301,Intersection,Cycles,0,,,0,,09/25/2008 12:00:00 AM +0000,9/25/2008 5:39:00 PM,1,37340,At Intersection (intersection related),Dusk,AURORA AVE N AND N 90TH ST,0,1,Y,2,2895369,Dry,51,PEDALCYCLIST STRUCK MOTOR VEHICLE FRONT END AT ANGLE,08269004,8969,0,2,Injury Collision,,45,Bicycle,Matched,0,1,Overcast,0,"(47.69418567000008, -122.34456497099995)",0,0,N,2008-360868
83842,91637,91637,Intersection,Cycles,0, ,,0,,11/19/2008 12:00:00 AM +0000,11/19/2008 4:40:00 PM,1,29542,At Intersection (intersection related),Daylight,7TH AVE AND WESTLAKE AVE,1,1,Y,2,3286576,Unknown,64,PEDALCYCLIST STRUCK PEDESTRIAN,08324021,8163,0,2,Injury Collision,,45,Bicycle,Matched,0,0,Clear or Partly Cloudy,0,"(47.61528336200007, -122.33783703399996)",25294,622404,N,08-435621
83847,93638,93638,Intersection,Cycles,0,,,0,,12/22/2009 12:00:00 AM +0000,12/22/2009 10:43:00 PM,1,28746,At Intersection (intersection related),Dark - Street Lights On,BOREN AVE N AND VALLEY ST,0,2,,5,3200470,Dry,18,"MOTOR VEHICLE STRUCK PEDALCYCLIST, FRONT END AT ANGLE",09356001,13267,0,2,Injury Collision,,45,Bicycle,Matched,0,1,Clear or Partly Cloudy,0,"(47.62578474600008, -122.33581704499994)",0,0,N,09-439491
83893,92430,92430,Block,Cycles,216,,,0,,05/22/2008 12:00:00 AM +0000,5/22/2008 3:20:00 PM,0,,Mid-Block (not related to intersection),Daylight,ALDER ST BETWEEN DEAD END AND 9TH AVE,0,1,,2,2882556,Dry,51,PEDALCYCLIST STRUCK MOTOR VEHICLE FRONT END AT ANGLE,08143036,8778,0,1,Property Damage Only Collision,,45,Bicycle,Matched,0,1,Overcast,0,"(47.60310238000005, -122.32353827199995)",0,0,N,2008-184142
83898,92160,92160,Intersection,Cycles,0,,,0,,12/09/2008 12:00:00 AM +0000,12/9/2008,0,29859,At Intersection (intersection related),Dark - Street Lights Off,BELMONT AVE AND E PINE ST,0,1,Y,2,3287235,Dry,18,"MOTOR VEHICLE STRUCK PEDALCYCLIST, FRONT END AT ANGLE",08344023,9234,0,1,Property Damage Only Collision,,45,Bicycle,Matched,0,1,Clear or Partly Cloudy,0,"(47.61522500500007, -122.32447263599994)",10368,0,N,08-459774
83952,92027,92027,Intersection,Cycles,0,,,0,,12/10/2008 12:00:00 AM +0000,12/10/2008 3:49:00 PM,1,30477,At Intersection (intersection related),Dusk,6TH AVE AND JEFFERSON ST,0,1,Y,2,3282443,Dry,18,"MOTOR VEHICLE STRUCK PEDALCYCLIST, FRONT END AT ANGLE",08345024,7872,0,2,Injury Collision,,45,Bicycle,Matched,0,1,Overcast,0,"(47.60344580700007, -122.32742361199996)",0,0,N,08-461013
84032,93621,93621,Intersection,Cycles,0,,,0,,03/08/2009 12:00:00 AM +0000,3/8/2009,0,32298,At Intersection (intersection related),Daylight,15TH AVE S AND S NEVADA ST,0,1,,3,3296704,Dry,11,"MOTOR VEHICLE STRUCK MOTOR VEHICLE, FRONT END AT ANGLE",09067003,2157,0,1,Property Damage Only Collision,,45,Bicycle,Matched,0,1,Clear or Partly Cloudy,0,"(47.56532118300004, -122.31349054299994)",11777,0,N,09-81551
84045,92420,92420,Block,Cycles,153,,,0,,04/05/2008 12:00:00 AM +0000,4/5/2008,0,,Mid-Block (but intersection related),Daylight,20TH AVE BETWEEN E FIR ST AND E SPRUCE ST,0,1,,3,2897990,Dry,18,"MOTOR VEHICLE STRUCK PEDALCYCLIST, FRONT END AT ANGLE",08096042,2930,0,1,Property Damage Only Collision,,45,Bicycle,Matched,0,1,Clear or Partly Cloudy,0,"(47.60309168800006, -122.30634995499997)",0,0,N,2008-122844
84052,92689,92689,Block,Cycles,300,,,0,,05/12/2008 12:00:00 AM +0000,5/12/2008 6:19:00 PM,3,,Mid-Block (but intersection related),Daylight,SW SPOKANE ST BETWEEN SW KLICKITAT SR WAY AND 11TH CR AVE SW,0,1,,3,2625825,Dry,51,PEDALCYCLIST STRUCK MOTOR VEHICLE FRONT END AT ANGLE,08133003,22807,1,2b,Serious Injury Collision,,45,Bicycle,Matched,0,1,Clear or Partly Cloudy,0,"(47.57144715600003, -122.34758371999999)",39193,0,N,2008 170797
84075,92283,92283,Block,Cycles,425,,,0,,08/11/2008 12:00:00 AM +0000,8/11/2008 3:36:00 PM,0,,Mid-Block (not related to intersection),Daylight,MELROSE AVE E BETWEEN E DENNY WAY AND E THOMAS ST,0,1,,2,2895150,Dry,51,PEDALCYCLIST STRUCK MOTOR VEHICLE FRONT END AT ANGLE,08224001,11758,0,1,Property Damage Only Collision,,45,Bicycle,Matched,0,1,Clear or Partly Cloudy,0,"(47.61966063700004, -122.32785483799995)",11534,0,N,2008-298221
84234,93071,93071,Block,Cycles,155,,,0,,10/31/2008 12:00:00 AM +0000,10/31/2008 5:06:00 AM,1,,Mid-Block (but intersection related),Dark - Street Lights On,15TH AVE S BETWEEN S HILL ST AND S WALKER ST,0,1,Y,2,3281705,Wet,51,PEDALCYCLIST STRUCK MOTOR VEHICLE FRONT END AT ANGLE,08305041,2139,1,2b,Serious Injury Collision,,45,Bicycle,Matched,0,1,Raining,0,"(47.584120883000026, -122.31338283399998)",14065,0,N,08-408639
84290,92809,92809,Intersection,Cycles,0,,,0,,01/14/2008 12:00:00 AM +0000,1/14/2008 5:09:00 PM,2,29621,At Intersection (intersection related),Dark - Street Lights On,1ST AVE AND MADISON ST,1,1,,3,2826703,Wet,51,PEDALCYCLIST STRUCK MOTOR VEHICLE FRONT END AT ANGLE,08014009,1004,0,2,Injury Collision,,45,Bicycle,Matched,0,1,Raining,0,"(47.604695047000064, -122.33623843299995)",25537,0,N,2008-018067
84306,92532,92532,Block,Cycles,64,,,0,,09/12/2008 12:00:00 AM +0000,9/12/2008 2:52:00 PM,1,,Mid-Block (but intersection related),Daylight,NICKERSON TURN RD BETWEEN W NICKERSON ST AND 15TH AV W ON RP,0,1,,3,2893744,Dry,51,PEDALCYCLIST STRUCK MOTOR VEHICLE FRONT END AT ANGLE,08256005,11974,0,2,Injury Collision,,45,Bicycle,Matched,0,1,Clear or Partly Cloudy,0,"(47.65416766200008, -122.37578081599997)",0,0,N,08 342480
84335,91607,91607,Intersection,Cycles,0,,,0,,08/09/2008 12:00:00 AM +0000,8/9/2008,1,35011,At Intersection (intersection related),Daylight,16TH AVE SW AND SW CLOVERDALE ST,0,1,,5,2613996,Wet,18,"MOTOR VEHICLE STRUCK PEDALCYCLIST, FRONT END AT ANGLE",08222004,2345,0,2,Injury Collision,,45,Bicycle,Matched,0,1,Raining,0,"(47.52651616400004, -122.35507294399997)",0,0,N,2008-295753
84529,93591,93591,Block,Cycles,87.5,,,0,,12/22/2009 12:00:00 AM +0000,12/22/2009 5:41:00 PM,1,,Driveway Junction,Unknown,N 125TH ST BETWEEN NORTH PARK AVE N AND INTERURBAN TRL,0,1,,3,3333226,Wet,18,"MOTOR VEHICLE STRUCK PEDALCYCLIST, FRONT END AT ANGLE",09356005,15131,0,2,Injury Collision,,45,Bicycle,Matched,0,1,Raining,0,"(47.719583914000054, -122.34912576899995)",0,0,N,09-439223
84570,92520,92520,Intersection,Cycles,0,,,0,,10/08/2008 12:00:00 AM +0000,10/8/2008,0,29589,At Intersection (intersection related),Daylight,4TH AVE AND PIKE ST,0,1,,2,2807597,Dry,18,"MOTOR VEHICLE STRUCK PEDALCYCLIST, FRONT END AT ANGLE",08282031,6131,0,1,Property Damage Only Collision,,45,Bicycle,Matched,0,1,Overcast,0,"(47.61021404200005, -122.33668342799996)",12755,0,N,08-378841
84606,93312,93312,Intersection,Cycles,0,,,0,,08/15/2008 12:00:00 AM +0000,8/15/2008 6:04:00 PM,1,29446,At Intersection (intersection related),Daylight,32ND AVE E AND LAKE WASHINGTON BLVD E,0,1,Y,2,2899312,Dry,51,PEDALCYCLIST STRUCK MOTOR VEHICLE FRONT END AT ANGLE,08228025,4939,0,2,Injury Collision,,45,Bicycle,Matched,0,1,Clear or Partly Cloudy,0,"(47.624951432000046, -122.29105074699999)",8960,0,N,08-304069
84720,92371,92371,Block,Cycles,236.5,,,0,,08/02/2008 12:00:00 AM +0000,8/2/2008,1,,Mid-Block (not related to intersection),Daylight,WESTLAKE AVE BETWEEN LENORA ST AND BLANCHARD ST,0,1,Y,2,2907157,Dry,21,"MOTOR VEHICLE STRUCK PEDALCYCLIST, REAR END",08215003,13530,0,2,Injury Collision,,45,Bicycle,Matched,0,1,Clear or Partly Cloudy,0,"(47.617115924000075, -122.33813620099994)",37217,0,N,08-285422
84794,92774,92774,Block,Cycles,550.5,,,0,,07/16/2008 12:00:00 AM +0000,7/16/2008 6:30:00 PM,1,,Mid-Block (not related to intersection),Daylight,LAKE WASHINGTON BLVD S BETWEEN 46TH AVE S AND 48TH AVE S,0,1,,2,2894367,Dry,21,"MOTOR VEHICLE STRUCK PEDALCYCLIST, REAR END",08198004,11234,1,2b,Serious Injury Collision,,45,Bicycle,Matched,0,1,Clear or Partly Cloudy,0,"(47.56984103900004, -122.27491344899994)",38094,0,N,08-261626
84818,93305,93305,Intersection,Cycles,0,,,0,,01/17/2008 12:00:00 AM +0000,1/17/2008 7:30:00 PM,1,29188,At Intersection (intersection related),Dark - Street Lights On,E JOHN ST AND E OLIVE WAY,0,1,,2,C699408,Dry,18,"MOTOR VEHICLE STRUCK PEDALCYCLIST, FRONT END AT ANGLE",08017035,14587,0,2,Injury Collision,,45,Bicycle,Matched,0,1,Clear or Partly Cloudy,0,"(47.61957466300004, -122.32425705399999)",23258,0,N,
84820,92776,92776,Intersection,Cycles,0,,,0,,07/15/2008 12:00:00 AM +0000,7/15/2008 6:01:00 PM,1,30968,At Intersection (intersection related),Daylight,61ST AVE SW AND ALKI AVE SW,0,1,,2,2895603,Dry,18,"MOTOR VEHICLE STRUCK PEDALCYCLIST, FRONT END AT ANGLE",08197003,8086,0,2,Injury Collision,,45,Bicycle,Matched,0,1,Clear or Partly Cloudy,0,"(47.57912495100004, -122.41064800799995)",3646,0,N,08-260133
84838,92234,92234,Intersection,Cycles,0,,,0,,07/07/2008 12:00:00 AM +0000,7/7/2008,1,26694,At Intersection (intersection related),Daylight,3RD AVE W AND W BERTONA ST,0,1,Y,2,2826550,Dry,51,PEDALCYCLIST STRUCK MOTOR VEHICLE FRONT END AT ANGLE,08189003,4569,0,2,Injury Collision,,45,Bicycle,Matched,0,1,Clear or Partly Cloudy,0,"(47.65041733600003, -122.36087974199995)",30266,0,N,08-248125
84888,91574,91574,Intersection,Cycles,0,,,0,,08/15/2008 12:00:00 AM +0000,8/15/2008 9:05:00 AM,1,25243,At Intersection (intersection related),Dusk,3RD AVE NW AND NW 65TH ST,0,1,,2,C708353,Dry,18,"MOTOR VEHICLE STRUCK PEDALCYCLIST, FRONT END AT ANGLE",08228035,4461,0,2,Injury Collision,,45,Bicycle,Matched,0,1,Clear or Partly Cloudy,0,"(47.67599645400003, -122.36069501599997)",33344,0,N,
84906,91708,91708,Intersection,Cycles,0,,,0,,12/10/2008 12:00:00 AM +0000,12/10/2008 7:08:00 PM,2,24388,At Intersection (intersection related),Dark - Street Lights On,ROOSEVELT WAY NE AND NE 82ND S ST,0,1,Y,5,2881011,Dry,18,"MOTOR VEHICLE STRUCK PEDALCYCLIST, FRONT END AT ANGLE",08345023,12631,1,2b,Serious Injury Collision,,45,Bicycle,Matched,0,1,Clear or Partly Cloudy,0,"(47.68819818600008, -122.31757853299996)",16603,0,N,08-461252
84917,93431,93431,Block,Cycles,213,,,0,,03/12/2008 12:00:00 AM +0000,3/12/2008 7:25:00 PM,1,,Mid-Block (not related to intersection),Dark - Street Lights On,7TH AVE BETWEEN BLANCHARD ST AND BELL ST,0,1,,3,2826282,Dry,56,PEDALCYCLIST STRUCK MOTOR VEHICLE LEFT SIDE SIDESWIPE,08072003,8165,1,2b,Serious Injury Collision,,45,Bicycle,Matched,0,1,Clear or Partly Cloudy,0,"(47.61697788300006, -122.34070296099998)",13716,0,N,08 093495
84925,93294,93294,Block,Cycles,161,,,0,,09/16/2008 12:00:00 AM +0000,9/16/2008 12:41:00 PM,2,,Mid-Block (not related to intersection),Daylight,S KING ST BETWEEN 5TH AVE S AND 6TH AVE S,1,1,,2,2908624,Dry,64,PEDALCYCLIST STRUCK PEDESTRIAN,08260001,20598,0,2,Injury Collision,,45,Bicycle,Matched,0,0,Clear or Partly Cloudy,0,"(47.598354854000036, -122.32701930399998)",5759,0,N,08-347939
84974,92358,92358,Intersection,Cycles,0, ,,0,,11/09/2008 12:00:00 AM +0000,11/9/2008,1,29744,At Intersection (intersection related),Dark - Street Lights On,HARVARD AVE AND E PIKE ST,0,1,,2,3287179,Wet,18,"MOTOR VEHICLE STRUCK PEDALCYCLIST, FRONT END AT ANGLE",08314021,10841,0,2,Injury Collision,,45,Bicycle,Matched,0,1,Raining,0,"(47.61406619600007, -122.32211092499995)",0,521655,N,2008-421342
85073,92481,92481,Block,Cycles,385,,,0,,05/17/2008 12:00:00 AM +0000,5/17/2008 7:30:00 PM,1,,Mid-Block (not related to intersection),Daylight,UNIVERSITY WAY NE BETWEEN NE 52ND ST AND NE 55TH ST,0,1,,2,2893006,Dry,18,"MOTOR VEHICLE STRUCK PEDALCYCLIST, FRONT END AT ANGLE",08138006,13225,0,2,Injury Collision,,45,Bicycle,Matched,0,1,Clear or Partly Cloudy,0,"(47.66749016400007, -122.31303423799994)",5598,0,N,2008-177756
85086,92753,92753,Block,Cycles,276,,,0,,06/25/2008 12:00:00 AM +0000,6/25/2008 12:43:00 AM,1,,Mid-Block (not related to intersection),Dark - Street Lights On,MONTLAKE BR BETWEEN POINT A AND NE PACIFIC ST,0,1,Y,6,2905458,Dry,23,"MOTOR VEHICLE STRUCK PEDALCYCLIST, LEFT SIDE SIDESWIPE",08177005,11903,0,2,Injury Collision,,45,Bicycle,Matched,0,1,Clear or Partly Cloudy,0,"(47.648240060000035, -122.30459060199996)",20245,0,N,2008-230050
85129,92219,92219,Block,Cycles,198,,,0,,04/29/2008 12:00:00 AM +0000,4/29/2008 1:53:00 PM,1,,Driveway Junction,Daylight,ROOSEVELT WAY NE BETWEEN NE 42ND N ST AND NE 43RD S ST,0,1,,2,2905676,Dry,51,PEDALCYCLIST STRUCK MOTOR VEHICLE FRONT END AT ANGLE,08120009,12596,0,2,Injury Collision,,45,Bicycle,Matched,0,1,Clear or Partly Cloudy,0,"(47.65891124900003, -122.31776594999997)",8990,0,N,08-153227
85132,92216,92216,Intersection,Cycles,0,,,0,,01/28/2008 12:00:00 AM +0000,1/28/2008 10:04:00 AM,1,29109,At Intersection (intersection related),Daylight,FAIRVIEW AVE N AND FAIRVIEW PL N,0,1,Y,2,2898585,Wet,18,"MOTOR VEHICLE STRUCK PEDALCYCLIST, FRONT END AT ANGLE",08028004,10354,0,2,Injury Collision,,45,Bicycle,Matched,0,1,Clear or Partly Cloudy,0,"(47.626280877000056, -122.33400849299994)",0,0,N,08-036476
85150,93283,93283,Block,Cycles,1842,,,0,,10/11/2008 12:00:00 AM +0000,10/11/2008 3:37:00 PM,1,,Mid-Block (not related to intersection),Daylight,LAKE WASHINGTON BLVD S BETWEEN LAKE PARK DR S AND S HORTON NR ST,0,1,Y,3,2894524,Dry,23,"MOTOR VEHICLE STRUCK PEDALCYCLIST, LEFT SIDE SIDESWIPE",08285035,11230,0,2,Injury Collision,,45,Bicycle,Matched,0,1,Clear or Partly Cloudy,0,"(47.578874744000075, -122.28370626699996)",38078,0,N,08-382855
85179,92882,92882,Block,Cycles,86,,,0,,11/25/2008 12:00:00 AM +0000,11/25/2008 8:07:00 AM,1,,Driveway Junction,Daylight,GLENWILDE PL E BETWEEN E ROANOKE ST AND DEAD END,0,1,,3,2899454,Dry,18,"MOTOR VEHICLE STRUCK PEDALCYCLIST, FRONT END AT ANGLE",08330004,10661,0,2,Injury Collision,,45,Bicycle,Matched,0,1,Clear or Partly Cloudy,0,"(47.643385386000034, -122.30117747099996)",0,0,N,08-441552
85270,91679,91679,Block,Cycles,213,,,0,Y,03/12/2008 12:00:00 AM +0000,3/12/2008 9:32:00 PM,1,,Mid-Block (not related to intersection),Dark - Street Lights On,12TH AVE BETWEEN E OLIVE ST AND E HOWELL ST,0,1,Y,3,2897909,Dry,18,"MOTOR VEHICLE STRUCK PEDALCYCLIST, FRONT END AT ANGLE",08072002,1548,0,2,Injury Collision,,45,Bicycle,Matched,0,1,Clear or Partly Cloudy,0,"(47.617015027000036, -122.31688206299998)",10852,0,N,08-93630
85309,93407,93407,Intersection,Cycles,0, ,,0,,01/31/2008 12:00:00 AM +0000,1/31/2008 6:16:00 PM,1,24495,At Intersection (intersection related),Dark - Street Lights On,8TH AVE NE AND NE 65TH ST,0,1,Y,2,2904646,Wet,18,"MOTOR VEHICLE STRUCK PEDALCYCLIST, FRONT END AT ANGLE",08031002,8322,0,2,Injury Collision,,45,Bicycle,Matched,0,1,Raining,0,"(47.67585210000004, -122.32005308999999)",0,522077,N,08-040815
85343,92607,92607,Intersection,Cycles,0,,,0,,02/19/2008 12:00:00 AM +0000,2/19/2008 6:15:00 PM,1,27043,At Intersection (intersection related),Dark - Street Lights On,TROLL AVE N AND N 34TH ST,0,1,,2,C700087,Dry,51,PEDALCYCLIST STRUCK MOTOR VEHICLE FRONT END AT ANGLE,08050019,9002,0,2,Injury Collision,,45,Bicycle,Matched,0,1,Clear or Partly Cloudy,0,"(47.64924012200004, -122.34741874299999)",8816,0,N,
85363,92738,92738,Block,Cycles,128.5,,,0,Y,07/03/2008 12:00:00 AM +0000,7/3/2008,1,,Mid-Block (not related to intersection),Dusk,N 62ND ST BETWEEN 1ST AVE NW AND PALATINE AVE N,0,1,,2,2830087,Dry,56,PEDALCYCLIST STRUCK MOTOR VEHICLE LEFT SIDE SIDESWIPE,08185003,15752,0,2,Injury Collision,,45,Bicycle,Matched,0,1,Clear or Partly Cloudy,0,"(47.674059068000076, -122.35693744599996)",0,0,N,08-242998
85509,89576,89576,Block,Cycles,133,,,0,,02/26/2008 12:00:00 AM +0000,2/26/2008 4:51:00 PM,1,,Mid-Block (not related to intersection),Dusk,24TH AVE NW BETWEEN NW 56TH ST AND NW 57TH ST,0,1,Y,3,2795124,Dry,51,PEDALCYCLIST STRUCK MOTOR VEHICLE FRONT END AT ANGLE,08057002,3591,0,2,Injury Collision,,45,Bicycle,Matched,0,1,Clear or Partly Cloudy,0,"(47.66982111300007, -122.38758729899996)",1876,0,N,08 74537
85537,91263,91263,Block,Cycles,166,,,0,,04/10/2008 12:00:00 AM +0000,4/10/2008 3:33:00 PM,0,,Mid-Block (but intersection related),Daylight,E ALOHA ST BETWEEN 18TH AVE E AND 19TH AVE E,0,1,,2,2898104,Dry,21,"MOTOR VEHICLE STRUCK PEDALCYCLIST, REAR END",08101028,13822,0,1,Property Damage Only Collision,,45,Bicycle,Matched,0,1,Clear or Partly Cloudy,0,"(47.62685524800003, -122.30797193299998)",8647,0,N,08 129076
85561,91266,91266,Block,Cycles,233,,,0,Y,03/01/2008 12:00:00 AM +0000,3/1/2008,0,,Mid-Block (not related to intersection),Daylight,24TH AVE BETWEEN E HOWELL ST AND E DENNY WAY,0,1,,2,2897739,Dry,54,PEDALCYCLIST STRUCK MOTOR VEHICLE REAR END,08061002,3524,0,1,Property Damage Only Collision,Y,45,Bicycle,Matched,0,1,Clear or Partly Cloudy,0,"(47.61828503800007, -122.30117930999995)",0,0,N,08-79579
85566,90351,90351,Intersection,Cycles,0,,,0,,06/25/2008 12:00:00 AM +0000,6/25/2008 5:34:00 PM,1,37682,At Intersection (intersection related),Daylight,30TH AVE NE AND NE 85TH ST,0,1,Y,2,2905686,Dry,51,PEDALCYCLIST STRUCK MOTOR VEHICLE FRONT END AT ANGLE,08177006,4615,0,2,Injury Collision,,45,Bicycle,Matched,0,1,Clear or Partly Cloudy,0,"(47.69023443000003, -122.29602229499994)",0,0,N,08-230975