OBJECTID,INCKEY,COLDETKEY,ADDRTYPE,COLLISIONTYPE,DISTANCE,EXCEPTRSNCODE,EXCEPTRSNDESC,FATALITIES,INATTENTIONIND,INCDATE,INCDTTM,INJURIES,INTKEY,JUNCTIONTYPE,LIGHTCOND,LOCATION,PEDCOUNT,PEDCYLCOUNT,PEDROWNOTGRNT,PERSONCOUNT,REPORTNO,ROADCOND,SDOT_COLCODE,SDOT_COLDESC,SDOTCOLNUM,SEGKEY,SERIOUSINJURIES,SEVERITYCODE,SEVERITYDESC,SPEEDING,ST_COLCODE,ST_COLDESC,STATUS,UNDERINFL,VEHCOUNT,WEATHER,WIDTH,Shape,SEGLANEKEY,CROSSWALKKEY,HITPARKEDCAR,SPDCASENO
85598,89697,89697,Block,Cycles,542.5,,,0,,12/15/2008 12:00:00 AM +0000,12/15/2008 5:20:00 PM,0,,Mid-Block (but intersection related),Unknown,RAINIER AVE S BETWEEN S BAYVIEW ST AND S MCCLELLAN ST,0,1,,2,3289012,Unknown,18,"MOTOR VEHICLE STRUCK PEDALCYCLIST, FRONT END AT ANGLE",08350022,12364,0,1,Property Damage Only Collision,,45,Bicycle,Matched,0,1,Unknown,0,"(47.57967346300006, -122.29915965999999)",20041,0,N,2008-467688
85625,90105,90105,Intersection,Cycles,0,,,0,,09/12/2008 12:00:00 AM +0000,9/12/2008 5:36:00 PM,1,27153,At Intersection (intersection related),Daylight,EASTLAKE AVE E AND FUHRMAN AVE E,0,1,Y,2,2882797,Dry,51,PEDALCYCLIST STRUCK MOTOR VEHICLE FRONT END AT ANGLE,08256006,10579,0,2,Injury Collision,,45,Bicycle,Matched,0,1,Clear or Partly Cloudy,0,"(47.65157827200005, -122.32127525699997)",6078,0,N,08-342702
85770,89831,89831,Block,Cycles,153,,,0,,08/20/2008 12:00:00 AM +0000,8/20/2008 10:00:00 AM,1,,Mid-Block (not related to intersection),Daylight,2ND AVE BETWEEN CHERRY ST AND COLUMBIA ST,0,1,,1,3274023,Dry,69,PEDALCYCLIST OVERTURNED IN ROAD,08233027,2750,0,2,Injury Collision,,45,Bicycle,Matched,0,0,Clear or Partly Cloudy,0,"(47.60337492000008, -122.33349737199995)",12036,0,N,08-310306
85849,90857,90857,Intersection,Cycles,0,,,0,,05/30/2008 12:00:00 AM +0000,5/30/2008 3:48:00 PM,0,30148,At Intersection (intersection related),Daylight,22ND AVE AND E UNION ST,0,1,,2,2806183,Dry,18,"MOTOR VEHICLE STRUCK PEDALCYCLIST, FRONT END AT ANGLE",08151004,3232,0,1,Property Damage Only Collision,,45,Bicycle,Matched,0,1,Clear or Partly Cloudy,0,"(47.612933104000035, -122.30363535099997)",9360,0,N,08-195059
85860,90089,90089,Intersection,Cycles,0,,,0,Y,05/27/2008 12:00:00 AM +0000,5/27/2008 6:03:00 PM,1,26662,At Intersection (intersection related),Daylight,3RD AVE NW AND LEARY WAY NW,0,1,Y,2,2614200,Dry,51,PEDALCYCLIST STRUCK MOTOR VEHICLE FRONT END AT ANGLE,08148003,4435,0,2,Injury Collision,,45,Bicycle,Matched,0,1,Clear or Partly Cloudy,0,"(47.654938093000055, -122.36083128799999)",0,0,N,08-191105
85870,90457,90457,Block,Cycles,386.5,,,0,Y,07/17/2008 12:00:00 AM +0000,7/17/2008 5:15:00 PM,1,,Driveway Junction,Daylight,8TH AVE N BETWEEN ALOHA ST AND WESTLAKE S AVE N,0,1,Y,2,2900213,Dry,18,"MOTOR VEHICLE STRUCK PEDALCYCLIST, FRONT END AT ANGLE",08199004,8294,0,2,Injury Collision,,45,Bicycle,Matched,0,1,Clear or Partly Cloudy,0,"(47.62819131200007, -122.34099409399994)",0,0,N,08-264084
85975,90981,90981,Intersection,Cycles,0, ,,0,,12/15/2008 12:00:00 AM +0000,12/15/2008 3:43:00 PM,1,31369,At Intersection (intersection related),Daylight,4TH AVE S AND S LANDER ST,0,1,Y,2,2894468,Dry,18,"MOTOR VEHICLE STRUCK PEDALCYCLIST, FRONT END AT ANGLE",08350023,6240,0,2,Injury Collision,,45,Bicycle,Matched,0,1,Clear or Partly Cloudy,0,"(47.579809451000074, -122.32905650499998)",0,524930,N,08-457002
86043,91232,91232,Block,Cycles,174.5,,,0,Y,09/11/2008 12:00:00 AM +0000,9/11/2008 11:25:00 PM,1,,Mid-Block (not related to intersection),Dark - Street Lights Off,NICKERSON ST BETWEEN WARREN AVE N AND ETRURIA ST,0,1,,2,2826563,Dry,54,PEDALCYCLIST STRUCK MOTOR VEHICLE REAR END,08255004,11969,1,2b,Serious Injury Collision,,45,Bicycle,Matched,1,1,Clear or Partly Cloudy,0,"(47.648040784000045, -122.35390973299997)",12453,0,N,08-340271
86052,91496,91496,Intersection,Cycles,0,,,0,,10/09/2008 12:00:00 AM +0000,10/9/2008,1,28368,At Intersection (intersection related),Daylight,25TH AVE E AND E LYNN W ST,0,1,Y,2,2899577,Dry,51,PEDALCYCLIST STRUCK MOTOR VEHICLE FRONT END AT ANGLE,08283004,14330,0,2,Injury Collision,,45,Bicycle,Matched,0,1,Clear or Partly Cloudy,0,"(47.63952418100007, -122.30050053099995)",0,0,N,08-379790
86075,89543,89543,Block,Cycles,304.5,,,0,Y,04/09/2008 12:00:00 AM +0000,4/9/2008,0,,Mid-Block (not related to intersection),Daylight,S SPOKANE SR ST BETWEEN COLORADO AVE S AND 1ST AV S OFF RP,0,1,,2,2892328,Dry,23,"MOTOR VEHICLE STRUCK PEDALCYCLIST, LEFT SIDE SIDESWIPE",08100008,21326,0,1,Property Damage Only Collision,,45,Bicycle,Matched,0,1,Clear or Partly Cloudy,0,"(47.57138664200005, -122.33555421599999)",39236,0,N,08-127842
86134,90442,90442,Intersection,Cycles,0,,,0,,12/11/2008 12:00:00 AM +0000,12/11/2008 7:40:00 AM,1,29761,At Intersection (intersection related),Dawn,12TH AVE AND E MADISON ST,0,1,,2,3289280,Dry,18,"MOTOR VEHICLE STRUCK PEDALCYCLIST, FRONT END AT ANGLE",08346025,1536,0,2,Injury Collision,,45,Bicycle,Matched,0,1,Clear or Partly Cloudy,0,"(47.61288923600006, -122.31673339099996)",10773,0,N,08-461801
86167,89799,89799,Intersection,Cycles,0, ,,0,,09/29/2008 12:00:00 AM +0000,9/29/2008 4:15:00 PM,1,28709,At Intersection (intersection related),Daylight,GALER ST AND WESTLAKE S AVE N,0,1,,2,C710661,Dry,18,"MOTOR VEHICLE STRUCK PEDALCYCLIST, FRONT END AT ANGLE",08273038,519941,0,2,Injury Collision,,45,Bicycle,Matched,0,1,Clear or Partly Cloudy,0,"(47.63227123300004, -122.34095387199994)",0,574140,N,
86229,90565,90565,Intersection,Cycles,0, ,,0,,06/11/2008 12:00:00 AM +0000,6/11/2008 4:15:00 PM,0,28736,At Intersection (intersection related),Daylight,DEXTER AVE N AND VALLEY ST,0,1,,2,C705243,Dry,51,PEDALCYCLIST STRUCK MOTOR VEHICLE FRONT END AT ANGLE,08163028,10079,0,1,Property Damage Only Collision,,45,Bicycle,Matched,0,1,Clear or Partly Cloudy,0,"(47.626261483000064, -122.34233438599995)",12708,0,N,
86357,90558,90558,Intersection,Cycles,0,,,0,,04/17/2008 12:00:00 AM +0000,4/17/2008 9:44:00 AM,1,25992,At Intersection (intersection related),Daylight,20TH AVE NE AND NE 61ST ST,0,1,,2,2905781,Dry,18,"MOTOR VEHICLE STRUCK PEDALCYCLIST, FRONT END AT ANGLE",08108002,2968,0,2,Injury Collision,,45,Bicycle,Matched,0,1,Clear or Partly Cloudy,0,"(47.67262222100004, -122.30650942599999)",0,0,N,08-137529
86399,89788,89788,Block,Cycles,213,,,0,,10/16/2008 12:00:00 AM +0000,10/16/2008 5:02:00 PM,1,,Driveway Junction,Daylight,2ND AVE BETWEEN UNIVERSITY ST AND UNION ST,0,1,Y,2,3282488,Dry,18,"MOTOR VEHICLE STRUCK PEDALCYCLIST, FRONT END AT ANGLE",08290001,2756,0,2,Injury Collision,,45,Bicycle,Matched,0,1,Clear or Partly Cloudy,0,"(47.60779445000003, -122.33754000999994)",12162,0,N,08-389527
86476,90680,90680,Intersection,Cycles,0, ,,0,,08/25/2008 12:00:00 AM +0000,8/25/2008 6:08:00 PM,1,287144,At Intersection (intersection related),Dusk,BURKE GILMAN TRL AND NW 42ND ST,0,1,Y,2,2905310,Wet,18,"MOTOR VEHICLE STRUCK PEDALCYCLIST, FRONT END AT ANGLE",08238008,287191,0,2,Injury Collision,,45,Bicycle,Matched,0,1,Raining,0,"(47.65775618100008, -122.36474763099994)",0,525276,N,08-317485
86515,90292,90292,Block,Cycles,244,,,0,Y,04/17/2008 12:00:00 AM +0000,4/17/2008 7:50:00 AM,1,,Mid-Block (but intersection related),Daylight,43RD AVE S BETWEEN LAKE WASHINGTON BLVD S AND S BRADFORD ST TRL,0,1,Y,2,2892342,Dry,21,"MOTOR VEHICLE STRUCK PEDALCYCLIST, REAR END",08108030,6662,1,2b,Serious Injury Collision,,45,Bicycle,Matched,0,1,Clear or Partly Cloudy,0,"(47.56946749600007, -122.27954402799998)",0,0,N,2008-137426
86525,90550,90550,Block,Cycles,882,,,0,,08/10/2008 12:00:00 AM +0000,8/10/2008 12:30:00 PM,1,,Mid-Block (not related to intersection),Daylight,DEXTER AVE N BETWEEN HALLADAY ST AND 4TH S AVE N,0,1,Y,3,3273879,Dry,21,"MOTOR VEHICLE STRUCK PEDALCYCLIST, REAR END",08223006,10094,0,2,Injury Collision,,45,Bicycle,Matched,0,2,Clear or Partly Cloudy,0,"(47.64426570300003, -122.34665163399995)",13856,0,N,08-296762
86548,89641,89641,Block,Cycles,161.5,,,0,,10/29/2008 12:00:00 AM +0000,10/29/2008 3:05:00 PM,0,,Mid-Block (but intersection related),Daylight,E JOHN ST BETWEEN 12TH AVE E AND 13TH AVE E,0,1,Y,2,2882761,Dry,51,PEDALCYCLIST STRUCK MOTOR VEHICLE FRONT END AT ANGLE,08303001,14246,0,1,Property Damage Only Collision,,45,Bicycle,Matched,0,1,Clear or Partly Cloudy,0,"(47.61994148900004, -122.316275701)",35229,0,N,2008-406523
86553,89513,89513,Intersection,Cycles,0,,,0,,02/28/2008 12:00:00 AM +0000,2/28/2008 12:53:00 PM,1,37373,At Intersection (intersection related),Daylight,ASHWORTH AVE N AND N 85TH ST,0,1,Y,2,2897126,Dry,18,"MOTOR VEHICLE STRUCK PEDALCYCLIST, FRONT END AT ANGLE",08059010,8871,0,2,Injury Collision,,45,Bicycle,Matched,0,1,Clear or Partly Cloudy,0,"(47.69052152800003, -122.33913429199998)",0,0,N,08-076778
86554,90044,90044,Intersection,Cycles,0,,,0,,09/13/2008 12:00:00 AM +0000,9/13/2008 4:00:00 PM,1,30026,At Intersection (intersection related),Daylight,24TH AVE AND E UNION ST,0,1,Y,2,2896288,Dry,51,PEDALCYCLIST STRUCK MOTOR VEHICLE FRONT END AT ANGLE,08257004,3520,0,2,Injury Collision,,45,Bicycle,Matched,0,1,Clear or Partly Cloudy,0,"(47.61294603300007, -122.30141715699995)",9384,0,N,2008-344160
86621,90545,90545,Intersection,Cycles,0, ,,0,,08/13/2008 12:00:00 AM +0000,8/13/2008 1:49:00 PM,1,31066,At Intersection (intersection related),Daylight,CALIFORNIA AVE SW AND SW ADMIRAL WAY,0,1,,3,2895743,Dry,18,"MOTOR VEHICLE STRUCK PEDALCYCLIST, FRONT END AT ANGLE",08226004,9540,0,2,Injury Collision,,45,Bicycle,Matched,0,1,Clear or Partly Cloudy,0,"(47.58119534200006, -122.38654575499999)",0,522655,N,08-300915
86634,91198,91198,Intersection,Cycles,0,,,0,,03/15/2008 12:00:00 AM +0000,3/15/2008 11:10:00 PM,1,26787,At Intersection (intersection related),Dark - Street Lights On,WALLINGFORD AVE N AND N 45TH ST,0,1,,3,2897506,Dry,51,PEDALCYCLIST STRUCK MOTOR VEHICLE FRONT END AT ANGLE,08075003,13373,0,2,Injury Collision,,45,Bicycle,Matched,0,1,Clear or Partly Cloudy,0,"(47.661385669000026, -122.33629426399995)",6488,0,N,08-97639
86657,90410,90410,Intersection,Cycles,0,,,0,,11/26/2008 12:00:00 AM +0000,11/26/2008 1:00:00 PM,1,24283,At Intersection (intersection related),Daylight,DAYTON AVE N AND N 80TH ST,0,1,,2,C713353,Dry,51,PEDALCYCLIST STRUCK MOTOR VEHICLE FRONT END AT ANGLE,08331044,9922,0,2,Injury Collision,,45,Bicycle,Matched,0,1,Clear or Partly Cloudy,0,"(47.68694052600006, -122.35260008899996)",27312,0,N,
86697,89770,89770,Block,Cycles,213,,,0,,08/21/2008 12:00:00 AM +0000,8/21/2008 4:45:00 PM,0,,Mid-Block (not related to intersection),Daylight,BROADWAY E BETWEEN E OLIVE WAY AND E THOMAS ST,0,1,,2,3274109,Unknown,18,"MOTOR VEHICLE STRUCK PEDALCYCLIST, FRONT END AT ANGLE",08234030,9452,0,1,Property Damage Only Collision,Y,45,Bicycle,Matched,0,1,Overcast,0,"(47.62049044100007, -122.32088225899997)",6809,0,N,2008-312140
86758,90029,90029,Block,Cycles,222,,,0,,10/13/2008 12:00:00 AM +0000,10/13/2008 5:26:00 PM,1,,Mid-Block (not related to intersection),Daylight,12TH AVE BETWEEN E MADISON ST AND E PIKE ST,0,1,Y,2,3273910,Dry,51,PEDALCYCLIST STRUCK MOTOR VEHICLE FRONT END AT ANGLE,08287019,1536,0,2,Injury Collision,,45,Bicycle,Matched,0,1,Clear or Partly Cloudy,0,"(47.613495138000076, -122.31678450399994)",10782,0,N,08-385414
86864,90923,90923,Block,Cycles,213,,,0,,05/27/2008 12:00:00 AM +0000,5/27/2008 4:18:00 PM,1,,Mid-Block (not related to intersection),Daylight,2ND AVE BETWEEN UNIVERSITY ST AND UNION ST,0,1,,2,2906715,Dry,18,"MOTOR VEHICLE STRUCK PEDALCYCLIST, FRONT END AT ANGLE",08148004,2756,0,2,Injury Collision,,45,Bicycle,Matched,0,1,Clear or Partly Cloudy,0,"(47.60779445000003, -122.33754000999994)",12163,0,N,2008-190977
86866,91186,91186,Intersection,Cycles,0, ,,0,,08/28/2008 12:00:00 AM +0000,8/28/2008 4:20:00 PM,1,28744,At Intersection (intersection related),Daylight,BROAD ST AND VALLEY ST,0,1,,2,2908524,Dry,18,"MOTOR VEHICLE STRUCK PEDALCYCLIST, FRONT END AT ANGLE",08241002,13265,0,2,Injury Collision,,45,Bicycle,Matched,0,1,Clear or Partly Cloudy,0,"(47.625795769000035, -122.33863455)",0,523374,N,08-321483
86881,90391,90391,Block,Cycles,288,,,0,,06/10/2008 12:00:00 AM +0000,6/10/2008 3:20:00 PM,1,,Mid-Block (not related to intersection),Daylight,EASTLAKE AVE E BETWEEN E SHELBY ST AND E ALLISON ST,0,1,,2,2898109,Dry,51,PEDALCYCLIST STRUCK MOTOR VEHICLE FRONT END AT ANGLE,08162004,10182,0,2,Injury Collision,,45,Bicycle,Matched,0,1,Overcast,0,"(47.64808303800004, -122.32397810399999)",24676,0,N,08-209469
86941,89755,89755,Block,Cycles,161,,,0,,10/08/2008 12:00:00 AM +0000,10/8/2008,1,,Mid-Block (not related to intersection),Daylight,E OLIVE ST BETWEEN 16TH AVE AND 17TH AVE,0,1,,2,2906540,Dry,18,"MOTOR VEHICLE STRUCK PEDALCYCLIST, FRONT END AT ANGLE",08282032,14559,0,2,Injury Collision,,45,Bicycle,Matched,0,1,Clear or Partly Cloudy,0,"(47.61644440300006, -122.31080530199995)",0,0,N,08-378533
86958,89882,89882,Block,Cycles,453,,,0,Y,08/26/2008 12:00:00 AM +0000,8/26/2008 6:01:00 PM,1,,Mid-Block (not related to intersection),Daylight,NE 40TH ST BETWEEN 7TH AVE NE AND UNIVERSITY BR OFF RP,0,1,,2,3283980,Dry,18,"MOTOR VEHICLE STRUCK PEDALCYCLIST, FRONT END AT ANGLE",08239002,16733,0,2,Injury Collision,,45,Bicycle,Matched,0,1,Clear or Partly Cloudy,0,"(47.65552386500008, -122.31914462099996)",11720,0,N,08-318757
86959,89490,89490,Block,Cycles,247.5,,,0,,09/03/2008 12:00:00 AM +0000,9/3/2008,1,,Mid-Block (but intersection related),Daylight,PHINNEY AVE N BETWEEN N 56TH ST AND N 58TH ST,0,1,,2,2905658,Dry,23,"MOTOR VEHICLE STRUCK PEDALCYCLIST, LEFT SIDE SIDESWIPE",08247009,12152,0,2,Injury Collision,,45,Bicycle,Matched,0,1,Clear or Partly Cloudy,0,"(47.67047158300005, -122.35439478099994)",3832,0,N,08-329658
87091,91167,91167,Block,Cycles,236.5,,,0,,11/24/2008 12:00:00 AM +0000,11/24/2008 5:23:00 PM,1,,Driveway Junction,Dark - Street Lights On,WESTLAKE AVE BETWEEN LENORA ST AND BLANCHARD ST,0,1,Y,2,3288822,Dry,51,PEDALCYCLIST STRUCK MOTOR VEHICLE FRONT END AT ANGLE,08329004,13530,0,2,Injury Collision,,45,Bicycle,Matched,0,1,Clear or Partly Cloudy,0,"(47.617115924000075, -122.33813620099994)",37218,0,N,2008-440888
87123,90131,90131,Block,Cycles,340,,,0,,09/11/2008 12:00:00 AM +0000,9/11/2008 5:57:00 PM,1,,Mid-Block (but intersection related),Daylight,45TH AVE S BETWEEN S CLOVERDALE ST AND S TRENTON ST,0,1,Y,2,2794441,Dry,21,"MOTOR VEHICLE STRUCK PEDALCYCLIST, REAR END",08255007,6834,0,2,Injury Collision,,45,Bicycle,Matched,0,1,Clear or Partly Cloudy,0,"(47.52518743200005, -122.27584423199994)",0,0,N,2008-341291
87221,89466,89466,Block,Cycles,133,,,0,,09/15/2008 12:00:00 AM +0000,9/15/2008 8:48:00 AM,1,,Driveway Junction,Daylight,24TH AVE NW BETWEEN NW 61ST ST AND NW 62ND ST,0,1,Y,2,2896895,Dry,18,"MOTOR VEHICLE STRUCK PEDALCYCLIST, FRONT END AT ANGLE",08259010,3596,0,2,Injury Collision,,45,Bicycle,Matched,0,1,Clear or Partly Cloudy,0,"(47.67346571500008, -122.38758610899998)",2126,0,N,08-346229
87226,89601,89601,Block,Cycles,166,,,0,,11/21/2008 12:00:00 AM +0000,11/21/2008 4:38:00 PM,1,,Driveway Junction,Dark - Street Lights On,SW BARTON ST BETWEEN 16TH AVE SW AND 17TH AVE SW,0,1,,2,2803879,Dry,51,PEDALCYCLIST STRUCK MOTOR VEHICLE FRONT END AT ANGLE,08326033,21833,0,2,Injury Collision,,45,Bicycle,Matched,0,1,Overcast,0,"(47.52103240400004, -122.35579514799997)",0,0,N,2008-437171
87287,90365,90365,Block,Cycles,311,,,0,,08/21/2008 12:00:00 AM +0000,8/21/2008 8:40:00 PM,1,,Mid-Block (not related to intersection),Dark - No Street Lights,NW BALLARD WAY BETWEEN 14TH AVE NW AND BALLARD BR OFF RP,0,1,,2,2624475,Dry,18,"MOTOR VEHICLE STRUCK PEDALCYCLIST, FRONT END AT ANGLE",08234004,19156,0,2,Injury Collision,,45,Bicycle,Matched,0,1,Clear or Partly Cloudy,0,"(47.66293189700008, -122.37485486999998)",26349,0,N,2008-312330
87289,90364,90364,Block,Cycles,140,,,0,,06/13/2008 12:00:00 AM +0000,6/13/2008 7:16:00 PM,0,,Driveway Junction,Dawn,NW MARKET ST BETWEEN NW 54TH ST AND 30TH AVE NW,0,1,,3,2905813,Dry,51,PEDALCYCLIST STRUCK MOTOR VEHICLE FRONT END AT ANGLE,08165002,19239,0,1,Property Damage Only Collision,,45,Bicycle,Matched,0,1,Clear or Partly Cloudy,0,"(47.668645567000056, -122.39507431399994)",0,0,N,2008-213942
87294,90123,90123,Intersection,Cycles,0, ,,0,,02/12/2008 12:00:00 AM +0000,2/12/2008 8:31:00 PM,1,27091,At Intersection (intersection related),Dark - Street Lights On,15TH AVE NE AND NE 42ND ST,0,1,,2,2799513,Dry,18,"MOTOR VEHICLE STRUCK PEDALCYCLIST, FRONT END AT ANGLE",08043004,2033,0,2,Injury Collision,,45,Bicycle,Matched,0,1,Overcast,0,"(47.65830145700005, -122.31207124999997)",0,520845,N,08-056591
87298,90371,90371,Intersection,Cycles,0,,,0,Y,08/15/2008 12:00:00 AM +0000,8/15/2008 4:58:00 PM,1,24244,At Intersection (intersection related),Daylight,WALLINGFORD AVE N AND EAST GREEN LAKE DR N,0,1,Y,2,3277879,Dry,18,"MOTOR VEHICLE STRUCK PEDALCYCLIST, FRONT END AT ANGLE",08228027,13386,0,2,Injury Collision,,45,Bicycle,Matched,0,1,Clear or Partly Cloudy,0,"(47.685612450000065, -122.33676543999997)",7370,0,N,08-303975
87305,89857,89857,Block,Cycles,367,,,0,,09/23/2008 12:00:00 AM +0000,9/23/2008 11:18:00 AM,1,,Mid-Block (not related to intersection),Daylight,BEACON AVE S BETWEEN S STEVENS ST AND S HANFORD ST,0,1,,2,C710136,Dry,56,PEDALCYCLIST STRUCK MOTOR VEHICLE LEFT SIDE SIDESWIPE,08267043,9122,0,2,Injury Collision,,45,Bicycle,Matched,0,1,Clear or Partly Cloudy,0,"(47.576073543000064, -122.30951713499996)",13384,0,N,
87403,90622,90622,Block,Cycles,213.5,,,0,,08/06/2008 12:00:00 AM +0000,8/6/2008,1,,Mid-Block (not related to intersection),Daylight,ALASKAN WAY BETWEEN UNIVERSITY ST AND UNION ST,0,1,,3,2826595,Dry,55,PEDALCYCLIST STRUCK MOTOR VEHICLE RIGHT SIDE SIDESWIPE,08219002,8723,1,2b,Serious Injury Collision,,45,Bicycle,Matched,0,1,Clear or Partly Cloudy,0,"(47.60640582000008, -122.34087258999995)",20982,0,N,08-291398
87460,88263,88263,Intersection,Cycles,0,,,0,,05/31/2008 12:00:00 AM +0000,5/31/2008 1:00:00 PM,1,29053,At Intersection (intersection related),Daylight,10TH AVE E AND E JOHN ST,0,1,,2,C705012,Dry,18,"MOTOR VEHICLE STRUCK PEDALCYCLIST, FRONT END AT ANGLE",08152038,1198,0,2,Injury Collision,,45,Bicycle,Matched,0,1,Unknown,0,"(47.61991720000003, -122.31953929199994)",35215,0,N,
87536,88652,88652,Intersection,Cycles,0,,,0,,06/30/2008 12:00:00 AM +0000,6/30/2008 1:09:00 AM,1,29054,At Intersection (intersection related),Dark - Street Lights On,11TH AVE E AND E JOHN ST,0,1,Y,3,2882786,Dry,18,"MOTOR VEHICLE STRUCK PEDALCYCLIST, FRONT END AT ANGLE",08182001,1387,0,2,Injury Collision,,45,Bicycle,Matched,1,1,Clear or Partly Cloudy,0,"(47.61992718400006, -122.31823392599995)",35222,0,N,2008-237283
87547,88523,88523,Block,Cycles,128,,,0,,04/23/2008 12:00:00 AM +0000,4/23/2008 8:40:00 AM,1,,Driveway Junction,Daylight,NW 65TH ST BETWEEN 9TH AVE NW AND 10TH AVE NW,0,1,,2,C703284,Dry,18,"MOTOR VEHICLE STRUCK PEDALCYCLIST, FRONT END AT ANGLE",08114029,18614,0,2,Injury Collision,,45,Bicycle,Matched,0,1,Clear or Partly Cloudy,0,"(47.67597408100005, -122.36925624599996)",0,0,N,
87565,87599,87599,Intersection,Cycles,0,,,0,,09/17/2008 12:00:00 AM +0000,9/17/2008 4:46:00 PM,1,32498,At Intersection (intersection related),Daylight,S ALASKA ST AND S COLUMBIAN WAY,0,1,,1,3279680,Dry,69,PEDALCYCLIST OVERTURNED IN ROAD,08261007,11936,0,2,Injury Collision,Y,45,Bicycle,Matched,0,0,Clear or Partly Cloudy,0,"(47.56163728300004, -122.297283102)",0,0,N,08-349833
87588,87604,87604,Intersection,Cycles,0,,,0,,01/11/2008 12:00:00 AM +0000,1/11/2008 10:02:00 AM,1,29366,At Intersection (intersection related),Daylight,19TH AVE E AND E THOMAS ST,0,1,,2,2793570,Wet,51,PEDALCYCLIST STRUCK MOTOR VEHICLE FRONT END AT ANGLE,08011004,2656,0,2,Injury Collision,,45,Bicycle,Matched,0,1,Clear or Partly Cloudy,0,"(47.62048727900003, -122.30735048599996)",35317,0,N,08-013489
87687,87722,87722,Intersection,Cycles,0,,,0,,11/24/2008 12:00:00 AM +0000,11/24/2008 2:05:00 PM,1,26215,At Intersection (intersection related),Daylight,37TH AVE NE AND NE 55TH ST,0,1,,2,3276936,Dry,51,PEDALCYCLIST STRUCK MOTOR VEHICLE FRONT END AT ANGLE,08329005,5701,1,2b,Serious Injury Collision,,45,Bicycle,Matched,0,1,Clear or Partly Cloudy,0,"(47.66851081200008, -122.28796842999998)",0,0,N,08-440625
87689,88243,88243,Intersection,Cycles,0,,,0,,09/14/2008 12:00:00 AM +0000,9/14/2008 3:39:00 PM,1,29052,At Intersection (intersection related),Daylight,BROADWAY E AND E OLIVE WAY,0,1,,2,2882243,Dry,18,"MOTOR VEHICLE STRUCK PEDALCYCLIST, FRONT END AT ANGLE",08258005,9452,0,2,Injury Collision,,45,Bicycle,Matched,0,1,Clear or Partly Cloudy,0,"(47.61990774700007, -122.32087289199995)",6798,0,N,08-345467
87806,88234,88234,Block,Cycles,351.5,,,0,,10/04/2008 12:00:00 AM +0000,10/4/2008,1,,Mid-Block (not related to intersection),Dark - Street Lights On,35TH AVE NE BETWEEN NE 100TH ST AND NE 103RD ST,0,1,,1,2617745,Dry,69,PEDALCYCLIST OVERTURNED IN ROAD,08278008,5385,1,2b,Serious Injury Collision,Y,45,Bicycle,Matched,0,0,Clear or Partly Cloudy,0,"(47.702084341000045, -122.29074800999996)",4124,0,N,08-373950
87811,88109,88109,Block,Cycles,166.5,,,0,,03/24/2008 12:00:00 AM +0000,3/24/2008 12:07:00 PM,1,,Mid-Block (but intersection related),Daylight,BROADWAY E BETWEEN E THOMAS ST AND E HARRISON ST,0,1,,1,2792421,Dry,69,PEDALCYCLIST OVERTURNED IN ROAD,08084008,9453,0,2,Injury Collision,,45,Bicycle,Matched,0,0,Clear or Partly Cloudy,0,"(47.62153060600008, -122.32089890399999)",6791,0,N,08-017836
87861,87451,87451,Block,Cycles,128,,,0,,09/26/2008 12:00:00 AM +0000,9/26/2008 4:44:00 PM,1,,Mid-Block (but intersection related),Daylight,EAST GREEN LAKE DR N BETWEEN WALLINGFORD AVE N AND GREEN LAKE DR N,0,1,Y,2,3283836,Dry,23,"MOTOR VEHICLE STRUCK PEDALCYCLIST, LEFT SIDE SIDESWIPE",08270021,14069,0,2,Injury Collision,,45,Bicycle,Matched,0,1,Clear or Partly Cloudy,0,"(47.68566719700004, -122.33727494899995)",9780,0,N,08-362214
87972,87971,87971,Block,Cycles,254.5,,,0,,05/05/2008 12:00:00 AM +0000,5/5/2008,0,,Mid-Block (but intersection related),Daylight,LAKEVIEW BLVD E BETWEEN E GARFIELD ST AND HARVARD AVE E,0,1,,2,2906239,Dry,23,"MOTOR VEHICLE STRUCK PEDALCYCLIST, LEFT SIDE SIDESWIPE",08126005,11281,0,1,Property Damage Only Collision,,45,Bicycle,Matched,0,1,Clear or Partly Cloudy,0,"(47.63520625500007, -122.32239428099996)",41909,0,N,08 160762
87997,87445,87445,Intersection,Cycles,0,,,0,,07/01/2008 12:00:00 AM +0000,7/1/2008,1,29603,At Intersection (intersection related),Daylight,2ND AVE AND UNIVERSITY ST,0,1,Y,2,2900042,Dry,18,"MOTOR VEHICLE STRUCK PEDALCYCLIST, FRONT END AT ANGLE",08183003,2756,0,2,Injury Collision,,45,Bicycle,Matched,0,1,Clear or Partly Cloudy,0,"(47.60729905800008, -122.33708679799997)",12162,0,N,08-239183
88034,89283,89283,Intersection,Cycles,0, ,,0,,06/15/2008 12:00:00 AM +0000,6/15/2008 4:14:00 PM,1,29174,At Intersection (intersection related),Daylight,HOWELL ST AND YALE AVE,0,1,Y,2,2900033,Dry,18,"MOTOR VEHICLE STRUCK PEDALCYCLIST, FRONT END AT ANGLE",08167001,10965,0,2,Injury Collision,,45,Bicycle,Matched,0,1,Clear or Partly Cloudy,0,"(47.617504618000055, -122.32969878999995)",0,524028,N,08-216470