OBJECTID,INCKEY,COLDETKEY,ADDRTYPE,COLLISIONTYPE,DISTANCE,EXCEPTRSNCODE,EXCEPTRSNDESC,FATALITIES,INATTENTIONIND,INCDATE,INCDTTM,INJURIES,INTKEY,JUNCTIONTYPE,LIGHTCOND,LOCATION,PEDCOUNT,PEDCYLCOUNT,PEDROWNOTGRNT,PERSONCOUNT,REPORTNO,ROADCOND,SDOT_COLCODE,SDOT_COLDESC,SDOTCOLNUM,SEGKEY,SERIOUSINJURIES,SEVERITYCODE,SEVERITYDESC,SPEEDING,ST_COLCODE,ST_COLDESC,STATUS,UNDERINFL,VEHCOUNT,WEATHER,WIDTH,Shape,SEGLANEKEY,CROSSWALKKEY,HITPARKEDCAR,SPDCASENO
88083,88624,88624,Intersection,Cycles,0,,,0,,05/09/2008 12:00:00 AM +0000,5/9/2008,1,27153,At Intersection (intersection related),Daylight,EASTLAKE AVE E AND FUHRMAN AVE E,0,1,Y,2,2898058,Dry,18,"MOTOR VEHICLE STRUCK PEDALCYCLIST, FRONT END AT ANGLE",08130021,10579,0,2,Injury Collision,,45,Bicycle,Matched,0,1,Overcast,0,"(47.65157827200005, -122.32127525699997)",6078,0,N,08-166562
88120,89272,89272,Block,Cycles,126.5,,,0,,10/25/2008 12:00:00 AM +0000,10/25/2008 1:45:00 AM,1,,Driveway Junction,Dark - Street Lights On,YESLER WAY BETWEEN JAMES ST AND OCCIDENTAL AVE S,0,1,,2,3288540,Dry,18,"MOTOR VEHICLE STRUCK PEDALCYCLIST, FRONT END AT ANGLE",08299002,13762,0,2,Injury Collision,,45,Bicycle,Matched,0,1,Clear or Partly Cloudy,0,"(47.60172114900007, -122.33338828699999)",0,0,N,2008-400617
88135,89411,89411,Intersection,Cycles,0,,,0,,02/24/2008 12:00:00 AM +0000,2/24/2008 2:07:00 PM,1,25695,At Intersection (intersection related),Daylight,PHINNEY TURN RD AND N 46TH ST,0,1,,3,2802522,Dry,18,"MOTOR VEHICLE STRUCK PEDALCYCLIST, FRONT END AT ANGLE",08055004,12184,0,2,Injury Collision,,45,Bicycle,Matched,0,1,Clear or Partly Cloudy,0,"(47.66207518400006, -122.34751763899999)",22137,0,N,08-071981
88180,88745,88745,Intersection,Cycles,0,,,0,,01/16/2008 12:00:00 AM +0000,1/16/2008 12:02:00 PM,0,37326,At Intersection (intersection related),Daylight,AURORA AVE N AND N 94TH ST,0,1,,2,2905058,Dry,51,PEDALCYCLIST STRUCK MOTOR VEHICLE FRONT END AT ANGLE,08016003,8973,0,1,Property Damage Only Collision,,45,Bicycle,Matched,0,1,Clear or Partly Cloudy,0,"(47.69708410000004, -122.34459941499995)",0,0,N,2008-020967
88217,87428,87428,Block,Cycles,659,,,0,,07/20/2008 12:00:00 AM +0000,7/20/2008 8:28:00 PM,1,,Driveway Junction,Dusk,HIGH POINT DR SW BETWEEN 30TH N AVE SW AND SW RAYMOND ST,0,1,,6,2896559,Dry,18,"MOTOR VEHICLE STRUCK PEDALCYCLIST, FRONT END AT ANGLE",08202001,10878,0,2,Injury Collision,,45,Bicycle,Matched,0,1,Clear or Partly Cloudy,0,"(47.54912705700008, -122.36890638899996)",0,0,N,2008-267385
88244,87431,87431,Intersection,Cycles,0, ,,1,,10/01/2008 12:00:00 AM +0000,10/1/2008,0,30553,At Intersection (intersection related),Dark - Street Lights On,4TH AVE S AND S ROYAL BROUGHAM WAY,0,1,,2,3280376,Dry,18,"MOTOR VEHICLE STRUCK PEDALCYCLIST, FRONT END AT ANGLE",08275005,6234,0,3,Fatality Collision,,45,Bicycle,Matched,0,1,Clear or Partly Cloudy,0,"(47.592394383000055, -122.32904874399998)",31081,0,N,2008-368535
88249,87823,87823,Intersection,Cycles,0,,,0,,11/03/2008 12:00:00 AM +0000,11/3/2008,0,30488,At Intersection (intersection related),Dark - Street Lights On,2ND AVE AND YESLER WAY,0,1,Y,2,2906993,Wet,51,PEDALCYCLIST STRUCK MOTOR VEHICLE FRONT END AT ANGLE,08308005,2748,0,1,Property Damage Only Collision,,45,Bicycle,Matched,0,1,Raining,0,"(47.601718704000064, -122.33198350499998)",9961,0,N,08-413308
88274,89138,89138,Intersection,Cycles,0,,,0,,05/15/2008 12:00:00 AM +0000,5/15/2008 3:39:00 PM,1,37600,At Intersection (intersection related),Daylight,4TH AVE NE AND NE 88TH ST,0,1,,2,2905527,Dry,18,"MOTOR VEHICLE STRUCK PEDALCYCLIST, FRONT END AT ANGLE",08136019,17764,0,2,Injury Collision,,45,Bicycle,Matched,0,1,Clear or Partly Cloudy,0,"(47.69223142900006, -122.32436529999995)",0,0,N,2008-174455
88322,88868,88868,Block,Cycles,334,,,0,,07/31/2008 12:00:00 AM +0000,7/31/2008 7:45:00 AM,1,,Driveway Junction,Daylight,NE NORTHGATE WAY BETWEEN 5TH AVE NE AND 8TH AVE NE,0,1,Y,2,3276729,Dry,18,"MOTOR VEHICLE STRUCK PEDALCYCLIST, FRONT END AT ANGLE",08213004,18013,0,2,Injury Collision,Y,45,Bicycle,Matched,0,1,Clear or Partly Cloudy,0,"(47.708585793000054, -122.32192040599995)",0,0,N,08-281952
88382,87680,87680,Intersection,Cycles,0,,,0,,08/31/2008 12:00:00 AM +0000,8/31/2008 2:13:00 PM,1,28780,At Intersection (intersection related),Daylight,HARRISON ST AND WESTLAKE AVE N,0,1,Y,2,3273908,Dry,51,PEDALCYCLIST STRUCK MOTOR VEHICLE FRONT END AT ANGLE,08244019,10767,0,2,Injury Collision,,45,Bicycle,Matched,0,1,Clear or Partly Cloudy,0,"(47.62204123500004, -122.33845570699998)",25129,0,N,08-325654
88423,89395,89395,Intersection,Cycles,0,,,0,,09/04/2008 12:00:00 AM +0000,9/4/2008,1,33983,At Intersection (intersection related),Daylight,24TH AVE SW AND SW HOLDEN ST,0,1,Y,2,2804004,Dry,51,PEDALCYCLIST STRUCK MOTOR VEHICLE FRONT END AT ANGLE,08248007,3659,0,2,Injury Collision,,45,Bicycle,Matched,0,1,Clear or Partly Cloudy,0,"(47.533697679000056, -122.36318538899997)",0,0,N,2008-331095
88454,88731,88731,Intersection,Cycles,0,,,0,,07/24/2008 12:00:00 AM +0000,7/24/2008 1:36:00 PM,1,28661,At Intersection (intersection related),Daylight,JOHN ST AND QUEEN ANNE AVE N,0,1,Y,3,2826192,Dry,18,"MOTOR VEHICLE STRUCK PEDALCYCLIST, FRONT END AT ANGLE",08206006,11068,0,2,Injury Collision,,45,Bicycle,Matched,0,1,Clear or Partly Cloudy,0,"(47.619773260000045, -122.35674674399996)",12310,0,N,08-272448
88482,88196,88196,Intersection,Cycles,0,,,0,,10/14/2008 12:00:00 AM +0000,10/14/2008 3:34:00 PM,1,29508,At Intersection (intersection related),Daylight,DENNY WAY AND TERRY AVE,0,1,Y,2,3280735,Dry,18,"MOTOR VEHICLE STRUCK PEDALCYCLIST, FRONT END AT ANGLE",08288023,10016,0,2,Injury Collision,,45,Bicycle,Matched,0,1,Clear or Partly Cloudy,0,"(47.61852939200003, -122.33728173199995)",23507,0,N,2008 386597
88484,88194,88194,Intersection,Cycles,0,,,0,,10/15/2008 12:00:00 AM +0000,10/15/2008 1:55:00 PM,1,28049,At Intersection (intersection related),Daylight,FLORENTIA ST AND WARREN AVE N,0,1,Y,2,3280702,Dry,51,PEDALCYCLIST STRUCK MOTOR VEHICLE FRONT END AT ANGLE,08289027,10458,0,2,Injury Collision,,45,Bicycle,Matched,0,1,Clear or Partly Cloudy,0,"(47.646888114000035, -122.35450291799998)",34773,0,N,08-387838
88492,87414,87414,Block,Cycles,310.5,,,0,,07/12/2008 12:00:00 AM +0000,7/12/2008 1:45:00 PM,1,,Mid-Block (not related to intersection),Daylight,N 77TH ST BETWEEN DAYTON AVE N AND FREMONT AVE N,0,1,,2,C707630,Dry,18,"MOTOR VEHICLE STRUCK PEDALCYCLIST, FRONT END AT ANGLE",08194036,15865,0,2,Injury Collision,,45,Bicycle,Matched,0,1,Clear or Partly Cloudy,0,"(47.68475316300004, -122.35115354299995)",0,0,N,
88573,87929,87929,Block,Cycles,200.5,,,0,,12/09/2008 12:00:00 AM +0000,12/9/2008,0,,Driveway Junction,Dark - Street Lights On,JAMES ST BETWEEN YESLER WAY AND 2ND AVE,0,1,,2,3282442,Wet,18,"MOTOR VEHICLE STRUCK PEDALCYCLIST, FRONT END AT ANGLE",08344034,11049,0,1,Property Damage Only Collision,,45,Bicycle,Matched,0,1,Overcast,0,"(47.60201533500003, -122.33321300699998)",36188,0,N,08-459771
88601,88189,88189,Intersection,Cycles,0,,,0,,10/19/2008 12:00:00 AM +0000,10/19/2008 9:46:00 AM,1,25349,At Intersection (intersection related),Daylight,6TH AVE NW AND NW 49TH ST,0,1,Y,3,3283632,Dry,18,"MOTOR VEHICLE STRUCK PEDALCYCLIST, FRONT END AT ANGLE",08293004,7934,1,2b,Serious Injury Collision,,45,Bicycle,Matched,0,1,Clear or Partly Cloudy,0,"(47.66438284600008, -122.36399733999997)",0,0,N,08-393022
88603,87662,87662,Block,Cycles,172.5,,,0,Y,09/15/2008 12:00:00 AM +0000,9/15/2008 9:08:00 PM,1,,Mid-Block (not related to intersection),Dark - Street Lights On,RAINIER AVE S BETWEEN S WELLER ST AND S LANE ST,0,1,,2,2899386,Dry,23,"MOTOR VEHICLE STRUCK PEDALCYCLIST, LEFT SIDE SIDESWIPE",08259006,12343,0,2,Injury Collision,,45,Bicycle,Matched,0,1,Clear or Partly Cloudy,0,"(47.59707290400007, -122.31244148699994)",24371,0,N,2008-347148
88609,87534,87534,Intersection,Cycles,0,,,0,,08/08/2008 12:00:00 AM +0000,8/8/2008,1,28762,At Intersection (intersection related),Daylight,BOREN AVE N AND MERCER SR ST,0,1,,2,2899680,Dry,18,"MOTOR VEHICLE STRUCK PEDALCYCLIST, FRONT END AT ANGLE",08221003,11775,0,2,Injury Collision,,45,Bicycle,Matched,0,1,Clear or Partly Cloudy,0,"(47.62454274700008, -122.33582712499998)",0,0,N,2008-294246
88636,89109,89109,Intersection,Cycles,0,,,0,,02/07/2008 12:00:00 AM +0000,2/7/2008,1,24350,At Intersection (intersection related),Daylight,GREENWOOD AVE N AND N 67TH ST,0,1,Y,2,2795122,Dry,18,"MOTOR VEHICLE STRUCK PEDALCYCLIST, FRONT END AT ANGLE",08038002,275587,0,2,Injury Collision,,45,Bicycle,Matched,0,1,Clear or Partly Cloudy,0,"(47.67778147200005, -122.35532238399998)",4312,0,N,08-49882
88659,89240,89240,Intersection,Cycles,0, ,,0,,07/24/2008 12:00:00 AM +0000,7/24/2008 10:30:00 PM,1,30192,At Intersection (intersection related),Dark - No Street Lights,18TH AVE AND E JEFFERSON ST,0,1,,2,2899201,Dry,18,"MOTOR VEHICLE STRUCK PEDALCYCLIST, FRONT END AT ANGLE",08206007,2535,0,2,Injury Collision,,45,Bicycle,Matched,0,1,Clear or Partly Cloudy,0,"(47.60616997200003, -122.30894195199994)",0,0,N,08-273106
88711,88448,88448,Block,Cycles,160,,,0,,12/04/2008 12:00:00 AM +0000,12/4/2008,1,,Mid-Block (not related to intersection),Dusk,DEXTER AVE N BETWEEN WARD ST AND PROSPECT ST,0,1,,2,3289094,Dry,23,"MOTOR VEHICLE STRUCK PEDALCYCLIST, LEFT SIDE SIDESWIPE",08339005,10080,0,2,Injury Collision,,45,Bicycle,Matched,0,1,Clear or Partly Cloudy,0,"(47.628445717000034, -122.34231499099997)",12788,0,N,2008-453235
88731,89239,89239,Block,Cycles,248,,,0,,07/25/2008 12:00:00 AM +0000,7/25/2008 4:25:00 PM,1,,Driveway Junction,Daylight,7TH AVE S BETWEEN S PLUMMER ST AND AIRPORT NB WAY S,0,1,Y,2,2607844,Dry,18,"MOTOR VEHICLE STRUCK PEDALCYCLIST, FRONT END AT ANGLE",08207002,8213,0,2,Injury Collision,,45,Bicycle,Matched,0,1,Clear or Partly Cloudy,0,"(47.59347648700003, -122.32377278299998)",0,0,N,08-274179
88765,87392,87392,Block,Cycles,490.5,,,0,,06/17/2008 12:00:00 AM +0000,6/17/2008 4:50:00 PM,1,,Driveway Junction,Daylight,S ROYAL BROUGHAM WAY BETWEEN OCCIDENTAL AVE S AND DEAD END,0,1,Y,2,2797455,Dry,18,"MOTOR VEHICLE STRUCK PEDALCYCLIST, FRONT END AT ANGLE",08169027,21215,0,2,Injury Collision,,45,Bicycle,Matched,0,1,Clear or Partly Cloudy,0,"(47.59241153600004, -122.33133109099998)",0,0,N,08 219173
88789,88442,88442,Intersection,Cycles,0,,,0,,04/22/2008 12:00:00 AM +0000,4/22/2008 1:15:00 PM,1,27141,At Intersection (intersection related),Unknown,BROOKLYN AVE NE AND NE CAMPUS WB PY,0,1,Y,2,2904574,Unknown,18,"MOTOR VEHICLE STRUCK PEDALCYCLIST, FRONT END AT ANGLE",08113005,9478,0,2,Injury Collision,,45,Bicycle,Matched,0,1,Unknown,0,"(47.656225446000064, -122.31441858999995)",31398,0,N,08-144226
88810,88973,88973,Intersection,Cycles,0,,,0,,04/01/2008 12:00:00 AM +0000,4/1/2008,1,29734,At Intersection (intersection related),Daylight,BOYLSTON AVE AND E PINE ST,0,1,Y,2,2620740,Dry,18,"MOTOR VEHICLE STRUCK PEDALCYCLIST, FRONT END AT ANGLE",08092009,9375,0,2,Injury Collision,,45,Bicycle,Matched,0,1,Clear or Partly Cloudy,0,"(47.61523114200003, -122.32341547099998)",10374,0,N,08-117497
88825,89102,89102,Intersection,Cycles,0, ,,0,,05/21/2008 12:00:00 AM +0000,5/21/2008 9:15:00 PM,0,29745,At Intersection (intersection related),Dark - Street Lights On,BROADWAY AND E PIKE ST,0,1,,2,2906566,Wet,18,"MOTOR VEHICLE STRUCK PEDALCYCLIST, FRONT END AT ANGLE",08142003,9447,0,1,Property Damage Only Collision,,45,Bicycle,Matched,0,1,Overcast,0,"(47.614075667000066, -122.32078036699994)",0,522257,N,08-183304
88837,88835,88835,Block,Cycles,298.5,NEI,"Not Enough Information, or Insufficient Location Information",0,,11/12/2008 12:00:00 AM +0000,11/12/2008 5:30:00 PM,1,,Mid-Block (not related to intersection),Dark - Street Lights On,EASTLAKE AVE E BETWEEN FAIRVIEW AVE N AND E GARFIELD ST,0,1,,2,C712562,Dry,18,"MOTOR VEHICLE STRUCK PEDALCYCLIST, FRONT END AT ANGLE",08317063,10171,0,2,Injury Collision,,45,Bicycle,Matched,0,1,Unknown,0,"(47.63305620800003, -122.32582946499997)",11631,0,N,
88865,88303,88303,Intersection,Cycles,0,,,0,,07/31/2008 12:00:00 AM +0000,7/31/2008 7:56:00 PM,1,30194,At Intersection (intersection related),Dusk,16TH AVE AND E JEFFERSON ST,0,1,Y,2,3277333,Wet,18,"MOTOR VEHICLE STRUCK PEDALCYCLIST, FRONT END AT ANGLE",08213006,2223,0,2,Injury Collision,,45,Bicycle,Matched,0,1,Overcast,0,"(47.606181175000074, -122.31155445499996)",10490,0,N,08-282775
88894,89090,89090,Block,Cycles,272.5,,,0,,05/24/2008 12:00:00 AM +0000,5/24/2008 5:01:00 PM,1,,Mid-Block (not related to intersection),Daylight,17TH AVE SW BETWEEN SW GRAHAM ST AND DEAD END 4,0,1,,2,2798325,Dry,51,PEDALCYCLIST STRUCK MOTOR VEHICLE FRONT END AT ANGLE,08145002,2500,0,2,Injury Collision,Y,45,Bicycle,Matched,0,1,Clear or Partly Cloudy,0,"(47.54583754400005, -122.35600855599995)",0,0,N,2008-187094
88914,87519,87519,Intersection,Cycles,0,,,0,,10/02/2008 12:00:00 AM +0000,10/2/2008,1,26803,At Intersection (intersection related),Dark - Street Lights On,STONE WAY N AND N 44TH ST,0,1,,2,3276813,Dry,18,"MOTOR VEHICLE STRUCK PEDALCYCLIST, FRONT END AT ANGLE",08276021,12967,0,2,Injury Collision,,45,Bicycle,Matched,0,1,Clear or Partly Cloudy,0,"(47.65995950800004, -122.34221726399994)",0,0,N,2008-371244
88933,88431,88431,Block,Cycles,409.5,,,0,,05/23/2008 12:00:00 AM +0000,5/23/2008 5:00:00 PM,0,,Mid-Block (not related to intersection),Daylight,W NICKERSON ST BETWEEN 8TH AVE W AND XW JESSE AVE W,0,1,Y,2,2907280,Unknown,23,"MOTOR VEHICLE STRUCK PEDALCYCLIST, LEFT SIDE SIDESWIPE",08144002,23614,0,1,Property Damage Only Collision,,45,Bicycle,Matched,0,1,Clear or Partly Cloudy,0,"(47.65306427300004, -122.36872419399998)",12518,0,N,2008-185693
88943,88569,88569,Block,Cycles,581.5,,,0,,10/24/2008 12:00:00 AM +0000,10/24/2008 6:59:00 AM,1,,Mid-Block (not related to intersection),Dawn,SW AVALON WAY BETWEEN 30TH AVE SW AND SW GENESEE ST,0,1,Y,2,2896203,Dry,18,"MOTOR VEHICLE STRUCK PEDALCYCLIST, FRONT END AT ANGLE",08298024,21819,0,2,Injury Collision,,45,Bicycle,Matched,0,1,Clear or Partly Cloudy,0,"(47.56613850800005, -122.37167070799995)",3490,0,N,08-399307
88949,88563,88563,Intersection,Cycles,0, ,,0,,05/06/2008 12:00:00 AM +0000,5/6/2008,1,26896,At Intersection (intersection related),Daylight,STONE WAY N AND N 34TH ST,0,1,Y,2,2905791,Dry,18,"MOTOR VEHICLE STRUCK PEDALCYCLIST, FRONT END AT ANGLE",08127026,12955,0,2,Injury Collision,,45,Bicycle,Matched,0,1,Clear or Partly Cloudy,0,"(47.64854072800006, -122.34277540199997)",0,524012,N,08-162137
88967,88695,88695,Intersection,Cycles,0,,,0,,04/20/2008 12:00:00 AM +0000,4/20/2008 10:28:00 PM,1,30487,At Intersection (intersection related),Dark - Street Lights On,3RD AVE AND YESLER WAY,0,1,Y,2,2908201,Dry,18,"MOTOR VEHICLE STRUCK PEDALCYCLIST, FRONT END AT ANGLE",08111021,4373,0,2,Injury Collision,,45,Bicycle,Matched,0,1,Overcast,0,"(47.601716156000066, -122.33026479299997)",9967,0,N,08-142066
88978,87507,87507,Intersection,Cycles,0, ,,0,,01/18/2008 12:00:00 AM +0000,1/18/2008 5:53:00 PM,1,28915,At Intersection (intersection related),Dark - Street Lights On,4TH AVE N AND MERCER ST,0,1,Y,2,2906904,Dry,18,"MOTOR VEHICLE STRUCK PEDALCYCLIST, FRONT END AT ANGLE",08018002,6148,0,2,Injury Collision,,45,Bicycle,Matched,0,1,Overcast,0,"(47.624564331000045, -122.34887678099994)",0,521962,N,2008-023887
89085,88558,88558,Intersection,Cycles,0, ,,0,,06/16/2008 12:00:00 AM +0000,6/16/2008 4:58:00 PM,1,29172,At Intersection (intersection related),Daylight,MINOR AVE AND STEWART ST,0,1,,3,2908267,Dry,18,"MOTOR VEHICLE STRUCK PEDALCYCLIST, FRONT END AT ANGLE",08168006,11880,0,2,Injury Collision,,45,Bicycle,Matched,0,1,Clear or Partly Cloudy,0,"(47.61760953300006, -122.33185855999994)",0,630806,N,2008-217827
89097,88426,88426,Intersection,Cycles,0,,,0,,10/31/2008 12:00:00 AM +0000,10/31/2008 12:20:00 PM,1,29070,At Intersection (intersection related),Daylight,BOYLSTON AVE AND E DENNY WAY,0,1,Y,3,2899591,Wet,18,"MOTOR VEHICLE STRUCK PEDALCYCLIST, FRONT END AT ANGLE",08305057,9379,0,2,Injury Collision,,45,Bicycle,Matched,0,1,Raining,0,"(47.61853533100003, -122.32345862799997)",35202,0,N,08-408987
89110,88559,88559,Intersection,Cycles,0,,,0,Y,06/15/2008 12:00:00 AM +0000,6/15/2008 3:19:00 PM,1,30374,At Intersection (intersection related),Daylight,ALASKAN E RDWY WAY S AND S WASHINGTON ST,0,1,,2,2899760,Dry,51,PEDALCYCLIST STRUCK MOTOR VEHICLE FRONT END AT ANGLE,08167041,8754,0,2,Injury Collision,,45,Bicycle,Matched,0,1,Clear or Partly Cloudy,0,"(47.600885883000046, -122.33552594499997)",0,0,N,08-216421
89152,88023,88023,Intersection,Cycles,0,,,0,,07/23/2008 12:00:00 AM +0000,7/23/2008 1:10:00 PM,1,28791,At Intersection (intersection related),Daylight,THOMAS ST AND WESTLAKE AVE N,0,1,Y,2,2900214,Dry,18,"MOTOR VEHICLE STRUCK PEDALCYCLIST, FRONT END AT ANGLE",08205020,13140,0,2,Injury Collision,,45,Bicycle,Matched,0,1,Clear or Partly Cloudy,0,"(47.62087408300005, -122.33846537399995)",24570,0,N,08-270934
89201,88945,88945,Block,Cycles,312,,,0,,11/21/2008 12:00:00 AM +0000,11/21/2008 7:21:00 PM,1,,Mid-Block (not related to intersection),Dark - Street Lights On,RAINIER AVE S BETWEEN S COLLEGE S ST AND 25TH AVE S,0,1,Y,2,3281912,Wet,21,"MOTOR VEHICLE STRUCK PEDALCYCLIST, REAR END",08326034,12362,0,2,Injury Collision,,45,Bicycle,Matched,0,1,Raining,0,"(47.58200385100008, -122.30093805699994)",20004,0,N,08-437354
89214,88016,88016,Block,Cycles,209.5,,,0,,10/12/2008 12:00:00 AM +0000,10/12/2008 12:59:00 AM,1,,Mid-Block (but intersection related),Dark - Street Lights On,12TH AVE E BETWEEN E HARRISON ST AND E REPUBLICAN ST,0,1,,2,2899583,Dry,56,PEDALCYCLIST STRUCK MOTOR VEHICLE LEFT SIDE SIDESWIPE,08286022,1553,0,2,Injury Collision,,45,Bicycle,Matched,1,1,Clear or Partly Cloudy,0,"(47.622538606000035, -122.31676389699999)",10933,0,N,2008-383505
89221,89073,89073,Intersection,Cycles,0,,,0,,11/18/2008 12:00:00 AM +0000,11/18/2008 9:10:00 PM,1,29593,At Intersection (intersection related),Dark - Street Lights On,1ST AVE AND PIKE ST,0,1,Y,2,2900025,Dry,51,PEDALCYCLIST STRUCK MOTOR VEHICLE FRONT END AT ANGLE,08323028,1009,0,2,Injury Collision,,45,Bicycle,Matched,0,1,Clear or Partly Cloudy,0,"(47.60882096000006, -122.34001342699997)",36657,0,N,2008-433352
89236,87758,87758,Intersection,Cycles,0,,,0,,08/22/2008 12:00:00 AM +0000,8/22/2008 4:43:00 PM,1,33106,At Intersection (intersection related),Daylight,7TH AVE S AND S LUCILE ST,0,1,,2,3279485,Dry,51,PEDALCYCLIST STRUCK MOTOR VEHICLE FRONT END AT ANGLE,08235004,8222,1,2b,Serious Injury Collision,,45,Bicycle,Matched,0,1,Clear or Partly Cloudy,0,"(47.55336811600006, -122.32390855599999)",0,0,N,08-313465
89291,87622,87622,Intersection,Cycles,0, ,,0,,08/28/2008 12:00:00 AM +0000,8/28/2008 3:00:00 PM,1,27180,At Intersection (intersection related),Daylight,LATONA AVE NE AND NE 45TH ST,0,1,,2,C709247,Dry,18,"MOTOR VEHICLE STRUCK PEDALCYCLIST, FRONT END AT ANGLE",08241043,11295,0,2,Injury Collision,,45,Bicycle,Matched,0,1,Overcast,0,"(47.66134408700003, -122.32510772899997)",0,523674,N,
89310,87751,87751,Block,Cycles,692.5,,,0,,11/07/2008 12:00:00 AM +0000,11/7/2008,1,,Mid-Block (not related to intersection),Dark - Street Lights On,HARBOR AVE SW BETWEEN SW MARYLAND PL AND CALIFORNIA WAY SW,0,1,,2,2803903,Wet,23,"MOTOR VEHICLE STRUCK PEDALCYCLIST, LEFT SIDE SIDESWIPE",08312008,10814,0,2,Injury Collision,,45,Bicycle,Matched,1,1,Raining,0,"(47.59131555300007, -122.38237552699997)",4105,0,N,2008-417807
89325,88672,88672,Block,Cycles,330.5,,,0,,10/20/2008 12:00:00 AM +0000,10/20/2008 12:22:00 PM,1,,Driveway Junction,Daylight,MERIDIAN AVE N BETWEEN N 107TH ST AND N NORTHGATE WAY,0,1,Y,2,3277800,Wet,18,"MOTOR VEHICLE STRUCK PEDALCYCLIST, FRONT END AT ANGLE",08294003,11825,0,2,Injury Collision,,45,Bicycle,Matched,0,1,Raining,0,"(47.70775527200004, -122.33397718499998)",0,0,N,08-394334
89415,89465,89465,Intersection,Cycles,0,,,0,,09/17/2008 12:00:00 AM +0000,9/17/2008 9:46:00 PM,1,28619,At Intersection (intersection related),Dark - Street Lights On,QUEEN ANNE AVE N AND W ROY ST,0,1,Y,2,3274502,Dry,18,"MOTOR VEHICLE STRUCK PEDALCYCLIST, FRONT END AT ANGLE",08261004,12301,0,2,Injury Collision,,45,Bicycle,Matched,0,1,Clear or Partly Cloudy,0,"(47.625714353000035, -122.35670368099994)",30620,0,N,08-350179
89418,89464,89464,Block,Cycles,180,,,0,Y,09/17/2008 12:00:00 AM +0000,9/17/2008 7:25:00 AM,0,,Mid-Block (not related to intersection),Daylight,M L KING JR WAY S BETWEEN S PLUM ST AND S HILL ST,0,1,,2,2892368,Dry,21,"MOTOR VEHICLE STRUCK PEDALCYCLIST, REAR END",08261019,11514,0,1,Property Damage Only Collision,,45,Bicycle,Matched,0,1,Clear or Partly Cloudy,0,"(47.584988001000056, -122.29813430499996)",37786,0,N,2008-349039
89440,89195,89195,Intersection,Cycles,0,,,0,,06/19/2008 12:00:00 AM +0000,6/19/2008 7:47:00 PM,0,25124,At Intersection (intersection related),Dusk,24TH AVE NW AND NW 60TH ST,0,1,Y,2,3277458,Dry,51,PEDALCYCLIST STRUCK MOTOR VEHICLE FRONT END AT ANGLE,08171002,3595,0,1,Property Damage Only Collision,,45,Bicycle,Matched,0,1,Clear or Partly Cloudy,0,"(47.672373985000036, -122.38758712099997)",2115,0,N,2008-222743
89606,87215,87215,Intersection,Cycles,0,,,0,,06/27/2008 12:00:00 AM +0000,6/27/2008 12:47:00 PM,1,27153,At Intersection (intersection related),Daylight,EASTLAKE AVE E AND FUHRMAN AVE E,0,1,Y,2,2806190,Dry,51,PEDALCYCLIST STRUCK MOTOR VEHICLE FRONT END AT ANGLE,08179006,10579,0,2,Injury Collision,,45,Bicycle,Matched,0,1,Clear or Partly Cloudy,0,"(47.65157827200005, -122.32127525699997)",6078,0,N,08-233375
89623,86007,86007,Block,Cycles,169,,,0,,09/12/2008 12:00:00 AM +0000,9/12/2008 10:15:00 AM,1,,Mid-Block (not related to intersection),Daylight,W MCGRAW ST BETWEEN 33RD AVE W AND 34TH AVE W,0,1,,2,3282893,Dry,56,PEDALCYCLIST STRUCK MOTOR VEHICLE LEFT SIDE SIDESWIPE,08256007,23571,0,2,Injury Collision,,45,Bicycle,Matched,0,1,Clear or Partly Cloudy,0,"(47.63955639000005, -122.40031342199995)",34144,0,N,08-342168
89628,86276,86276,Intersection,Cycles,0,,,0,,03/04/2008 12:00:00 AM +0000,3/4/2008,1,29508,At Intersection (intersection related),Dusk,DENNY WAY AND TERRY AVE,0,1,,2,2898286,Dry,51,PEDALCYCLIST STRUCK MOTOR VEHICLE FRONT END AT ANGLE,08064005,10016,0,2,Injury Collision,,45,Bicycle,Matched,0,1,Clear or Partly Cloudy,0,"(47.61852939200003, -122.33728173199995)",23507,0,N,2008-083457
89715,87066,87066,Block,Cycles,164,,,0,,08/02/2008 12:00:00 AM +0000,8/2/2008,1,,Driveway Junction,Daylight,E JEFFERSON ST BETWEEN 11TH AVE AND 12TH AVE,0,1,Y,2,2899332,Dry,51,PEDALCYCLIST STRUCK MOTOR VEHICLE FRONT END AT ANGLE,08215002,14219,0,2,Injury Collision,,45,Bicycle,Matched,0,1,Clear or Partly Cloudy,0,"(47.606204501000036, -122.31744752899999)",10458,0,N,2008-285149
89744,85868,85868,Intersection,Cycles,0, ,,0,,01/04/2008 12:00:00 AM +0000,1/4/2008,1,27149,At Intersection (intersection related),Dark - Street Lights On,15TH AVE NE AND NE PACIFIC ST,0,1,,2,C698602,Unknown,18,"MOTOR VEHICLE STRUCK PEDALCYCLIST, FRONT END AT ANGLE",08004034,2028,0,2,Injury Collision,,45,Bicycle,Matched,0,1,Clear or Partly Cloudy,0,"(47.65297596400006, -122.31246414499998)",0,520838,N,