OBJECTID,INCKEY,COLDETKEY,ADDRTYPE,COLLISIONTYPE,DISTANCE,EXCEPTRSNCODE,EXCEPTRSNDESC,FATALITIES,INATTENTIONIND,INCDATE,INCDTTM,INJURIES,INTKEY,JUNCTIONTYPE,LIGHTCOND,LOCATION,PEDCOUNT,PEDCYLCOUNT,PEDROWNOTGRNT,PERSONCOUNT,REPORTNO,ROADCOND,SDOT_COLCODE,SDOT_COLDESC,SDOTCOLNUM,SEGKEY,SERIOUSINJURIES,SEVERITYCODE,SEVERITYDESC,SPEEDING,ST_COLCODE,ST_COLDESC,STATUS,UNDERINFL,VEHCOUNT,WEATHER,WIDTH,Shape,SEGLANEKEY,CROSSWALKKEY,HITPARKEDCAR,SPDCASENO
89755,86131,86131,Block,Cycles,215.5,,,0,,03/16/2008 12:00:00 AM +0000,3/16/2008 4:18:00 AM,1,,Mid-Block (not related to intersection),Dark - Street Lights On,S ALBRO PL BETWEEN CORGIAT DR S AND SWIFT AVE S,0,1,,2,2828425,Wet,51,PEDALCYCLIST STRUCK MOTOR VEHICLE FRONT END AT ANGLE,08076008,19331,0,2,Injury Collision,,45,Bicycle,Matched,1,1,Raining,0,"(47.54852069000003, -122.31181883299996)",38523,0,N,2008-097975
89769,86265,86265,Block,Cycles,167,,,0,,09/19/2008 12:00:00 AM +0000,9/19/2008 8:50:00 PM,1,,Mid-Block (but intersection related),Dark - Street Lights On,E UNION ST BETWEEN 18TH AVE AND 19TH AVE,0,1,,2,2899394,Dry,18,"MOTOR VEHICLE STRUCK PEDALCYCLIST, FRONT END AT ANGLE",08263004,14896,0,2,Injury Collision,,45,Bicycle,Matched,0,1,Overcast,0,"(47.61290001800006, -122.30818486599998)",9334,0,N,2008-352936
89774,86538,86538,Intersection,Cycles,0, ,,0,Y,06/13/2008 12:00:00 AM +0000,6/13/2008 6:54:00 PM,1,29292,At Intersection (intersection related),Dusk,M L KING JR WAY E AND E MADISON ST,0,1,,2,2882705,Dry,18,"MOTOR VEHICLE STRUCK PEDALCYCLIST, FRONT END AT ANGLE",08165003,4261,0,2,Injury Collision,,45,Bicycle,Matched,0,1,Clear or Partly Cloudy,0,"(47.62331723700004, -122.29642410499997)",0,524071,N,2008-213920
89835,86665,86665,Intersection,Cycles,0,,,0,,07/15/2008 12:00:00 AM +0000,7/15/2008 8:30:00 AM,1,30501,At Intersection (intersection related),Daylight,5TH AVE S AND S MAIN ST,0,1,,2,2616262,Dry,51,PEDALCYCLIST STRUCK MOTOR VEHICLE FRONT END AT ANGLE,08197002,7358,0,2,Injury Collision,,45,Bicycle,Matched,0,1,Clear or Partly Cloudy,0,"(47.60003407600004, -122.32766333399996)",35997,0,N,08-259497
89934,85859,85859,Block,Cycles,181,,,0,,09/16/2008 12:00:00 AM +0000,9/16/2008 4:35:00 PM,1,,Mid-Block (but intersection related),Daylight,12TH AVE BETWEEN E YESLER WAY AND E FIR ST,0,1,Y,3,3286499,Dry,51,PEDALCYCLIST STRUCK MOTOR VEHICLE FRONT END AT ANGLE,08260003,1523,0,2,Injury Collision,,45,Bicycle,Matched,0,1,Clear or Partly Cloudy,0,"(47.602188270000056, -122.316781849)",10536,0,N,2008-348294
90001,86659,86659,Intersection,Cycles,0,,,0,,05/25/2008 12:00:00 AM +0000,5/25/2008 4:51:00 PM,1,29469,At Intersection (intersection related),Daylight,LAKE WASHINGTON BLVD E AND MCGILVRA BLVD E,0,1,Y,2,2621798,Dry,18,"MOTOR VEHICLE STRUCK PEDALCYCLIST, FRONT END AT ANGLE",08146007,5966,0,2,Injury Collision,,45,Bicycle,Matched,0,1,Clear or Partly Cloudy,0,"(47.62124412900005, -122.28307237499996)",35989,0,N,08-188466
90003,86657,86657,Block,Cycles,167.5,,,0,,10/29/2008 12:00:00 AM +0000,10/29/2008 7:10:00 AM,1,,Mid-Block (but intersection related),Dawn,DAYTON AVE N BETWEEN N 67TH ST AND N 68TH ST,0,1,,2,2894074,Dry,14,"MOTOR VEHICLE STRUCK MOTOR VEHICLE, REAR END",08303005,9910,0,2,Injury Collision,,45,Bicycle,Matched,0,1,Clear or Partly Cloudy,0,"(47.67826897900005, -122.35260895199997)",0,0,N,2008-408971
90165,85842,85842,Intersection,Cycles,0,,,0,,01/16/2008 12:00:00 AM +0000,1/16/2008 5:21:00 PM,1,28258,At Intersection (intersection related),Dark - Street Lights On,10TH AVE E AND E NEWTON ST,0,1,Y,2,2897602,Wet,18,"MOTOR VEHICLE STRUCK PEDALCYCLIST, FRONT END AT ANGLE",08016004,1298,0,2,Injury Collision,,45,Bicycle,Matched,0,1,Clear or Partly Cloudy,0,"(47.63725179700003, -122.32007982299996)",6111,0,N,08-20951
90357,87026,87026,Intersection,Cycles,0, ,,0,,06/08/2008 12:00:00 AM +0000,6/8/2008,1,25949,At Intersection (intersection related),Daylight,25TH AVE NE AND NE BLAKELEY ST,0,1,Y,2,3277960,Dry,18,"MOTOR VEHICLE STRUCK PEDALCYCLIST, FRONT END AT ANGLE",08160003,3723,0,2,Injury Collision,,45,Bicycle,Matched,0,1,Clear or Partly Cloudy,0,"(47.66626671800003, -122.30060497999995)",0,521604,N,2008-206714
90389,86225,86225,Block,Cycles,117.5,,,0,Y,10/22/2008 12:00:00 AM +0000,10/22/2008 12:15:00 PM,1,,Driveway Junction,Daylight,NE 45TH ST BETWEEN 7TH AVE NE AND 8TH W AVE NE,0,1,,2,3276817,Dry,18,"MOTOR VEHICLE STRUCK PEDALCYCLIST, FRONT END AT ANGLE",08296005,16844,0,2,Injury Collision,Y,45,Bicycle,Matched,0,1,Clear or Partly Cloudy,0,"(47.66131589200006, -122.32025238999995)",0,0,N,08-396830
90414,85692,85692,Block,Cycles,115,,,0,,07/24/2008 12:00:00 AM +0000,7/24/2008 8:07:00 PM,1,,Mid-Block (not related to intersection),Daylight,15TH AVE E BETWEEN E THOMAS S ST AND E THOMAS N ST,0,1,,2,2882331,Dry,56,PEDALCYCLIST STRUCK MOTOR VEHICLE LEFT SIDE SIDESWIPE,08206005,2004,0,2,Injury Collision,,45,Bicycle,Matched,0,1,Clear or Partly Cloudy,0,"(47.62081750300007, -122.31269202499999)",8579,0,N,2008-272928
90418,85689,85689,Intersection,Cycles,0,,,0,,07/27/2008 12:00:00 AM +0000,7/27/2008 11:30:00 AM,0,29109,At Intersection (intersection related),Daylight,FAIRVIEW AVE N AND FAIRVIEW PL N,0,1,,2,C707468,Dry,18,"MOTOR VEHICLE STRUCK PEDALCYCLIST, FRONT END AT ANGLE",08209030,10354,0,1,Property Damage Only Collision,,45,Bicycle,Matched,0,1,Clear or Partly Cloudy,0,"(47.626280877000056, -122.33400849299994)",0,0,N,
90458,87284,87284,Intersection,Cycles,0,,,0,,05/29/2008 12:00:00 AM +0000,5/29/2008 6:09:00 PM,1,30175,At Intersection (intersection related),Daylight,21ST AVE AND E CHERRY ST,0,1,Y,2,2622098,Dry,51,PEDALCYCLIST STRUCK MOTOR VEHICLE FRONT END AT ANGLE,08150004,3103,0,2,Injury Collision,,45,Bicycle,Matched,0,1,Clear or Partly Cloudy,0,"(47.60801396200003, -122.30502495999997)",9550,0,N,2008-193781
90524,86760,86760,Block,Cycles,38, ,,0,,10/03/2008 12:00:00 AM +0000,10/3/2008,1,,Mid-Block (but intersection related),Dark - Street Lights On,S DAWSON ST BETWEEN BEACON WR AVE S AND BEACON ER AVE S,0,1,Y,2,3281651,Wet,18,"MOTOR VEHICLE STRUCK PEDALCYCLIST, FRONT END AT ANGLE",08277060,167176,0,2,Injury Collision,,45,Bicycle,Matched,0,1,Raining,0,"(47.55593686900005, -122.30338753699999)",0,630863,N,2008-372439
90546,86079,86079,Intersection,Cycles,0,,,0,,04/01/2008 12:00:00 AM +0000,4/1/2008,1,27087,At Intersection (intersection related),Daylight,11TH AVE NE AND NE 42ND ST,0,1,,2,2896976,Dry,18,"MOTOR VEHICLE STRUCK PEDALCYCLIST, FRONT END AT ANGLE",08092008,1407,0,2,Injury Collision,,45,Bicycle,Matched,0,1,Clear or Partly Cloudy,0,"(47.65835595400006, -122.31665565899999)",41835,0,N,2008-117509
90594,85417,85417,Intersection,Cycles,0,,,0,,03/17/2008 12:00:00 AM +0000,3/17/2008 2:58:00 PM,1,27153,At Intersection (intersection related),Daylight,EASTLAKE AVE E AND FUHRMAN AVE E,0,1,Y,2,2897694,Dry,51,PEDALCYCLIST STRUCK MOTOR VEHICLE FRONT END AT ANGLE,08077002,10579,0,2,Injury Collision,,45,Bicycle,Matched,0,1,Clear or Partly Cloudy,0,"(47.65157827200005, -122.32127525699997)",6078,0,N,08-099471
90662,86204,86204,Intersection,Cycles,0,,,0,,06/24/2008 12:00:00 AM +0000,6/24/2008 9:50:00 PM,1,25650,At Intersection (intersection related),Dark - Street Lights On,WHITMAN AVE N AND N 50TH ST,0,1,,2,2898159,Dry,18,"MOTOR VEHICLE STRUCK PEDALCYCLIST, FRONT END AT ANGLE",08176002,15643,0,2,Injury Collision,,45,Bicycle,Matched,0,1,Clear or Partly Cloudy,0,"(47.66504460200008, -122.34606372199994)",9741,0,N,2008-229857
90766,85281,85281,Block,Cycles,129.5,,,0,,11/10/2008 12:00:00 AM +0000,11/10/2008 3:32:00 PM,1,,Mid-Block (not related to intersection),Daylight,S JACKSON ST BETWEEN 22ND AVE S AND 23RD AVE S,0,1,,2,3287180,Dry,56,PEDALCYCLIST STRUCK MOTOR VEHICLE LEFT SIDE SIDESWIPE,08315023,20501,0,2,Injury Collision,,45,Bicycle,Matched,0,1,Clear or Partly Cloudy,0,"(47.59927789900007, -122.30276121699995)",11145,0,N,2008-422388
90815,86339,86339,Intersection,Cycles,0, ,,0,,03/21/2008 12:00:00 AM +0000,3/21/2008 8:39:00 AM,1,32046,At Intersection (intersection related),Daylight,DELRIDGE WAY SW AND SW ANDOVER ST,0,1,,2,2792607,Dry,18,"MOTOR VEHICLE STRUCK PEDALCYCLIST, FRONT END AT ANGLE",08081001,9960,0,2,Injury Collision,,45,Bicycle,Matched,0,1,Overcast,0,"(47.568347464000055, -122.36328260899995)",0,525306,N,08-104081
90818,85932,85932,Block,Cycles,131.5,,,0,,09/19/2008 12:00:00 AM +0000,9/19/2008 5:57:00 PM,1,,Mid-Block (not related to intersection),Daylight,STONE WAY N BETWEEN BRIDGE WAY N AND N 40TH ST,0,1,Y,2,3277302,Dry,18,"MOTOR VEHICLE STRUCK PEDALCYCLIST, FRONT END AT ANGLE",08263007,12960,0,2,Injury Collision,,45,Bicycle,Matched,0,1,Overcast,0,"(47.65502131000005, -122.34245699799999)",6316,0,N,08-352736
90890,87131,87131,Block,Cycles,161,,,0,,05/27/2008 12:00:00 AM +0000,5/27/2008 4:43:00 PM,1,,Mid-Block (but intersection related),Daylight,BLANCHARD ST BETWEEN 8TH AVE AND WESTLAKE AVE,0,1,Y,2,2908466,Dry,21,"MOTOR VEHICLE STRUCK PEDALCYCLIST, REAR END",08148002,9298,0,2,Injury Collision,,45,Bicycle,Matched,0,1,Clear or Partly Cloudy,0,"(47.617590446000065, -122.33876683999995)",0,0,N,08-191006
90900,86331,86331,Intersection,Cycles,0,,,0,,09/06/2008 12:00:00 AM +0000,9/6/2008,1,25184,At Intersection (intersection related),Daylight,SHILSHOLE AVE NW AND NW 46TH ST,0,1,,2,2794816,Dry,18,"MOTOR VEHICLE STRUCK PEDALCYCLIST, FRONT END AT ANGLE",08250001,12827,1,2b,Serious Injury Collision,,45,Bicycle,Matched,0,1,Clear or Partly Cloudy,0,"(47.66220710200008, -122.37830241899997)",41180,0,N,08-334259
90902,86598,86598,Block,Cycles,51,,,0,,05/20/2008 12:00:00 AM +0000,5/20/2008 9:05:00 AM,1,,Mid-Block (but intersection related),Daylight,NW 42ND ST BETWEEN 6TH E AVE NW AND 6TH W AVE NW,0,1,,2,2897259,Wet,18,"MOTOR VEHICLE STRUCK PEDALCYCLIST, FRONT END AT ANGLE",08141010,18305,0,2,Injury Collision,,45,Bicycle,Matched,0,1,Raining,0,"(47.65776310600006, -122.36377357999999)",0,0,N,08-18247
90938,85794,85794,Intersection,Cycles,0, ,,0,,08/01/2008 12:00:00 AM +0000,8/1/2008,0,30360,At Intersection (intersection related),Dark - Street Lights On,ALASKAN WAY AND YESLER WAY,0,1,,3,2907156,Dry,11,"MOTOR VEHICLE STRUCK MOTOR VEHICLE, FRONT END AT ANGLE",08214047,8717,0,1,Property Damage Only Collision,,45,Bicycle,Matched,0,1,Clear or Partly Cloudy,0,"(47.60171754700008, -122.33658213799998)",38491,0,N,2008-284291
90943,85791,85791,Intersection,Cycles,0,,,0,,08/05/2008 12:00:00 AM +0000,8/5/2008,1,27955,At Intersection (intersection related),Daylight,15TH AVE W AND W HOWE ST,0,1,Y,2,2899938,Dry,18,"MOTOR VEHICLE STRUCK PEDALCYCLIST, FRONT END AT ANGLE",08218001,2186,0,2,Injury Collision,,45,Bicycle,Matched,0,1,Clear or Partly Cloudy,0,"(47.63595304800003, -122.37613788399995)",18994,0,N,08-289466
90951,85789,85789,Intersection,Cycles,0, ,,1,,08/06/2008 12:00:00 AM +0000,8/6/2008,3,29683,At Intersection (intersection related),Dusk,CEDAR ST AND WESTERN AVE,0,1,,5,3282504,Dry,18,"MOTOR VEHICLE STRUCK PEDALCYCLIST, FRONT END AT ANGLE",08219001,9639,1,3,Fatality Collision,,45,Bicycle,Matched,0,2,Clear or Partly Cloudy,0,"(47.61513737700005, -122.35147584299995)",0,523859,N,08-291495
91109,87248,87248,Block,Cycles,91,,,0,,06/11/2008 12:00:00 AM +0000,6/11/2008 2:38:00 PM,1,,Mid-Block (but intersection related),Daylight,3RD AVE NW BETWEEN NW 52ND S ST AND NW MARKET ST,0,1,,2,2905886,Dry,23,"MOTOR VEHICLE STRUCK PEDALCYCLIST, LEFT SIDE SIDESWIPE",08163005,4444,0,2,Injury Collision,,45,Bicycle,Matched,0,1,Overcast,0,"(47.666669383000055, -122.36080092399999)",27129,0,N,2008-210774
91148,86978,86978,Intersection,Cycles,0,,,0,,05/04/2008 12:00:00 AM +0000,5/4/2008,1,24318,At Intersection (intersection related),Daylight,GREENWOOD AVE N AND N 73RD ST,0,1,,3,2894014,Dry,51,PEDALCYCLIST STRUCK MOTOR VEHICLE FRONT END AT ANGLE,08125031,10740,0,2,Injury Collision,,45,Bicycle,Matched,0,1,Clear or Partly Cloudy,0,"(47.68180516000007, -122.35530362299994)",4445,0,N,08-159903
91229,85246,85246,Intersection,Cycles,0, ,,0,,01/14/2008 12:00:00 AM +0000,1/14/2008 6:25:00 PM,1,30367,At Intersection (intersection related),Dark - Street Lights On,ALASKAN WAY S AND S KING ST,0,1,Y,2,2804592,Wet,18,"MOTOR VEHICLE STRUCK PEDALCYCLIST, FRONT END AT ANGLE",08014010,8739,0,2,Injury Collision,,45,Bicycle,Matched,0,1,Raining,0,"(47.59829223200006, -122.33590723199995)",0,524773,N,2008-018149
91280,86842,86842,Block,Cycles,231.5,,,0,,04/24/2008 12:00:00 AM +0000,4/24/2008 6:45:00 PM,1,,Mid-Block (not related to intersection),Dusk,LAKE WASHINGTON BLVD S BETWEEN S ANGELINE ST AND S FERDINAND ST,0,1,,2,2898182,Unknown,18,"MOTOR VEHICLE STRUCK PEDALCYCLIST, FRONT END AT ANGLE",08115017,11243,0,2,Injury Collision,,45,Bicycle,Matched,0,1,Unknown,0,"(47.558864311000036, -122.26366574299999)",38101,0,N,08-147146
91320,86443,86443,Block,Cycles,153,,,0,,10/18/2008 12:00:00 AM +0000,10/18/2008 12:34:00 AM,0,,Mid-Block (not related to intersection),Dark - Street Lights On,1ST AVE S BETWEEN YESLER WAY AND S WASHINGTON ST,0,1,,2,2907135,Wet,18,"MOTOR VEHICLE STRUCK PEDALCYCLIST, FRONT END AT ANGLE",08292001,1185,0,1,Property Damage Only Collision,,45,Bicycle,Matched,0,1,Overcast,0,"(47.60130412800004, -122.33418005599998)",0,0,N,2008-391473
91346,85901,85901,Intersection,Cycles,0,,,0,,08/12/2008 12:00:00 AM +0000,8/12/2008 8:02:00 AM,1,30521,At Intersection (intersection related),Daylight,OCCIDENTAL AVE S AND S KING E ST,0,1,Y,2,2616519,Dry,18,"MOTOR VEHICLE STRUCK PEDALCYCLIST, FRONT END AT ANGLE",08225004,20596,0,2,Injury Collision,,45,Bicycle,Matched,0,1,Clear or Partly Cloudy,0,"(47.59828969300003, -122.33288563299999)",35895,0,N,08-299090
91360,85235,85235,Intersection,Cycles,0, ,,0,,04/12/2008 12:00:00 AM +0000,4/12/2008 6:55:00 PM,1,30114,At Intersection (intersection related),Daylight,20TH AVE AND E MADISON ST,0,1,Y,2,2882204,Dry,23,"MOTOR VEHICLE STRUCK PEDALCYCLIST, LEFT SIDE SIDESWIPE",08103002,2942,0,2,Injury Collision,,45,Bicycle,Matched,0,1,Clear or Partly Cloudy,0,"(47.61726331600005, -122.30613644099998)",0,521181,N,2008-131978
91368,85507,85507,Block,Cycles,203.5,,,0,,11/03/2008 12:00:00 AM +0000,11/3/2008,1,,Mid-Block (not related to intersection),Daylight,AIRPORT WAY S BETWEEN S ADAMS ST AND S INDUSTRIAL WB WAY,0,1,Y,2,3277743,Wet,21,"MOTOR VEHICLE STRUCK PEDALCYCLIST, REAR END",08308044,8682,1,2b,Serious Injury Collision,,45,Bicycle,Matched,0,1,Raining,0,"(47.565634114000034, -122.32273101399994)",20745,0,N,08-413969
91398,86565,86565,Intersection,Cycles,0,,,0,,06/08/2008 12:00:00 AM +0000,6/8/2008,1,26863,At Intersection (intersection related),Daylight,STONE WAY N AND N 39TH ST,0,1,Y,2,3278006,Dry,18,"MOTOR VEHICLE STRUCK PEDALCYCLIST, FRONT END AT ANGLE",08160002,12959,0,2,Injury Collision,,45,Bicycle,Matched,0,1,Clear or Partly Cloudy,0,"(47.654120093000074, -122.34250125799997)",6304,0,N,2008-206928
91449,86834,86834,Intersection,Cycles,0,,,0,,06/17/2008 12:00:00 AM +0000,6/17/2008 6:57:00 AM,1,24483,At Intersection (intersection related),Daylight,ROOSEVELT WAY NE AND NE 68TH ST,0,1,Y,2,3277628,Wet,51,PEDALCYCLIST STRUCK MOTOR VEHICLE FRONT END AT ANGLE,08169006,12618,0,2,Injury Collision,,45,Bicycle,Matched,0,1,Raining,0,"(47.67801242100006, -122.31739331799997)",9408,0,N,08-218518
91492,86302,86302,Block,Cycles,155.5,,,0,,08/19/2008 12:00:00 AM +0000,8/19/2008 1:24:00 PM,1,,Mid-Block (not related to intersection),Daylight,RAINIER AVE S BETWEEN S EDMUNDS ST AND S FERDINAND ST,0,1,Y,2,3274104,Dry,18,"MOTOR VEHICLE STRUCK PEDALCYCLIST, FRONT END AT ANGLE",08232003,12386,0,2,Injury Collision,,45,Bicycle,Matched,0,1,Clear or Partly Cloudy,0,"(47.558253500000035, -122.28524315499999)",0,0,N,2008-309404
91576,86554,86554,Block,Cycles,412.5,,,0,,09/09/2008 12:00:00 AM +0000,9/9/2008,2,,Mid-Block (not related to intersection),Dark - Street Lights On,SW SPOKANE BR BETWEEN SW SPOKANE E ST AND SW SPOKANE W ST,1,1,,2,2792932,Dry,64,PEDALCYCLIST STRUCK PEDESTRIAN,08253004,22804,0,2,Injury Collision,,45,Bicycle,Matched,0,0,Unknown,0,"(47.57137820400004, -122.35356018699997)",0,0,N,08-337371
91599,86561,86561,Intersection,Cycles,0, ,,0,,04/10/2008 12:00:00 AM +0000,4/10/2008 6:20:00 PM,2,29576,At Intersection (intersection related),Daylight,5TH AVE AND PIKE ST,1,1,,2,2898693,Dry,64,PEDALCYCLIST STRUCK PEDESTRIAN,08101003,7237,0,2,Injury Collision,,45,Bicycle,Matched,0,0,Raining,0,"(47.61067790300007, -122.33557402499997)",21847,523699,N,08 129287
91714,84433,84433,Block,Cycles,329.5,,,0,,10/02/2008 12:00:00 AM +0000,10/2/2008,1,,Mid-Block (not related to intersection),Daylight,YESLER WAY BETWEEN TERRACE ST AND 6TH AVE,0,1,Y,4,3282537,Wet,56,PEDALCYCLIST STRUCK MOTOR VEHICLE LEFT SIDE SIDESWIPE,08276023,13766,0,2,Injury Collision,,45,Bicycle,Matched,0,1,Overcast,0,"(47.60171208300005, -122.32768801499998)",9972,0,N,08 370272
91771,85080,85080,Block,Cycles,161,,,0,,05/16/2008 12:00:00 AM +0000,5/16/2008 7:35:00 PM,1,,Driveway Junction,Daylight,BELL ST BETWEEN 1ST AVE AND 2ND AVE,0,1,,2,2906668,Dry,18,"MOTOR VEHICLE STRUCK PEDALCYCLIST, FRONT END AT ANGLE",08137010,9198,0,2,Injury Collision,,45,Bicycle,Matched,1,1,Clear or Partly Cloudy,0,"(47.61370646700004, -122.34608453999999)",0,0,N,2008-176169
91785,85214,85214,Intersection,Cycles,0,,,0,,09/23/2008 12:00:00 AM +0000,9/23/2008 7:52:00 PM,3,31581,At Intersection (intersection related),Dark - Street Lights On,RAINIER AVE S AND S COLLEGE N ST,0,1,,4,2613297,Dry,51,PEDALCYCLIST STRUCK MOTOR VEHICLE FRONT END AT ANGLE,08267021,12361,0,2,Injury Collision,,45,Bicycle,Matched,0,1,Clear or Partly Cloudy,0,"(47.58314526400005, -122.30180965099999)",19994,0,N,08-358237
91839,84817,84817,Intersection,Cycles,0, ,,0,,05/12/2008 12:00:00 AM +0000,5/12/2008 12:15:00 PM,1,28744,At Intersection (intersection related),Daylight,BROAD ST AND VALLEY ST,0,1,,2,C704187,Dry,18,"MOTOR VEHICLE STRUCK PEDALCYCLIST, FRONT END AT ANGLE",08133036,13265,0,2,Injury Collision,,45,Bicycle,Matched,0,1,Unknown,0,"(47.625795769000035, -122.33863455)",0,523904,N,
91861,84019,84019,Intersection,Cycles,0,,,0,,08/05/2008 12:00:00 AM +0000,8/5/2008,1,30411,At Intersection (intersection related),Daylight,BOREN AVE AND E YESLER WAY,0,1,,2,2899351,Dry,51,PEDALCYCLIST STRUCK MOTOR VEHICLE FRONT END AT ANGLE,08218003,9303,1,2b,Serious Injury Collision,,45,Bicycle,Matched,0,1,Clear or Partly Cloudy,0,"(47.601695164000034, -122.31782315599997)",9991,0,N,08-289816
91881,84150,84150,Intersection,Cycles,0,,,0,Y,11/15/2008 12:00:00 AM +0000,11/15/2008 12:00:00 PM,1,27184,At Intersection (intersection related),Daylight,EASTERN AVE N AND N 45TH ST,0,1,,2,3278025,Dry,18,"MOTOR VEHICLE STRUCK PEDALCYCLIST, FRONT END AT ANGLE",08320032,10159,0,2,Injury Collision,,45,Bicycle,Matched,0,1,Clear or Partly Cloudy,0,"(47.661363347000076, -122.32896932599999)",6530,0,N,08-428931
91891,85071,85071,Intersection,Cycles,0,,,0,,01/26/2008 12:00:00 AM +0000,1/26/2008 2:06:00 AM,1,29809,At Intersection (intersection related),Dark - Street Lights On,12TH AVE AND E JEFFERSON ST,0,1,Y,2,2795699,Dry,18,"MOTOR VEHICLE STRUCK PEDALCYCLIST, FRONT END AT ANGLE",08026002,1529,0,2,Injury Collision,,45,Bicycle,Matched,1,1,Clear or Partly Cloudy,0,"(47.60620304500003, -122.31678046599995)",10636,0,N,08-033774
91926,85201,85201,Block,Cycles,211.5,,,0,,01/07/2008 12:00:00 AM +0000,1/7/2008,1,,Driveway Junction,Dark - Street Lights On,BROADWAY BETWEEN E PIKE ST AND E PINE ST,0,1,Y,2,2827599,Dry,51,PEDALCYCLIST STRUCK MOTOR VEHICLE FRONT END AT ANGLE,08007008,9447,0,2,Injury Collision,,45,Bicycle,Matched,0,1,Clear or Partly Cloudy,0,"(47.61465412100006, -122.32078948899999)",0,0,N,08-008600
91940,84938,84938,Block,Cycles,88.5,,,0,,07/17/2008 12:00:00 AM +0000,7/17/2008 8:36:00 AM,1,,Mid-Block (not related to intersection),Daylight,29TH AVE E BETWEEN E REPUBLICAN ST AND E MADISON W ST,0,1,Y,2,2827550,Dry,56,PEDALCYCLIST STRUCK MOTOR VEHICLE LEFT SIDE SIDESWIPE,08199003,4279,0,2,Injury Collision,,45,Bicycle,Matched,0,1,Overcast,0,"(47.62381277500003, -122.29518442799997)",0,0,N,2008-262325
91974,83479,83479,Block,Cycles,153,,,0,,11/12/2008 12:00:00 AM +0000,11/12/2008 5:40:00 PM,1,,Mid-Block (not related to intersection),Dark - Street Lights On,2ND AVE BETWEEN COLUMBIA ST AND MARION ST,0,1,,2,C712479,Wet,18,"MOTOR VEHICLE STRUCK PEDALCYCLIST, FRONT END AT ANGLE",08317068,2751,0,2,Injury Collision,,45,Bicycle,Matched,0,1,Overcast,0,"(47.604088467000054, -122.33414983799997)",12047,0,N,
92038,85062,85062,Block,Cycles,213,,,0,Y,03/22/2008 12:00:00 AM +0000,3/22/2008 6:48:00 PM,1,,Driveway Junction,Daylight,2ND AVE BETWEEN UNIVERSITY ST AND UNION ST,0,1,Y,3,2906708,Dry,18,"MOTOR VEHICLE STRUCK PEDALCYCLIST, FRONT END AT ANGLE",08082025,2756,0,2,Injury Collision,,45,Bicycle,Matched,0,1,Clear or Partly Cloudy,0,"(47.60779445000003, -122.33754000999994)",0,0,N,2008-106072
92065,83216,83216,Block,Cycles,179,,,0,,06/20/2008 12:00:00 AM +0000,6/20/2008 12:52:00 PM,1,,Driveway Junction,Daylight,E OLIVE WAY BETWEEN SUMMIT AVE E AND E JOHN ST,0,1,Y,3,2882614,Dry,51,PEDALCYCLIST STRUCK MOTOR VEHICLE FRONT END AT ANGLE,08172002,14586,0,2,Injury Collision,,45,Bicycle,Matched,0,1,Clear or Partly Cloudy,0,"(47.61927351300005, -122.32483051699995)",23263,0,N,2008-223360
92153,83871,83871,Block,Cycles,160,,,0,,08/11/2008 12:00:00 AM +0000,8/11/2008 7:14:00 AM,1,,Mid-Block (not related to intersection),Daylight,QUEEN ANNE AVE N BETWEEN ALOHA ST AND WARD ST,0,1,,1,2907180,Dry,69,PEDALCYCLIST OVERTURNED IN ROAD,08224002,12303,1,2b,Serious Injury Collision,,45,Bicycle,Matched,0,0,Clear or Partly Cloudy,0,"(47.62762939900006, -122.356685358)",30638,0,N,2008-297685
92184,85184,85184,Block,Cycles,179.5,,,0,,04/27/2008 12:00:00 AM +0000,4/27/2008 12:00:00 PM,1,,Driveway Junction,Daylight,RAINIER AVE S BETWEEN S HENDERSON ST AND S DIRECTOR N ST,0,1,Y,2,2907472,Dry,51,PEDALCYCLIST STRUCK MOTOR VEHICLE FRONT END AT ANGLE,08118001,12420,0,2,Injury Collision,,45,Bicycle,Matched,0,1,Clear or Partly Cloudy,0,"(47.52281700700007, -122.26998786899998)",24134,0,N,2008-150691
92261,83464,83464,Block,Cycles,160.5,,,0,,09/19/2008 12:00:00 AM +0000,9/19/2008 3:59:00 PM,1,,Mid-Block (not related to intersection),Daylight,E UNION ST BETWEEN 27TH AVE AND M L KING JR WAY,0,1,,3,2899393,Dry,56,PEDALCYCLIST STRUCK MOTOR VEHICLE LEFT SIDE SIDESWIPE,08263005,14905,0,2,Injury Collision,,45,Bicycle,Matched,0,1,Clear or Partly Cloudy,0,"(47.61293808800008, -122.29685170899995)",9486,0,N,08-352606
92280,83467,83467,Block,Cycles,316,,,0,,09/14/2008 12:00:00 AM +0000,9/14/2008 3:16:00 PM,1,,Driveway Junction,Daylight,S JACKSON ST BETWEEN 14TH AVE S AND 16TH AVE S,0,1,Y,3,2614999,Dry,18,"MOTOR VEHICLE STRUCK PEDALCYCLIST, FRONT END AT ANGLE",08258006,20495,0,2,Injury Collision,,45,Bicycle,Matched,0,1,Clear or Partly Cloudy,0,"(47.599217493000026, -122.31285936399996)",11014,0,N,2008-345445
92291,84784,84784,Intersection,Cycles,0,,,0,,05/29/2008 12:00:00 AM +0000,5/29/2008 11:45:00 PM,1,28237,At Intersection (intersection related),Dark - Street Lights On,10TH AVE E AND E LYNN ST,0,1,,2,C704839,Dry,51,PEDALCYCLIST STRUCK MOTOR VEHICLE FRONT END AT ANGLE,08150027,1300,0,2,Injury Collision,,45,Bicycle,Matched,0,1,Clear or Partly Cloudy,0,"(47.63954711300005, -122.32006287099995)",6101,0,N,