OBJECTID,INCKEY,COLDETKEY,ADDRTYPE,COLLISIONTYPE,DISTANCE,EXCEPTRSNCODE,EXCEPTRSNDESC,FATALITIES,INATTENTIONIND,INCDATE,INCDTTM,INJURIES,INTKEY,JUNCTIONTYPE,LIGHTCOND,LOCATION,PEDCOUNT,PEDCYLCOUNT,PEDROWNOTGRNT,PERSONCOUNT,REPORTNO,ROADCOND,SDOT_COLCODE,SDOT_COLDESC,SDOTCOLNUM,SEGKEY,SERIOUSINJURIES,SEVERITYCODE,SEVERITYDESC,SPEEDING,ST_COLCODE,ST_COLDESC,STATUS,UNDERINFL,VEHCOUNT,WEATHER,WIDTH,Shape,SEGLANEKEY,CROSSWALKKEY,HITPARKEDCAR,SPDCASENO
92317,83329,83329,Intersection,Cycles,0, ,,0,,06/30/2008 12:00:00 AM +0000,6/30/2008 7:11:00 AM,0,27244,At Intersection (intersection related),Daylight,LATONA AVE NE AND NE PACIFIC ST,0,1,,3,2624105,Dry,18,"MOTOR VEHICLE STRUCK PEDALCYCLIST, FRONT END AT ANGLE",08182019,11289,0,1,Property Damage Only Collision,,45,Bicycle,Matched,0,1,Clear or Partly Cloudy,0,"(47.65488891200005, -122.32570273399995)",0,576113,N,2008-237463
92319,84918,84918,Intersection,Cycles,0,,,0,,03/04/2008 12:00:00 AM +0000,3/4/2008,1,28300,At Intersection (intersection related),Dusk,EASTLAKE AVE E AND E ROANOKE ST,0,1,Y,2,2623543,Dry,51,PEDALCYCLIST STRUCK MOTOR VEHICLE FRONT END AT ANGLE,08064006,10179,0,2,Injury Collision,,45,Bicycle,Matched,0,1,Overcast,0,"(47.643190643000025, -122.32588681199996)",24724,0,N,08-83454
92343,83331,83331,Intersection,Cycles,0,,,0,,06/30/2008 12:00:00 AM +0000,6/30/2008 8:53:00 AM,1,25418,At Intersection (intersection related),Daylight,8TH AVE NW AND NW 56TH ST,0,1,Y,2,3277362,Dry,51,PEDALCYCLIST STRUCK MOTOR VEHICLE FRONT END AT ANGLE,08182008,8385,0,2,Injury Collision,,45,Bicycle,Matched,0,1,Clear or Partly Cloudy,0,"(47.66943046700004, -122.36617831099994)",2426,0,N,08-237525
92416,85173,85173,Intersection,Cycles,0,,,0,Y,08/16/2008 12:00:00 AM +0000,8/16/2008 8:40:00 PM,1,30911,At Intersection (intersection related),Dark - Street Lights On,54TH PL SW AND ALKI AVE SW,0,1,,2,2896383,Dry,51,PEDALCYCLIST STRUCK MOTOR VEHICLE FRONT END AT ANGLE,08229041,7684,0,2,Injury Collision,,45,Bicycle,Matched,0,1,Clear or Partly Cloudy,0,"(47.58270371000003, -122.40207361799997)",0,0,N,08-305783
92439,83188,83188,Block,Cycles,164.5,,,0,Y,07/19/2008 12:00:00 AM +0000,7/19/2008 7:04:00 PM,1,,Mid-Block (but intersection related),Daylight,E PIKE ST BETWEEN BROADWAY AND 10TH AVE,0,1,,2,2908613,Unknown,21,"MOTOR VEHICLE STRUCK PEDALCYCLIST, REAR END",08201032,14600,0,2,Injury Collision,,45,Bicycle,Matched,0,1,Unknown,0,"(47.61408040200007, -122.320115596)",31226,0,N,2008-268988
92457,85038,85038,Intersection,Cycles,0,,,0,,05/21/2008 12:00:00 AM +0000,5/21/2008 9:10:00 AM,1,27043,At Intersection (intersection related),Daylight,TROLL AVE N AND N 34TH ST,0,1,Y,2,2897260,Dry,18,"MOTOR VEHICLE STRUCK PEDALCYCLIST, FRONT END AT ANGLE",08142006,9002,0,2,Injury Collision,,45,Bicycle,Matched,0,1,Overcast,0,"(47.64924012200004, -122.34741874299999)",8816,0,N,08-182502
92686,85024,85024,Block,Cycles,46.5,,,0,,08/23/2008 12:00:00 AM +0000,8/23/2008 1:57:00 AM,2,,Mid-Block (but intersection related),Dark - Street Lights On,1ST AVE BETWEEN BAY ST AND DENNY WAY,0,1,Y,2,3282679,Dry,23,"MOTOR VEHICLE STRUCK PEDALCYCLIST, LEFT SIDE SIDESWIPE",08236006,1024,0,2,Injury Collision,,45,Bicycle,Matched,0,1,Clear or Partly Cloudy,0,"(47.61853411100003, -122.35529172399998)",14438,0,N,2008-314194
92689,85021,85021,Intersection,Cycles,0,,,0,,07/29/2008 12:00:00 AM +0000,7/29/2008 12:46:00 PM,1,25558,At Intersection (intersection related),Daylight,WALLINGFORD AVE N AND N 47TH ST,0,1,Y,2,3277079,Dry,18,"MOTOR VEHICLE STRUCK PEDALCYCLIST, FRONT END AT ANGLE",08211004,13375,0,2,Injury Collision,,45,Bicycle,Matched,0,1,Overcast,0,"(47.66286698400006, -122.33642195699997)",0,0,N,08-279435
92692,85019,85019,Intersection,Cycles,0,,,0,,07/29/2008 12:00:00 AM +0000,7/29/2008 3:54:00 PM,1,27041,At Intersection (intersection related),Daylight,ALBION PL N AND N 34TH ST,0,1,,2,2905738,Dry,18,"MOTOR VEHICLE STRUCK PEDALCYCLIST, FRONT END AT ANGLE",08211008,8774,0,2,Injury Collision,,45,Bicycle,Matched,0,1,Overcast,0,"(47.64884179300003, -122.34476587499995)",0,0,N,08-279644
92694,85018,85018,Block,Cycles,213.5,,,0,,07/10/2008 12:00:00 AM +0000,7/10/2008 5:22:00 PM,1,,Mid-Block (not related to intersection),Daylight,6TH AVE BETWEEN PINE ST AND OLIVE WAY,0,1,,4,2900104,Dry,55,PEDALCYCLIST STRUCK MOTOR VEHICLE RIGHT SIDE SIDESWIPE,08192003,7884,0,2,Injury Collision,,45,Bicycle,Matched,0,1,Clear or Partly Cloudy,0,"(47.612633294000034, -122.33582748299995)",25420,0,N,08 253091
92731,84494,84494,Block,Cycles,76.5,,,0,,09/05/2008 12:00:00 AM +0000,9/5/2008,0,,Mid-Block (not related to intersection),Dark - Street Lights On,LEARY WAY NW BETWEEN NW 43RD ST AND 7TH AVE NW,0,1,,2,3284079,Dry,55,PEDALCYCLIST STRUCK MOTOR VEHICLE RIGHT SIDE SIDESWIPE,08249004,11342,0,1,Property Damage Only Collision,,45,Bicycle,Matched,0,1,Clear or Partly Cloudy,0,"(47.65911854700005, -122.36488419999995)",17378,0,N,08-332854
92761,83827,83827,Intersection,Cycles,0,,,0,,05/18/2008 12:00:00 AM +0000,5/18/2008 8:15:00 PM,1,29862,At Intersection (intersection related),Dusk,BELLEVUE AVE AND E PINE ST,0,1,Y,2,2798392,Dry,51,PEDALCYCLIST STRUCK MOTOR VEHICLE FRONT END AT ANGLE,08139003,9213,0,2,Injury Collision,,45,Bicycle,Matched,0,1,Clear or Partly Cloudy,0,"(47.61521815300006, -122.32680418799998)",10342,0,N,2008-179301
92801,83426,83426,Intersection,Cycles,0,,,0,,05/02/2008 12:00:00 AM +0000,5/2/2008,1,30136,At Intersection (intersection related),Daylight,15TH AVE AND E MADISON ST,0,1,,2,2827948,Dry,18,"MOTOR VEHICLE STRUCK PEDALCYCLIST, FRONT END AT ANGLE",08123013,1997,0,2,Injury Collision,Y,45,Bicycle,Matched,0,1,Clear or Partly Cloudy,0,"(47.61449898500007, -122.31277145499996)",22976,0,N,2008-157307
92813,83693,83693,Block,Cycles,556.5,,,0,,11/24/2008 12:00:00 AM +0000,11/24/2008 7:27:00 AM,0,,Driveway Junction,Daylight,RAINIER AVE S BETWEEN S KENNY ST AND S GRAHAM ST,0,1,Y,2,3281916,Dry,51,PEDALCYCLIST STRUCK MOTOR VEHICLE FRONT END AT ANGLE,08329001,12397,0,1,Property Damage Only Collision,,45,Bicycle,Matched,0,1,Overcast,0,"(47.54743303600003, -122.27674075999994)",23924,0,N,08-440152
92841,84752,84752,Intersection,Cycles,0,,,0,,08/05/2008 12:00:00 AM +0000,8/5/2008,1,27106,At Intersection (intersection related),Dark - Street Lights On,15TH AVE NE AND NE 41ST ST,0,1,Y,2,2799018,Dry,18,"MOTOR VEHICLE STRUCK PEDALCYCLIST, FRONT END AT ANGLE",08218002,2032,0,2,Injury Collision,,45,Bicycle,Matched,0,1,Clear or Partly Cloudy,0,"(47.65681959300008, -122.31211005299997)",21313,0,N,2008-289044
92925,83553,83553,Block,Cycles,109, ,,0,,11/25/2008 12:00:00 AM +0000,11/25/2008 5:16:00 PM,1,,Mid-Block (not related to intersection),Dark - Street Lights On,DEXTER AVE N BETWEEN 6TH AVE N AND WHEELER ST,0,1,,2,2826294,Wet,18,"MOTOR VEHICLE STRUCK PEDALCYCLIST, FRONT END AT ANGLE",08330034,10092,0,2,Injury Collision,,45,Bicycle,Matched,0,1,Overcast,0,"(47.64061580600003, -122.34449079299998)",0,522526,N,2008-442232
92999,84611,84611,Block,Cycles,88.5,,,0,,10/17/2008 12:00:00 AM +0000,10/17/2008 6:44:00 PM,1,,Mid-Block (not related to intersection),Dark - Street Lights On,BEACON ER AVE S BETWEEN S ANGELINE ST AND S COLUMBIAN WAY,0,1,Y,4,3281664,Dry,18,"MOTOR VEHICLE STRUCK PEDALCYCLIST, FRONT END AT ANGLE",08291004,166925,0,2,Injury Collision,,45,Bicycle,Matched,0,2,Clear or Partly Cloudy,0,"(47.55987646800003, -122.30445987299998)",15929,0,N,2008-391030
93029,84219,84219,Block,Cycles,334.5,,,0,,03/28/2008 12:00:00 AM +0000,3/28/2008 8:55:00 AM,0,,Mid-Block (but intersection related),Daylight,GOLF DR S BETWEEN S CHARLES ST AND 14TH AVE S,0,1,Y,2,2897979,Wet,23,"MOTOR VEHICLE STRUCK PEDALCYCLIST, LEFT SIDE SIDESWIPE",08088001,10668,0,1,Property Damage Only Collision,,45,Bicycle,Matched,0,1,Snowing,0,"(47.59367206500008, -122.31556822799996)",14098,0,N,2008-112954
93047,83945,83945,Intersection,Cycles,0, ,,0,,01/03/2008 12:00:00 AM +0000,1/3/2008,1,25423,At Intersection (intersection related),Dusk,14TH AVE NW AND NW MARKET ST,0,1,Y,2,2828765,Wet,18,"MOTOR VEHICLE STRUCK PEDALCYCLIST, FRONT END AT ANGLE",08003003,1895,0,2,Injury Collision,,45,Bicycle,Matched,0,1,Raining,0,"(47.66866536800006, -122.37358850399994)",0,520757,N,08-003337
93065,84081,84081,Block,Cycles,213,,,0,Y,09/03/2008 12:00:00 AM +0000,9/3/2008,1,,Mid-Block (not related to intersection),Daylight,12TH AVE BETWEEN E COLUMBIA ST AND E MARION ST,0,1,,3,2899108,Dry,56,PEDALCYCLIST STRUCK MOTOR VEHICLE LEFT SIDE SIDESWIPE,08247012,1533,0,2,Injury Collision,,45,Bicycle,Matched,0,1,Clear or Partly Cloudy,0,"(47.609809435000045, -122.31677966199999)",10714,0,N,2008-329906
93155,84211,84211,Intersection,Cycles,0,,,0,,11/03/2008 12:00:00 AM +0000,11/3/2008,1,29863,At Intersection (intersection related),Dark - Street Lights On,MELROSE AVE AND PINE ST,0,1,Y,4,3287142,Wet,18,"MOTOR VEHICLE STRUCK PEDALCYCLIST, FRONT END AT ANGLE",08308009,11745,0,2,Injury Collision,,45,Bicycle,Matched,0,1,Raining,0,"(47.615238420000026, -122.32790375499997)",10336,0,N,2008-413526
93156,84210,84210,Intersection,Cycles,0,,,0,,11/03/2008 12:00:00 AM +0000,11/3/2008,1,26711,At Intersection (intersection related),Daylight,11TH AVE NW AND NW 45TH ST,0,1,Y,2,3287063,Wet,18,"MOTOR VEHICLE STRUCK PEDALCYCLIST, FRONT END AT ANGLE",08308010,1427,0,2,Injury Collision,,45,Bicycle,Matched,0,1,Overcast,0,"(47.66146941900007, -122.37076944799998)",41860,0,N,08-412733
93163,84598,84598,Intersection,Cycles,0,,,0,,07/22/2008 12:00:00 AM +0000,7/22/2008 8:30:00 PM,1,36974,At Intersection (intersection related),Daylight,24TH AVE NW AND NW 85TH ST,0,1,,2,2897200,Dry,51,PEDALCYCLIST STRUCK MOTOR VEHICLE FRONT END AT ANGLE,08204027,3609,1,2b,Serious Injury Collision,,45,Bicycle,Matched,0,1,Clear or Partly Cloudy,0,"(47.690575454000054, -122.38759810599998)",2246,0,N,2008-270071
93256,84595,84595,Intersection,Cycles,0,,,0,,07/02/2008 12:00:00 AM +0000,7/2/2008,2,28237,At Intersection (intersection related),Dark - Street Lights On,10TH AVE E AND E LYNN ST,0,2,Y,3,2906100,Dry,51,PEDALCYCLIST STRUCK MOTOR VEHICLE FRONT END AT ANGLE,08184007,1300,2,2b,Serious Injury Collision,,45,Bicycle,Matched,0,1,Clear or Partly Cloudy,0,"(47.63954711300005, -122.32006287099995)",6101,0,N,2008-241573
93349,83531,83531,Intersection,Cycles,0, ,,0,,05/28/2008 12:00:00 AM +0000,5/28/2008 6:09:00 PM,1,29632,At Intersection (intersection related),Daylight,ALASKAN WAY AND SPRING ST,0,1,Y,2,2805491,Dry,18,"MOTOR VEHICLE STRUCK PEDALCYCLIST, FRONT END AT ANGLE",08149002,8721,0,2,Injury Collision,,45,Bicycle,Matched,0,1,Clear or Partly Cloudy,0,"(47.60448768400005, -122.33909095699994)",0,523596,N,08-192503
93401,84319,84319,Block,Cycles,124,,,0,Y,05/08/2008 12:00:00 AM +0000,5/8/2008,1,,Mid-Block (but intersection related),Dusk,E MADISON ST BETWEEN 28TH AVE E AND 29TH W AVE E,0,1,,3,2882452,Dry,51,PEDALCYCLIST STRUCK MOTOR VEHICLE FRONT END AT ANGLE,08129004,14362,0,2,Injury Collision,,45,Bicycle,Matched,0,1,Clear or Partly Cloudy,0,"(47.62371497300006, -122.29583475299995)",34609,0,N,08-165500
93544,84449,84449,Intersection,Cycles,0, ,,0,,01/18/2008 12:00:00 AM +0000,1/18/2008 1:00:00 AM,1,28642,At Intersection (intersection related),Unknown,QUEEN ANNE AVE N AND REPUBLICAN ST,0,1,,2,2906882,Dry,18,"MOTOR VEHICLE STRUCK PEDALCYCLIST, FRONT END AT ANGLE",08018003,12298,0,2,Injury Collision,,45,Bicycle,Matched,0,1,Clear or Partly Cloudy,0,"(47.623276813000075, -122.35671986099999)",0,523532,N,08-022967
93552,83648,83648,Block,Cycles,116,,,0,,09/08/2008 12:00:00 AM +0000,9/8/2008,1,,Driveway Junction,Daylight,12TH AVE BETWEEN E REMINGTON CT AND E JEFFERSON ST,0,1,Y,2,2899014,Dry,18,"MOTOR VEHICLE STRUCK PEDALCYCLIST, FRONT END AT ANGLE",08252001,1528,0,2,Injury Collision,,45,Bicycle,Matched,0,1,Clear or Partly Cloudy,0,"(47.60588380000007, -122.31678057699997)",10614,0,N,08-336336
93570,83906,83906,Intersection,Cycles,0,,,0,,10/16/2008 12:00:00 AM +0000,10/16/2008 1:55:00 PM,1,27900,At Intersection (intersection related),Daylight,15TH AVE W AND GILMAN UPPER DR W,0,1,,2,3280341,Wet,51,PEDALCYCLIST STRUCK MOTOR VEHICLE FRONT END AT ANGLE,08290003,2191,0,2,Injury Collision,,45,Bicycle,Matched,0,1,Overcast,0,"(47.64294366300004, -122.37616970399995)",16095,0,N,08-389309
93584,84046,84046,Intersection,Cycles,0,,,0,,08/05/2008 12:00:00 AM +0000,8/5/2008,1,29876,At Intersection (intersection related),Daylight,BELMONT AVE AND E PIKE ST,0,1,Y,3,3286428,Dry,18,"MOTOR VEHICLE STRUCK PEDALCYCLIST, FRONT END AT ANGLE",08218004,9233,0,2,Injury Collision,,45,Bicycle,Matched,0,1,Clear or Partly Cloudy,0,"(47.61409446600004, -122.32445798499998)",31166,0,N,08-289146
93632,84698,84698,Intersection,Cycles,0,,,0,,09/19/2008 12:00:00 AM +0000,9/19/2008 3:45:00 PM,1,24485,At Intersection (intersection related),Daylight,15TH AVE NE AND NE 68TH N ST,0,1,Y,2,3276780,Dry,18,"MOTOR VEHICLE STRUCK PEDALCYCLIST, FRONT END AT ANGLE",08263002,2051,0,2,Injury Collision,,45,Bicycle,Matched,0,1,Overcast,0,"(47.678040560000056, -122.31197604899995)",29109,0,N,08-352596
93637,85094,85094,Intersection,Cycles,0,,,0,,10/24/2008 12:00:00 AM +0000,10/24/2008 10:50:00 AM,1,25940,At Intersection (intersection related),Daylight,25TH AVE NE AND NE 54TH ST,0,1,Y,2,2798020,Dry,18,"MOTOR VEHICLE STRUCK PEDALCYCLIST, FRONT END AT ANGLE",08298004,3724,1,2b,Serious Injury Collision,,45,Bicycle,Matched,0,1,Clear or Partly Cloudy,0,"(47.66797835300008, -122.30061611399998)",18810,0,N,08-399535
93663,84441,84441,Intersection,Cycles,0,,,0,,09/17/2008 12:00:00 AM +0000,9/17/2008 10:02:00 AM,1,30513,At Intersection (intersection related),Daylight,7TH AVE S AND S JACKSON ST,0,1,Y,2,3274426,Dry,18,"MOTOR VEHICLE STRUCK PEDALCYCLIST, FRONT END AT ANGLE",08261001,8207,1,2b,Serious Injury Collision,,45,Bicycle,Matched,0,1,Clear or Partly Cloudy,0,"(47.59918859700008, -122.32375005299997)",24453,0,N,08-349323
93664,84440,84440,Block,Cycles,318.5,,,0,,09/20/2008 12:00:00 AM +0000,9/20/2008 6:20:00 AM,1,,Mid-Block (not related to intersection),Dark - Street Lights On,SEWARD PARK AVE S BETWEEN S KENYON ST AND S BUDD CT,0,1,Y,2,3279641,Wet,23,"MOTOR VEHICLE STRUCK PEDALCYCLIST, LEFT SIDE SIDESWIPE",08264001,12808,0,2,Injury Collision,,45,Bicycle,Matched,0,1,Raining,0,"(47.53071788800003, -122.266326204)",37676,0,N,2008-353539
93700,81158,81158,Intersection,Cycles,0,,,0,,04/11/2008 12:00:00 AM +0000,4/11/2008 12:32:00 PM,1,27183,At Intersection (intersection related),Daylight,1ST AVE NE AND NE 45TH ST,0,1,,5,2795539,Dry,51,PEDALCYCLIST STRUCK MOTOR VEHICLE FRONT END AT ANGLE,08102004,1067,1,2b,Serious Injury Collision,,45,Bicycle,Matched,0,1,Clear or Partly Cloudy,0,"(47.66135978400007, -122.32826075599996)",6528,0,N,08-130145
93749,82311,82311,Intersection,Cycles,0,,,0,,04/21/2008 12:00:00 AM +0000,4/21/2008 6:38:00 PM,1,29050,At Intersection (intersection related),Daylight,BOYLSTON AVE E AND E OLIVE E WAY,0,1,Y,2,2882251,Wet,18,"MOTOR VEHICLE STRUCK PEDALCYCLIST, FRONT END AT ANGLE",08112018,9380,1,2b,Serious Injury Collision,,45,Bicycle,Matched,0,1,Raining,0,"(47.61986882600007, -122.32307185199994)",23232,0,N,2008-143070
93839,81418,81418,Intersection,Cycles,0,,,0,,07/21/2008 12:00:00 AM +0000,7/21/2008 5:55:00 PM,1,24183,At Intersection (intersection related),Daylight,8TH AVE NW AND NW 70TH ST,0,1,Y,2,2829915,Dry,18,"MOTOR VEHICLE STRUCK PEDALCYCLIST, FRONT END AT ANGLE",08203031,8397,0,2,Injury Collision,,45,Bicycle,Matched,0,1,Clear or Partly Cloudy,0,"(47.679546713000036, -122.36601705199996)",3176,0,N,2008-268533
93845,82966,82966,Block,Cycles,82,,,0,,08/01/2008 12:00:00 AM +0000,8/1/2008,1,,Mid-Block (not related to intersection),Dark - Street Lights On,BELMONT AVE E BETWEEN SUMMIT N AVE E AND BELLEVUE PL E,0,1,,1,2899279,Wet,69,PEDALCYCLIST OVERTURNED IN ROAD,08214048,9245,0,2,Injury Collision,Y,45,Bicycle,Matched,0,0,Overcast,0,"(47.626952361000065, -122.32577698099999)",36176,0,N,2008-283141
93850,83099,83099,Block,Cycles,107,,,0,,07/11/2008 12:00:00 AM +0000,7/11/2008 9:30:00 AM,1,,Mid-Block (but intersection related),Daylight,DENNY WAY BETWEEN FAIRVIEW AVE AND MINOR AVE,0,1,Y,2,2900043,Dry,18,"MOTOR VEHICLE STRUCK PEDALCYCLIST, FRONT END AT ANGLE",08193003,10019,0,2,Injury Collision,,45,Bicycle,Matched,0,1,Clear or Partly Cloudy,0,"(47.61851590800006, -122.33382329299997)",23526,0,N,2008-254188
93923,81796,81796,Intersection,Cycles,0,,,0,,11/23/2008 12:00:00 AM +0000,11/23/2008 4:59:00 PM,1,26605,At Intersection (intersection related),Dark - Street Lights On,8TH AVE NW AND NW 45TH ST,0,1,Y,2,3286833,Dry,51,PEDALCYCLIST STRUCK MOTOR VEHICLE FRONT END AT ANGLE,08328013,8374,1,2b,Serious Injury Collision,,45,Bicycle,Matched,0,1,Clear or Partly Cloudy,0,"(47.661461098000075, -122.36617373599995)",2280,0,N,08-439608
93952,81403,81403,Intersection,Cycles,0,,,0,,03/04/2008 12:00:00 AM +0000,3/4/2008,1,29851,At Intersection (intersection related),Dark - Street Lights On,BOREN AVE AND STEWART ST,0,1,,2,2826624,Dry,18,"MOTOR VEHICLE STRUCK PEDALCYCLIST, FRONT END AT ANGLE",08064007,9323,0,2,Injury Collision,,45,Bicycle,Matched,0,1,Clear or Partly Cloudy,0,"(47.61694494300008, -122.33271816499996)",13701,0,N,2008-83775
93984,81269,81269,Block,Cycles,332,,,0,,03/31/2008 12:00:00 AM +0000,3/31/2008 9:20:00 AM,0,,Mid-Block (not related to intersection),Daylight,ROOSEVELT WAY NE BETWEEN NE 47TH ST AND NE 50TH ST,0,1,,2,2829495,Dry,18,"MOTOR VEHICLE STRUCK PEDALCYCLIST, FRONT END AT ANGLE",08091010,12600,0,1,Property Damage Only Collision,,45,Bicycle,Matched,0,1,Clear or Partly Cloudy,0,"(47.66402617600005, -122.31741362599996)",9118,0,N,08-116357
94033,82296,82296,Block,Cycles,213.5,,,0,,04/09/2008 12:00:00 AM +0000,4/9/2008,0,,Mid-Block (not related to intersection),Dusk,6TH AVE BETWEEN PINE ST AND OLIVE WAY,0,1,,5,2898687,Unknown,18,"MOTOR VEHICLE STRUCK PEDALCYCLIST, FRONT END AT ANGLE",08100009,7884,0,1,Property Damage Only Collision,,45,Bicycle,Matched,0,1,Unknown,0,"(47.612633294000034, -122.33582748299995)",25420,0,N,2008-128189
94076,81666,81666,Intersection,Cycles,0,,,0,,09/28/2008 12:00:00 AM +0000,9/28/2008 1:30:00 PM,1,30482,At Intersection (intersection related),Daylight,2ND AVE AND JAMES ST,0,1,,2,3274187,Dry,18,"MOTOR VEHICLE STRUCK PEDALCYCLIST, FRONT END AT ANGLE",08272011,2749,0,2,Injury Collision,,45,Bicycle,Matched,0,1,Clear or Partly Cloudy,0,"(47.60230560100007, -122.33251943999994)",12032,0,N,2008-364908
94150,82155,82155,Intersection,Cycles,0, ,,0,,10/21/2008 12:00:00 AM +0000,10/21/2008 9:20:00 AM,1,27109,At Intersection (intersection related),Daylight,BROOKLYN AVE NE AND NE 40TH ST,0,1,,2,2896986,Dry,18,"MOTOR VEHICLE STRUCK PEDALCYCLIST, FRONT END AT ANGLE",08295006,9476,0,2,Injury Collision,,45,Bicycle,Matched,0,1,Clear or Partly Cloudy,0,"(47.655367643000034, -122.31444113299995)",0,631432,N,2008-395363
94173,82284,82284,Intersection,Cycles,0, ,,0,,01/04/2008 12:00:00 AM +0000,1/4/2008,1,27167,At Intersection (intersection related),Dark - Street Lights On,UNIVERSITY WAY NE AND NE PACIFIC ST,0,1,Y,2,2830021,Wet,18,"MOTOR VEHICLE STRUCK PEDALCYCLIST, FRONT END AT ANGLE",08004004,13215,0,2,Injury Collision,,45,Bicycle,Matched,0,1,Raining,0,"(47.65339944100003, -122.31333457599999)",0,522415,N,2008-004101
94174,82159,82159,Intersection,Cycles,0, ,,0,,10/18/2008 12:00:00 AM +0000,10/18/2008 8:12:00 PM,1,25949,At Intersection (intersection related),Dark - Street Lights On,25TH AVE NE AND NE BLAKELEY ST,0,1,,3,3287051,Dry,18,"MOTOR VEHICLE STRUCK PEDALCYCLIST, FRONT END AT ANGLE",08292006,3723,0,2,Injury Collision,,45,Bicycle,Matched,0,1,Clear or Partly Cloudy,0,"(47.66626671800003, -122.30060497999995)",0,524372,N,2008-392391
94249,82946,82946,Intersection,Cycles,0, ,,0,,08/30/2008 12:00:00 AM +0000,8/30/2008 11:50:00 AM,1,25949,At Intersection (intersection related),Daylight,25TH AVE NE AND NE BLAKELEY ST,0,1,,2,3277984,Dry,18,"MOTOR VEHICLE STRUCK PEDALCYCLIST, FRONT END AT ANGLE",08243028,3723,0,2,Injury Collision,,45,Bicycle,Matched,0,1,Clear or Partly Cloudy,0,"(47.66626671800003, -122.30060497999995)",0,521604,N,08-324105
94294,82416,82416,Block,Cycles,137,,,0,Y,04/14/2008 12:00:00 AM +0000,4/14/2008 10:00:00 AM,0,,Mid-Block (not related to intersection),Daylight,NE RAVENNA EB BV BETWEEN NE 63RD ST AND NE RAVENNA BV OFF RP,0,1,,3,2894797,Dry,55,PEDALCYCLIST STRUCK MOTOR VEHICLE RIGHT SIDE SIDESWIPE,08105004,18064,0,1,Property Damage Only Collision,,45,Bicycle,Matched,0,1,Overcast,0,"(47.67368309400007, -122.32035482999999)",15745,0,N,2008-133911
94426,81761,81761,Block,Cycles,222,,,0,,09/10/2008 12:00:00 AM +0000,9/10/2008 8:00:00 AM,1,,Mid-Block (not related to intersection),Daylight,12TH AVE BETWEEN E MADISON ST AND E PIKE ST,0,1,,3,3277336,Dry,56,PEDALCYCLIST STRUCK MOTOR VEHICLE LEFT SIDE SIDESWIPE,08254006,1536,0,2,Injury Collision,,45,Bicycle,Matched,0,1,Clear or Partly Cloudy,0,"(47.613495138000076, -122.31678450399994)",10789,0,N,08-339120
94439,82272,82272,Intersection,Cycles,0,,,0,,11/30/2008 12:00:00 AM +0000,11/30/2008 2:37:00 PM,1,24205,At Intersection (intersection related),Daylight,8TH AVE NW AND NW 67TH ST,0,1,Y,2,2623995,Wet,51,PEDALCYCLIST STRUCK MOTOR VEHICLE FRONT END AT ANGLE,08335004,8396,0,2,Injury Collision,,45,Bicycle,Matched,0,1,Overcast,0,"(47.67777043500007, -122.36602025599996)",2504,0,N,08-447684
94481,81237,81237,Block,Cycles,356, ,,0,,05/18/2008 12:00:00 AM +0000,5/18/2008 5:27:00 PM,1,,Mid-Block (not related to intersection),Daylight,LAKE CITY WAY NE BETWEEN NE 125TH ST AND NE 127TH ST,0,1,Y,3,2893010,Dry,18,"MOTOR VEHICLE STRUCK PEDALCYCLIST, FRONT END AT ANGLE",08139005,11183,0,2,Injury Collision,,45,Bicycle,Matched,0,1,Overcast,0,"(47.720183803000054, -122.29469766299997)",0,523060,N,2008 179118
94496,81374,81374,Intersection,Cycles,0, ,,0,,10/24/2008 12:00:00 AM +0000,10/24/2008 5:30:00 PM,0,25789,At Intersection (intersection related),Daylight,ROOSEVELT WAY NE AND NE 50TH ST,0,1,Y,2,3277991,Dry,18,"MOTOR VEHICLE STRUCK PEDALCYCLIST, FRONT END AT ANGLE",08298010,12601,0,1,Property Damage Only Collision,,45,Bicycle,Matched,0,1,Clear or Partly Cloudy,0,"(47.664937344000066, -122.31740379099995)",0,523566,N,08-400700
94499,81371,81371,Intersection,Cycles,0,,,0,,05/02/2008 12:00:00 AM +0000,5/2/2008,1,29821,At Intersection (intersection related),Daylight,12TH AVE AND E TERRACE ST,0,1,Y,3,2882324,Dry,18,"MOTOR VEHICLE STRUCK PEDALCYCLIST, FRONT END AT ANGLE",08123012,1527,0,2,Injury Collision,,45,Bicycle,Matched,0,1,Clear or Partly Cloudy,0,"(47.60519641900004, -122.31678089299999)",10597,0,N,2008-157488
94571,81365,81365,Intersection,Cycles,0,,,0,,04/25/2008 12:00:00 AM +0000,4/25/2008 9:50:00 PM,1,25602,At Intersection (intersection related),Other,PHINNEY AVE N AND N 62ND ST,0,1,Y,2,2803142,Dry,51,PEDALCYCLIST STRUCK MOTOR VEHICLE FRONT END AT ANGLE,08116037,12157,0,2,Injury Collision,,45,Bicycle,Matched,0,1,Clear or Partly Cloudy,0,"(47.67386526700005, -122.35436969299997)",3862,0,N,08-148601