OBJECTID,INCKEY,COLDETKEY,ADDRTYPE,COLLISIONTYPE,DISTANCE,EXCEPTRSNCODE,EXCEPTRSNDESC,FATALITIES,INATTENTIONIND,INCDATE,INCDTTM,INJURIES,INTKEY,JUNCTIONTYPE,LIGHTCOND,LOCATION,PEDCOUNT,PEDCYLCOUNT,PEDROWNOTGRNT,PERSONCOUNT,REPORTNO,ROADCOND,SDOT_COLCODE,SDOT_COLDESC,SDOTCOLNUM,SEGKEY,SERIOUSINJURIES,SEVERITYCODE,SEVERITYDESC,SPEEDING,ST_COLCODE,ST_COLDESC,STATUS,UNDERINFL,VEHCOUNT,WEATHER,WIDTH,Shape,SEGLANEKEY,CROSSWALKKEY,HITPARKEDCAR,SPDCASENO
94719,81359,81359,Intersection,Cycles,0,,,0,,05/16/2008 12:00:00 AM +0000,5/16/2008 12:50:00 PM,1,30430,At Intersection (intersection related),Daylight,12TH AVE S AND S KING ST,0,1,Y,2,2882553,Dry,18,"MOTOR VEHICLE STRUCK PEDALCYCLIST, FRONT END AT ANGLE",08137009,1655,0,2,Injury Collision,,45,Bicycle,Matched,0,1,Clear or Partly Cloudy,0,"(47.59833759300005, -122.317227979)",16232,0,N,2008-175603
94762,83044,83044,Intersection,Cycles,0,,,0,,09/08/2008 12:00:00 AM +0000,9/8/2008,1,25177,At Intersection (intersection related),Daylight,SHILSHOLE AVE NW AND NW DOCK PL,0,1,Y,2,3277819,Dry,18,"MOTOR VEHICLE STRUCK PEDALCYCLIST, FRONT END AT ANGLE",08252005,12829,0,2,Injury Collision,,45,Bicycle,Matched,0,1,Clear or Partly Cloudy,0,"(47.66397025500004, -122.381794362)",17205,0,N,08-336945
94772,82910,82910,Block,Cycles,410.5,,,0,,09/15/2008 12:00:00 AM +0000,9/15/2008 6:00:00 PM,0,,Mid-Block (not related to intersection),Daylight,NW 58TH ST BETWEEN 17TH AVE NW AND 20TH AVE NW,0,1,Y,3,3274261,Dry,21,"MOTOR VEHICLE STRUCK PEDALCYCLIST, REAR END",08259008,18497,0,1,Property Damage Only Collision,,45,Bicycle,Matched,0,1,Clear or Partly Cloudy,0,"(47.67090640600003, -122.38054607599997)",0,0,N,2008-347723
94781,82775,82775,Intersection,Cycles,0,,,0,,12/01/2008 12:00:00 AM +0000,12/1/2008,1,30511,At Intersection (intersection related),Daylight,6TH AVE S AND S JACKSON ST,0,1,Y,2,3274510,Dry,18,"MOTOR VEHICLE STRUCK PEDALCYCLIST, FRONT END AT ANGLE",08336005,7983,0,2,Injury Collision,,45,Bicycle,Matched,0,1,Overcast,0,"(47.599192756000036, -122.326360524)",24416,0,N,2008-448870
94809,82380,82380,Intersection,Cycles,0,,,0,Y,11/27/2008 12:00:00 AM +0000,11/27/2008 12:40:00 PM,1,31949,At Intersection (intersection related),Daylight,49TH AVE SW AND SW SPOKANE ST,0,1,,3,2798647,Dry,51,PEDALCYCLIST STRUCK MOTOR VEHICLE FRONT END AT ANGLE,08332016,7203,0,2,Injury Collision,,45,Bicycle,Matched,0,1,Clear or Partly Cloudy,0,"(47.57209456500004, -122.39474694499995)",0,0,N,08-444310
94832,81079,81079,Intersection,Cycles,0,,,0,,09/18/2008 12:00:00 AM +0000,9/18/2008 8:08:00 AM,1,34625,At Intersection (intersection related),Daylight,SEWARD PARK AVE S AND S BRIGHTON ST,0,1,,2,2794173,Dry,51,PEDALCYCLIST STRUCK MOTOR VEHICLE FRONT END AT ANGLE,08262003,12801,0,2,Injury Collision,,45,Bicycle,Matched,0,1,Clear or Partly Cloudy,0,"(47.541577446000076, -122.26505531199996)",0,0,N,08-350606
94904,82767,82767,Intersection,Cycles,0,,,0,,09/10/2008 12:00:00 AM +0000,9/10/2008 1:07:00 PM,1,24286,At Intersection (intersection related),Daylight,AURORA AVE N AND N 80TH ST,0,1,Y,2,3283761,Dry,51,PEDALCYCLIST STRUCK MOTOR VEHICLE FRONT END AT ANGLE,08254007,8958,0,2,Injury Collision,,45,Bicycle,Matched,0,1,Clear or Partly Cloudy,0,"(47.68694220500004, -122.34450322999999)",27296,0,N,08-339509
94907,82764,82764,Intersection,Cycles,0,,,0,,08/07/2008 12:00:00 AM +0000,8/7/2008,1,25159,At Intersection (intersection related),Daylight,17TH AVE NW AND BARNES AVE NW,0,1,Y,2,3284280,Dry,18,"MOTOR VEHICLE STRUCK PEDALCYCLIST, FRONT END AT ANGLE",08220003,2438,1,2b,Serious Injury Collision,,45,Bicycle,Matched,0,1,Clear or Partly Cloudy,0,"(47.66742847100005, -122.37888477799999)",0,0,N,2008-292 457
95072,81462,81462,Block,Cycles,112.5,,,0,,08/16/2008 12:00:00 AM +0000,8/16/2008 5:00:00 PM,1,,Mid-Block (but intersection related),Daylight,EAST GREEN LAKE WAY N BETWEEN GREEN LAKE WAY N AND WEST GREEN LAKE WAY N,0,1,Y,2,2881008,Dry,18,"MOTOR VEHICLE STRUCK PEDALCYCLIST, FRONT END AT ANGLE",08229049,14070,0,2,Injury Collision,,45,Bicycle,Matched,0,1,Clear or Partly Cloudy,0,"(47.669090553000046, -122.33999562199995)",8784,0,N,08-306510
95118,81330,81330,Intersection,Cycles,0,,,0,,03/21/2008 12:00:00 AM +0000,3/21/2008 10:06:00 AM,1,29739,At Intersection (intersection related),Daylight,11TH AVE AND E PINE ST,0,1,Y,3,2897844,Dry,18,"MOTOR VEHICLE STRUCK PEDALCYCLIST, FRONT END AT ANGLE",08081002,1383,0,2,Injury Collision,,45,Bicycle,Matched,0,1,Clear or Partly Cloudy,0,"(47.615254391000065, -122.318159434)",10420,0,N,2008-104151
95121,82882,82882,Intersection,Cycles,0, ,,0,Y,10/20/2008 12:00:00 AM +0000,10/20/2008 7:58:00 AM,1,32116,At Intersection (intersection related),Daylight,HARBOR AVE SW AND SW SPOKANE NR ST,0,1,,2,2895617,Wet,18,"MOTOR VEHICLE STRUCK PEDALCYCLIST, FRONT END AT ANGLE",08294004,10822,0,2,Injury Collision,,45,Bicycle,Matched,0,1,Raining,0,"(47.571788585000036, -122.37065501499995)",0,524810,N,2008-393979
95131,83022,83022,Block,Cycles,158,,,0,,07/30/2008 12:00:00 AM +0000,7/30/2008 8:06:00 AM,1,,Mid-Block (not related to intersection),Daylight,DEXTER AVE N BETWEEN HIGHLAND DR AND COMSTOCK ST,0,1,Y,4,2899634,Dry,18,"MOTOR VEHICLE STRUCK PEDALCYCLIST, FRONT END AT ANGLE",08212035,10081,0,2,Injury Collision,,45,Bicycle,Matched,0,1,Clear or Partly Cloudy,0,"(47.63015164300003, -122.34229977599995)",12797,0,N,2008-280506
95157,81060,81060,Intersection,Cycles,0,,,0,,10/24/2008 12:00:00 AM +0000,10/24/2008 11:28:00 AM,1,29862,At Intersection (intersection related),Daylight,BELLEVUE AVE AND E PINE ST,0,1,Y,3,2899567,Dry,51,PEDALCYCLIST STRUCK MOTOR VEHICLE FRONT END AT ANGLE,08298005,9213,0,2,Injury Collision,,45,Bicycle,Matched,0,1,Clear or Partly Cloudy,0,"(47.61521815300006, -122.32680418799998)",10342,0,N,08-399581
95249,81189,81189,Intersection,Cycles,0,,,0,Y,09/03/2008 12:00:00 AM +0000,9/3/2008,1,24297,At Intersection (intersection related),Daylight,AURORA AVE N AND N 77TH ST,0,1,,2,3284051,Dry,18,"MOTOR VEHICLE STRUCK PEDALCYCLIST, FRONT END AT ANGLE",08247014,8955,0,2,Injury Collision,,45,Bicycle,Matched,0,1,Clear or Partly Cloudy,0,"(47.684767703000034, -122.34449200399996)",0,0,N,2008-329182
95259,81453,81453,Intersection,Cycles,0,,,0,,01/02/2008 12:00:00 AM +0000,1/2/2008,1,29750,At Intersection (intersection related),Dark - Street Lights On,14TH AVE AND E PIKE ST,0,1,Y,3,2906552,Dry,18,"MOTOR VEHICLE STRUCK PEDALCYCLIST, FRONT END AT ANGLE",08002003,1852,0,2,Injury Collision,,45,Bicycle,Matched,0,1,Clear or Partly Cloudy,0,"(47.61412214900008, -122.31422402899994)",11896,0,N,Aug-33
95276,82610,82610,Block,Cycles,727.5,,,0,,06/27/2008 12:00:00 AM +0000,6/27/2008 8:40:00 PM,1,,Mid-Block (not related to intersection),Daylight,WESTLAKE AVE N BETWEEN NEWELL ST AND NICKERSON ST,0,1,,2,2805294,Dry,23,"MOTOR VEHICLE STRUCK PEDALCYCLIST, LEFT SIDE SIDESWIPE",08179005,13548,0,2,Injury Collision,,45,Bicycle,Matched,0,1,Clear or Partly Cloudy,0,"(47.64502969000006, -122.34730070499995)",20053,0,N,08-233970
95330,82082,82082,Block,Cycles,177,,,0,,05/14/2008 12:00:00 AM +0000,5/14/2008 6:09:00 PM,0,,Mid-Block (not related to intersection),Daylight,N 36TH ST BETWEEN FREMONT PL N AND FREMONT AVE N,0,1,,2,2617892,Dry,54,PEDALCYCLIST STRUCK MOTOR VEHICLE REAR END,08135005,15321,0,1,Property Damage Only Collision,Y,45,Bicycle,Matched,0,1,Clear or Partly Cloudy,0,"(47.651438848000055, -122.35064280899996)",0,0,N,08 173340
95335,82080,82080,Block,Cycles,1775.559560250000004,,,0,,07/16/2008 12:00:00 AM +0000,7/16/2008 5:10:00 PM,1,,Driveway Junction,Daylight,ALKI TRL BETWEEN HARBOR AVE SW AND SW FLORIDA ST,0,1,,2,C707628,Dry,51,PEDALCYCLIST STRUCK MOTOR VEHICLE FRONT END AT ANGLE,08198049,287002,0,2,Injury Collision,,45,Bicycle,Matched,0,1,Clear or Partly Cloudy,0,"(47.57666936900006, -122.37125076899997)",4286,0,N,
95368,81584,81584,Intersection,Cycles,0, ,,0,,10/22/2008 12:00:00 AM +0000,10/22/2008 1:54:00 PM,0,30444,At Intersection (intersection related),Daylight,DEARBORN OFF RP AND S DEARBORN ST,0,1,Y,2,2899214,Dry,18,"MOTOR VEHICLE STRUCK PEDALCYCLIST, FRONT END AT ANGLE",08296004,19831,0,1,Property Damage Only Collision,,45,Bicycle,Matched,0,1,Clear or Partly Cloudy,0,"(47.595831547000046, -122.321370995)",0,525652,N,2008-396945
95399,83001,83001,Intersection,Cycles,0, ,,0,,03/23/2008 12:00:00 AM +0000,3/23/2008 8:10:00 AM,1,29592,At Intersection (intersection related),Daylight,2ND AVE AND PIKE ST,0,1,,2,2908430,Wet,18,"MOTOR VEHICLE STRUCK PEDALCYCLIST, FRONT END AT ANGLE",08083027,2758,0,2,Injury Collision,,45,Bicycle,Matched,0,1,Raining,0,"(47.60928514300008, -122.33890369399995)",0,523691,N,08-106728
95427,81184,81184,Intersection,Cycles,0, ,,0,,02/28/2008 12:00:00 AM +0000,2/28/2008 7:09:00 AM,1,28993,At Intersection (intersection related),Daylight,BROADWAY E AND E ROY E ST,0,1,Y,2,2616168,Dry,18,"MOTOR VEHICLE STRUCK PEDALCYCLIST, FRONT END AT ANGLE",08059011,14748,0,2,Injury Collision,,45,Bicycle,Matched,0,1,Clear or Partly Cloudy,0,"(47.62504920300006, -122.32089298799997)",0,522274,N,08-076449
95453,82343,82343,Block,Cycles,135.5,,,0,,03/06/2008 12:00:00 AM +0000,3/6/2008,1,,Driveway Junction,Dark - Street Lights On,S GENESEE ST BETWEEN 37TH AVE S AND 38TH AVE S,0,1,Y,2,2892007,Dry,18,"MOTOR VEHICLE STRUCK PEDALCYCLIST, FRONT END AT ANGLE",08066001,20096,0,2,Injury Collision,,45,Bicycle,Matched,0,1,Overcast,0,"(47.564117011000064, -122.28550948899999)",0,0,N,08-086040
95481,82071,82071,Intersection,Cycles,0,,,0,,03/26/2008 12:00:00 AM +0000,3/26/2008 11:15:00 AM,1,29665,At Intersection (intersection related),Daylight,1ST AVE AND BROAD ST,0,1,,2,2908306,Dry,18,"MOTOR VEHICLE STRUCK PEDALCYCLIST, FRONT END AT ANGLE",08086005,1021,0,2,Injury Collision,,45,Bicycle,Matched,0,1,Clear or Partly Cloudy,0,"(47.61691833900005, -122.35250653999998)",13269,0,N,2008-110278
95520,81172,81172,Block,Cycles,252,,,0,,09/10/2008 12:00:00 AM +0000,9/10/2008 5:00:00 PM,1,,Mid-Block (not related to intersection),Daylight,FREMONT AVE N BETWEEN N 36TH ST AND N 38TH ST,0,1,,2,C711074,Dry,56,PEDALCYCLIST STRUCK MOTOR VEHICLE LEFT SIDE SIDESWIPE,08254038,10487,0,2,Injury Collision,,45,Bicycle,Matched,0,1,Clear or Partly Cloudy,0,"(47.652037807000056, -122.34992726899998)",8358,0,N,
95525,81169,81169,Block,Cycles,727.5,,,0,Y,05/22/2008 12:00:00 AM +0000,5/22/2008 8:30:00 AM,1,,Driveway Junction,Daylight,WESTLAKE AVE N BETWEEN NEWELL ST AND NICKERSON ST,0,1,Y,2,2804999,Wet,18,"MOTOR VEHICLE STRUCK PEDALCYCLIST, FRONT END AT ANGLE",08143038,13548,0,2,Injury Collision,,45,Bicycle,Matched,0,1,Raining,0,"(47.64502969000006, -122.34730070499995)",0,0,N,08-83725
95541,82595,82595,Intersection,Cycles,0,,,0,,07/15/2008 12:00:00 AM +0000,7/15/2008 7:49:00 AM,1,25716,At Intersection (intersection related),Daylight,ROOSEVELT WAY NE AND NE 62ND ST,0,1,Y,2,3277290,Dry,69,PEDALCYCLIST OVERTURNED IN ROAD,08197004,12612,0,2,Injury Collision,,45,Bicycle,Matched,0,1,Clear or Partly Cloudy,0,"(47.67333477600005, -122.31736337499996)",9202,0,N,2008-259461
95543,82594,82594,Intersection,Cycles,0,,,0,,07/16/2008 12:00:00 AM +0000,7/16/2008 9:34:00 AM,1,27153,At Intersection (intersection related),Daylight,EASTLAKE AVE E AND FUHRMAN AVE E,0,1,Y,2,2616707,Dry,51,PEDALCYCLIST STRUCK MOTOR VEHICLE FRONT END AT ANGLE,08198005,10579,0,2,Injury Collision,,45,Bicycle,Matched,0,1,Clear or Partly Cloudy,0,"(47.65157827200005, -122.32127525699997)",6078,0,N,08-260967
95724,82455,82455,Block,Cycles,213,,,0,,11/21/2008 12:00:00 AM +0000,11/21/2008 6:15:00 PM,1,,Driveway Junction,Dark - Street Lights On,2ND AVE BETWEEN UNION ST AND PIKE ST,0,1,Y,2,3289079,Wet,18,"MOTOR VEHICLE STRUCK PEDALCYCLIST, FRONT END AT ANGLE",08326003,2757,0,2,Injury Collision,,45,Bicycle,Matched,0,1,Raining,0,"(47.60878749200003, -122.33844845799996)",12168,0,N,08-437283
95782,80480,80480,Block,Cycles,217.5,,,0,,01/31/2008 12:00:00 AM +0000,1/31/2008 9:15:00 AM,2,,Mid-Block (but intersection related),Daylight,EAST MARGINAL WAY S BETWEEN S HANFORD ST AND S HORTON ST,0,2,,3,2907604,Dry,21,"MOTOR VEHICLE STRUCK PEDALCYCLIST, REAR END",08031005,14385,2,2b,Serious Injury Collision,,45,Bicycle,Matched,0,1,Raining,0,"(47.574985420000075, -122.33996660699995)",4678,0,N,2008-0401S2
95828,80740,80740,Intersection,Cycles,0,,,0,,05/04/2008 12:00:00 AM +0000,5/4/2008,1,29861,At Intersection (intersection related),Daylight,CRAWFORD PL AND E PINE ST,0,1,Y,2,2882505,Dry,51,PEDALCYCLIST STRUCK MOTOR VEHICLE FRONT END AT ANGLE,08125021,9853,0,2,Injury Collision,,45,Bicycle,Matched,0,1,Clear or Partly Cloudy,0,"(47.61521476100006, -122.32618642899996)",10348,0,N,2008-160096
95860,80335,80335,Intersection,Cycles,0, ,,0,,10/13/2008 12:00:00 AM +0000,10/13/2008 10:37:00 PM,1,31299,At Intersection (intersection related),Dark - Street Lights On,AIRPORT WAY S AND S LANDER N ST,0,1,Y,2,2908712,Wet,18,"MOTOR VEHICLE STRUCK PEDALCYCLIST, FRONT END AT ANGLE",08287020,8668,0,2,Injury Collision,,45,Bicycle,Matched,0,1,Raining,0,"(47.57980781200007, -122.32139775599995)",0,524934,N,2008-385755
95869,80203,80203,Block,Cycles,213,,,0,Y,03/17/2008 12:00:00 AM +0000,3/17/2008 8:35:00 AM,1,,Mid-Block (but intersection related),Daylight,2ND AVE BETWEEN UNIVERSITY ST AND UNION ST,0,1,Y,3,2908029,Dry,18,"MOTOR VEHICLE STRUCK PEDALCYCLIST, FRONT END AT ANGLE",08077003,2756,0,2,Injury Collision,,45,Bicycle,Matched,0,1,Overcast,0,"(47.60779445000003, -122.33754000999994)",12162,0,N,08-099105
95893,80867,80867,Intersection,Cycles,0,,,0,,03/06/2008 12:00:00 AM +0000,3/6/2008,1,26965,At Intersection (intersection related),Daylight,FREMONT AVE N AND N 42ND ST,0,1,Y,2,2881084,Dry,51,PEDALCYCLIST STRUCK MOTOR VEHICLE FRONT END AT ANGLE,08066034,10492,0,2,Injury Collision,,45,Bicycle,Matched,0,1,Clear or Partly Cloudy,0,"(47.657738195000036, -122.34998173999998)",8396,0,N,08-85840
95924,80201,80201,Block,Cycles,213,,,0,,06/27/2008 12:00:00 AM +0000,6/27/2008 4:21:00 PM,1,,Mid-Block (not related to intersection),Daylight,3RD AVE BETWEEN PIKE ST AND PINE ST,1,1,,2,2900226,Dry,64,PEDALCYCLIST STRUCK PEDESTRIAN,08179004,4384,0,2,Injury Collision,,45,Bicycle,Matched,1,0,Clear or Partly Cloudy,0,"(47.61024513900003, -122.33824624299996)",35770,0,N,2008-233647
96011,80982,80982,Block,Cycles,117.5,,,0,,11/06/2008 12:00:00 AM +0000,11/6/2008,1,,Mid-Block (not related to intersection),Daylight,NE 45TH ST BETWEEN 7TH AVE NE AND 8TH W AVE NE,0,1,Y,2,2802351,Wet,23,"MOTOR VEHICLE STRUCK PEDALCYCLIST, LEFT SIDE SIDESWIPE",08311017,16844,0,2,Injury Collision,,45,Bicycle,Matched,0,1,Raining,0,"(47.66131589200006, -122.32025238999995)",7040,0,N,08-416990
96067,80178,80178,Block,Cycles,542.5,,,0,,05/17/2008 12:00:00 AM +0000,5/17/2008 11:20:00 AM,1,,Driveway Junction,Daylight,RAINIER AVE S BETWEEN S BAYVIEW ST AND S MCCLELLAN ST,0,1,,2,2892283,Unknown,18,"MOTOR VEHICLE STRUCK PEDALCYCLIST, FRONT END AT ANGLE",08138038,12364,0,2,Injury Collision,,45,Bicycle,Matched,0,1,Unknown,0,"(47.57967346300006, -122.29915965999999)",0,0,N,2008-179959
96098,80704,80704,Block,Cycles,161,,,0,,05/18/2008 12:00:00 AM +0000,5/18/2008 12:52:00 PM,0,,Mid-Block (not related to intersection),Daylight,S DEARBORN ST BETWEEN 6TH AVE S AND MAYNARD AVE S,0,1,,2,2908162,Dry,18,"MOTOR VEHICLE STRUCK PEDALCYCLIST, FRONT END AT ANGLE",08139004,19827,0,1,Property Damage Only Collision,,45,Bicycle,Matched,0,1,Clear or Partly Cloudy,0,"(47.59583631300006, -122.32572314499998)",5805,0,N,2008-178786
96185,80430,80430,Block,Cycles,65, ,,0,,11/26/2008 12:00:00 AM +0000,11/26/2008 9:45:00 AM,1,,Mid-Block (not related to intersection),Daylight,M L KING JR ER WAY S BETWEEN S HANFORD N ST AND S HANFORD S ST,0,1,,2,3289542,Dry,18,"MOTOR VEHICLE STRUCK PEDALCYCLIST, FRONT END AT ANGLE",08331036,352479,0,2,Injury Collision,,45,Bicycle,Matched,0,1,Clear or Partly Cloudy,0,"(47.57474862600003, -122.29668527299998)",0,525542,N,2008-442946
96197,80035,80035,Intersection,Cycles,0, ,,0,,05/14/2008 12:00:00 AM +0000,5/14/2008 4:40:00 PM,1,36054,At Intersection (intersection related),Daylight,30TH AVE NE AND NE 130TH ST,0,1,Y,3,2904998,Dry,18,"MOTOR VEHICLE STRUCK PEDALCYCLIST, FRONT END AT ANGLE",08135006,4635,0,2,Injury Collision,,45,Bicycle,Matched,0,1,Overcast,0,"(47.72290005100007, -122.29635851799998)",0,521375,N,08 173231
96212,80957,80957,Block,Cycles,252,,,0,,02/05/2008 12:00:00 AM +0000,2/5/2008,1,,Mid-Block (not related to intersection),Daylight,FREMONT AVE N BETWEEN N 36TH ST AND N 38TH ST,0,1,,2,2894881,Wet,56,PEDALCYCLIST STRUCK MOTOR VEHICLE LEFT SIDE SIDESWIPE,08036007,10487,0,2,Injury Collision,,45,Bicycle,Matched,0,1,Overcast,0,"(47.652037807000056, -122.34992726899998)",8358,0,N,08-047222
96350,80409,80409,Intersection,Cycles,0, ,,0,,06/09/2008 12:00:00 AM +0000,6/9/2008,1,29531,At Intersection (intersection related),Daylight,5TH AVE AND BELL ST,0,1,Y,2,2900006,Dry,18,"MOTOR VEHICLE STRUCK PEDALCYCLIST, FRONT END AT ANGLE",08161001,7246,0,2,Injury Collision,,45,Bicycle,Matched,0,1,Overcast,0,"(47.616032939000036, -122.34307495299998)",0,522672,N,08-207875
96357,80406,80406,Intersection,Cycles,0, ,,0,,06/10/2008 12:00:00 AM +0000,6/10/2008 11:22:00 AM,1,24933,At Intersection (intersection related),Daylight,35TH AVE NE AND NE 75TH ST,0,1,Y,2,2905014,Wet,18,"MOTOR VEHICLE STRUCK PEDALCYCLIST, FRONT END AT ANGLE",08162005,5363,0,2,Injury Collision,,45,Bicycle,Matched,0,1,Raining,0,"(47.68304823500006, -122.29047889299994)",0,524379,N,08-209201
96389,80935,80935,Block,Cycles,316,,,0,,08/25/2008 12:00:00 AM +0000,8/25/2008 3:45:00 PM,1,,Driveway Junction,Daylight,S JACKSON ST BETWEEN 14TH AVE S AND 16TH AVE S,0,1,Y,3,2899085,Wet,18,"MOTOR VEHICLE STRUCK PEDALCYCLIST, FRONT END AT ANGLE",08238007,20495,0,2,Injury Collision,,45,Bicycle,Matched,0,1,Raining,0,"(47.599217493000026, -122.31285936399996)",11014,0,N,2008-317306
96428,80399,80399,Block,Cycles,252,,,0,,09/11/2008 12:00:00 AM +0000,9/11/2008 9:15:00 AM,2,,Mid-Block (not related to intersection),Daylight,FREMONT AVE N BETWEEN N 36TH ST AND N 38TH ST,0,2,,3,3276779,Dry,56,PEDALCYCLIST STRUCK MOTOR VEHICLE LEFT SIDE SIDESWIPE,08255005,10487,0,2,Injury Collision,,45,Bicycle,Matched,0,1,Clear or Partly Cloudy,0,"(47.652037807000056, -122.34992726899998)",8360,0,N,08-340676
96459,79997,79997,Block,Cycles,160.5,,,0,,07/22/2008 12:00:00 AM +0000,7/22/2008 10:51:00 AM,1,,Mid-Block (not related to intersection),Daylight,S JACKSON ST BETWEEN 4TH AVE S AND 5TH AVE S,0,1,Y,2,2906846,Dry,21,"MOTOR VEHICLE STRUCK PEDALCYCLIST, REAR END",08204026,20487,0,2,Injury Collision,,45,Bicycle,Matched,0,1,Overcast,0,"(47.59919591100004, -122.32831927399997)",4875,0,N,08-269366
96488,80255,80255,Intersection,Cycles,0,,,0,,07/10/2008 12:00:00 AM +0000,7/10/2008 7:00:00 AM,1,25220,At Intersection (intersection related),Daylight,26TH AVE NW AND NW 56TH ST,0,1,,2,3286501,Dry,18,"MOTOR VEHICLE STRUCK PEDALCYCLIST, FRONT END AT ANGLE",08192006,3888,1,2b,Serious Injury Collision,,45,Bicycle,Matched,0,1,Clear or Partly Cloudy,0,"(47.66946007300004, -122.39014455699999)",0,0,N,08 252378
96496,80522,80522,Intersection,Cycles,0,,,0,,01/19/2008 12:00:00 AM +0000,1/19/2008 4:40:00 PM,1,29860,At Intersection (intersection related),Daylight,SUMMIT AVE AND E PINE ST,0,1,,2,C698846,Wet,51,PEDALCYCLIST STRUCK MOTOR VEHICLE FRONT END AT ANGLE,08019044,12987,0,2,Injury Collision,,45,Bicycle,Matched,0,1,Raining,0,"(47.615218748000075, -122.325528841)",10354,0,N,
96528,79987,79987,Block,Cycles,160.5,,,0,,05/30/2008 12:00:00 AM +0000,5/30/2008 2:44:00 PM,1,,Mid-Block (not related to intersection),Daylight,MADISON ST BETWEEN SUMMIT AVE AND BOYLSTON AVE,0,1,,2,2882646,Dry,56,PEDALCYCLIST STRUCK MOTOR VEHICLE LEFT SIDE SIDESWIPE,08151003,11594,0,2,Injury Collision,,45,Bicycle,Matched,0,1,Clear or Partly Cloudy,0,"(47.61049781300005, -122.32236556799995)",22834,0,N,2008-194956
96620,80774,80774,Block,Cycles,198,,,0,,06/30/2008 12:00:00 AM +0000,6/30/2008 7:30:00 AM,1,,Driveway Junction,Daylight,BEACH DR SW BETWEEN 64TH AVE SW AND 63RD AVE SW,0,1,Y,2,2896804,Dry,18,"MOTOR VEHICLE STRUCK PEDALCYCLIST, FRONT END AT ANGLE",08182005,9090,0,2,Injury Collision,,45,Bicycle,Matched,0,1,Clear or Partly Cloudy,0,"(47.57280328500008, -122.41407181499994)",3987,0,N,2008-237464
96641,80103,80103,Intersection,Cycles,0,,,0,,11/20/2008 12:00:00 AM +0000,11/20/2008 4:31:00 PM,1,30147,At Intersection (intersection related),Dark - Street Lights On,21ST AVE AND E UNION ST,0,1,Y,2,3287376,Wet,51,PEDALCYCLIST STRUCK MOTOR VEHICLE FRONT END AT ANGLE,08325003,3106,0,2,Injury Collision,,45,Bicycle,Matched,0,1,Overcast,0,"(47.61292129000003, -122.30494951099996)",9353,0,N,08-435814
96661,81031,81031,Intersection,Cycles,0,,,0,,10/22/2008 12:00:00 AM +0000,10/22/2008 5:56:00 AM,1,30732,At Intersection (intersection related),Dark - Street Lights On,22ND AVE AND E YESLER WAY,0,1,Y,2,2804011,Dry,18,"MOTOR VEHICLE STRUCK PEDALCYCLIST, FRONT END AT ANGLE",08296002,3220,0,2,Injury Collision,,45,Bicycle,Matched,0,1,Overcast,0,"(47.60166927600005, -122.30373893499996)",10048,0,N,08-396510
96666,81027,81027,Intersection,Cycles,0,,,0,,05/05/2008 12:00:00 AM +0000,5/5/2008,0,24426,At Intersection (intersection related),Dusk,15TH AVE NE AND NE 75TH ST,0,1,Y,2,2905226,Dry,18,"MOTOR VEHICLE STRUCK PEDALCYCLIST, FRONT END AT ANGLE",08126002,2055,0,1,Property Damage Only Collision,,45,Bicycle,Matched,0,1,Clear or Partly Cloudy,0,"(47.683045873000026, -122.31207927199995)",27762,0,N,2008-161603
96689,80369,80369,Intersection,Cycles,0,,,0,,08/07/2008 12:00:00 AM +0000,8/7/2008,1,32555,At Intersection (intersection related),Dark - No Street Lights,43RD AVE S AND LAKE WASHINGTON BLVD S,0,1,,2,3279759,Dry,51,PEDALCYCLIST STRUCK MOTOR VEHICLE FRONT END AT ANGLE,08220006,6662,0,2,Injury Collision,,45,Bicycle,Matched,0,1,Clear or Partly Cloudy,0,"(47.57013548000003, -122.27955244099996)",38085,0,N,2008-293164
96737,80887,80887,Block,Cycles,142,,,0,,05/26/2008 12:00:00 AM +0000,5/26/2008 5:30:00 PM,1,,Mid-Block (not related to intersection),Daylight,ALKI AVE SW BETWEEN MARINE AVE SW AND 59TH AVE SW,0,1,Y,2,2825337,Dry,51,PEDALCYCLIST STRUCK MOTOR VEHICLE FRONT END AT ANGLE,08147005,8795,0,2,Injury Collision,,45,Bicycle,Matched,0,1,Clear or Partly Cloudy,0,"(47.58027042700007, -122.407522342)",3634,0,N,08-190529
96783,79658,79658,Block,Cycles,203.5,,,0,,06/16/2008 12:00:00 AM +0000,6/16/2008 6:40:00 PM,1,,Mid-Block (not related to intersection),Daylight,25TH AVE NE BETWEEN NE 80TH ST AND RAVENNA S AVE NE,0,1,,3,2799360,Dry,56,PEDALCYCLIST STRUCK MOTOR VEHICLE LEFT SIDE SIDESWIPE,08168002,3734,0,2,Injury Collision,,45,Bicycle,Matched,0,1,Clear or Partly Cloudy,0,"(47.68717778600006, -122.30122138999997)",11215,0,N,2008-217961
96860,79763,79763,Intersection,Cycles,0,,,0,,10/01/2008 12:00:00 AM +0000,10/1/2008,1,25411,At Intersection (intersection related),Daylight,11TH AVE NW AND NW 57TH ST,0,1,,2,2798119,Dry,18,"MOTOR VEHICLE STRUCK PEDALCYCLIST, FRONT END AT ANGLE",08275026,1439,0,2,Injury Collision,,45,Bicycle,Matched,0,1,Clear or Partly Cloudy,0,"(47.67016705000003, -122.370756014)",0,0,N,08-368713