OBJECTID,INCKEY,COLDETKEY,ADDRTYPE,COLLISIONTYPE,DISTANCE,EXCEPTRSNCODE,EXCEPTRSNDESC,FATALITIES,INATTENTIONIND,INCDATE,INCDTTM,INJURIES,INTKEY,JUNCTIONTYPE,LIGHTCOND,LOCATION,PEDCOUNT,PEDCYLCOUNT,PEDROWNOTGRNT,PERSONCOUNT,REPORTNO,ROADCOND,SDOT_COLCODE,SDOT_COLDESC,SDOTCOLNUM,SEGKEY,SERIOUSINJURIES,SEVERITYCODE,SEVERITYDESC,SPEEDING,ST_COLCODE,ST_COLDESC,STATUS,UNDERINFL,VEHCOUNT,WEATHER,WIDTH,Shape,SEGLANEKEY,CROSSWALKKEY,HITPARKEDCAR,SPDCASENO
96861,79762,79762,Block,Cycles,1773.5,,,0,,10/02/2008 12:00:00 AM +0000,10/2/2008,1,,Mid-Block (not related to intersection),Daylight,E INTERLAKEN BLVD BETWEEN DELMAR DR E AND INTERLAKEN DR E,0,1,,3,2899022,Dry,23,"MOTOR VEHICLE STRUCK PEDALCYCLIST, LEFT SIDE SIDESWIPE",08276022,14202,0,2,Injury Collision,,45,Bicycle,Matched,0,1,Overcast,0,"(47.63870422800005, -122.31277085999994)",0,0,N,08-370193
96875,79898,79898,Intersection,Cycles,0,,,0,,09/08/2008 12:00:00 AM +0000,9/8/2008,0,27045,At Intersection (intersection related),Dark - No Street Lights,ETRURIA ST AND WARREN AVE N,0,1,,2,C709517,Dry,18,"MOTOR VEHICLE STRUCK PEDALCYCLIST, FRONT END AT ANGLE",08252037,10260,0,1,Property Damage Only Collision,,45,Bicycle,Matched,0,1,Clear or Partly Cloudy,0,"(47.647771428000055, -122.35449665699997)",0,0,N,
96910,79892,79892,Block,Cycles,334.5,,,0,,02/18/2008 12:00:00 AM +0000,2/18/2008 9:30:00 PM,1,,Driveway Junction,Dark - Street Lights On,9TH AVE SW BETWEEN SW TRENTON ST AND SW HENDERSON ST,0,1,,3,2625919,Dry,18,"MOTOR VEHICLE STRUCK PEDALCYCLIST, FRONT END AT ANGLE",08049006,8622,0,2,Injury Collision,,45,Bicycle,Matched,0,1,Clear or Partly Cloudy,0,"(47.52372797900006, -122.34673138799997)",0,0,N,08-064418
96936,79630,79630,Intersection,Cycles,0,,,0,,07/07/2008 12:00:00 AM +0000,7/7/2008,1,25226,At Intersection (intersection related),Daylight,28TH AVE NW AND NW MARKET ST,0,1,Y,2,2830089,Dry,18,"MOTOR VEHICLE STRUCK PEDALCYCLIST, FRONT END AT ANGLE",08189002,4136,1,2b,Serious Injury Collision,,45,Bicycle,Matched,0,1,Clear or Partly Cloudy,0,"(47.66865485000005, -122.39285829699998)",25916,0,N,2008-248652
97030,79732,79732,Intersection,Cycles,0, ,,0,,10/17/2008 12:00:00 AM +0000,10/17/2008 10:31:00 AM,1,36601,At Intersection (intersection related),Daylight,LAKE CITY WAY NE AND NE 125TH ST,0,1,Y,2,3278010,Dry,18,"MOTOR VEHICLE STRUCK PEDALCYCLIST, FRONT END AT ANGLE",08291005,11183,0,2,Injury Collision,,45,Bicycle,Matched,0,1,Clear or Partly Cloudy,0,"(47.71927875000006, -122.295233054)",0,524531,N,2008-394025
97033,79608,79608,Intersection,Cycles,0,,,0,,06/17/2008 12:00:00 AM +0000,6/17/2008 8:38:00 PM,1,24800,At Intersection (intersection related),Daylight,21ST AVE NE AND NE 65TH W ST,0,1,,2,2905431,Dry,18,"MOTOR VEHICLE STRUCK PEDALCYCLIST, FRONT END AT ANGLE",08169005,17272,0,2,Injury Collision,,45,Bicycle,Matched,0,1,Clear or Partly Cloudy,0,"(47.675777588000074, -122.30546890699998)",29720,0,N,2008-219465
97089,79463,79463,Block,Cycles,617.5,,,0,,10/30/2008 12:00:00 AM +0000,10/30/2008 5:17:00 PM,1,,Driveway Junction,Daylight,35TH AVE NE BETWEEN NE 125TH ST AND NE 130TH S ST,0,1,Y,2,2794875,Dry,18,"MOTOR VEHICLE STRUCK PEDALCYCLIST, FRONT END AT ANGLE",08304032,5396,0,2,Injury Collision,,45,Bicycle,Matched,0,1,Clear or Partly Cloudy,0,"(47.72094486000003, -122.29079801899996)",0,0,N,2008-407986
97107,79716,79716,Block,Cycles,130,,,0,,06/18/2008 12:00:00 AM +0000,6/18/2008 7:45:00 PM,1,,Mid-Block (not related to intersection),Dark - Street Lights On,WOODLAND PARK AVE N BETWEEN N 49TH ST AND N 50TH ST,0,1,,2,2905433,Dry,56,PEDALCYCLIST STRUCK MOTOR VEHICLE LEFT SIDE SIDESWIPE,08170003,13666,0,2,Injury Collision,,45,Bicycle,Matched,0,1,Clear or Partly Cloudy,0,"(47.66464629700005, -122.34452288099999)",0,0,N,2008-220778
97120,79709,79709,Intersection,Cycles,0,,,0,,10/23/2008 12:00:00 AM +0000,10/23/2008 12:00:00 PM,1,29699,At Intersection (intersection related),Daylight,BATTERY ST AND WESTERN AVE,0,1,Y,2,3288628,Dry,18,"MOTOR VEHICLE STRUCK PEDALCYCLIST, FRONT END AT ANGLE",08297028,9072,0,2,Injury Collision,,45,Bicycle,Matched,0,1,Clear or Partly Cloudy,0,"(47.613479588000075, -122.34867330799995)",13107,0,N,08-399680
97158,79691,79691,Intersection,Cycles,0,,,0,,06/30/2008 12:00:00 AM +0000,6/30/2008 3:23:00 PM,1,30988,At Intersection (intersection related),Daylight,60TH AVE SW AND SW ADMIRAL WAY,0,1,Y,2,2895867,Dry,18,"MOTOR VEHICLE STRUCK PEDALCYCLIST, FRONT END AT ANGLE",08182002,8070,1,2b,Serious Injury Collision,,45,Bicycle,Matched,0,1,Clear or Partly Cloudy,0,"(47.57588836700006, -122.40943664799994)",28783,0,N,2008-237959
97193,79560,79560,Block,Cycles,304,,,0,,05/14/2008 12:00:00 AM +0000,5/14/2008 5:30:00 PM,0,,Mid-Block (not related to intersection),Daylight,ALASKAN WAY BETWEEN VINE ST AND CLAY ST,0,1,Y,2,2905505,Dry,18,"MOTOR VEHICLE STRUCK PEDALCYCLIST, FRONT END AT ANGLE",08135004,8732,0,1,Property Damage Only Collision,,45,Bicycle,Matched,0,1,Overcast,0,"(47.61388302300003, -122.35309719799994)",20771,0,N,2008 173385
97200,79554,79554,Intersection,Cycles,0,,,0,,07/21/2008 12:00:00 AM +0000,7/21/2008 7:10:00 PM,1,23943,At Intersection (intersection related),Daylight,24TH AVE NW AND NW 65TH ST,0,1,Y,2,3277178,Dry,18,"MOTOR VEHICLE STRUCK PEDALCYCLIST, FRONT END AT ANGLE",08203001,3600,0,2,Injury Collision,,45,Bicycle,Matched,0,1,Clear or Partly Cloudy,0,"(47.675948498000025, -122.38758472899997)",2255,0,N,2008-268626
97211,79687,79687,Block,Cycles,242,,,0,,07/01/2008 12:00:00 AM +0000,7/1/2008,1,,Mid-Block (but intersection related),Daylight,DEXTER AVE N BETWEEN REPUBLICAN ST AND MERCER ST,0,1,Y,4,2826266,Dry,51,PEDALCYCLIST STRUCK MOTOR VEHICLE FRONT END AT ANGLE,08183002,10075,0,2,Injury Collision,,45,Bicycle,Matched,0,1,Clear or Partly Cloudy,0,"(47.62388537100003, -122.34235544599994)",12640,0,N,08-239618
97284,79667,79667,Block,Cycles,163,,,0,,12/11/2008 12:00:00 AM +0000,12/11/2008 1:29:00 PM,1,,Mid-Block (not related to intersection),Daylight,WESTLAKE AVE BETWEEN 6TH AVE AND VIRGINIA ST,0,1,,4,3288906,Dry,56,PEDALCYCLIST STRUCK MOTOR VEHICLE LEFT SIDE SIDESWIPE,08346013,13527,0,2,Injury Collision,,45,Bicycle,Matched,0,1,Clear or Partly Cloudy,0,"(47.61438806600006, -122.337653607)",25288,0,N,08-462136
97288,79011,79011,Intersection,Cycles,0,,,0,,09/28/2007 12:00:00 AM +0000,9/28/2007 7:00:00 AM,1,37178,At Intersection (intersection related),Daylight,6TH AVE NW AND NW 87TH ST,0,1,Y,2,2795795,Wet,51,PEDALCYCLIST STRUCK MOTOR VEHICLE FRONT END AT ANGLE,07271009,7963,0,2,Injury Collision,,45,Bicycle,Matched,0,1,Overcast,0,"(47.69206610500004, -122.36333026499995)",0,0,N,07-400274
97308,79937,79937,Intersection,Cycles,0,,,0,,04/09/2008 12:00:00 AM +0000,4/9/2008,1,29969,At Intersection (intersection related),Daylight,2ND AVE AND COLUMBIA ST,0,1,Y,2,2898683,Dry,51,PEDALCYCLIST STRUCK MOTOR VEHICLE FRONT END AT ANGLE,08100007,2751,1,2b,Serious Injury Collision,,45,Bicycle,Matched,0,1,Clear or Partly Cloudy,0,"(47.60373279300006, -122.33382457199997)",12042,0,N,08 127490
97313,79530,79530,Intersection,Cycles,0,,,0,,02/02/2008 12:00:00 AM +0000,2/2/2008,1,29164,At Intersection (intersection related),Daylight,BELLEVUE AVE AND E DENNY WAY,0,1,,2,2906221,Dry,18,"MOTOR VEHICLE STRUCK PEDALCYCLIST, FRONT END AT ANGLE",08033003,9217,0,2,Injury Collision,,45,Bicycle,Matched,0,1,Overcast,0,"(47.61849264600005, -122.32672599299997)",23311,0,N,08-043487
97344,79007,79007,Block,Cycles,218,,,0,,11/23/2007 12:00:00 AM +0000,11/23/2007 12:34:00 PM,1,,Mid-Block (but intersection related),Daylight,EASTLAKE AVE E BETWEEN HARVARD AVE E AND FUHRMAN AVE E,0,1,Y,2,2906084,Dry,69,PEDALCYCLIST OVERTURNED IN ROAD,07327004,10184,0,2,Injury Collision,,45,Bicycle,Matched,0,1,Clear or Partly Cloudy,0,"(47.65104751100006, -122.32168580199999)",6078,0,N,07-474215
97365,78991,78991,Intersection,Cycles,0, ,,0,,12/19/2007 12:00:00 AM +0000,12/19/2007 5:47:00 PM,1,28791,At Intersection (intersection related),Dark - Street Lights On,THOMAS ST AND WESTLAKE AVE N,0,1,Y,2,2898905,Wet,18,"MOTOR VEHICLE STRUCK PEDALCYCLIST, FRONT END AT ANGLE",07353039,13140,0,2,Injury Collision,,45,Bicycle,Matched,0,1,Raining,0,"(47.62087408300005, -122.33846537399995)",0,622502,N,07-507301
97531,79221,79221,Intersection,Cycles,0,,,0,,02/05/2007 12:00:00 AM +0000,2/5/2007,1,28918,At Intersection (intersection related),Daylight,MERCER ST AND WARREN AVE N,0,1,Y,2,2807396,Wet,51,PEDALCYCLIST STRUCK MOTOR VEHICLE FRONT END AT ANGLE,07036036,11763,0,2,Injury Collision,,45,Bicycle,Matched,0,1,Clear or Partly Cloudy,0,"(47.624575520000064, -122.35409847999995)",12352,0,N,07-53111
97551,78954,78954,Intersection,Cycles,0,,,0,,01/19/2007 12:00:00 AM +0000,1/19/2007 7:26:00 AM,1,30748,At Intersection (intersection related),Dawn,16TH AVE S AND S JACKSON ST,0,1,Y,2,2614977,Wet,18,"MOTOR VEHICLE STRUCK PEDALCYCLIST, FRONT END AT ANGLE",07019002,2282,0,2,Injury Collision,,45,Bicycle,Matched,0,1,Raining,0,"(47.599224596000056, -122.31157742299996)",11024,0,N,07-025702
97593,79324,79324,Block,Cycles,661,,,0,Y,08/15/2008 12:00:00 AM +0000,8/15/2008 9:16:00 PM,0,,Mid-Block (not related to intersection),Dark - Street Lights On,25TH AVE NE BETWEEN NE 60TH ST AND NE 65TH ST,0,1,Y,2,3284109,Dry,51,PEDALCYCLIST STRUCK MOTOR VEHICLE FRONT END AT ANGLE,08228026,3727,0,1,Property Damage Only Collision,,45,Bicycle,Matched,0,1,Clear or Partly Cloudy,0,"(47.67396072400004, -122.30064519199999)",18789,0,N,2008-304345
97627,79432,79432,Intersection,Cycles,0,,,0,,09/12/2008 12:00:00 AM +0000,9/12/2008 9:18:00 PM,1,29056,At Intersection (intersection related),Dark - Street Lights On,13TH AVE E AND E JOHN ST,0,1,Y,2,2899377,Dry,18,"MOTOR VEHICLE STRUCK PEDALCYCLIST, FRONT END AT ANGLE",08256004,1744,0,2,Injury Collision,,45,Bicycle,Matched,0,1,Clear or Partly Cloudy,0,"(47.61994629700007, -122.31561901799995)",35234,0,N,08-342989
97634,79316,79316,Intersection,Cycles,0,,,0,,01/19/2008 12:00:00 AM +0000,1/19/2008 6:20:00 PM,1,37267,At Intersection (intersection related),Dark - No Street Lights,14TH AVE NW AND NW 85TH ST,0,1,,2,C698720,Wet,18,"MOTOR VEHICLE STRUCK PEDALCYCLIST, FRONT END AT ANGLE",08019043,1912,0,2,Injury Collision,,45,Bicycle,Matched,0,1,Overcast,0,"(47.69062077800004, -122.37410322)",0,0,N,
97678,79183,79183,Block,Cycles,213,,,0,,06/29/2007 12:00:00 AM +0000,6/29/2007 5:29:00 AM,0,,Driveway Junction,Daylight,DEXTER AVE N BETWEEN JOHN ST AND THOMAS ST,0,1,Y,3,2807315,Dry,18,"MOTOR VEHICLE STRUCK PEDALCYCLIST, FRONT END AT ANGLE",07180002,10072,0,1,Property Damage Only Collision,,45,Bicycle,Matched,0,1,Clear or Partly Cloudy,0,"(47.62030263500003, -122.34238673299996)",12611,0,N,07-262735
97682,79054,79054,Intersection,Cycles,0,,,0,,03/09/2007 12:00:00 AM +0000,3/9/2007,1,25389,At Intersection (intersection related),Daylight,9TH AVE NW AND NW 62ND ST,0,1,,3,2617572,Dry,18,"MOTOR VEHICLE STRUCK PEDALCYCLIST, FRONT END AT ANGLE",07068003,8580,1,2b,Serious Injury Collision,,45,Bicycle,Matched,0,1,Overcast,0,"(47.67381049200003, -122.36873253799996)",0,0,N,07-097059
97741,79424,79424,Intersection,Cycles,0,,,0,,11/15/2008 12:00:00 AM +0000,11/15/2008 7:26:00 PM,1,29160,At Intersection (intersection related),Dark - Street Lights On,SUMMIT AVE AND E DENNY WAY,0,1,,2,2615022,Dry,51,PEDALCYCLIST STRUCK MOTOR VEHICLE FRONT END AT ANGLE,08320030,12990,0,2,Injury Collision,,45,Bicycle,Matched,0,1,Clear or Partly Cloudy,0,"(47.61848764500007, -122.32528579199999)",35189,0,N,2008-429353
97756,79403,79403,Intersection,Cycles,0,,,0,,02/23/2008 12:00:00 AM +0000,2/23/2008 9:05:00 AM,1,27043,At Intersection (intersection related),Daylight,TROLL AVE N AND N 34TH ST,0,1,Y,2,2904585,Dry,18,"MOTOR VEHICLE STRUCK PEDALCYCLIST, FRONT END AT ANGLE",08054002,9002,0,2,Injury Collision,,45,Bicycle,Matched,0,1,Clear or Partly Cloudy,0,"(47.64924012200004, -122.34741874299999)",8824,0,N,08-070377
97791,79019,79019,Block,Cycles,148,,,0,Y,08/15/2007 12:00:00 AM +0000,8/15/2007 9:26:00 PM,1,,Mid-Block (not related to intersection),Dark - Street Lights On,NE 65TH ST BETWEEN 14TH AVE NE AND 15TH AVE NE,0,1,,2,2881383,Dry,56,PEDALCYCLIST STRUCK MOTOR VEHICLE LEFT SIDE SIDESWIPE,07227001,17265,0,2,Injury Collision,,45,Bicycle,Matched,0,1,Clear or Partly Cloudy,0,"(47.67578858600007, -122.31253248799999)",29273,0,N,07-336441
97812,79151,79151,Block,Cycles,659,,,0,,07/15/2007 12:00:00 AM +0000,7/15/2007 6:43:00 PM,1,,Driveway Junction,Daylight,HIGH POINT DR SW BETWEEN 30TH N AVE SW AND SW RAYMOND ST,0,1,,2,2798500,Dry,51,PEDALCYCLIST STRUCK MOTOR VEHICLE FRONT END AT ANGLE,07196002,10878,0,2,Injury Collision,,45,Bicycle,Matched,0,1,Clear or Partly Cloudy,0,"(47.54912705700008, -122.36890638899996)",0,0,N,07-289357
97830,78742,78742,Block,Cycles,342.5,,,0,,08/15/2007 12:00:00 AM +0000,8/15/2007 2:51:00 PM,1,,Mid-Block (not related to intersection),Daylight,15TH AVE NE BETWEEN NE 73RD ST AND NE 75TH ST,0,1,,2,2799480,Dry,54,PEDALCYCLIST STRUCK MOTOR VEHICLE REAR END,07227003,2054,1,2b,Serious Injury Collision,,45,Bicycle,Matched,0,1,Clear or Partly Cloudy,0,"(47.68214975400008, -122.31169203799999)",29132,0,N,07-335934
97865,78731,78731,Intersection,Cycles,0,,,0,,04/17/2007 12:00:00 AM +0000,4/17/2007 10:33:00 PM,1,38474,At Intersection (intersection related),Dark - Street Lights On,TERRACE ST AND YESLER WAY,0,1,Y,2,2607440,Wet,18,"MOTOR VEHICLE STRUCK PEDALCYCLIST, FRONT END AT ANGLE",07107007,13095,1,2b,Serious Injury Collision,,45,Bicycle,Matched,0,1,Raining,0,"(47.60172128500005, -122.32902105199997)",9972,0,N,07-153777
97925,78468,78468,Block,Cycles,213,,,0,,03/16/2007 12:00:00 AM +0000,3/16/2007 11:37:00 PM,1,,Mid-Block (not related to intersection),Dark - Street Lights On,1ST AVE BETWEEN LENORA ST AND BLANCHARD ST,0,1,,2,2608975,Dry,56,PEDALCYCLIST STRUCK MOTOR VEHICLE LEFT SIDE SIDESWIPE,07075002,1013,0,2,Injury Collision,,45,Bicycle,Matched,0,1,Clear or Partly Cloudy,0,"(47.61222096200004, -122.34456117999997)",13227,0,N,07-108194
97966,78842,78842,Block,Cycles,132.5,,,0,,07/05/2007 12:00:00 AM +0000,7/5/2007,0,,Driveway Junction,Daylight,NE 55TH ST BETWEEN ROOSEVELT WAY NE AND 11TH AVE NE,0,1,,2,2617799,Dry,18,"MOTOR VEHICLE STRUCK PEDALCYCLIST, FRONT END AT ANGLE",07186007,17028,0,1,Property Damage Only Collision,,45,Bicycle,Matched,0,1,Clear or Partly Cloudy,0,"(47.66857355700006, -122.31682712999998)",0,0,N,07-273373
98026,78703,78703,Intersection,Cycles,0,,,0,,12/12/2007 12:00:00 AM +0000,12/12/2007 9:00:00 AM,1,34131,At Intersection (intersection related),Daylight,16TH AVE SW AND SW ORCHARD ST,0,1,,3,2825384,Wet,51,PEDALCYCLIST STRUCK MOTOR VEHICLE FRONT END AT ANGLE,07346034,2336,0,2,Injury Collision,,45,Bicycle,Matched,0,1,Clear or Partly Cloudy,0,"(47.53821330900007, -122.35499731599998)",0,0,N,07-497741
98116,78411,78411,Block,Cycles,210,,,0,,03/22/2007 12:00:00 AM +0000,3/22/2007 8:10:00 AM,1,,Mid-Block (not related to intersection),Daylight,EASTLAKE AVE E BETWEEN REPUBLICAN ST AND MERCER ST,0,1,,2,C684046,Dry,56,PEDALCYCLIST STRUCK MOTOR VEHICLE LEFT SIDE SIDESWIPE,07081043,10166,0,2,Injury Collision,,45,Bicycle,Matched,0,1,Overcast,0,"(47.62370146500007, -122.32916000699998)",11575,0,N,
98125,78801,78801,Block,Cycles,265.5,,,0,,05/23/2007 12:00:00 AM +0000,5/23/2007 1:08:00 PM,1,,Mid-Block (not related to intersection),Daylight,LAKE WASHINGTON BLVD S BETWEEN 48TH AVE S AND 49TH AVE S,0,1,,2,2401872,Dry,69,PEDALCYCLIST OVERTURNED IN ROAD,07143003,11235,0,2,Injury Collision,,45,Bicycle,Matched,0,1,Clear or Partly Cloudy,0,"(47.568234188000076, -122.27264218699997)",0,0,N,07 205846
98284,78905,78905,Block,Cycles,85,,,0,,11/18/2007 12:00:00 AM +0000,11/18/2007 8:31:00 PM,1,,Driveway Junction,Dark - Street Lights On,MELROSE AVE BETWEEN PINE ST AND YALE AVE,0,1,Y,2,2906126,Dry,51,PEDALCYCLIST STRUCK MOTOR VEHICLE FRONT END AT ANGLE,07322003,11745,1,2b,Serious Injury Collision,,45,Bicycle,Matched,0,1,Clear or Partly Cloudy,0,"(47.61547072600007, -122.32789888899998)",11516,0,N,07-468850
98306,78751,78751,Intersection,Cycles,0,,,0,,06/19/2007 12:00:00 AM +0000,6/19/2007 7:48:00 PM,1,29717,At Intersection (intersection related),Daylight,1ST AVE AND DENNY WAY,0,1,Y,2,2826162,Dry,21,"MOTOR VEHICLE STRUCK PEDALCYCLIST, REAR END",07170002,1025,0,2,Injury Collision,,45,Bicycle,Matched,0,1,Clear or Partly Cloudy,0,"(47.61860206600005, -122.35545314299998)",14438,0,N,07-248015
98430,78198,78198,Block,Cycles,392.5,,,0,,06/17/2007 12:00:00 AM +0000,6/17/2007 2:37:00 PM,1,,Driveway Junction,Daylight,4TH AVE S BETWEEN S FOREST ST AND S HANFORD ST,0,1,Y,3,2826091,Dry,18,"MOTOR VEHICLE STRUCK PEDALCYCLIST, FRONT END AT ANGLE",07168004,6241,1,2b,Serious Injury Collision,,45,Bicycle,Matched,0,1,Overcast,0,"(47.57665128000008, -122.32905817799997)",0,0,N,07-2444642
98481,78188,78188,Block,Cycles,153,,,0,,07/23/2007 12:00:00 AM +0000,7/23/2007 2:28:00 PM,0,,Mid-Block (but intersection related),Daylight,1ST AVE BETWEEN COLUMBIA ST AND MARION ST,0,1,Y,2,2607320,Dry,18,"MOTOR VEHICLE STRUCK PEDALCYCLIST, FRONT END AT ANGLE",07204002,1002,0,1,Property Damage Only Collision,,45,Bicycle,Matched,0,1,Clear or Partly Cloudy,0,"(47.60362423600003, -122.33525945199995)",36808,0,N,07-300851
98488,78071,78071,Intersection,Cycles,0,,,0,,08/01/2007 12:00:00 AM +0000,8/1/2007,0,29900,At Intersection (intersection related),Daylight,SENECA ST AND SUMMIT AVE,0,1,Y,2,2792505,Dry,18,"MOTOR VEHICLE STRUCK PEDALCYCLIST, FRONT END AT ANGLE",07213006,12783,0,1,Property Damage Only Collision,,45,Bicycle,Matched,0,1,Clear or Partly Cloudy,0,"(47.61169433900005, -122.32422347199997)",0,0,N,07-314317
98634,78160,78160,Intersection,Cycles,0, ,,1,,09/07/2007 12:00:00 AM +0000,9/7/2007,1,27153,At Intersection (intersection related),Daylight,EASTLAKE AVE E AND FUHRMAN AVE E,0,2,Y,3,2827876,Dry,18,"MOTOR VEHICLE STRUCK PEDALCYCLIST, FRONT END AT ANGLE",07250001,10579,0,3,Fatality Collision,,45,Bicycle,Matched,0,1,Clear or Partly Cloudy,0,"(47.65157827200005, -122.32127525699997)",6078,0,N,07-370804
98681,78149,78149,Intersection,Cycles,0,,,0,,05/07/2007 12:00:00 AM +0000,5/7/2007,1,26688,At Intersection (intersection related),Dusk,3RD AVE W AND W NICKERSON ST,0,1,Y,3,2609095,Dry,51,PEDALCYCLIST STRUCK MOTOR VEHICLE FRONT END AT ANGLE,07127001,4570,0,2,Injury Collision,,45,Bicycle,Matched,0,1,Clear or Partly Cloudy,0,"(47.65082920700007, -122.36087725499999)",12501,0,N,07-182552
98699,78387,78387,Block,Cycles,213,,,0,,07/06/2007 12:00:00 AM +0000,7/6/2007,1,,Mid-Block (not related to intersection),Daylight,1ST AVE BETWEEN UNION ST AND PIKE ST,0,1,,2,2618329,Dry,56,PEDALCYCLIST STRUCK MOTOR VEHICLE LEFT SIDE SIDESWIPE,07187006,1008,0,2,Injury Collision,,45,Bicycle,Matched,0,1,Clear or Partly Cloudy,0,"(47.60832339900003, -122.33955831299994)",36670,0,N,07-275330
98704,78135,78135,Intersection,Cycles,0,,,0,,07/10/2007 12:00:00 AM +0000,7/10/2007 6:20:00 PM,1,27185,At Intersection (intersection related),Daylight,SUNNYSIDE AVE N AND N 45TH ST,0,1,,2,2829082,Unknown,51,PEDALCYCLIST STRUCK MOTOR VEHICLE FRONT END AT ANGLE,07191040,13012,0,2,Injury Collision,,45,Bicycle,Matched,0,1,Unknown,0,"(47.66136913200006, -122.33016245999994)",6519,0,N,07-304567
98723,78259,78259,Intersection,Cycles,0,,,0,,08/28/2007 12:00:00 AM +0000,8/28/2007 12:20:00 PM,1,25142,At Intersection (intersection related),Daylight,24TH AVE NW AND NW 57TH ST,0,1,,2,2799264,Dry,18,"MOTOR VEHICLE STRUCK PEDALCYCLIST, FRONT END AT ANGLE",07240001,3592,0,2,Injury Collision,,45,Bicycle,Matched,0,1,Clear or Partly Cloudy,0,"(47.67018719400005, -122.38758731999997)",1884,0,N,07-355030
98739,78136,78136,Block,Cycles,262.5,,,0,,07/10/2007 12:00:00 AM +0000,7/10/2007 11:18:00 PM,1,,Mid-Block (not related to intersection),Dark - Street Lights On,BOYLSTON AVE E BETWEEN LAKEVIEW N BV E AND E BOSTON ST,0,1,Y,2,2806116,Dry,23,"MOTOR VEHICLE STRUCK PEDALCYCLIST, LEFT SIDE SIDESWIPE",07191006,9390,0,2,Injury Collision,,45,Bicycle,Matched,0,1,Clear or Partly Cloudy,0,"(47.63752603300003, -122.32346609299998)",37363,0,N,07-281844
98757,78124,78124,Block,Cycles,291.5, ,,0,,05/15/2007 12:00:00 AM +0000,5/15/2007 8:08:00 PM,1,,Mid-Block (not related to intersection),Daylight,23RD AVE S BETWEEN S JUDKINS ST AND MOUNTAINS TO SOUND TRL,0,1,,2,2617192,Dry,18,"MOTOR VEHICLE STRUCK PEDALCYCLIST, FRONT END AT ANGLE",07135002,3450,0,2,Injury Collision,,45,Bicycle,Matched,0,1,Clear or Partly Cloudy,0,"(47.59111809800004, -122.30222588699996)",0,630876,N,07-194479
98821,77843,77843,Intersection,Cycles,0, ,,0,,11/15/2007 12:00:00 AM +0000,11/15/2007 5:10:00 AM,1,28916,At Intersection (intersection related),Dark - Street Lights Off,3RD AVE N AND MERCER ST,0,1,,2,2825909,Wet,18,"MOTOR VEHICLE STRUCK PEDALCYCLIST, FRONT END AT ANGLE",07319007,4397,0,2,Injury Collision,,45,Bicycle,Matched,0,1,Raining,0,"(47.624569963000056, -122.35148741499995)",0,521619,N,07-463988
98834,78360,78360,Intersection,Cycles,0,,,0,,04/03/2007 12:00:00 AM +0000,4/3/2007,1,30144,At Intersection (intersection related),Daylight,18TH AVE AND E UNION ST,0,1,Y,2,2805961,Dry,18,"MOTOR VEHICLE STRUCK PEDALCYCLIST, FRONT END AT ANGLE",07093029,2540,1,2b,Serious Injury Collision,,45,Bicycle,Matched,0,1,Clear or Partly Cloudy,0,"(47.612901753000074, -122.30886086799995)",9330,0,N,07-133273
98917,77688,77688,Block,Cycles,256,,,0,,06/10/2007 12:00:00 AM +0000,6/10/2007 2:44:00 PM,1,,Driveway Junction,Daylight,32ND AVE NE BETWEEN NE 118TH ST AND NE 120TH ST,0,1,,2,2830052,Dry,51,PEDALCYCLIST STRUCK MOTOR VEHICLE FRONT END AT ANGLE,07161002,4967,0,2,Injury Collision,,45,Bicycle,Matched,0,1,Clear or Partly Cloudy,0,"(47.71484929600007, -122.29408341699997)",0,0,N,07-233826
98962,77553,77553,Intersection,Cycles,0, ,,0,,04/20/2007 12:00:00 AM +0000,4/20/2007 3:32:00 PM,1,23942,At Intersection (intersection related),Daylight,15TH AVE NW AND NW 67TH ST,0,1,,2,2802541,Dry,18,"MOTOR VEHICLE STRUCK PEDALCYCLIST, FRONT END AT ANGLE",07110005,2113,0,2,Injury Collision,,45,Bicycle,Matched,0,1,Clear or Partly Cloudy,0,"(47.67776765700006, -122.37676361299998)",0,521274,N,07-157729
98978,77424,77424,Block,Cycles,213,,,0,Y,06/09/2007 12:00:00 AM +0000,6/9/2007,1,,Driveway Junction,Dusk,4TH AVE BETWEEN STEWART ST AND VIRGINIA ST,0,1,Y,2,2805623,Wet,18,"MOTOR VEHICLE STRUCK PEDALCYCLIST, FRONT END AT ANGLE",07160001,6136,0,2,Injury Collision,,45,Bicycle,Matched,0,1,Overcast,0,"(47.61267733600005, -122.33938113599999)",0,0,N,07-232930
99042,77784,77784,Block,Cycles,1842,,,0,,07/31/2007 12:00:00 AM +0000,7/31/2007 3:00:00 PM,1,,Mid-Block (not related to intersection),Daylight,LAKE WASHINGTON BLVD S BETWEEN LAKE PARK DR S AND S HORTON NR ST,0,1,,2,2829640,Dry,18,"MOTOR VEHICLE STRUCK PEDALCYCLIST, FRONT END AT ANGLE",07212005,11230,1,2b,Serious Injury Collision,,45,Bicycle,Matched,0,1,Clear or Partly Cloudy,0,"(47.578874744000075, -122.28370626699996)",38078,0,N,07-315901
99079,77524,77524,Intersection,Cycles,0,,,0,,07/02/2007 12:00:00 AM +0000,7/2/2007,1,27016,At Intersection (intersection related),Daylight,FREMONT AVE N AND N 38TH ST,0,1,Y,5,2802848,Dry,18,"MOTOR VEHICLE STRUCK PEDALCYCLIST, FRONT END AT ANGLE",07183003,10488,0,2,Injury Collision,,45,Bicycle,Matched,0,1,Clear or Partly Cloudy,0,"(47.65272954000005, -122.34992005699996)",8368,0,N,07-268222