OBJECTID,INCKEY,COLDETKEY,ADDRTYPE,COLLISIONTYPE,DISTANCE,EXCEPTRSNCODE,EXCEPTRSNDESC,FATALITIES,INATTENTIONIND,INCDATE,INCDTTM,INJURIES,INTKEY,JUNCTIONTYPE,LIGHTCOND,LOCATION,PEDCOUNT,PEDCYLCOUNT,PEDROWNOTGRNT,PERSONCOUNT,REPORTNO,ROADCOND,SDOT_COLCODE,SDOT_COLDESC,SDOTCOLNUM,SEGKEY,SERIOUSINJURIES,SEVERITYCODE,SEVERITYDESC,SPEEDING,ST_COLCODE,ST_COLDESC,STATUS,UNDERINFL,VEHCOUNT,WEATHER,WIDTH,Shape,SEGLANEKEY,CROSSWALKKEY,HITPARKEDCAR,SPDCASENO
99097,77778,77778,Intersection,Cycles,0,,,0,,11/08/2007 12:00:00 AM +0000,11/8/2007,1,37625,At Intersection (intersection related),Dusk,RAVENNA AVE NE AND NE 98TH ST,0,1,Y,3,2799462,Dry,18,"MOTOR VEHICLE STRUCK PEDALCYCLIST, FRONT END AT ANGLE",07312001,12480,0,2,Injury Collision,,45,Bicycle,Matched,0,1,Overcast,0,"(47.70025636500003, -122.30131815199996)",33401,0,N,07-455729
99099,77641,77641,Block,Cycles,130,,,0,,04/02/2007 12:00:00 AM +0000,4/2/2007,1,,Mid-Block (but intersection related),Daylight,E MADISON ST BETWEEN BROADWAY AND BROADWAY CT,0,1,Y,2,2805925,Dry,18,"MOTOR VEHICLE STRUCK PEDALCYCLIST, FRONT END AT ANGLE",07092003,14337,0,2,Injury Collision,,45,Bicycle,Matched,0,1,Clear or Partly Cloudy,0,"(47.611355521000064, -122.32031301199999)",22911,0,N,07-131630
99147,77764,77764,Intersection,Cycles,0,,,0,,11/28/2007 12:00:00 AM +0000,11/28/2007 4:51:00 PM,1,29689,At Intersection (intersection related),Dark - Street Lights On,3RD AVE AND BELL ST,0,1,,2,2898786,Wet,51,PEDALCYCLIST STRUCK MOTOR VEHICLE FRONT END AT ANGLE,07332003,4390,0,2,Injury Collision,,45,Bicycle,Matched,0,1,Raining,0,"(47.61470458600007, -122.34479351999994)",14229,0,N,07-480541
99272,77604,77604,Intersection,Cycles,0,,,0,Y,04/12/2007 12:00:00 AM +0000,4/12/2007 5:58:00 PM,1,30410,At Intersection (intersection related),Daylight,12TH AVE AND E YESLER WAY,0,1,,2,2806308,Dry,18,"MOTOR VEHICLE STRUCK PEDALCYCLIST, FRONT END AT ANGLE",07102002,1523,0,2,Injury Collision,,45,Bicycle,Matched,0,1,Clear or Partly Cloudy,0,"(47.60169336800004, -122.31678189299998)",10532,0,N,07-146438
99434,76922,76922,Intersection,Cycles,0,,,0,Y,06/11/2007 12:00:00 AM +0000,6/11/2007 3:45:00 PM,1,27614,At Intersection (intersection related),Daylight,MAGNOLIA BR AND MAGNOLIA EB E BR,0,1,,2,2825853,Dry,18,"MOTOR VEHICLE STRUCK PEDALCYCLIST, FRONT END AT ANGLE",07162004,11627,0,2,Injury Collision,,45,Bicycle,Matched,0,1,Overcast,0,"(47.63349488800003, -122.37965251499998)",0,0,N,07-235398
99441,76917,76917,Block,Cycles,118.5,,,0,,10/30/2007 12:00:00 AM +0000,10/30/2007 7:54:00 AM,1,,Mid-Block (not related to intersection),Daylight,TAYLOR AVE N BETWEEN TAYLOR UPPER AVE N AND GALER ST,0,1,,2,2826306,Dry,54,PEDALCYCLIST STRUCK MOTOR VEHICLE REAR END,07303001,13085,0,2,Injury Collision,,45,Bicycle,Matched,0,1,Overcast,0,"(47.631983035000076, -122.34602673799998)",11198,0,N,07-442964
99511,77042,77042,Block,Cycles,218,,,0,,05/17/2007 12:00:00 AM +0000,5/17/2007 3:00:00 PM,1,,Driveway Junction,Daylight,EASTLAKE AVE E BETWEEN HARVARD AVE E AND FUHRMAN AVE E,0,1,Y,2,2610396,Dry,18,"MOTOR VEHICLE STRUCK PEDALCYCLIST, FRONT END AT ANGLE",07137022,10184,0,2,Injury Collision,,45,Bicycle,Matched,0,1,Clear or Partly Cloudy,0,"(47.65104751100006, -122.32168580199999)",6064,0,N,07-198184
99515,77027,77027,Intersection,Cycles,0, ,,0,,12/08/2007 12:00:00 AM +0000,12/8/2007,0,36360,At Intersection (intersection related),Dark - Street Lights On,AURORA AVE N AND N NORTHGATE WAY,0,1,Y,6,2892955,Dry,18,"MOTOR VEHICLE STRUCK PEDALCYCLIST, FRONT END AT ANGLE",07342019,8985,0,1,Property Damage Only Collision,,45,Bicycle,Matched,0,1,Clear or Partly Cloudy,0,"(47.70505121300005, -122.34469413)",0,521685,N,07-493324
99576,77272,77272,Intersection,Cycles,0,,,0,,07/06/2007 12:00:00 AM +0000,7/6/2007,1,26886,At Intersection (intersection related),Daylight,STONE WAY N AND N 36TH ST,0,1,,2,2803453,Dry,51,PEDALCYCLIST STRUCK MOTOR VEHICLE FRONT END AT ANGLE,07187007,12957,0,2,Injury Collision,,45,Bicycle,Matched,0,1,Clear or Partly Cloudy,0,"(47.650533523000036, -122.34267836099997)",0,0,N,07-275138
99584,77144,77144,Block,Cycles,334.5,,,0,,03/16/2007 12:00:00 AM +0000,3/16/2007 8:05:00 PM,1,,Mid-Block (not related to intersection),Dark - Street Lights On,NW MARKET ST BETWEEN 26TH AVE NW AND 28TH AVE NW,0,1,,2,2794986,Dry,23,"MOTOR VEHICLE STRUCK PEDALCYCLIST, LEFT SIDE SIDESWIPE",07075003,19237,0,2,Injury Collision,,45,Bicycle,Matched,0,1,Clear or Partly Cloudy,0,"(47.66866164900006, -122.39149959699995)",25921,0,N,07-107912
99588,76886,76886,Block,Cycles,1775.559560250000004,,,0,,09/25/2007 12:00:00 AM +0000,9/25/2007 7:30:00 AM,1,,Driveway Junction,Daylight,ALKI TRL BETWEEN HARBOR AVE SW AND SW FLORIDA ST,0,1,Y,2,2825305,Wet,18,"MOTOR VEHICLE STRUCK PEDALCYCLIST, FRONT END AT ANGLE",07268002,287002,0,2,Injury Collision,,45,Bicycle,Matched,0,1,Raining,0,"(47.57666936900006, -122.37125076899997)",4286,0,N,07-396061
99625,76874,76874,Block,Cycles,335.5, ,,0,Y,06/28/2007 12:00:00 AM +0000,6/28/2007 7:50:00 AM,1,,Mid-Block (but intersection related),Daylight,10TH AVE E BETWEEN E MILLER ST AND E ROANOKE W ST,0,1,,2,2793563,Wet,54,PEDALCYCLIST STRUCK MOTOR VEHICLE REAR END,07179006,1301,1,2b,Serious Injury Collision,,45,Bicycle,Matched,0,1,Raining,0,"(47.64227343300007, -122.32005761599999)",6090,0,N,07-261366
99678,77248,77248,Block,Cycles,148,,,0,,09/12/2007 12:00:00 AM +0000,9/12/2007 12:55:00 PM,2,,Mid-Block (not related to intersection),Daylight,15TH AVE E BETWEEN E THOMAS N ST AND E HARRISON S ST,0,2,,3,2827834,Dry,18,"MOTOR VEHICLE STRUCK PEDALCYCLIST, FRONT END AT ANGLE",07255006,2005,0,2,Injury Collision,,45,Bicycle,Matched,0,1,Clear or Partly Cloudy,0,"(47.621539133000056, -122.31265761799995)",8576,0,N,07-378043
99683,76979,76979,Block,Cycles,334,,,0,,06/29/2007 12:00:00 AM +0000,6/29/2007 2:05:00 PM,0,,Driveway Junction,Daylight,NE NORTHGATE WAY BETWEEN 5TH AVE NE AND 8TH AVE NE,0,1,,2,2794808,Dry,18,"MOTOR VEHICLE STRUCK PEDALCYCLIST, FRONT END AT ANGLE",07180001,18013,0,1,Property Damage Only Collision,,45,Bicycle,Matched,0,1,Overcast,0,"(47.708585793000054, -122.32192040599995)",14523,0,N,07-263234
99748,77363,77363,Block,Cycles,274.5,,,0,,09/21/2007 12:00:00 AM +0000,9/21/2007 10:02:00 AM,1,,Mid-Block (but intersection related),Daylight,NE 45TH ST BETWEEN 5TH AVE NE AND 7TH AVE NE,0,1,,2,2798868,Dry,54,PEDALCYCLIST STRUCK MOTOR VEHICLE REAR END,07264035,16843,0,2,Injury Collision,,45,Bicycle,Matched,0,1,Clear or Partly Cloudy,0,"(47.66132627500008, -122.32184411599997)",7058,0,N,07-390426
99774,77087,77087,Intersection,Cycles,0,,,0,,02/15/2007 12:00:00 AM +0000,2/15/2007 8:24:00 AM,1,25661,At Intersection (intersection related),Daylight,PHINNEY AVE N AND N 50TH E ST,0,1,,2,2609911,Dry,18,"MOTOR VEHICLE STRUCK PEDALCYCLIST, FRONT END AT ANGLE",07046006,15639,0,2,Injury Collision,,45,Bicycle,Matched,0,1,Overcast,0,"(47.66501938000005, -122.35395996399996)",28288,0,N,07-066016
99811,76950,76950,Intersection,Cycles,0,,,0,,02/21/2007 12:00:00 AM +0000,2/21/2007 3:00:00 PM,1,30410,At Intersection (intersection related),Daylight,12TH AVE AND E YESLER WAY,0,1,,2,2805906,Dry,21,"MOTOR VEHICLE STRUCK PEDALCYCLIST, REAR END",07052036,1523,0,2,Injury Collision,,45,Bicycle,Matched,0,1,Clear or Partly Cloudy,0,"(47.60169336800004, -122.31678189299998)",10532,0,N,07-075242
99832,76956,76956,Intersection,Cycles,0,,,0,,07/13/2007 12:00:00 AM +0000,7/13/2007 10:58:00 PM,0,29559,At Intersection (intersection related),Dark - Street Lights On,2ND AVE AND BLANCHARD ST,0,1,,2,2791501,Dry,18,"MOTOR VEHICLE STRUCK PEDALCYCLIST, FRONT END AT ANGLE",07194007,2763,0,1,Property Damage Only Collision,,45,Bicycle,Matched,0,1,Clear or Partly Cloudy,0,"(47.61327122300003, -122.34435339899994)",12203,0,N,07-286494
99862,76540,76540,Intersection,Cycles,0,,,0,,02/07/2007 12:00:00 AM +0000,2/7/2007,1,29878,At Intersection (intersection related),Dark - Street Lights On,BOREN AVE AND PIKE ST,0,1,Y,3,2621630,Wet,18,"MOTOR VEHICLE STRUCK PEDALCYCLIST, FRONT END AT ANGLE",07038027,9319,1,2b,Serious Injury Collision,,45,Bicycle,Matched,0,1,Raining,0,"(47.613465820000044, -122.32891310199994)",31090,0,N,07-055311
99959,76773,76773,Block,Cycles,318.5,,,0,Y,04/20/2007 12:00:00 AM +0000,4/20/2007 1:16:00 PM,1,,Mid-Block (not related to intersection),Daylight,38TH AVE S BETWEEN S ANDOVER ST AND S DAKOTA ST,0,1,,2,2806839,Dry,21,"MOTOR VEHICLE STRUCK PEDALCYCLIST, REAR END",07110003,5898,0,2,Injury Collision,,45,Bicycle,Matched,0,1,Clear or Partly Cloudy,0,"(47.56705158800003, -122.28502405199998)",13760,0,N,07-157521
99973,76387,76387,Intersection,Cycles,0,,,0,,04/17/2007 12:00:00 AM +0000,4/17/2007 2:46:00 PM,1,36635,At Intersection (intersection related),Daylight,LAKE CITY WAY NE AND NE 117TH ST,0,1,,2,2802539,Dry,18,"MOTOR VEHICLE STRUCK PEDALCYCLIST, FRONT END AT ANGLE",07107003,11178,0,2,Injury Collision,,45,Bicycle,Matched,0,1,Overcast,0,"(47.71421240700005, -122.29822972699998)",0,0,N,07-153178
100074,76615,76615,Block,Cycles,344,,,0,Y,08/07/2007 12:00:00 AM +0000,8/7/2007,1,,Mid-Block (not related to intersection),Daylight,CALIFORNIA AVE SW BETWEEN SW ADMIRAL WAY AND SW LANDER ST,0,1,,2,2798550,Dry,54,PEDALCYCLIST STRUCK MOTOR VEHICLE REAR END,07219001,9540,0,2,Injury Collision,,45,Bicycle,Matched,0,1,Overcast,0,"(47.580254111000045, -122.38658351199996)",2587,0,N,07-324509
100092,76745,76745,Intersection,Cycles,0,,,0,,09/14/2007 12:00:00 AM +0000,9/14/2007 12:00:00 PM,1,29761,At Intersection (intersection related),Daylight,12TH AVE AND E MADISON ST,0,1,,2,2828428,Dry,18,"MOTOR VEHICLE STRUCK PEDALCYCLIST, FRONT END AT ANGLE",07257005,1536,0,2,Injury Collision,,45,Bicycle,Matched,0,1,Clear or Partly Cloudy,0,"(47.61288923600006, -122.31673339099996)",10773,0,N,07-381261
100105,76360,76360,Intersection,Cycles,0,,,0,,03/05/2007 12:00:00 AM +0000,3/5/2007,1,27128,At Intersection (intersection related),Dusk,9TH AVE NE AND NE 40TH ALLEY ST,0,1,,2,2614347,Dry,18,"MOTOR VEHICLE STRUCK PEDALCYCLIST, FRONT END AT ANGLE",07064004,8538,0,2,Injury Collision,,45,Bicycle,Matched,0,1,Clear or Partly Cloudy,0,"(47.65613981200005, -122.31880212699997)",0,0,N,07-092141
100117,76475,76475,Block,Cycles,33.5,,,0,,05/05/2007 12:00:00 AM +0000,5/5/2007,1,,Mid-Block (but intersection related),Daylight,NE 65TH ST BETWEEN 5TH E AVE NE AND HILLMAN PL NE,0,1,,2,2829538,Dry,51,PEDALCYCLIST STRUCK MOTOR VEHICLE FRONT END AT ANGLE,07125003,17254,0,2,Injury Collision,,45,Bicycle,Matched,0,1,Clear or Partly Cloudy,0,"(47.675876972000026, -122.32297500799996)",6669,0,N,07-179038
100138,76337,76337,Block,Cycles,296.5,,,0,,07/25/2007 12:00:00 AM +0000,7/25/2007 11:15:00 PM,0,,Mid-Block (not related to intersection),Dark - Street Lights On,BALLARD AVE NW BETWEEN NW VERNON PL AND 22ND AVE NW,0,1,,2,2829083,Dry,56,PEDALCYCLIST STRUCK MOTOR VEHICLE LEFT SIDE SIDESWIPE,07206025,9045,0,1,Property Damage Only Collision,,45,Bicycle,Matched,1,1,Clear or Partly Cloudy,0,"(47.667044041000054, -122.38394701799996)",26297,0,N,07-304793
100143,76348,76348,Block,Cycles,1842,,,0,,06/18/2007 12:00:00 AM +0000,6/18/2007 5:00:00 PM,0,,Mid-Block (not related to intersection),Daylight,LAKE WASHINGTON BLVD S BETWEEN LAKE PARK DR S AND S HORTON NR ST,0,1,,2,2798620,Dry,23,"MOTOR VEHICLE STRUCK PEDALCYCLIST, LEFT SIDE SIDESWIPE",07169003,11230,0,1,Property Damage Only Collision,,45,Bicycle,Matched,0,1,Clear or Partly Cloudy,0,"(47.578874744000075, -122.28370626699996)",38078,0,N,07-247950
100189,76599,76599,Block,Cycles,174, ,,0,,04/08/2007 12:00:00 AM +0000,4/8/2007,1,,Mid-Block (but intersection related),Daylight,ELLIOTT AVE W BETWEEN ELLIOTT ER AVE W AND W THOMAS S ST,0,1,Y,2,2793546,Dry,18,"MOTOR VEHICLE STRUCK PEDALCYCLIST, FRONT END AT ANGLE",07098018,10212,0,2,Injury Collision,,45,Bicycle,Matched,1,1,Clear or Partly Cloudy,0,"(47.62029195700006, -122.36048457299995)",0,606528,N,07-140604
100208,76582,76582,Block,Cycles,89,,,0,,06/19/2007 12:00:00 AM +0000,6/19/2007 4:30:00 PM,1,,Mid-Block (but intersection related),Daylight,S ALASKA ST BETWEEN MCCOY PL S AND M L KING JR WR WAY S,0,1,Y,2,2806887,Dry,18,"MOTOR VEHICLE STRUCK PEDALCYCLIST, FRONT END AT ANGLE",07170026,19303,0,2,Injury Collision,,45,Bicycle,Matched,0,1,Clear or Partly Cloudy,0,"(47.56082962900007, -122.29387366499998)",15688,0,N,07-252743
100213,76846,76846,Intersection,Cycles,0, ,,0,,01/18/2007 12:00:00 AM +0000,1/18/2007 5:00:00 PM,1,27153,At Intersection (intersection related),Dusk,EASTLAKE AVE E AND FUHRMAN AVE E,0,0,,2,C680478,Wet,51,PEDALCYCLIST STRUCK MOTOR VEHICLE FRONT END AT ANGLE,07018039,10579,0,2,Injury Collision,,45,Bicycle,Matched,0,2,Overcast,0,"(47.65157827200005, -122.32127525699997)",6078,0,N,
100257,76576,76576,Intersection,Cycles,0,,,0,,01/09/2007 12:00:00 AM +0000,1/9/2007,1,29508,At Intersection (intersection related),Daylight,DENNY WAY AND TERRY AVE,0,1,,1,2793304,Dry,18,"MOTOR VEHICLE STRUCK PEDALCYCLIST, FRONT END AT ANGLE",07009005,10016,0,2,Injury Collision,,45,Bicycle,Matched,0,0,Clear or Partly Cloudy,0,"(47.61852939200003, -122.33728173199995)",23506,0,N,07-12219
100281,76706,76706,Block,Cycles,552,,,0,,05/24/2007 12:00:00 AM +0000,5/24/2007 12:00:00 PM,2,,Mid-Block (not related to intersection),Daylight,RAINIER AVE S BETWEEN 75TH AVE S AND CITY LIMITS,0,2,,2,2794137,Dry,61,PEDALCYCLIST STRUCK PEDALCYCLIST REAR END,07144031,12439,0,2,Injury Collision,,45,Bicycle,Matched,0,0,Clear or Partly Cloudy,0,"(47.510508927000046, -122.23897175399998)",4991,0,N,07-207178
100385,76271,76271,Block,Cycles,162,,,0,,09/11/2007 12:00:00 AM +0000,9/11/2007 2:14:00 PM,0,,Mid-Block (but intersection related),Daylight,E UNION ST BETWEEN 10TH AVE AND 11TH AVE,0,1,,2,2621862,Dry,51,PEDALCYCLIST STRUCK MOTOR VEHICLE FRONT END AT ANGLE,07254004,14888,0,1,Property Damage Only Collision,,45,Bicycle,Matched,0,1,Clear or Partly Cloudy,0,"(47.612935650000054, -122.31878054099997)",0,0,N,07-376613
100403,76268,76268,Intersection,Cycles,0,,,0,,08/16/2007 12:00:00 AM +0000,8/16/2007 7:58:00 AM,1,29679,At Intersection (intersection related),Unknown,ALASKAN WAY AND BROAD ST,0,1,,2,2791552,Dry,51,PEDALCYCLIST STRUCK MOTOR VEHICLE FRONT END AT ANGLE,07228001,9410,0,2,Injury Collision,,45,Bicycle,Matched,0,1,Overcast,0,"(47.61503359400007, -122.35487619999998)",15668,0,N,07-336912
100449,76007,76007,Intersection,Cycles,0, ,,0,,09/25/2007 12:00:00 AM +0000,9/25/2007 10:55:00 AM,0,29920,At Intersection (intersection related),Daylight,BOREN AVE AND MADISON ST,0,1,Y,2,2621165,Wet,18,"MOTOR VEHICLE STRUCK PEDALCYCLIST, FRONT END AT ANGLE",07268007,9314,0,1,Property Damage Only Collision,,45,Bicycle,Matched,0,1,Raining,0,"(47.60933797200005, -122.32513907699996)",0,523649,N,07-396244
100450,76006,76006,Intersection,Cycles,0,,,0,,10/06/2007 12:00:00 AM +0000,10/6/2007,1,29744,At Intersection (intersection related),Dark - Street Lights On,HARVARD AVE AND E PIKE ST,0,1,,2,2828106,Dry,51,PEDALCYCLIST STRUCK MOTOR VEHICLE FRONT END AT ANGLE,07279007,10841,0,2,Injury Collision,,45,Bicycle,Matched,0,1,Clear or Partly Cloudy,0,"(47.61406619600007, -122.32211092499995)",31201,0,N,07-410868
100607,75977,75977,Intersection,Cycles,0,,,0,,09/05/2007 12:00:00 AM +0000,9/5/2007,1,27424,At Intersection (intersection related),Daylight,SURBER DR NE AND NE BELVOIR PL,0,1,,2,C694031,Dry,18,"MOTOR VEHICLE STRUCK PEDALCYCLIST, FRONT END AT ANGLE",07248052,13036,1,2b,Serious Injury Collision,,45,Bicycle,Matched,0,1,Clear or Partly Cloudy,0,"(47.65686417000006, -122.28644383399995)",0,0,N,
100626,75840,75840,Block,Cycles,288,,,0,,01/20/2007 12:00:00 AM +0000,1/20/2007 2:26:00 PM,1,,Driveway Junction,Daylight,EASTLAKE AVE E BETWEEN E SHELBY ST AND E ALLISON ST,0,1,Y,2,2617312,Dry,18,"MOTOR VEHICLE STRUCK PEDALCYCLIST, FRONT END AT ANGLE",07020001,10182,0,2,Injury Collision,,45,Bicycle,Matched,0,1,Clear or Partly Cloudy,0,"(47.64808303800004, -122.32397810399999)",24676,0,N,07-027811
100630,75836,75836,Intersection,Cycles,0,,,0,,08/16/2007 12:00:00 AM +0000,8/16/2007 2:50:00 PM,1,27146,At Intersection (intersection related),Daylight,BROOKLYN AVE NE AND NE PACIFIC ST,0,1,,2,C691055,Dry,51,PEDALCYCLIST STRUCK MOTOR VEHICLE FRONT END AT ANGLE,07228034,9475,0,2,Injury Collision,,45,Bicycle,Matched,0,1,Clear or Partly Cloudy,0,"(47.65359884600008, -122.31448850999999)",31308,0,N,
100646,75960,75960,Intersection,Cycles,0,,,0,,08/29/2007 12:00:00 AM +0000,8/29/2007 5:46:00 PM,1,28915,At Intersection (intersection related),Daylight,4TH AVE N AND MERCER ST,0,1,Y,2,2791313,Dry,18,"MOTOR VEHICLE STRUCK PEDALCYCLIST, FRONT END AT ANGLE",07241002,6148,0,2,Injury Collision,Y,45,Bicycle,Matched,0,1,Clear or Partly Cloudy,0,"(47.624564331000045, -122.34887678099994)",12377,0,N,07 357070
100660,76205,76205,Intersection,Cycles,0,,,0,,05/21/2007 12:00:00 AM +0000,5/21/2007 9:14:00 PM,1,27094,At Intersection (intersection related),Dark - Street Lights On,9TH AVE NE AND NE 42ND ST,0,1,,2,2829031,Wet,18,"MOTOR VEHICLE STRUCK PEDALCYCLIST, FRONT END AT ANGLE",07141004,8539,1,2b,Serious Injury Collision,,45,Bicycle,Matched,0,1,Raining,0,"(47.657515871000044, -122.31879625099998)",21701,0,N,07-203550
100667,76082,76082,Intersection,Cycles,0, ,,0,,06/30/2007 12:00:00 AM +0000,6/30/2007 2:44:00 PM,1,27071,At Intersection (intersection related),Daylight,5TH AVE NE AND NE 45TH ST,0,1,,4,2609986,Dry,18,"MOTOR VEHICLE STRUCK PEDALCYCLIST, FRONT END AT ANGLE",07181004,7286,0,2,Injury Collision,,45,Bicycle,Matched,0,1,Clear or Partly Cloudy,0,"(47.66133334700004, -122.32295632099999)",0,521817,N,07-264939
100679,75827,75827,Intersection,Cycles,0,,,0,,02/06/2007 12:00:00 AM +0000,2/6/2007,1,28258,At Intersection (intersection related),Daylight,10TH AVE E AND E NEWTON ST,0,1,Y,2,2615423,Dry,18,"MOTOR VEHICLE STRUCK PEDALCYCLIST, FRONT END AT ANGLE",07037005,1298,0,2,Injury Collision,,45,Bicycle,Matched,0,1,Overcast,0,"(47.63725179700003, -122.32007982299996)",6111,0,N,07-52888
100683,76195,76195,Intersection,Cycles,0,,,0,Y,06/23/2007 12:00:00 AM +0000,6/23/2007 8:45:00 PM,1,30968,At Intersection (intersection related),Daylight,61ST AVE SW AND ALKI AVE SW,0,1,,3,2613355,Dry,18,"MOTOR VEHICLE STRUCK PEDALCYCLIST, FRONT END AT ANGLE",07174026,8086,0,2,Injury Collision,,45,Bicycle,Matched,0,1,Clear or Partly Cloudy,0,"(47.57912495100004, -122.41064800799995)",0,0,N,07-254574
100694,75945,75945,Intersection,Cycles,0, ,,0,,07/30/2007 12:00:00 AM +0000,7/30/2007 7:32:00 PM,1,31904,At Intersection (intersection related),Daylight,CALIFORNIA AVE SW AND SW OREGON ST,0,1,,2,2826905,Dry,18,"MOTOR VEHICLE STRUCK PEDALCYCLIST, FRONT END AT ANGLE",07211001,9553,0,2,Injury Collision,,45,Bicycle,Matched,0,1,Clear or Partly Cloudy,0,"(47.56291162500003, -122.38677531799999)",0,525186,N,07-312211
100713,75933,75933,Intersection,Cycles,0,,,0,,11/26/2007 12:00:00 AM +0000,11/26/2007 6:19:00 PM,1,24578,At Intersection (intersection related),Dark - Street Lights On,EAST GREEN LAKE DR N AND NE MAPLE LEAF PL,0,1,,2,2893293,Wet,18,"MOTOR VEHICLE STRUCK PEDALCYCLIST, FRONT END AT ANGLE",07330012,14058,0,2,Injury Collision,,45,Bicycle,Matched,0,1,Raining,0,"(47.68071059600004, -122.326130208)",7286,0,N,07-478123
100755,76187,76187,Intersection,Cycles,0, ,,0,,04/07/2007 12:00:00 AM +0000,4/7/2007,1,32672,At Intersection (intersection related),Dark - Street Lights On,RAINIER AVE S AND S CHARLESTOWN ST,0,1,Y,2,2613282,Wet,18,"MOTOR VEHICLE STRUCK PEDALCYCLIST, FRONT END AT ANGLE",07097002,11378,0,2,Injury Collision,Y,45,Bicycle,Matched,0,1,Raining,0,"(47.56977061300006, -122.29069886499997)",0,524336,N,07-139816
100765,76306,76306,Block,Cycles,153,,,0,,05/08/2007 12:00:00 AM +0000,5/8/2007,2,,Mid-Block (not related to intersection),Daylight,2ND AVE BETWEEN COLUMBIA ST AND MARION ST,0,2,,3,2793912,Dry,61,PEDALCYCLIST STRUCK PEDALCYCLIST REAR END,07128008,2751,0,2,Injury Collision,,45,Bicycle,Matched,0,1,Clear or Partly Cloudy,0,"(47.604088467000054, -122.33414983799997)",12047,0,N,07-184043
100778,76056,76056,Block,Cycles,162,,,0,,09/19/2007 12:00:00 AM +0000,9/19/2007 6:00:00 PM,1,,Mid-Block (not related to intersection),Daylight,E UNION ST BETWEEN 10TH AVE AND 11TH AVE,0,1,,2,C692291,Dry,56,PEDALCYCLIST STRUCK MOTOR VEHICLE LEFT SIDE SIDESWIPE,07262037,14888,0,2,Injury Collision,,45,Bicycle,Matched,0,1,Clear or Partly Cloudy,0,"(47.612935650000054, -122.31878054099997)",6255,0,N,
100782,75928,75928,Block,Cycles,213,,,0,,05/15/2007 12:00:00 AM +0000,5/15/2007 8:39:00 AM,1,,Mid-Block (but intersection related),Daylight,12TH AVE BETWEEN E MARION ST AND E SPRING ST,0,1,Y,2,2792009,Dry,18,"MOTOR VEHICLE STRUCK PEDALCYCLIST, FRONT END AT ANGLE",07135008,1534,0,2,Injury Collision,,45,Bicycle,Matched,0,1,Clear or Partly Cloudy,0,"(47.61097747700006, -122.31677912199996)",10728,0,N,07-193669
100796,76180,76180,Intersection,Cycles,0,,,0,,05/30/2007 12:00:00 AM +0000,5/30/2007 12:19:00 PM,1,28057,At Intersection (intersection related),Daylight,NICKERSON ST AND WESTLAKE AVE N,0,1,,2,2825753,Dry,51,PEDALCYCLIST STRUCK MOTOR VEHICLE FRONT END AT ANGLE,07150040,6170,0,2,Injury Collision,,45,Bicycle,Matched,0,1,Clear or Partly Cloudy,0,"(47.64614702700004, -122.34974100999995)",13898,0,N,07-216153
100822,76051,76051,Block,Cycles,168,,,0,Y,07/13/2007 12:00:00 AM +0000,7/13/2007 2:49:00 PM,1,,Mid-Block (not related to intersection),Daylight,FREMONT AVE N BETWEEN FREMONT PL N AND N 36TH ST,0,1,Y,2,2830060,Dry,18,"MOTOR VEHICLE STRUCK PEDALCYCLIST, FRONT END AT ANGLE",07194009,10486,0,2,Injury Collision,,45,Bicycle,Matched,0,1,Clear or Partly Cloudy,0,"(47.65088855100004, -122.34988452999994)",8357,0,N,07-285783
100848,76293,76293,Block,Cycles,213.5,,,0,,05/09/2007 12:00:00 AM +0000,5/9/2007,1,,Mid-Block (but intersection related),Daylight,DEXTER AVE N BETWEEN DENNY WAY AND JOHN ST,0,1,,2,2793550,Dry,21,"MOTOR VEHICLE STRUCK PEDALCYCLIST, REAR END",07129002,10071,0,2,Injury Collision,,45,Bicycle,Matched,0,1,Clear or Partly Cloudy,0,"(47.61913352200003, -122.34239679399997)",12566,0,N,07-185303
100861,76046,76046,Intersection,Cycles,0,,,0,,04/27/2007 12:00:00 AM +0000,4/27/2007 8:53:00 PM,1,29141,At Intersection (intersection related),Dark - Street Lights On,BELMONT AVE E AND E HARRISON ST,0,1,,2,2806503,Dry,51,PEDALCYCLIST STRUCK MOTOR VEHICLE FRONT END AT ANGLE,07117006,9239,0,2,Injury Collision,Y,45,Bicycle,Matched,0,1,Clear or Partly Cloudy,0,"(47.62198950700008, -122.32402407999996)",0,0,N,07-168102
100895,75762,75762,Intersection,Cycles,0,,,0,,04/10/2007 12:00:00 AM +0000,4/10/2007 6:20:00 PM,1,29289,At Intersection (intersection related),Daylight,29TH AVE AND E DENNY WAY,0,1,,2,2806307,Dry,18,"MOTOR VEHICLE STRUCK PEDALCYCLIST, FRONT END AT ANGLE",07100005,4275,0,2,Injury Collision,,45,Bicycle,Matched,0,1,Clear or Partly Cloudy,0,"(47.61889269200003, -122.29481074699999)",0,0,N,07-143591
100955,75364,75364,Intersection,Cycles,0,,,0,,12/10/2007 12:00:00 AM +0000,12/10/2007 6:14:00 AM,1,30408,At Intersection (intersection related),Dark - Street Lights On,14TH AVE AND E YESLER WAY,0,1,Y,2,2792412,Dry,18,"MOTOR VEHICLE STRUCK PEDALCYCLIST, FRONT END AT ANGLE",07344002,1840,0,2,Injury Collision,,45,Bicycle,Matched,0,1,Clear or Partly Cloudy,0,"(47.60168875700003, -122.31416192599994)",10011,0,N,07-495065