OBJECTID,INCKEY,COLDETKEY,ADDRTYPE,COLLISIONTYPE,DISTANCE,EXCEPTRSNCODE,EXCEPTRSNDESC,FATALITIES,INATTENTIONIND,INCDATE,INCDTTM,INJURIES,INTKEY,JUNCTIONTYPE,LIGHTCOND,LOCATION,PEDCOUNT,PEDCYLCOUNT,PEDROWNOTGRNT,PERSONCOUNT,REPORTNO,ROADCOND,SDOT_COLCODE,SDOT_COLDESC,SDOTCOLNUM,SEGKEY,SERIOUSINJURIES,SEVERITYCODE,SEVERITYDESC,SPEEDING,ST_COLCODE,ST_COLDESC,STATUS,UNDERINFL,VEHCOUNT,WEATHER,WIDTH,Shape,SEGLANEKEY,CROSSWALKKEY,HITPARKEDCAR,SPDCASENO
100977,75474,75474,Block,Cycles,153,,,0,,09/04/2007 12:00:00 AM +0000,9/4/2007,1,,Mid-Block (not related to intersection),Daylight,5TH AVE BETWEEN COLUMBIA ST AND MARION ST,0,1,,2,2804507,Dry,16,"MOTOR VEHICLE STRUCK MOTOR VEHICLE, LEFT SIDE SIDESWIPE",07247021,7228,0,2,Injury Collision,,45,Bicycle,Matched,0,1,Overcast,0,"(47.60548149700003, -122.33081889699997)",36266,0,N,07-366011
100987,75741,75741,Block,Cycles,165,,,0,,03/25/2007 12:00:00 AM +0000,3/25/2007 3:38:00 PM,1,,Mid-Block (not related to intersection),Daylight,W MCGRAW ST BETWEEN 6TH AVE W AND 7TH AVE W,0,1,,3,2793878,Dry,56,PEDALCYCLIST STRUCK MOTOR VEHICLE LEFT SIDE SIDESWIPE,07084002,23556,0,2,Injury Collision,,45,Bicycle,Matched,0,1,Clear or Partly Cloudy,0,"(47.63959581800003, -122.36561747299999)",34947,0,N,07-120533
100996,75607,75607,Intersection,Cycles,0,,,0,,11/19/2007 12:00:00 AM +0000,11/19/2007 8:38:00 AM,1,32410,At Intersection (intersection related),Dawn,RAINIER AVE S AND S BYRON ST,0,1,Y,2,2828148,Wet,18,"MOTOR VEHICLE STRUCK PEDALCYCLIST, FRONT END AT ANGLE",07323001,12372,0,2,Injury Collision,,45,Bicycle,Matched,0,1,Raining,0,"(47.57394302500006, -122.29478739999996)",23771,0,N,2007-469304
101003,75466,75466,Block,Cycles,213,,,0,Y,03/30/2007 12:00:00 AM +0000,3/30/2007 6:48:00 PM,0,,Mid-Block (not related to intersection),Daylight,1ST AVE BETWEEN BLANCHARD ST AND BELL ST,0,1,,2,2607570,Dry,21,"MOTOR VEHICLE STRUCK PEDALCYCLIST, REAR END",07089007,1014,0,1,Property Damage Only Collision,,45,Bicycle,Matched,0,1,Clear or Partly Cloudy,0,"(47.61298991400008, -122.34586158799999)",13233,0,N,07-127878
101015,75729,75729,Block,Cycles,166.5,,,0,,02/24/2007 12:00:00 AM +0000,2/24/2007 5:21:00 PM,1,,Driveway Junction,Dusk,BROADWAY E BETWEEN E THOMAS ST AND E HARRISON ST,0,1,,2,2805984,Dry,51,PEDALCYCLIST STRUCK MOTOR VEHICLE FRONT END AT ANGLE,07055001,9453,0,2,Injury Collision,,45,Bicycle,Matched,0,1,Overcast,0,"(47.62153060600008, -122.32089890399999)",6788,0,N,07-079677
101051,75339,75339,Intersection,Cycles,0,,,0,,10/15/2007 12:00:00 AM +0000,10/15/2007 11:50:00 AM,1,29872,At Intersection (intersection related),Daylight,BOREN AVE AND PINE ST,0,1,,2,2804741,Wet,18,"MOTOR VEHICLE STRUCK PEDALCYCLIST, FRONT END AT ANGLE",07288002,9320,0,2,Injury Collision,,45,Bicycle,Matched,0,1,Raining,0,"(47.61445724200007, -122.32982243299995)",10320,0,N,07-422802
101066,75459,75459,Block,Cycles,124,,,0,,09/22/2007 12:00:00 AM +0000,9/22/2007 11:25:00 AM,1,,Mid-Block (not related to intersection),Daylight,E MADISON ST BETWEEN 28TH AVE E AND 29TH W AVE E,0,1,,2,2805254,Dry,23,"MOTOR VEHICLE STRUCK PEDALCYCLIST, LEFT SIDE SIDESWIPE",07265001,14362,0,2,Injury Collision,,45,Bicycle,Matched,0,1,Clear or Partly Cloudy,0,"(47.62371497300006, -122.29583475299995)",34621,0,N,07-392277
101077,75722,75722,Block,Cycles,137.5,,,0,,08/14/2007 12:00:00 AM +0000,8/14/2007 7:00:00 PM,1,,Mid-Block (not related to intersection),Daylight,EAST GREEN LAKE WAY N BETWEEN SUNNYSIDE AVE N AND 1ST AVE NE,0,1,,2,C690783,Dry,54,PEDALCYCLIST STRUCK MOTOR VEHICLE REAR END,07226041,14080,0,2,Injury Collision,,45,Bicycle,Matched,0,1,Clear or Partly Cloudy,0,"(47.67833493400008, -122.32883586599996)",7398,0,N,
101087,75317,75317,Intersection,Cycles,0,,,0,,10/29/2007 12:00:00 AM +0000,10/29/2007 12:52:00 PM,1,29774,At Intersection (intersection related),Daylight,12TH AVE AND E SPRING ST,0,1,,2,2827403,Wet,18,"MOTOR VEHICLE STRUCK PEDALCYCLIST, FRONT END AT ANGLE",07302004,1535,0,2,Injury Collision,Y,45,Bicycle,Matched,0,1,Overcast,0,"(47.61156267600006, -122.31677888999997)",0,0,N,2007-441918
101180,75430,75430,Block,Cycles,372,,,0,Y,11/01/2007 12:00:00 AM +0000,11/1/2007,0,,Mid-Block (not related to intersection),Daylight,DEXTER AVE N BETWEEN HAYES ST AND HOWE ST,0,1,,2,2828961,Dry,54,PEDALCYCLIST STRUCK MOTOR VEHICLE REAR END,07305002,10087,0,1,Property Damage Only Collision,,45,Bicycle,Matched,0,1,Clear or Partly Cloudy,0,"(47.63498698700005, -122.34228517999998)",0,0,N,07-446454
101252,75421,75421,Intersection,Cycles,0,,,0,,06/30/2007 12:00:00 AM +0000,6/30/2007 11:20:00 AM,0,27816,At Intersection (intersection related),Daylight,W MCGRAW PL AND W MCGRAW E ST,0,1,,2,2793848,Dry,55,PEDALCYCLIST STRUCK MOTOR VEHICLE RIGHT SIDE SIDESWIPE,07181001,2916,0,1,Property Damage Only Collision,,45,Bicycle,Matched,0,1,Clear or Partly Cloudy,0,"(47.639596907000055, -122.35958981199997)",30163,0,N,07 264702
101308,75657,75657,Intersection,Cycles,0,,,0,,02/22/2007 12:00:00 AM +0000,2/22/2007 6:30:00 AM,1,29882,At Intersection (intersection related),Dawn,8TH AVE AND PINE ST,0,1,,2,2805153,Wet,18,"MOTOR VEHICLE STRUCK PEDALCYCLIST, FRONT END AT ANGLE",07053001,8281,0,2,Injury Collision,,45,Bicycle,Matched,0,1,Overcast,0,"(47.61306393500007, -122.33315264099997)",21789,0,N,07-076119
101310,75655,75655,Block,Cycles,153,,,0,,01/19/2007 12:00:00 AM +0000,1/19/2007 6:24:00 PM,1,,Mid-Block (not related to intersection),Dark - Street Lights On,4TH AVE BETWEEN VINE ST AND CEDAR ST,0,1,,3,2807473,Dry,55,PEDALCYCLIST STRUCK MOTOR VEHICLE RIGHT SIDE SIDESWIPE,07019008,6143,1,2b,Serious Injury Collision,,45,Bicycle,Matched,0,1,Clear or Partly Cloudy,0,"(47.61751842100006, -122.34757051799994)",12877,0,N,07-026507
101413,75376,75376,Intersection,Cycles,0,,,0,,12/20/2007 12:00:00 AM +0000,12/20/2007 8:54:00 AM,1,25415,At Intersection (intersection related),Daylight,15TH AVE NW AND NW 56TH ST,0,1,,2,2799048,Dry,18,"MOTOR VEHICLE STRUCK PEDALCYCLIST, FRONT END AT ANGLE",07354025,2103,1,2b,Serious Injury Collision,,45,Bicycle,Matched,0,1,Clear or Partly Cloudy,0,"(47.66944247300006, -122.37621377399995)",0,0,N,07-508005
101439,75240,75240,Intersection,Cycles,0,,,0,,10/15/2007 12:00:00 AM +0000,10/15/2007 7:36:00 AM,1,29739,At Intersection (intersection related),Daylight,11TH AVE AND E PINE ST,0,1,,2,C693658,Dry,18,"MOTOR VEHICLE STRUCK PEDALCYCLIST, FRONT END AT ANGLE",07288056,1383,0,2,Injury Collision,,45,Bicycle,Matched,0,1,Overcast,0,"(47.615254391000065, -122.318159434)",10420,0,N,
101458,74974,74974,Alley,Cycles,,,,0,,09/02/2007 12:00:00 AM +0000,9/2/2007,2,,Driveway Junction,Daylight,,0,1,,6,2826921,Dry,18,"MOTOR VEHICLE STRUCK PEDALCYCLIST, FRONT END AT ANGLE",07245003,,0,2,Injury Collision,,45,Bicycle,Matched,0,1,Clear or Partly Cloudy,0,,0,0,N,07-363022
101460,74849,74849,Block,Cycles,232.5,,,0,,05/08/2007 12:00:00 AM +0000,5/8/2007,1,,Mid-Block (not related to intersection),Daylight,FAIRVIEW AVE N BETWEEN WARD ST AND YALE AVE N,0,1,,3,2791926,Dry,54,PEDALCYCLIST STRUCK MOTOR VEHICLE REAR END,07128006,10356,0,2,Injury Collision,,45,Bicycle,Matched,0,1,Clear or Partly Cloudy,0,"(47.62822810400007, -122.33151976799996)",25364,0,N,07-183920
101564,75081,75081,Block,Cycles,138,,,0,,02/14/2007 12:00:00 AM +0000,2/14/2007 7:10:00 PM,0,,Mid-Block (not related to intersection),Dark - Street Lights On,15TH AVE S BETWEEN S PEARL ST AND S DAWSON ST,0,1,Y,2,2807051,Wet,23,"MOTOR VEHICLE STRUCK PEDALCYCLIST, LEFT SIDE SIDESWIPE",07045003,2166,0,1,Property Damage Only Collision,,45,Bicycle,Matched,0,1,Overcast,0,"(47.55600628700006, -122.31345355399998)",11882,0,N,07-065359
101568,74945,74945,Block,Cycles,213,,,0,Y,08/10/2007 12:00:00 AM +0000,8/10/2007 10:34:00 PM,1,,Driveway Junction,Dark - No Street Lights,7TH AVE BETWEEN STEWART ST AND VIRGINIA ST,0,1,Y,2,2791385,Dry,18,"MOTOR VEHICLE STRUCK PEDALCYCLIST, FRONT END AT ANGLE",07222005,8161,0,2,Injury Collision,,45,Bicycle,Matched,0,1,Clear or Partly Cloudy,0,"(47.61467145100005, -122.33680297599994)",0,0,N,7329372
101586,75077,75077,Block,Cycles,348.5,,,0,,04/05/2007 12:00:00 AM +0000,4/5/2007,1,,Mid-Block (not related to intersection),Daylight,NW 45TH ST BETWEEN 11TH AVE NW AND 14TH AVE NW,0,1,,2,2621687,Dry,18,"MOTOR VEHICLE STRUCK PEDALCYCLIST, FRONT END AT ANGLE",07095001,18337,0,2,Injury Collision,,45,Bicycle,Matched,0,1,Clear or Partly Cloudy,0,"(47.66147103000003, -122.37218152999998)",41204,0,N,07-136346
101850,75249,75249,Block,Cycles,354.5,,,0,,07/26/2007 12:00:00 AM +0000,7/26/2007 2:56:00 PM,1,,Mid-Block (not related to intersection),Daylight,DENNY WAY BETWEEN STEWART ST AND MELROSE AVE,0,1,,1,2791532,Dry,69,PEDALCYCLIST OVERTURNED IN ROAD,07207001,10023,1,2b,Serious Injury Collision,,45,Bicycle,Matched,0,0,Clear or Partly Cloudy,0,"(47.61844935400006, -122.32929210599997)",23551,0,N,07-305692
101868,74874,74874,Intersection,Cycles,0,,,0,,04/19/2007 12:00:00 AM +0000,4/19/2007 6:38:00 AM,1,28767,At Intersection (intersection related),Dawn,DEXTER AVE N AND MERCER ST,0,1,Y,2,2622566,Dry,18,"MOTOR VEHICLE STRUCK PEDALCYCLIST, FRONT END AT ANGLE",07109004,10076,0,2,Injury Collision,,45,Bicycle,Matched,0,1,Overcast,0,"(47.624549727000044, -122.34234960099997)",12649,0,N,07-155499
102063,74435,74435,Block,Cycles,61.5,,,0,,07/05/2007 12:00:00 AM +0000,7/5/2007,1,,Mid-Block (not related to intersection),Daylight,RAINIER AVE S BETWEEN S GRAND ST AND 22ND N AVE S,0,1,,2,2793932,Dry,55,PEDALCYCLIST STRUCK MOTOR VEHICLE RIGHT SIDE SIDESWIPE,07186006,12356,0,2,Injury Collision,,45,Bicycle,Matched,0,1,Clear or Partly Cloudy,0,"(47.58676174100003, -122.30457005199997)",19964,0,N,07-273671
102093,74302,74302,Block,Cycles,369.5,,,0,,08/04/2007 12:00:00 AM +0000,8/4/2007,1,,Mid-Block (not related to intersection),Daylight,THORNDYKE AVE W BETWEEN 21ST AVE W AND 20TH AVE W,0,1,Y,2,2791524,Dry,51,PEDALCYCLIST STRUCK MOTOR VEHICLE FRONT END AT ANGLE,07216003,13161,0,2,Injury Collision,,45,Bicycle,Matched,0,1,Clear or Partly Cloudy,0,"(47.64565217000006, -122.38254561699995)",16133,0,N,07-319752
102107,74679,74679,Intersection,Cycles,0,,,0,,01/08/2007 12:00:00 AM +0000,1/8/2007,1,29072,At Intersection (intersection related),Daylight,BROADWAY AND E HOWELL ST,0,1,,3,2621402,Dry,18,"MOTOR VEHICLE STRUCK PEDALCYCLIST, FRONT END AT ANGLE",07008001,9450,0,2,Injury Collision,,45,Bicycle,Matched,0,1,Clear or Partly Cloudy,0,"(47.61757128900007, -122.32083582899998)",6840,0,N,07-010941
102133,74543,74543,Intersection,Cycles,0,,,0,,04/13/2007 12:00:00 AM +0000,4/13/2007 7:52:00 PM,1,29057,At Intersection (intersection related),Dusk,14TH AVE E AND E JOHN ST,0,1,Y,2,2806314,Wet,18,"MOTOR VEHICLE STRUCK PEDALCYCLIST, FRONT END AT ANGLE",07103006,1857,0,2,Injury Collision,,45,Bicycle,Matched,0,1,Raining,0,"(47.61995563000005, -122.31431663899997)",35241,0,N,07-147977
102143,74677,74677,Intersection,Cycles,0, ,,0,,01/09/2007 12:00:00 AM +0000,1/9/2007,0,36067,At Intersection (intersection related),Daylight,LAKE CITY WAY NE AND NE 127TH ST,0,1,,3,2624599,Wet,18,"MOTOR VEHICLE STRUCK PEDALCYCLIST, FRONT END AT ANGLE",07009003,11184,0,1,Property Damage Only Collision,,45,Bicycle,Matched,0,1,Raining,0,"(47.72109139600008, -122.29416074699998)",0,524634,N,07-12830
102162,74290,74290,Intersection,Cycles,0,,,0,,02/19/2007 12:00:00 AM +0000,2/19/2007 6:05:00 PM,1,37475,At Intersection (intersection related),Dark - Street Lights On,5TH AVE NE AND NE 103RD ST,0,1,,2,2604136,Wet,51,PEDALCYCLIST STRUCK MOTOR VEHICLE FRONT END AT ANGLE,07050012,7333,1,2b,Serious Injury Collision,,45,Bicycle,Matched,0,1,Raining,0,"(47.703140321000035, -122.32314837099995)",10991,0,N,07-72647
102179,74535,74535,Block,Cycles,164.5,,,0,,05/24/2007 12:00:00 AM +0000,5/24/2007 11:30:00 AM,1,,Mid-Block (but intersection related),Daylight,E LYNN ST BETWEEN DELMAR DR E AND 15TH AVE E,0,1,,1,C687416,Dry,69,PEDALCYCLIST OVERTURNED IN ROAD,07144044,14320,0,2,Injury Collision,,45,Bicycle,Matched,0,0,Clear or Partly Cloudy,0,"(47.63956697300006, -122.31304111399999)",8316,0,N,
102199,74540,74540,Block,Cycles,153,,,0,,08/17/2007 12:00:00 AM +0000,8/17/2007 8:27:00 AM,1,,Mid-Block (but intersection related),Daylight,4TH AVE S BETWEEN S WASHINGTON ST AND S MAIN ST,0,1,,3,2807836,Dry,51,PEDALCYCLIST STRUCK MOTOR VEHICLE FRONT END AT ANGLE,07229011,6227,0,2,Injury Collision,,45,Bicycle,Matched,0,2,Clear or Partly Cloudy,0,"(47.60045709600007, -122.32896381999996)",5741,0,N,07-338563
102223,74389,74389,Intersection,Cycles,0,,,0,Y,09/10/2007 12:00:00 AM +0000,9/10/2007 3:36:00 PM,1,30405,At Intersection (intersection related),Daylight,14TH AVE AND E FIR ST,0,1,Y,2,2827906,Dry,18,"MOTOR VEHICLE STRUCK PEDALCYCLIST, FRONT END AT ANGLE",07253003,1841,0,2,Injury Collision,,45,Bicycle,Matched,0,1,Clear or Partly Cloudy,0,"(47.60268128400003, -122.31419707799995)",0,0,N,07-375268
102256,74522,74522,Block,Cycles,218,,,0,,02/24/2007 12:00:00 AM +0000,2/24/2007 6:55:00 AM,1,,Mid-Block (but intersection related),Dawn,EASTLAKE AVE E BETWEEN HARVARD AVE E AND FUHRMAN AVE E,0,1,Y,2,2615264,Wet,18,"MOTOR VEHICLE STRUCK PEDALCYCLIST, FRONT END AT ANGLE",07055026,10184,0,2,Injury Collision,,45,Bicycle,Matched,0,1,Raining,0,"(47.65104751100006, -122.32168580199999)",6070,0,N,07-79138
102308,74497,74497,Intersection,Cycles,0,,,0,,04/19/2007 12:00:00 AM +0000,4/19/2007 10:04:00 AM,1,29529,At Intersection (intersection related),Daylight,7TH AVE AND BLANCHARD ST,0,1,,2,2607592,Dry,51,PEDALCYCLIST STRUCK MOTOR VEHICLE FRONT END AT ANGLE,07109005,8165,0,2,Injury Collision,Y,45,Bicycle,Matched,0,1,Clear or Partly Cloudy,0,"(47.61659465400004, -122.34005494499996)",14208,0,N,07-155708
102389,74619,74619,Block,Cycles,409.5,,,0,,07/10/2007 12:00:00 AM +0000,7/10/2007 9:43:00 AM,1,,Mid-Block (not related to intersection),Daylight,N 34TH ST BETWEEN PHINNEY AVE N AND EVANSTON AVE N,0,1,,2,2795784,Dry,51,PEDALCYCLIST STRUCK MOTOR VEHICLE FRONT END AT ANGLE,07191002,15284,0,2,Injury Collision,,45,Bicycle,Matched,0,1,Clear or Partly Cloudy,0,"(47.65011298300004, -122.35290934099999)",15301,0,N,07-280758
102475,74193,74193,Block,Cycles,105.5,,,0,,07/19/2007 12:00:00 AM +0000,7/19/2007 7:25:00 PM,1,,Mid-Block (not related to intersection),Daylight,E HARRISON ST BETWEEN 31ST AVE E AND 32ND AVE E,0,1,,2,2792426,Dry,53,PEDALCYCLIST STRUCK MOTOR VEHICLE LEFT SIDE AT ANGLE,07200002,14123,0,2,Injury Collision,,45,Bicycle,Matched,0,1,Clear or Partly Cloudy,0,"(47.62248094100005, -122.29155345899994)",0,0,N,07-295410
102489,73950,73950,Block,Cycles,153,,,0,,11/08/2007 12:00:00 AM +0000,11/8/2007,1,,Mid-Block (not related to intersection),Daylight,3RD AVE BETWEEN MADISON ST AND SPRING ST,0,1,,4,2805820,Dry,55,PEDALCYCLIST STRUCK MOTOR VEHICLE RIGHT SIDE SIDESWIPE,07312005,4379,0,2,Injury Collision,,45,Bicycle,Matched,0,1,Overcast,0,"(47.605979465000075, -122.33434423899996)",35854,0,N,07-455332
102504,74060,74060,Block,Cycles,213,,,0,Y,09/12/2007 12:00:00 AM +0000,9/12/2007 8:54:00 AM,1,,Mid-Block (not related to intersection),Daylight,BROADWAY E BETWEEN E DENNY WAY AND E OLIVE WAY,1,1,,2,2827831,Dry,64,PEDALCYCLIST STRUCK PEDESTRIAN,07255001,9451,0,2,Injury Collision,,45,Bicycle,Matched,0,0,Clear or Partly Cloudy,0,"(47.61932227600005, -122.32086366599998)",6823,0,N,07-377718
102665,73909,73909,Block,Cycles,328,,,0,Y,08/05/2007 12:00:00 AM +0000,8/5/2007,1,,Mid-Block (not related to intersection),Dusk,35TH AVE NE BETWEEN NE 62ND ST AND NE 65TH ST,0,1,,2,2609944,Dry,54,PEDALCYCLIST STRUCK MOTOR VEHICLE REAR END,07217001,5358,0,2,Injury Collision,,45,Bicycle,Matched,0,1,Overcast,0,"(47.67488274300007, -122.29026377899999)",30289,0,N,07-321657
102692,74150,74150,Intersection,Cycles,0,,,0,,09/25/2007 12:00:00 AM +0000,9/25/2007 5:28:00 PM,1,29604,At Intersection (intersection related),Daylight,1ST AVE AND UNIVERSITY ST,0,1,Y,2,2825967,Dry,18,"MOTOR VEHICLE STRUCK PEDALCYCLIST, FRONT END AT ANGLE",07268001,1007,0,2,Injury Collision,,45,Bicycle,Matched,0,1,Clear or Partly Cloudy,0,"(47.60683500400006, -122.33819701599998)",36738,0,N,07-396741
102746,74128,74128,Block,Cycles,180,,,0,,02/27/2007 12:00:00 AM +0000,2/27/2007 8:20:00 AM,1,,Mid-Block (not related to intersection),Daylight,20TH AVE NE BETWEEN NE 63RD ST AND NE 65TH ST,0,1,,2,2614638,Dry,18,"MOTOR VEHICLE STRUCK PEDALCYCLIST, FRONT END AT ANGLE",07058006,2970,0,2,Injury Collision,,45,Bicycle,Matched,0,1,Clear or Partly Cloudy,0,"(47.675283308000076, -122.30652051499999)",33146,0,N,07-083131
102749,73870,73870,Intersection,Cycles,0,,,0,,03/28/2007 12:00:00 AM +0000,3/28/2007 6:00:00 PM,1,25464,At Intersection (intersection related),Daylight,LEARY WAY NW AND NW 46TH ST,0,1,,2,2607567,Dry,18,"MOTOR VEHICLE STRUCK PEDALCYCLIST, FRONT END AT ANGLE",07087029,11347,0,2,Injury Collision,,45,Bicycle,Matched,0,1,Clear or Partly Cloudy,0,"(47.66219540600008, -122.36786512799995)",17343,0,N,07-126053
102825,73866,73866,Block,Cycles,265.5,,,0,,04/15/2007 12:00:00 AM +0000,4/15/2007 6:00:00 PM,1,,Mid-Block (not related to intersection),Daylight,S DELLA ST BETWEEN CHEASTY BLVD S AND 27TH AVE S,0,1,Y,2,2613244,Unknown,21,"MOTOR VEHICLE STRUCK PEDALCYCLIST, REAR END",07105039,19860,1,2b,Serious Injury Collision,,45,Bicycle,Matched,0,1,Unknown,0,"(47.57238287400003, -122.29817921999995)",0,0,N,07-224484
102895,74102,74102,Intersection,Cycles,0,,,0,,08/28/2007 12:00:00 AM +0000,8/28/2007 6:17:00 PM,1,24058,At Intersection (intersection related),Daylight,6TH AVE NW AND NW 80TH ST,0,1,Y,2,2880955,Dry,18,"MOTOR VEHICLE STRUCK PEDALCYCLIST, FRONT END AT ANGLE",07240030,7956,0,2,Injury Collision,,45,Bicycle,Matched,0,1,Clear or Partly Cloudy,0,"(47.68693779000006, -122.36332585199995)",27352,0,N,07-355540
102932,73696,73696,Intersection,Cycles,0,,,0,,10/10/2007 12:00:00 AM +0000,10/10/2007 10:21:00 AM,1,25469,At Intersection (intersection related),Daylight,BALLARD BR OFF RP AND NW BALLARD WAY,0,1,,2,2794783,Wet,51,PEDALCYCLIST STRUCK MOTOR VEHICLE FRONT END AT ANGLE,07283022,2211,0,2,Injury Collision,,45,Bicycle,Matched,0,1,Overcast,0,"(47.66293226300007, -122.37611913799998)",0,0,N,07-416122
102936,73571,73571,Block,Cycles,177,,,0,,02/24/2007 12:00:00 AM +0000,2/24/2007 1:35:00 AM,1,,Driveway Junction,Dark - Street Lights On,N 36TH ST BETWEEN FREMONT PL N AND FREMONT AVE N,0,1,Y,2,2611514,Dry,18,"MOTOR VEHICLE STRUCK PEDALCYCLIST, FRONT END AT ANGLE",07055003,15321,0,2,Injury Collision,,45,Bicycle,Matched,0,1,Clear or Partly Cloudy,0,"(47.651438848000055, -122.35064280899996)",0,0,N,07-078929
103114,73654,73654,Intersection,Cycles,0,,,0,,12/17/2007 12:00:00 AM +0000,12/17/2007 4:53:00 PM,1,25929,At Intersection (intersection related),Dark - Street Lights On,30TH AVE NE AND NE 55TH E ST,0,1,Y,2,2795071,Dry,18,"MOTOR VEHICLE STRUCK PEDALCYCLIST, FRONT END AT ANGLE",07351007,4605,0,2,Injury Collision,,45,Bicycle,Matched,0,1,Overcast,0,"(47.66851834800008, -122.29506361399996)",33957,0,N,07-504639
103164,73505,73505,Intersection,Cycles,0,,,0,,10/29/2007 12:00:00 AM +0000,10/29/2007 2:01:00 PM,1,26791,At Intersection (intersection related),Daylight,WOODLAWN AVE N AND N 45TH W ST,0,1,Y,2,2893284,Dry,18,"MOTOR VEHICLE STRUCK PEDALCYCLIST, FRONT END AT ANGLE",07302002,13680,0,2,Injury Collision,,45,Bicycle,Matched,0,1,Clear or Partly Cloudy,0,"(47.66138585200008, -122.33915660499997)",0,0,N,07-442007
103244,73481,73481,Block,Cycles,182,,,0,Y,08/12/2007 12:00:00 AM +0000,8/12/2007 4:07:00 PM,1,,Mid-Block (not related to intersection),Daylight,E PINE ST BETWEEN 14TH AVE AND 15TH AVE,0,1,,2,2802723,Dry,53,PEDALCYCLIST STRUCK MOTOR VEHICLE LEFT SIDE AT ANGLE,07224003,14640,0,2,Injury Collision,,45,Bicycle,Matched,0,1,Clear or Partly Cloudy,0,"(47.61528451500004, -122.31350633299996)",10435,0,N,07-331716
103272,73473,73473,Intersection,Cycles,0, ,,0,,10/10/2007 12:00:00 AM +0000,10/10/2007 5:22:00 PM,1,35449,At Intersection (intersection related),Daylight,RAINIER AVE S AND S FISHER PL,0,1,Y,2,2797139,Dry,18,"MOTOR VEHICLE STRUCK PEDALCYCLIST, FRONT END AT ANGLE",07283005,12423,0,2,Injury Collision,,45,Bicycle,Matched,0,1,Clear or Partly Cloudy,0,"(47.521410787000036, -122.269997478)",0,523393,N,07-416604
103396,73323,73323,Block,Cycles,270,,,0,,11/16/2007 12:00:00 AM +0000,11/16/2007 4:07:00 PM,1,,Mid-Block (not related to intersection),Dark - Street Lights On,EASTLAKE AVE E BETWEEN E BOSTON ST AND E LYNN ST,0,1,,3,2906076,Wet,56,PEDALCYCLIST STRUCK MOTOR VEHICLE LEFT SIDE SIDESWIPE,07320005,10176,0,2,Injury Collision,,45,Bicycle,Matched,0,2,Raining,0,"(47.638985674000025, -122.32589341199997)",24749,0,N,07-465869
103412,73316,73316,Intersection,Cycles,0, ,,0,,12/09/2007 12:00:00 AM +0000,12/9/2007,1,30538,At Intersection (intersection related),Daylight,4TH AVE S AND SEATTLE BLVD S,0,1,,2,2612711,Dry,51,PEDALCYCLIST STRUCK MOTOR VEHICLE FRONT END AT ANGLE,07343025,6232,0,2,Injury Collision,,45,Bicycle,Matched,0,1,Overcast,0,"(47.59648601400005, -122.32904622099994)",0,522348,N,07-494450
103441,72791,72791,Block,Cycles,181,,,0,,02/05/2007 12:00:00 AM +0000,2/5/2007,1,,Mid-Block (not related to intersection),Daylight,12TH AVE BETWEEN E YESLER WAY AND E FIR ST,0,1,,2,2614972,Wet,56,PEDALCYCLIST STRUCK MOTOR VEHICLE LEFT SIDE SIDESWIPE,07036003,1523,1,2b,Serious Injury Collision,,45,Bicycle,Matched,0,1,Overcast,0,"(47.602188270000056, -122.316781849)",10536,0,N,07-051046
103564,72895,72895,Intersection,Cycles,0,,,0,,04/24/2007 12:00:00 AM +0000,4/24/2007 7:40:00 AM,1,36754,At Intersection (intersection related),Daylight,20TH AVE NE AND NE NORTHGATE WAY,0,1,,2,2614184,Dry,18,"MOTOR VEHICLE STRUCK PEDALCYCLIST, FRONT END AT ANGLE",07114002,2996,0,2,Injury Collision,,45,Bicycle,Matched,0,1,Overcast,0,"(47.708470059000035, -122.30623651999997)",0,0,N,07-162746
103590,72886,72886,Block,Cycles,200,,,0,,06/09/2007 12:00:00 AM +0000,6/9/2007,1,,Mid-Block (not related to intersection),Daylight,NW MARKET ST BETWEEN LEARY AVE NW AND BALLARD AVE NW,1,1,Y,2,2795578,Wet,64,PEDALCYCLIST STRUCK PEDESTRIAN,07160004,19234,0,2,Injury Collision,,45,Bicycle,Matched,0,0,Raining,0,"(47.66867918000003, -122.38555473999998)",0,0,N,07-232432
103592,72885,72885,Intersection,Cycles,0,,,0,,06/10/2007 12:00:00 AM +0000,6/10/2007 5:01:00 PM,1,36985,At Intersection (intersection related),Daylight,18TH AVE NW AND NW 85TH ST,0,1,,2,2624638,Dry,51,PEDALCYCLIST STRUCK MOTOR VEHICLE FRONT END AT ANGLE,07161001,2586,0,2,Injury Collision,,45,Bicycle,Matched,0,1,Overcast,0,"(47.69059913500007, -122.38002882699999)",26116,0,N,07-233968
103627,73006,73006,Intersection,Cycles,0,,,0,,09/11/2007 12:00:00 AM +0000,9/11/2007 12:52:00 PM,1,29622,At Intersection (intersection related),Daylight,1ST AVE AND MARION ST,0,1,,2,2804826,Dry,18,"MOTOR VEHICLE STRUCK PEDALCYCLIST, FRONT END AT ANGLE",07254032,1003,0,2,Injury Collision,,45,Bicycle,Matched,0,1,Clear or Partly Cloudy,0,"(47.60398223800007, -122.33558646699998)",36223,0,N,07-376503