OBJECTID,INCKEY,COLDETKEY,ADDRTYPE,COLLISIONTYPE,DISTANCE,EXCEPTRSNCODE,EXCEPTRSNDESC,FATALITIES,INATTENTIONIND,INCDATE,INCDTTM,INJURIES,INTKEY,JUNCTIONTYPE,LIGHTCOND,LOCATION,PEDCOUNT,PEDCYLCOUNT,PEDROWNOTGRNT,PERSONCOUNT,REPORTNO,ROADCOND,SDOT_COLCODE,SDOT_COLDESC,SDOTCOLNUM,SEGKEY,SERIOUSINJURIES,SEVERITYCODE,SEVERITYDESC,SPEEDING,ST_COLCODE,ST_COLDESC,STATUS,UNDERINFL,VEHCOUNT,WEATHER,WIDTH,Shape,SEGLANEKEY,CROSSWALKKEY,HITPARKEDCAR,SPDCASENO
103708,72855,72855,Intersection,Cycles,0,,,0,,06/02/2007 12:00:00 AM +0000,6/2/2007,1,27273,At Intersection (intersection related),Daylight,N 36TH ST AND N PACIFIC ST,0,1,,2,2830252,Dry,18,"MOTOR VEHICLE STRUCK PEDALCYCLIST, FRONT END AT ANGLE",07153005,9764,0,2,Injury Collision,,45,Bicycle,Matched,0,1,Clear or Partly Cloudy,0,"(47.65050201500003, -122.33154340399994)",0,0,N,07-221452
103712,72851,72851,Block,Cycles,130.5,,,0,,04/05/2007 12:00:00 AM +0000,4/5/2007,1,,Mid-Block (not related to intersection),Daylight,E PINE ST BETWEEN SUMMIT AVE AND BELMONT AVE,0,1,,2,C684641,Dry,23,"MOTOR VEHICLE STRUCK PEDALCYCLIST, LEFT SIDE SIDESWIPE",07095040,14630,0,2,Injury Collision,,45,Bicycle,Matched,0,1,Clear or Partly Cloudy,0,"(47.61522186600007, -122.32500275399997)",10354,0,N,
103716,72970,72970,Block,Cycles,211.5,,,0,,05/12/2007 12:00:00 AM +0000,5/12/2007 9:53:00 AM,1,,Mid-Block (not related to intersection),Daylight,ALASKAN WAY BETWEEN BLANCHARD ST AND XW BELL ST,0,1,Y,2,2805428,Dry,18,"MOTOR VEHICLE STRUCK PEDALCYCLIST, FRONT END AT ANGLE",07132003,8729,0,2,Injury Collision,,45,Bicycle,Matched,0,1,Clear or Partly Cloudy,0,"(47.61114197200004, -122.34825489499997)",20841,0,N,07-189660
103735,73094,73094,Block,Cycles,130,,,0,,01/16/2007 12:00:00 AM +0000,1/16/2007 9:23:00 PM,0,,Mid-Block (but intersection related),Dark - Street Lights On,NE 43RD ST BETWEEN 7TH AVE NE AND 8TH AVE NE,0,1,Y,2,2802659,Snow/Slush,23,"MOTOR VEHICLE STRUCK PEDALCYCLIST, LEFT SIDE SIDESWIPE",07016008,16806,0,1,Property Damage Only Collision,,45,Bicycle,Matched,0,1,Overcast,0,"(47.65946149600006, -122.32031135799997)",0,0,N,07-22290
103753,72716,72716,Block,Cycles,214,,,0,,11/03/2007 12:00:00 AM +0000,11/3/2007,0,,Mid-Block (not related to intersection),Dusk,1ST AVE BETWEEN STEWART ST AND VIRGINIA ST,0,1,,2,2608096,Dry,54,PEDALCYCLIST STRUCK MOTOR VEHICLE REAR END,07307002,1011,0,1,Property Damage Only Collision,,45,Bicycle,Matched,0,1,Clear or Partly Cloudy,0,"(47.61068110100007, -122.34195802499994)",36642,0,N,07-449203
103781,73088,73088,Block,Cycles,77,,,0,,11/25/2007 12:00:00 AM +0000,11/25/2007 1:57:00 PM,1,,Mid-Block (but intersection related),Daylight,S GRAHAM ST BETWEEN BLAIR TER S AND WILSON AVE S,0,1,,1,2797142,Dry,66,PEDALCYCLIST STRUCK OBJECT IN ROAD,07329004,20139,0,2,Injury Collision,,45,Bicycle,Matched,0,0,Clear or Partly Cloudy,0,"(47.54605613100006, -122.26404113999996)",0,0,N,07-476724
103800,73214,73214,Intersection,Cycles,0,,,0,,05/23/2007 12:00:00 AM +0000,5/23/2007 2:52:00 PM,1,32565,At Intersection (intersection related),Daylight,49TH AVE S AND LAKE WASHINGTON BLVD S,0,1,,2,2806856,Dry,21,"MOTOR VEHICLE STRUCK PEDALCYCLIST, REAR END",07143004,7178,0,2,Injury Collision,Y,45,Bicycle,Matched,0,1,Clear or Partly Cloudy,0,"(47.56764392300005, -122.27200996399995)",0,0,N,07-205974
103858,72813,72813,Intersection,Cycles,0,,,0,,01/31/2007 12:00:00 AM +0000,1/31/2007 7:11:00 AM,0,33025,At Intersection (intersection related),Dawn,1ST AVE S AND S BENNETT ST,0,1,,2,2609372,Dry,18,"MOTOR VEHICLE STRUCK PEDALCYCLIST, FRONT END AT ANGLE",07031001,1219,0,1,Property Damage Only Collision,,45,Bicycle,Matched,0,1,Clear or Partly Cloudy,0,"(47.55492434200005, -122.33421483699999)",1408,0,N,07-043611
103896,73061,73061,Block,Cycles,165,,,0,,09/05/2007 12:00:00 AM +0000,9/5/2007,1,,Mid-Block (not related to intersection),Daylight,HARVARD AVE E BETWEEN E SHELBY ST AND E GWINN PL,0,1,Y,2,2827826,Dry,23,"MOTOR VEHICLE STRUCK PEDALCYCLIST, LEFT SIDE SIDESWIPE",07248003,10860,0,2,Injury Collision,,45,Bicycle,Matched,0,1,Clear or Partly Cloudy,0,"(47.647372983000025, -122.32210191399997)",42014,0,N,07-367349
103904,72925,72925,Intersection,Cycles,0, ,,0,Y,03/13/2007 12:00:00 AM +0000,3/13/2007 6:55:00 AM,1,26144,At Intersection (intersection related),Daylight,50TH AVE NE AND SAND POINT WAY NE,0,1,Y,3,2624875,Dry,18,"MOTOR VEHICLE STRUCK PEDALCYCLIST, FRONT END AT ANGLE",07072004,12712,0,2,Injury Collision,,45,Bicycle,Matched,0,1,Clear or Partly Cloudy,0,"(47.66830673000004, -122.27411830499994)",0,521820,N,07-102544
103917,73057,73057,Block,Cycles,123.5,,,0,,08/15/2007 12:00:00 AM +0000,8/15/2007 1:05:00 PM,1,,Driveway Junction,Daylight,ROOSEVELT WAY NE BETWEEN NE 56TH ST AND NE 57TH ST,0,1,Y,2,2799051,Dry,18,"MOTOR VEHICLE STRUCK PEDALCYCLIST, FRONT END AT ANGLE",07227002,12605,0,2,Injury Collision,,45,Bicycle,Matched,0,1,Clear or Partly Cloudy,0,"(47.66971448900006, -122.31736372499995)",0,0,N,07-335793
104053,72505,72505,Intersection,Cycles,0,,,0,,09/12/2007 12:00:00 AM +0000,9/12/2007 5:36:00 AM,1,28775,At Intersection (intersection related),Dark - Street Lights On,DEXTER AVE N AND REPUBLICAN ST,0,1,,2,2804877,Dry,51,PEDALCYCLIST STRUCK MOTOR VEHICLE FRONT END AT ANGLE,07255004,10075,1,2b,Serious Injury Collision,,45,Bicycle,Matched,0,1,Clear or Partly Cloudy,0,"(47.62322375000008, -122.34236126699994)",0,0,N,07-377580
104071,72624,72624,Intersection,Cycles,0,,,0,,08/31/2007 12:00:00 AM +0000,8/31/2007 11:19:00 AM,1,26795,At Intersection (intersection related),Daylight,STONE WAY N AND N ALLEN PL,0,1,Y,2,2881393,Dry,18,"MOTOR VEHICLE STRUCK PEDALCYCLIST, FRONT END AT ANGLE",07243012,12968,0,2,Injury Collision,,45,Bicycle,Matched,0,1,Clear or Partly Cloudy,0,"(47.66067212100006, -122.34218132399997)",12968,0,N,07-359710
104083,72355,72355,Block,Cycles,150.5,,,0,,06/28/2007 12:00:00 AM +0000,6/28/2007 8:30:00 AM,1,,Mid-Block (not related to intersection),Daylight,DEXTER AVE N BETWEEN COMSTOCK ST AND LEE ST,0,1,Y,2,2805386,Wet,18,"MOTOR VEHICLE STRUCK PEDALCYCLIST, FRONT END AT ANGLE",07179005,10082,0,2,Injury Collision,,45,Bicycle,Matched,0,1,Raining,0,"(47.63099716500005, -122.34229241699995)",12809,0,N,07-261405
104183,72463,72463,Intersection,Cycles,0, ,,0,,09/13/2007 12:00:00 AM +0000,9/13/2007 7:32:00 PM,1,27065,At Intersection (intersection related),Daylight,11TH AVE NE AND NE 45TH ST,0,1,Y,2,2795717,Dry,18,"MOTOR VEHICLE STRUCK PEDALCYCLIST, FRONT END AT ANGLE",07256004,1409,0,2,Injury Collision,,45,Bicycle,Matched,0,1,Clear or Partly Cloudy,0,"(47.66129196000003, -122.31657893399995)",0,520890,N,07-379961
104305,72311,72311,Intersection,Cycles,0,,,0,,07/10/2007 12:00:00 AM +0000,7/10/2007 3:00:00 PM,1,25464,At Intersection (intersection related),Daylight,LEARY WAY NW AND NW 46TH ST,0,1,Y,2,2830286,Dry,18,"MOTOR VEHICLE STRUCK PEDALCYCLIST, FRONT END AT ANGLE",07191003,11347,0,2,Injury Collision,,45,Bicycle,Matched,0,1,Clear or Partly Cloudy,0,"(47.66219540600008, -122.36786512799995)",0,0,N,07-281154
104372,72554,72554,Block,Cycles,930.5,,,0,,07/06/2007 12:00:00 AM +0000,7/6/2007,1,,Mid-Block (not related to intersection),Daylight,BALLARD BR BETWEEN 15TH AVE W AND POINT A,0,1,,2,2795038,Dry,18,"MOTOR VEHICLE STRUCK PEDALCYCLIST, FRONT END AT ANGLE",07187001,9047,1,2b,Serious Injury Collision,,45,Bicycle,Matched,0,1,Clear or Partly Cloudy,0,"(47.656987822000076, -122.37622256199995)",0,0,N,07-274813
104377,72549,72549,Intersection,Cycles,0,,,0,,10/16/2007 12:00:00 AM +0000,10/16/2007 5:20:00 PM,1,28775,At Intersection (intersection related),Dusk,DEXTER AVE N AND REPUBLICAN ST,0,1,,2,2791792,Dry,51,PEDALCYCLIST STRUCK MOTOR VEHICLE FRONT END AT ANGLE,07289033,10075,0,2,Injury Collision,,45,Bicycle,Matched,0,1,Overcast,0,"(47.62322375000008, -122.34236126699994)",12628,0,N,07-424613
104400,72677,72677,Block,Cycles,180,,,0,,05/09/2007 12:00:00 AM +0000,5/9/2007,1,,Mid-Block (not related to intersection),Daylight,BROADWAY BETWEEN TERRACE ST AND JEFFERSON ST,0,1,,2,2791902,Dry,18,"MOTOR VEHICLE STRUCK PEDALCYCLIST, FRONT END AT ANGLE",07129005,9436,0,2,Injury Collision,,45,Bicycle,Matched,0,1,Clear or Partly Cloudy,0,"(47.60571832000005, -122.32074918599994)",42023,0,N,07-184841
104425,72133,72133,Intersection,Cycles,0,,,0,,10/17/2007 12:00:00 AM +0000,10/17/2007 5:48:00 PM,1,25790,At Intersection (intersection related),Daylight,11TH AVE NE AND NE 50TH ST,0,1,Y,2,2892917,Wet,18,"MOTOR VEHICLE STRUCK PEDALCYCLIST, FRONT END AT ANGLE",07290001,1411,1,2b,Serious Injury Collision,,45,Bicycle,Matched,0,1,Raining,0,"(47.66492767300008, -122.31633451799996)",0,0,N,07-426003
104485,71997,71997,Intersection,Cycles,0, ,,0,,10/30/2007 12:00:00 AM +0000,10/30/2007 9:00:00 AM,1,167156,At Intersection (intersection related),Unknown,BEACON ER AVE S AND S DAWSON ST,0,1,Y,2,2804864,Unknown,18,"MOTOR VEHICLE STRUCK PEDALCYCLIST, FRONT END AT ANGLE",07303036,19788,0,2,Injury Collision,,45,Bicycle,Matched,0,1,Unknown,0,"(47.555958572000065, -122.30323531799996)",0,524766,N,07-443268
104492,72668,72668,Block,Cycles,213, ,,0,Y,11/16/2007 12:00:00 AM +0000,11/16/2007 4:06:00 PM,1,,Mid-Block (not related to intersection),Dark - Street Lights On,3RD AVE BETWEEN VIRGINIA ST AND LENORA ST,0,1,,2,2898552,Wet,23,"MOTOR VEHICLE STRUCK PEDALCYCLIST, LEFT SIDE SIDESWIPE",07320004,4387,0,2,Injury Collision,,45,Bicycle,Matched,0,1,Raining,0,"(47.61278151100004, -122.34154107899997)",35721,0,N,07-465868
104494,72123,72123,Intersection,Cycles,0,,,0,Y,05/30/2007 12:00:00 AM +0000,5/30/2007 11:51:00 AM,1,29603,At Intersection (intersection related),Daylight,2ND AVE AND UNIVERSITY ST,0,1,,2,2607314,Dry,51,PEDALCYCLIST STRUCK MOTOR VEHICLE FRONT END AT ANGLE,07150002,2756,0,2,Injury Collision,,45,Bicycle,Matched,0,1,Clear or Partly Cloudy,0,"(47.60729905800008, -122.33708679799997)",12165,0,N,07-216102
104501,72012,72012,Intersection,Cycles,0,,,0,,04/12/2007 12:00:00 AM +0000,4/12/2007 12:39:00 AM,0,29577,At Intersection (intersection related),Dark - Street Lights On,5TH AVE AND PINE ST,0,1,,2,2806612,Dry,51,PEDALCYCLIST STRUCK MOTOR VEHICLE FRONT END AT ANGLE,07102001,7239,0,1,Property Damage Only Collision,,45,Bicycle,Matched,0,1,Clear or Partly Cloudy,0,"(47.61167201000006, -122.33648396599995)",21833,0,N,07-145529
104599,71973,71973,Block,Cycles,129.5,,,0,,04/15/2007 12:00:00 AM +0000,4/15/2007 2:30:00 PM,0,,Mid-Block (but intersection related),Daylight,S WASHINGTON ST BETWEEN 26TH AVE S AND 27TH AVE S,0,1,,2,2615121,Dry,18,"MOTOR VEHICLE STRUCK PEDALCYCLIST, FRONT END AT ANGLE",07105007,21508,0,1,Property Damage Only Collision,,45,Bicycle,Matched,0,1,Clear or Partly Cloudy,0,"(47.60086529300003, -122.29840836099999)",0,0,N,07-150388
104672,71707,71707,Intersection,Cycles,0,,,0,,02/19/2007 12:00:00 AM +0000,2/19/2007 4:37:00 PM,1,29130,At Intersection (intersection related),Daylight,BELLEVUE AVE E AND E REPUBLICAN ST,0,1,,3,2616947,Wet,51,PEDALCYCLIST STRUCK MOTOR VEHICLE FRONT END AT ANGLE,07050002,9222,1,2b,Serious Injury Collision,,45,Bicycle,Matched,0,1,Raining,0,"(47.62313419700007, -122.32659192299997)",0,0,N,07-072566
104741,71941,71941,Intersection,Cycles,0,,,0,,04/23/2007 12:00:00 AM +0000,4/23/2007 6:00:00 PM,0,31899,At Intersection (intersection related),Daylight,35TH AVE SW AND SW AVALON WAY,0,1,Y,2,2798236,Dry,18,"MOTOR VEHICLE STRUCK PEDALCYCLIST, FRONT END AT ANGLE",07113001,5450,0,1,Property Damage Only Collision,,45,Bicycle,Matched,0,1,Clear or Partly Cloudy,0,"(47.56407659800004, -122.37618931799994)",3547,0,N,07-162099
104777,71683,71683,Intersection,Cycles,0, ,,0,,09/29/2007 12:00:00 AM +0000,9/29/2007 12:45:00 PM,1,25949,At Intersection (intersection related),Daylight,25TH AVE NE AND NE BLAKELEY ST,0,1,Y,2,2893251,Wet,18,"MOTOR VEHICLE STRUCK PEDALCYCLIST, FRONT END AT ANGLE",07272001,3723,0,2,Injury Collision,,45,Bicycle,Matched,0,1,Raining,0,"(47.66626671800003, -122.30060497999995)",0,524372,N,07-402075
104813,71784,71784,Intersection,Cycles,0,,,0,,12/12/2007 12:00:00 AM +0000,12/12/2007 4:12:00 PM,1,25447,At Intersection (intersection related),Dark - Street Lights On,15TH AVE NW AND BALLARD BR,0,1,Y,2,2904627,Dry,18,"MOTOR VEHICLE STRUCK PEDALCYCLIST, FRONT END AT ANGLE",07346033,2097,0,2,Injury Collision,,45,Bicycle,Matched,0,1,Overcast,0,"(47.665049759000055, -122.37622023499995)",18252,0,N,07-498422
104815,71782,71782,Intersection,Cycles,0,,,0,Y,12/16/2007 12:00:00 AM +0000,12/16/2007 7:00:00 PM,1,29054,At Intersection (intersection related),Dark - Street Lights On,11TH AVE E AND E JOHN ST,0,1,,2,2906253,Wet,51,PEDALCYCLIST STRUCK MOTOR VEHICLE FRONT END AT ANGLE,07350007,1387,0,2,Injury Collision,Y,45,Bicycle,Matched,0,1,Raining,0,"(47.61992718400006, -122.31823392599995)",0,0,N,07-503557
104895,72022,72022,Intersection,Cycles,0,,,0,,01/22/2007 12:00:00 AM +0000,1/22/2007 5:50:00 PM,1,25494,At Intersection (intersection related),Dark - Street Lights On,GREEN LAKE TURN RD AND WEST GREEN LAKE WAY N,0,1,Y,2,2609834,Dry,18,"MOTOR VEHICLE STRUCK PEDALCYCLIST, FRONT END AT ANGLE",07022002,10699,0,2,Injury Collision,,45,Bicycle,Matched,0,1,Clear or Partly Cloudy,0,"(47.66977339400006, -122.34034257599995)",29196,0,N,07-030856
104971,72139,72139,Block,Cycles,255,,,0,Y,09/08/2007 12:00:00 AM +0000,9/8/2007,1,,Mid-Block (not related to intersection),Daylight,LAKE WASHINGTON BLVD E BETWEEN E DENNY BLAINE N PL AND MCGILVRA BLVD E,0,1,,2,2827757,Dry,51,PEDALCYCLIST STRUCK MOTOR VEHICLE FRONT END AT ANGLE,07251001,11201,0,2,Injury Collision,,45,Bicycle,Matched,0,1,Clear or Partly Cloudy,0,"(47.62083351900003, -122.28223950299997)",0,0,N,07-372104
104991,71755,71755,Block,Cycles,153,,,0,,06/23/2007 12:00:00 AM +0000,6/23/2007 4:45:00 PM,1,,Mid-Block (not related to intersection),Daylight,1ST AVE S BETWEEN S MAIN ST AND S JACKSON ST,0,1,,2,2619202,Dry,18,"MOTOR VEHICLE STRUCK PEDALCYCLIST, FRONT END AT ANGLE",07174003,1187,0,2,Injury Collision,,45,Bicycle,Matched,0,1,Clear or Partly Cloudy,0,"(47.59962589500003, -122.33418648099996)",36141,0,N,07-254543
104994,71348,71348,Intersection,Cycles,0,,,0,,05/22/2007 12:00:00 AM +0000,5/22/2007 9:20:00 AM,1,29911,At Intersection (intersection related),Daylight,7TH AVE AND UNION ST,0,1,,2,2825690,Dry,18,"MOTOR VEHICLE STRUCK PEDALCYCLIST, FRONT END AT ANGLE",07142003,8157,0,2,Injury Collision,,45,Bicycle,Matched,0,1,Overcast,0,"(47.610614154000075, -122.33244672399996)",37014,0,N,07-204157
105050,71333,71333,Block,Cycles,213, ,,0,,07/15/2007 12:00:00 AM +0000,7/15/2007 1:14:00 PM,1,,Mid-Block (not related to intersection),Daylight,WESTERN AVE BETWEEN BLANCHARD ST AND BELL ST,0,1,Y,2,2618330,Dry,18,"MOTOR VEHICLE STRUCK PEDALCYCLIST, FRONT END AT ANGLE",07196001,13508,0,2,Injury Collision,,45,Bicycle,Matched,0,1,Clear or Partly Cloudy,0,"(47.61232510100007, -122.34672087299998)",0,523763,N,07-288972
105057,71204,71204,Block,Cycles,218,,,0,Y,05/01/2007 12:00:00 AM +0000,5/1/2007,1,,Driveway Junction,Daylight,EASTLAKE AVE E BETWEEN HARVARD AVE E AND FUHRMAN AVE E,0,1,Y,3,2805830,Dry,18,"MOTOR VEHICLE STRUCK PEDALCYCLIST, FRONT END AT ANGLE",07121007,10184,0,2,Injury Collision,,45,Bicycle,Matched,0,1,Clear or Partly Cloudy,0,"(47.65104751100006, -122.32168580199999)",6064,0,N,07-173678
105068,71469,71469,Intersection,Cycles,0,,,0,Y,05/14/2007 12:00:00 AM +0000,5/14/2007 7:45:00 PM,1,25789,At Intersection (intersection related),Daylight,ROOSEVELT WAY NE AND NE 50TH ST,0,1,,2,2609933,Dry,51,PEDALCYCLIST STRUCK MOTOR VEHICLE FRONT END AT ANGLE,07134001,12601,0,2,Injury Collision,,45,Bicycle,Matched,0,1,Clear or Partly Cloudy,0,"(47.664937344000066, -122.31740379099995)",9124,0,N,07-193017
105101,71451,71451,Block,Cycles,71.5,,,0,,05/18/2007 12:00:00 AM +0000,5/18/2007 11:23:00 AM,1,,Mid-Block (but intersection related),Daylight,E OLIVE WAY BETWEEN BELMONT AVE E AND BOYLSTON W AVE E,0,1,,1,2621742,Dry,69,PEDALCYCLIST OVERTURNED IN ROAD,07138009,14588,0,2,Injury Collision,,45,Bicycle,Matched,0,0,Clear or Partly Cloudy,0,"(47.61974514500008, -122.32374795099997)",23250,0,N,07-198418
105170,71184,71184,Block,Cycles,108.5,,,0,,07/14/2007 12:00:00 AM +0000,7/14/2007 7:38:00 AM,0,,Mid-Block (not related to intersection),Daylight,LAKESIDE AVE S BETWEEN S LESCHI PL AND S JACKSON ST,0,1,,2,2792338,Dry,54,PEDALCYCLIST STRUCK MOTOR VEHICLE REAR END,07195006,11259,0,1,Property Damage Only Collision,,45,Bicycle,Matched,0,1,Clear or Partly Cloudy,0,"(47.59937385000006, -122.286507831)",0,0,N,07-287164
105250,71153,71153,Block,Cycles,161,,,0,,04/28/2007 12:00:00 AM +0000,4/28/2007 12:55:00 PM,1,,Driveway Junction,Daylight,LENORA ST BETWEEN 1ST AVE AND 2ND AVE,0,1,,2,2795030,Dry,51,PEDALCYCLIST STRUCK MOTOR VEHICLE FRONT END AT ANGLE,07118004,11367,0,2,Injury Collision,Y,45,Bicycle,Matched,0,1,Clear or Partly Cloudy,0,"(47.612168567000026, -122.34348369299994)",0,0,N,07-169218
105279,71399,71399,Block,Cycles,387.5,,,0,,08/01/2007 12:00:00 AM +0000,8/1/2007,1,,Driveway Junction,Dark - Street Lights On,1ST AVE S BETWEEN S MASSACHUSETTS ST AND S HOLGATE ST,0,1,Y,3,2826072,Dry,18,"MOTOR VEHICLE STRUCK PEDALCYCLIST, FRONT END AT ANGLE",07213003,1204,0,2,Injury Collision,,45,Bicycle,Matched,0,1,Clear or Partly Cloudy,0,"(47.587167547000035, -122.33419724299995)",0,0,N,07-315335
105400,71648,71648,Block,Cycles,254.5,,,0,,12/12/2007 12:00:00 AM +0000,12/12/2007 10:09:00 PM,1,,Mid-Block (but intersection related),Dark - Street Lights On,LAKEVIEW BLVD E BETWEEN E GARFIELD ST AND HARVARD AVE E,0,1,Y,2,2906402,Dry,18,"MOTOR VEHICLE STRUCK PEDALCYCLIST, FRONT END AT ANGLE",07346014,11281,0,2,Injury Collision,,45,Bicycle,Matched,1,1,Clear or Partly Cloudy,0,"(47.63520625500007, -122.32239428099996)",0,0,N,2007-498677
105409,71382,71382,Block,Cycles,150,,,0,Y,02/06/2007 12:00:00 AM +0000,2/6/2007,1,,Driveway Junction,Daylight,7TH AVE BETWEEN WESTLAKE AVE AND LENORA ST,0,1,Y,2,2622545,Wet,51,PEDALCYCLIST STRUCK MOTOR VEHICLE FRONT END AT ANGLE,07037006,8163,0,2,Injury Collision,,45,Bicycle,Matched,0,1,Overcast,0,"(47.61555350900005, -122.33829361)",13839,0,N,07-052477
105464,71624,71624,Intersection,Cycles,0,,,0,,01/07/2007 12:00:00 AM +0000,1/7/2007,1,29915,At Intersection (intersection related),Daylight,HUBBELL PL AND SENECA ST,0,1,Y,2,2621305,Wet,18,"MOTOR VEHICLE STRUCK PEDALCYCLIST, FRONT END AT ANGLE",07007005,10968,0,2,Injury Collision,,45,Bicycle,Matched,0,1,Overcast,0,"(47.60901487500007, -122.33063081799997)",9107,0,N,07-009700
105499,71359,71359,Intersection,Cycles,0, ,,0,,02/12/2007 12:00:00 AM +0000,2/12/2007 3:35:00 PM,1,33100,At Intersection (intersection related),Daylight,AIRPORT WAY S AND S LUCILE ST,0,1,Y,2,2625247,Dry,18,"MOTOR VEHICLE STRUCK PEDALCYCLIST, FRONT END AT ANGLE",07043006,8690,0,2,Injury Collision,,45,Bicycle,Matched,0,1,Clear or Partly Cloudy,0,"(47.55335102400005, -122.32100440499994)",0,525162,N,07-062244
105579,70689,70689,Block,Cycles,130,,,0,,03/15/2007 12:00:00 AM +0000,3/15/2007 8:08:00 PM,1,,Driveway Junction,Dark - Street Lights On,15TH AVE NW BETWEEN NW 64TH ST AND NW 65TH ST,0,1,Y,2,2624522,Wet,18,"MOTOR VEHICLE STRUCK PEDALCYCLIST, FRONT END AT ANGLE",07074006,2111,0,2,Injury Collision,,45,Bicycle,Matched,0,1,Raining,0,"(47.67563448100003, -122.37621067499998)",0,0,N,07-106420
105627,71068,71068,Intersection,Cycles,0,,,0,,12/11/2007 12:00:00 AM +0000,12/11/2007 2:34:00 PM,1,25423,At Intersection (intersection related),Daylight,14TH AVE NW AND NW MARKET ST,0,1,Y,2,2881150,Dry,18,"MOTOR VEHICLE STRUCK PEDALCYCLIST, FRONT END AT ANGLE",07345004,1895,0,2,Injury Collision,,45,Bicycle,Matched,0,1,Clear or Partly Cloudy,0,"(47.66866536800006, -122.37358850399994)",26709,0,N,07-496808
105628,71067,71067,Block,Cycles,57.5,,,0,,12/11/2007 12:00:00 AM +0000,12/11/2007 8:45:00 AM,1,,Mid-Block (not related to intersection),Daylight,FAUNTLEROY WAY SW BETWEEN 44TH AVE SW AND FAUNTLEROY WR N WAY SW,0,1,Y,2,2792601,Dry,18,"MOTOR VEHICLE STRUCK PEDALCYCLIST, FRONT END AT ANGLE",07345005,10401,0,2,Injury Collision,,45,Bicycle,Matched,0,1,Clear or Partly Cloudy,0,"(47.54458200100004, -122.38892295499994)",0,0,N,07-496434
105674,70787,70787,Intersection,Cycles,0,,,0,,05/15/2007 12:00:00 AM +0000,5/15/2007 6:01:00 PM,1,26688,At Intersection (intersection related),Daylight,3RD AVE W AND W NICKERSON ST,0,1,Y,3,2825484,Dry,18,"MOTOR VEHICLE STRUCK PEDALCYCLIST, FRONT END AT ANGLE",07135011,4570,0,2,Injury Collision,,45,Bicycle,Matched,0,1,Clear or Partly Cloudy,0,"(47.65082920700007, -122.36087725499999)",12501,0,N,07-194341
105882,71124,71124,Intersection,Cycles,0,,,0,,07/30/2007 12:00:00 AM +0000,7/30/2007 11:20:00 AM,1,29134,At Intersection (intersection related),Daylight,MINOR AVE N AND REPUBLICAN ST,0,1,Y,3,2826062,Dry,18,"MOTOR VEHICLE STRUCK PEDALCYCLIST, FRONT END AT ANGLE",07211036,11889,1,2b,Serious Injury Collision,,45,Bicycle,Matched,0,1,Clear or Partly Cloudy,0,"(47.62311600600003, -122.33299987599997)",31263,0,N,07-311600
105893,70872,70872,Intersection,Cycles,0,,,0,,07/08/2007 12:00:00 AM +0000,7/8/2007,1,29220,At Intersection (intersection related),Daylight,28TH AVE E AND E WARD ST,0,1,,2,2792364,Dry,51,PEDALCYCLIST STRUCK MOTOR VEHICLE FRONT END AT ANGLE,07189007,4105,0,2,Injury Collision,,45,Bicycle,Matched,0,1,Clear or Partly Cloudy,0,"(47.62738580000007, -122.29639627199998)",0,0,N,07-277839
105915,70981,70981,Intersection,Cycles,0, ,,0,,05/31/2007 12:00:00 AM +0000,5/31/2007 10:01:00 AM,1,27141,At Intersection (intersection related),Daylight,BROOKLYN AVE NE AND NE CAMPUS WB PY,0,1,,1,2794755,Dry,18,"MOTOR VEHICLE STRUCK PEDALCYCLIST, FRONT END AT ANGLE",07151003,9478,0,2,Injury Collision,,45,Bicycle,Matched,0,0,Clear or Partly Cloudy,0,"(47.656225446000064, -122.31441858999995)",31383,0,N,07-217696
106050,70175,70175,Intersection,Cycles,0,,,0,,06/08/2007 12:00:00 AM +0000,6/8/2007,1,32070,At Intersection (intersection related),Daylight,DELRIDGE WAY SW AND SW OREGON ST,0,1,,2,2798703,Dry,18,"MOTOR VEHICLE STRUCK PEDALCYCLIST, FRONT END AT ANGLE",07159002,9963,0,2,Injury Collision,,45,Bicycle,Matched,0,1,Clear or Partly Cloudy,0,"(47.56289684500007, -122.36336114699998)",22928,0,N,07-230256
106060,70564,70564,Intersection,Cycles,0, ,,0,,05/06/2007 12:00:00 AM +0000,5/6/2007,0,36052,At Intersection (intersection related),Dusk,LAKE CITY WAY NE AND NE 130TH ST,0,1,,3,2603719,Dry,18,"MOTOR VEHICLE STRUCK PEDALCYCLIST, FRONT END AT ANGLE",07126022,11185,0,1,Property Damage Only Collision,,45,Bicycle,Matched,0,1,Clear or Partly Cloudy,0,"(47.722899066000025, -122.29319374499994)",0,630790,N,07-181077
106131,70416,70416,Block,Cycles,988,,,0,,11/16/2007 12:00:00 AM +0000,11/16/2007 7:58:00 AM,2,,Mid-Block (not related to intersection),Daylight,MAGNOLIA BR BETWEEN W GARFIELD ST OFF RP AND W GALER ST,1,1,Y,2,2804880,Dry,64,PEDALCYCLIST STRUCK PEDESTRIAN,07320006,11605,0,2,Injury Collision,,45,Bicycle,Matched,0,0,Overcast,0,"(47.63347634100006, -122.38743485599997)",0,0,N,07-465356
106148,70551,70551,Intersection,Cycles,0, ,,0,,06/17/2007 12:00:00 AM +0000,6/17/2007 1:40:00 PM,1,25132,At Intersection (intersection related),Daylight,24TH AVE NW AND NW 58TH ST,0,1,Y,3,2795036,Dry,18,"MOTOR VEHICLE STRUCK PEDALCYCLIST, FRONT END AT ANGLE",07168001,3593,0,2,Injury Collision,,45,Bicycle,Matched,0,1,Clear or Partly Cloudy,0,"(47.670916205000026, -122.38758736899996)",0,520925,N,07-244584