OBJECTID,INCKEY,COLDETKEY,ADDRTYPE,COLLISIONTYPE,DISTANCE,EXCEPTRSNCODE,EXCEPTRSNDESC,FATALITIES,INATTENTIONIND,INCDATE,INCDTTM,INJURIES,INTKEY,JUNCTIONTYPE,LIGHTCOND,LOCATION,PEDCOUNT,PEDCYLCOUNT,PEDROWNOTGRNT,PERSONCOUNT,REPORTNO,ROADCOND,SDOT_COLCODE,SDOT_COLDESC,SDOTCOLNUM,SEGKEY,SERIOUSINJURIES,SEVERITYCODE,SEVERITYDESC,SPEEDING,ST_COLCODE,ST_COLDESC,STATUS,UNDERINFL,VEHCOUNT,WEATHER,WIDTH,Shape,SEGLANEKEY,CROSSWALKKEY,HITPARKEDCAR,SPDCASENO
106183,70398,70398,Block,Cycles,166.5,,,0,,08/08/2007 12:00:00 AM +0000,8/8/2007,0,,Mid-Block (not related to intersection),Daylight,OCCIDENTAL AVE S BETWEEN S JACKSON ST AND S KING E ST,0,1,,2,2606529,Dry,18,"MOTOR VEHICLE STRUCK PEDALCYCLIST, FRONT END AT ANGLE",07220005,12023,0,1,Property Damage Only Collision,,45,Bicycle,Matched,0,1,Clear or Partly Cloudy,0,"(47.59874765700005, -122.33288401699997)",0,0,N,07-325410
106219,70522,70522,Intersection,Cycles,0,,,0,,06/28/2007 12:00:00 AM +0000,6/28/2007 8:30:00 AM,1,29515,At Intersection (intersection related),Daylight,DENNY WAY AND DEXTER AVE,0,1,,2,2607897,Wet,18,"MOTOR VEHICLE STRUCK PEDALCYCLIST, FRONT END AT ANGLE",07179008,10011,1,2b,Serious Injury Collision,,45,Bicycle,Matched,0,1,Raining,0,"(47.618550165000045, -122.34240185299996)",12567,0,N,07-261408
106230,70391,70391,Intersection,Cycles,0,,,0,,07/13/2007 12:00:00 AM +0000,7/13/2007 2:04:00 PM,1,38474,At Intersection (intersection related),Daylight,TERRACE ST AND YESLER WAY,0,1,Y,2,2791411,Dry,18,"MOTOR VEHICLE STRUCK PEDALCYCLIST, FRONT END AT ANGLE",07194005,13095,0,2,Injury Collision,,45,Bicycle,Matched,0,1,Clear or Partly Cloudy,0,"(47.60172128500005, -122.32902105199997)",9972,0,N,07-285720
106263,70386,70386,Intersection,Cycles,0,,,0,,03/07/2007 12:00:00 AM +0000,3/7/2007,1,29539,At Intersection (intersection related),Dark - Street Lights On,8TH AVE AND STEWART ST,0,1,,2,2620915,Dry,23,"MOTOR VEHICLE STRUCK PEDALCYCLIST, LEFT SIDE SIDESWIPE",07066012,8283,0,2,Injury Collision,,45,Bicycle,Matched,0,1,Clear or Partly Cloudy,0,"(47.61495251800005, -122.33529537599998)",0,0,N,07-093878
106304,70373,70373,Block,Cycles,143,,,0,,09/03/2007 12:00:00 AM +0000,9/3/2007,0,,Driveway Junction,Unknown,NE 47TH ST BETWEEN 7TH AVE NE AND 8TH AVE NE,0,1,,3,2792498,Unknown,18,"MOTOR VEHICLE STRUCK PEDALCYCLIST, FRONT END AT ANGLE",07246004,16890,0,1,Property Damage Only Collision,,45,Bicycle,Matched,0,1,Unknown,0,"(47.66313667600008, -122.32013700399995)",0,0,N,07-364 729
106486,70323,70323,Intersection,Cycles,0,,,0,,07/26/2007 12:00:00 AM +0000,7/26/2007 7:35:00 PM,1,30974,At Intersection (intersection related),Daylight,61ST AVE SW AND SW STEVENS ST,0,1,,2,2613598,Dry,18,"MOTOR VEHICLE STRUCK PEDALCYCLIST, FRONT END AT ANGLE",07207002,8087,1,2b,Serious Injury Collision,,45,Bicycle,Matched,0,1,Clear or Partly Cloudy,0,"(47.57774170500005, -122.41068633099997)",0,0,N,07-306057
106516,70181,70181,Intersection,Cycles,0,,,0,,06/02/2007 12:00:00 AM +0000,6/2/2007,1,29086,At Intersection (intersection related),Dark - Street Lights On,BELMONT AVE E AND LAKEVIEW BLVD E,0,1,,1,2792129,Dry,69,PEDALCYCLIST OVERTURNED IN ROAD,07153001,11278,1,2b,Serious Injury Collision,,45,Bicycle,Matched,1,0,Clear or Partly Cloudy,0,"(47.62832451000003, -122.32709992299999)",36179,0,N,07-222186
106521,70451,70451,Intersection,Cycles,0,,,0,,08/24/2007 12:00:00 AM +0000,8/24/2007 7:20:00 PM,1,34479,At Intersection (intersection related),Dusk,RAINIER AVE S AND S AUSTIN ST,0,1,Y,2,2797239,Dry,18,"MOTOR VEHICLE STRUCK PEDALCYCLIST, FRONT END AT ANGLE",07236008,12411,0,2,Injury Collision,,45,Bicycle,Matched,0,1,Clear or Partly Cloudy,0,"(47.53467180200005, -122.26999025799995)",0,0,N,07-349710
106557,70046,70046,Block,Cycles,390,,,0,,04/16/2007 12:00:00 AM +0000,4/16/2007 5:00:00 PM,0,,Driveway Junction,Daylight,WESTLAKE AVE N BETWEEN 8TH N AVE N AND BLAINE ST,0,1,Y,2,2802387,Dry,18,"MOTOR VEHICLE STRUCK PEDALCYCLIST, FRONT END AT ANGLE",07106001,13542,0,1,Property Damage Only Collision,,45,Bicycle,Matched,0,1,Clear or Partly Cloudy,0,"(47.63359097400007, -122.34052541699998)",0,0,N,07-152049
106574,69914,69914,Block,Cycles,661,,,0,,08/29/2007 12:00:00 AM +0000,8/29/2007 6:39:00 PM,1,,Mid-Block (not related to intersection),Daylight,25TH AVE NE BETWEEN NE 60TH ST AND NE 65TH ST,0,1,,4,2880831,Dry,23,"MOTOR VEHICLE STRUCK PEDALCYCLIST, LEFT SIDE SIDESWIPE",07241004,3727,0,2,Injury Collision,,45,Bicycle,Matched,0,1,Clear or Partly Cloudy,0,"(47.67396072400004, -122.30064519199999)",0,0,N,07-357133
106630,69771,69771,Intersection,Cycles,0,,,0,,09/28/2007 12:00:00 AM +0000,9/28/2007 7:32:00 AM,1,37430,At Intersection (intersection related),Daylight,DAYTON AVE N AND N 92ND ST,0,1,,3,2881163,Dry,18,"MOTOR VEHICLE STRUCK PEDALCYCLIST, FRONT END AT ANGLE",07271007,9931,1,2b,Serious Injury Collision,,45,Bicycle,Matched,0,1,Overcast,0,"(47.696020184000076, -122.35266730799998)",0,0,N,07-400283
106640,69639,69639,Block,Cycles,1967,,,0,,08/13/2007 12:00:00 AM +0000,8/13/2007 5:41:00 PM,1,,Mid-Block (not related to intersection),Daylight,AIRPORT WAY S BETWEEN CITY LIMITS C AND S NORFOLK ST,0,1,,3,2796740,Dry,51,PEDALCYCLIST STRUCK MOTOR VEHICLE FRONT END AT ANGLE,07225004,8702,0,2,Injury Collision,,45,Bicycle,Matched,0,1,Clear or Partly Cloudy,0,"(47.51412594400006, -122.28840763199997)",19366,0,N,07-333-119
106646,70019,70019,Intersection,Cycles,0,,,0,,04/07/2007 12:00:00 AM +0000,4/7/2007,1,25490,At Intersection (intersection related),Unknown,EAST GREEN LAKE WAY N AND N 57TH ST,0,1,Y,2,2803176,Unknown,18,"MOTOR VEHICLE STRUCK PEDALCYCLIST, FRONT END AT ANGLE",07097004,14073,1,2b,Serious Injury Collision,,45,Bicycle,Matched,0,1,Unknown,0,"(47.67020367600003, -122.33990391199995)",41100,0,N,07-140579
106666,69887,69887,Intersection,Cycles,0,,,0,,09/05/2007 12:00:00 AM +0000,9/5/2007,1,28775,At Intersection (intersection related),Daylight,DEXTER AVE N AND REPUBLICAN ST,0,1,,2,2804685,Dry,18,"MOTOR VEHICLE STRUCK PEDALCYCLIST, FRONT END AT ANGLE",07248002,10075,1,2b,Serious Injury Collision,,45,Bicycle,Matched,0,1,Clear or Partly Cloudy,0,"(47.62322375000008, -122.34236126699994)",12628,0,N,07 367638
106686,69763,69763,Intersection,Cycles,0, ,,0,,07/06/2007 12:00:00 AM +0000,7/6/2007,1,28915,At Intersection (intersection related),Daylight,4TH AVE N AND MERCER ST,0,1,Y,2,2793624,Dry,18,"MOTOR VEHICLE STRUCK PEDALCYCLIST, FRONT END AT ANGLE",07187014,6148,0,2,Injury Collision,Y,45,Bicycle,Matched,0,1,Clear or Partly Cloudy,0,"(47.624564331000045, -122.34887678099994)",0,521962,N,07-274666
106699,69621,69621,Intersection,Cycles,0, ,,0,,04/18/2007 12:00:00 AM +0000,4/18/2007 10:30:00 PM,0,27167,At Intersection (intersection related),Dark - Street Lights On,UNIVERSITY WAY NE AND NE PACIFIC ST,0,1,Y,2,2501875,Wet,18,"MOTOR VEHICLE STRUCK PEDALCYCLIST, FRONT END AT ANGLE",07108048,13215,0,1,Property Damage Only Collision,,45,Bicycle,Matched,0,1,Raining,0,"(47.65339944100003, -122.31333457599999)",0,522415,N,07-000873
106709,69868,69868,Intersection,Cycles,0,,,0,,09/07/2007 12:00:00 AM +0000,9/7/2007,1,23879,At Intersection (intersection related),Daylight,18TH AVE NW AND NW 80TH ST,0,1,Y,2,2799032,Dry,51,PEDALCYCLIST STRUCK MOTOR VEHICLE FRONT END AT ANGLE,07250002,2584,1,2b,Serious Injury Collision,,45,Bicycle,Matched,0,1,Clear or Partly Cloudy,0,"(47.68685575100005, -122.38001421799999)",27509,0,N,07-371105
106715,69756,69756,Intersection,Cycles,0,,,0,,01/03/2007 12:00:00 AM +0000,1/3/2007,1,29055,At Intersection (intersection related),Dark - Street Lights On,12TH AVE E AND E JOHN ST,0,1,,2,2621207,Dry,51,PEDALCYCLIST STRUCK MOTOR VEHICLE FRONT END AT ANGLE,07003004,1551,0,2,Injury Collision,,45,Bicycle,Matched,0,1,Clear or Partly Cloudy,0,"(47.61993670700008, -122.31692834199998)",35229,0,N,06-003859
106786,69738,69738,Intersection,Cycles,0, ,,0,,08/22/2007 12:00:00 AM +0000,8/22/2007 4:38:00 PM,1,34082,At Intersection (intersection related),Daylight,HIGHLAND PARK WAY SW AND WEST MARGINAL WAY SW,0,1,Y,3,2827471,Dry,18,"MOTOR VEHICLE STRUCK PEDALCYCLIST, FRONT END AT ANGLE",07234029,10898,0,2,Injury Collision,,45,Bicycle,Matched,0,1,Clear or Partly Cloudy,0,"(47.540352977000055, -122.34218139199999)",0,525317,N,07-346309
106840,69721,69721,Intersection,Cycles,0,,,0,Y,08/23/2007 12:00:00 AM +0000,8/23/2007 7:25:00 AM,1,29747,At Intersection (intersection related),Daylight,11TH AVE AND E PIKE ST,0,1,Y,2,2827629,Dry,18,"MOTOR VEHICLE STRUCK PEDALCYCLIST, FRONT END AT ANGLE",07235002,1382,0,2,Injury Collision,,45,Bicycle,Matched,0,1,Clear or Partly Cloudy,0,"(47.61409443200006, -122.31814094999999)",31243,0,N,07-347219
106884,69831,69831,Intersection,Cycles,0,,,0,,11/28/2007 12:00:00 AM +0000,11/28/2007 10:30:00 PM,1,25793,At Intersection (intersection related),Dark - Street Lights On,UNIVERSITY WAY NE AND NE 50TH ST,0,1,,2,C695696,Wet,18,"MOTOR VEHICLE STRUCK PEDALCYCLIST, FRONT END AT ANGLE",07332041,13224,0,2,Injury Collision,,45,Bicycle,Matched,0,1,Overcast,0,"(47.66490072400006, -122.31307415999999)",21411,0,N,
106947,69948,69948,Alley,Cycles,,,,0,,05/19/2007 12:00:00 AM +0000,5/19/2007 6:30:00 PM,1,,Mid-Block (not related to intersection),Daylight,,0,1,,2,2798416,Wet,18,"MOTOR VEHICLE STRUCK PEDALCYCLIST, FRONT END AT ANGLE",07139004,,0,2,Injury Collision,,45,Bicycle,Matched,0,1,Overcast,0,,0,0,N,07-200660
106980,69809,69809,Intersection,Cycles,0, ,,0,,06/18/2007 12:00:00 AM +0000,6/18/2007 5:48:00 AM,1,29911,At Intersection (intersection related),Daylight,7TH AVE AND UNION ST,0,1,,2,2608348,Wet,18,"MOTOR VEHICLE STRUCK PEDALCYCLIST, FRONT END AT ANGLE",07169001,8157,0,2,Injury Collision,,45,Bicycle,Matched,0,1,Overcast,0,"(47.610614154000075, -122.33244672399996)",37095,0,N,07-245476
107002,69931,69931,Block,Cycles,262,,,0,,12/27/2007 12:00:00 AM +0000,12/27/2007 6:38:00 PM,0,,Driveway Junction,Dark - Street Lights On,S ALASKA ST BETWEEN RAINIER AVE S AND 38TH AVE S,0,1,,2,2907451,Wet,18,"MOTOR VEHICLE STRUCK PEDALCYCLIST, FRONT END AT ANGLE",07361006,19311,0,1,Property Damage Only Collision,,45,Bicycle,Matched,0,1,Raining,0,"(47.56074452000007, -122.28596862299997)",0,0,N,2007-515929
107016,70055,70055,Block,Cycles,135,,,0,,08/15/2007 12:00:00 AM +0000,8/15/2007 7:20:00 AM,1,,Driveway Junction,Daylight,STONE WAY N BETWEEN N 45TH ST AND N 46TH ST,0,1,Y,3,2829684,Dry,18,"MOTOR VEHICLE STRUCK PEDALCYCLIST, FRONT END AT ANGLE",07227004,12969,1,2b,Serious Injury Collision,,45,Bicycle,Matched,0,1,Clear or Partly Cloudy,0,"(47.661753944000054, -122.34213066499996)",6394,0,N,07-335433
107153,69108,69108,Block,Cycles,238,,,0,,07/27/2007 12:00:00 AM +0000,7/27/2007 6:10:00 PM,1,,Mid-Block (not related to intersection),Daylight,CALIFORNIA AVE SW BETWEEN SW BARTON ST AND SW BRACE POINT E DR,0,1,,2,2826901,Dry,54,PEDALCYCLIST STRUCK MOTOR VEHICLE REAR END,07208003,9590,1,2b,Serious Injury Collision,,45,Bicycle,Matched,0,1,Clear or Partly Cloudy,0,"(47.52181669500004, -122.38746939199996)",29351,0,N,07-307584
107191,69233,69233,Intersection,Cycles,0,,,0,,08/14/2007 12:00:00 AM +0000,8/14/2007 5:53:00 AM,1,35876,At Intersection (intersection related),Dawn,15TH AVE NE AND NE BROCKMAN S PL,0,1,Y,2,2614623,Dry,51,PEDALCYCLIST STRUCK MOTOR VEHICLE FRONT END AT ANGLE,07226005,2090,1,2b,Serious Injury Collision,,45,Bicycle,Matched,0,1,Clear or Partly Cloudy,0,"(47.72399703900004, -122.31266095899997)",13559,0,N,07-333871
107205,69495,69495,Intersection,Cycles,0,,,0,,11/17/2007 12:00:00 AM +0000,11/17/2007 9:17:00 PM,1,37367,At Intersection (intersection related),Dark - Street Lights On,AURORA AVE N AND N 85TH ST,0,1,,2,2614671,Dry,51,PEDALCYCLIST STRUCK MOTOR VEHICLE FRONT END AT ANGLE,07321003,8963,0,2,Injury Collision,,45,Bicycle,Matched,0,1,Overcast,0,"(47.690562587000045, -122.34452192099997)",16438,0,N,07-467624
107212,69482,69482,Block,Cycles,213,,,0,,08/06/2007 12:00:00 AM +0000,8/6/2007,1,,Mid-Block (not related to intersection),Daylight,ELLIOTT AVE BETWEEN BELL ST AND BATTERY ST,0,1,,2,C691056,Dry,55,PEDALCYCLIST STRUCK MOTOR VEHICLE RIGHT SIDE SIDESWIPE,07218029,10203,0,2,Injury Collision,,45,Bicycle,Matched,0,1,Clear or Partly Cloudy,0,"(47.61242924800007, -122.348880727)",13185,0,N,
107216,69490,69490,Intersection,Cycles,0,,,0,,01/25/2007 12:00:00 AM +0000,1/25/2007 6:40:00 PM,0,29757,At Intersection (intersection related),Dark - Street Lights On,BROADWAY AND E UNION ST,0,1,,5,2803431,Wet,18,"MOTOR VEHICLE STRUCK PEDALCYCLIST, FRONT END AT ANGLE",07025002,9446,0,1,Property Damage Only Collision,,45,Bicycle,Matched,0,1,Clear or Partly Cloudy,0,"(47.61296336300006, -122.32076237799998)",9235,0,N,07-035687
107335,69068,69068,Intersection,Cycles,0,,,0,,03/09/2007 12:00:00 AM +0000,3/9/2007,1,30054,At Intersection (intersection related),Dark - Street Lights On,25TH AVE AND E COLUMBIA ST,0,1,,2,2620787,Wet,51,PEDALCYCLIST STRUCK MOTOR VEHICLE FRONT END AT ANGLE,07068002,3692,0,2,Injury Collision,,45,Bicycle,Matched,0,1,Raining,0,"(47.60901406000005, -122.30015994399997)",0,0,N,07-098026
107357,69058,69058,Block,Cycles,154,,,0,,04/07/2007 12:00:00 AM +0000,4/7/2007,1,,Mid-Block (not related to intersection),Daylight,20TH AVE BETWEEN E JAMES ST AND E CHERRY ST,0,1,,3,2622389,Dry,18,"MOTOR VEHICLE STRUCK PEDALCYCLIST, FRONT END AT ANGLE",07097001,2935,0,2,Injury Collision,,45,Bicycle,Matched,0,1,Overcast,0,"(47.60759287500008, -122.30632189699998)",0,0,N,07-139081
107372,69191,69191,Intersection,Cycles,0, ,,0,,08/01/2007 12:00:00 AM +0000,8/1/2007,1,29772,At Intersection (intersection related),Daylight,BROADWAY AND MADISON ST,0,1,Y,5,2792507,Dry,18,"MOTOR VEHICLE STRUCK PEDALCYCLIST, FRONT END AT ANGLE",07213008,9444,0,2,Injury Collision,,45,Bicycle,Matched,0,1,Clear or Partly Cloudy,0,"(47.61116907600007, -122.32076019899995)",0,523946,N,07-314935
107395,69434,69434,Block,Cycles,331,,,0,,02/09/2007 12:00:00 AM +0000,2/9/2007,1,,Mid-Block (not related to intersection),Daylight,11TH AVE NE BETWEEN NE 47TH ST AND NE 50TH ST,0,1,,2,2609840,Dry,18,"MOTOR VEHICLE STRUCK PEDALCYCLIST, FRONT END AT ANGLE",07040004,1410,0,2,Injury Collision,,45,Bicycle,Matched,0,1,Overcast,0,"(47.66401835600004, -122.31634655099998)",9010,0,N,07-057705
107396,69310,69310,Block,Cycles,132,,,0,Y,09/28/2007 12:00:00 AM +0000,9/28/2007 5:28:00 PM,1,,Mid-Block (but intersection related),Daylight,FREMONT AVE N BETWEEN N 104TH ST AND N 105TH ST,0,1,,2,2829746,Dry,18,"MOTOR VEHICLE STRUCK PEDALCYCLIST, FRONT END AT ANGLE",07271001,10547,0,2,Injury Collision,,45,Bicycle,Matched,0,1,Clear or Partly Cloudy,0,"(47.704703951000056, -122.350069486)",0,0,N,07-401001
107522,69156,69156,Block,Cycles,617,,,0,,05/15/2007 12:00:00 AM +0000,5/15/2007 3:01:00 PM,1,,Driveway Junction,Daylight,HOLMAN RD NW BETWEEN 9TH AVE NW AND 7TH AVE NW,0,1,Y,2,2794884,Dry,18,"MOTOR VEHICLE STRUCK PEDALCYCLIST, FRONT END AT ANGLE",07135007,10943,0,2,Injury Collision,,45,Bicycle,Matched,0,1,Clear or Partly Cloudy,0,"(47.69936489100007, -122.36672257599997)",0,0,N,07-194111
107531,69416,69416,Intersection,Cycles,0,,,0,,07/04/2007 12:00:00 AM +0000,7/4/2007,1,36618,At Intersection (intersection related),Daylight,33RD AVE NE AND NE 120TH ST,0,1,,2,2830058,Dry,51,PEDALCYCLIST STRUCK MOTOR VEHICLE FRONT END AT ANGLE,07185004,5130,0,2,Injury Collision,,45,Bicycle,Matched,0,1,Clear or Partly Cloudy,0,"(47.71553092800008, -122.29285447299998)",0,0,N,07-271322
107763,68705,68705,Block,Cycles,213,,,0,,05/27/2007 12:00:00 AM +0000,5/27/2007 1:05:00 AM,1,,Driveway Junction,Dark - Street Lights On,1ST AVE BETWEEN LENORA ST AND BLANCHARD ST,0,1,Y,2,2825802,Dry,18,"MOTOR VEHICLE STRUCK PEDALCYCLIST, FRONT END AT ANGLE",07147001,1013,0,2,Injury Collision,,45,Bicycle,Matched,0,1,Clear or Partly Cloudy,0,"(47.61222096200004, -122.34456117999997)",13227,0,N,07-211377
107810,68947,68947,Intersection,Cycles,0,,,0,,10/03/2007 12:00:00 AM +0000,10/3/2007,1,29529,At Intersection (intersection related),Daylight,7TH AVE AND BLANCHARD ST,0,1,,3,2804903,Dry,51,PEDALCYCLIST STRUCK MOTOR VEHICLE FRONT END AT ANGLE,07276031,8165,0,2,Injury Collision,,45,Bicycle,Matched,0,1,Overcast,0,"(47.61659465400004, -122.34005494499996)",14209,0,N,07-407064
107824,68568,68568,Block,Cycles,355,,,0,,08/09/2007 12:00:00 AM +0000,8/9/2007,1,,Mid-Block (not related to intersection),Dark - Street Lights On,15TH AVE E BETWEEN E PROSPECT N ST AND E HIGHLAND DR,0,1,,2,2622162,Dry,21,"MOTOR VEHICLE STRUCK PEDALCYCLIST, REAR END",07221032,2017,0,2,Injury Collision,,45,Bicycle,Matched,1,1,Clear or Partly Cloudy,0,"(47.62966831500006, -122.31253178499998)",8507,0,N,07-326631
107838,68683,68683,Block,Cycles,143,,,0,,09/13/2007 12:00:00 AM +0000,9/13/2007 2:05:00 PM,0,,Mid-Block (not related to intersection),Daylight,NE 50TH ST BETWEEN 7TH AVE NE AND 8TH AVE NE,0,1,Y,2,2829958,Dry,23,"MOTOR VEHICLE STRUCK PEDALCYCLIST, LEFT SIDE SIDESWIPE",07256031,16927,0,1,Property Damage Only Collision,,45,Bicycle,Matched,0,1,Clear or Partly Cloudy,0,"(47.664954108000074, -122.320124411)",21501,0,N,07-379528
107934,68782,68782,Intersection,Cycles,0, ,,0,,01/29/2007 12:00:00 AM +0000,1/29/2007 7:49:00 PM,0,27078,At Intersection (intersection related),Dark - Street Lights On,15TH AVE NE AND NE 43RD ST,0,1,Y,2,2803556,Dry,18,"MOTOR VEHICLE STRUCK PEDALCYCLIST, FRONT END AT ANGLE",07029004,2034,0,1,Property Damage Only Collision,,45,Bicycle,Matched,0,1,Clear or Partly Cloudy,0,"(47.659781475000045, -122.31203248399999)",0,524562,N,07-41462
107947,69034,69034,Intersection,Cycles,0,,,0,,04/09/2007 12:00:00 AM +0000,4/9/2007,1,25756,At Intersection (intersection related),Daylight,ROOSEVELT WAY NE AND NE RAVENNA WB BV,0,1,,2,C684509,Dry,18,"MOTOR VEHICLE STRUCK PEDALCYCLIST, FRONT END AT ANGLE",07099035,12610,0,2,Injury Collision,,45,Bicycle,Matched,0,1,Clear or Partly Cloudy,0,"(47.67226898800004, -122.31736339599996)",0,0,N,
107951,68910,68910,Intersection,Cycles,0,,,0,,02/21/2007 12:00:00 AM +0000,2/21/2007 6:40:00 AM,2,25418,At Intersection (intersection related),Dawn,8TH AVE NW AND NW 56TH ST,0,2,,2,2803327,Dry,58,PEDALCYCLIST STRUCK PEDALCYCLIST FRONT END AT ANGLE,07052003,8385,0,2,Injury Collision,,45,Bicycle,Matched,0,0,Overcast,0,"(47.66943046700004, -122.36617831099994)",2426,0,N,07-74720
108012,69018,69018,Intersection,Cycles,0,,,0,,06/18/2007 12:00:00 AM +0000,6/18/2007 9:02:00 AM,1,29531,At Intersection (intersection related),Daylight,5TH AVE AND BELL ST,0,1,,3,2805760,Dry,23,"MOTOR VEHICLE STRUCK PEDALCYCLIST, LEFT SIDE SIDESWIPE",07169004,7246,0,2,Injury Collision,,45,Bicycle,Matched,0,1,Clear or Partly Cloudy,0,"(47.616032939000036, -122.34307495299998)",14240,0,N,07-245664
108197,68199,68199,Block,Cycles,124.5,,,0,,02/01/2007 12:00:00 AM +0000,2/1/2007,1,,Driveway Junction,Dark - Street Lights On,NE 45TH ST BETWEEN 1ST AVE NE AND 2ND AVE NE,0,1,Y,2,2795181,Dry,51,PEDALCYCLIST STRUCK MOTOR VEHICLE FRONT END AT ANGLE,07032034,16838,0,2,Injury Collision,,45,Bicycle,Matched,0,1,Clear or Partly Cloudy,0,"(47.661357277000036, -122.32775751099996)",6532,0,N,07-045945
108288,68310,68310,Block,Cycles,183.5,,,0,,03/24/2007 12:00:00 AM +0000,3/24/2007 2:57:00 AM,1,,Mid-Block (not related to intersection),Dark - Street Lights On,AIRPORT WAY S BETWEEN S DAKOTA ST AND S ADAMS ST,0,1,,2,2404474,Wet,21,"MOTOR VEHICLE STRUCK PEDALCYCLIST, REAR END",07083008,8681,1,2b,Serious Injury Collision,,45,Bicycle,Matched,1,1,Raining,0,"(47.56669444800008, -122.32267394699994)",20740,0,N,07-118787
108296,68177,68177,Intersection,Cycles,0,,,0,,08/14/2007 12:00:00 AM +0000,8/14/2007 5:59:00 PM,1,30173,At Intersection (intersection related),Daylight,23RD AVE AND E CHERRY ST,0,1,Y,2,2827234,Dry,18,"MOTOR VEHICLE STRUCK PEDALCYCLIST, FRONT END AT ANGLE",07226004,3359,1,2b,Serious Injury Collision,,45,Bicycle,Matched,0,1,Clear or Partly Cloudy,0,"(47.60800896100005, -122.30276995599996)",9564,0,N,07-354665
108300,68296,68296,Intersection,Cycles,0,,,0,,02/06/2007 12:00:00 AM +0000,2/6/2007,1,30024,At Intersection (intersection related),Dark - Street Lights On,26TH AVE AND E UNION ST,0,1,Y,2,2621296,Wet,18,"MOTOR VEHICLE STRUCK PEDALCYCLIST, FRONT END AT ANGLE",07037004,3836,1,2b,Serious Injury Collision,,45,Bicycle,Matched,0,1,Raining,0,"(47.61293104200007, -122.29880591999995)",9402,0,N,07-53231
108304,68293,68293,Block,Cycles,270,,,0,,03/28/2007 12:00:00 AM +0000,3/28/2007 3:50:00 PM,1,,Mid-Block (not related to intersection),Daylight,UNIVERSITY WAY NE BETWEEN NE 41ST ST AND NE 42ND ST,0,1,,3,2802761,Dry,56,PEDALCYCLIST STRUCK MOTOR VEHICLE LEFT SIDE SIDESWIPE,07087006,13219,0,2,Injury Collision,,45,Bicycle,Matched,0,2,Clear or Partly Cloudy,0,"(47.65757316600008, -122.31322662399998)",30525,0,N,07-124788
108380,68416,68416,Intersection,Cycles,0,,,0,,10/18/2007 12:00:00 AM +0000,10/18/2007 4:35:00 PM,1,29878,At Intersection (intersection related),Daylight,BOREN AVE AND PIKE ST,0,1,Y,2,2828059,Dry,18,"MOTOR VEHICLE STRUCK PEDALCYCLIST, FRONT END AT ANGLE",07291002,9319,0,2,Injury Collision,,45,Bicycle,Matched,0,1,Clear or Partly Cloudy,0,"(47.613465820000044, -122.32891310199994)",31087,0,N,07-427411
108381,68415,68415,Block,Cycles,330,,,0,,10/19/2007 12:00:00 AM +0000,10/19/2007 10:03:00 PM,1,,Mid-Block (not related to intersection),Dark - Street Lights On,LAKE CITY WAY NE BETWEEN NE 143RD ST AND NE 145TH ST,0,2,,4,2830153,Wet,18,"MOTOR VEHICLE STRUCK PEDALCYCLIST, FRONT END AT ANGLE",07292010,11190,1,2b,Serious Injury Collision,,45,Bicycle,Matched,0,1,Raining,0,"(47.73284649900006, -122.29240305399998)",17684,0,N,07-429183
108403,68405,68405,Block,Cycles,161,,,0,,07/20/2007 12:00:00 AM +0000,7/20/2007 8:35:00 AM,0,,Driveway Junction,Daylight,STEWART ST BETWEEN TERRY AVE AND BOREN AVE,0,1,,2,C689381,Wet,51,PEDALCYCLIST STRUCK MOTOR VEHICLE FRONT END AT ANGLE,07201071,12907,0,1,Property Damage Only Collision,,45,Bicycle,Matched,0,1,Raining,0,"(47.61661180900006, -122.33314897999998)",13691,0,N,
108422,68021,68021,Intersection,Cycles,0, ,,0,,10/12/2007 12:00:00 AM +0000,10/12/2007 10:15:00 AM,1,26679,At Intersection (intersection related),Daylight,1ST AVE NW AND NW 36TH ST,0,0,,2,C693457,Dry,51,PEDALCYCLIST STRUCK MOTOR VEHICLE FRONT END AT ANGLE,07285049,1115,0,2,Injury Collision,,45,Bicycle,Matched,0,2,Overcast,0,"(47.65296538800004, -122.35766174699995)",17466,0,N,
108449,68403,68403,Intersection,Cycles,0, ,,0,,08/29/2007 12:00:00 AM +0000,8/29/2007 4:47:00 PM,1,28888,At Intersection (intersection related),Daylight,5TH AVE N AND ROY ST,0,1,Y,2,2825845,Dry,18,"MOTOR VEHICLE STRUCK PEDALCYCLIST, FRONT END AT ANGLE",07241052,7265,0,2,Injury Collision,,45,Bicycle,Matched,0,1,Clear or Partly Cloudy,0,"(47.62542294100007, -122.34756482099999)",0,521788,N,07-356994
108514,68122,68122,Intersection,Cycles,0,,,0,,07/13/2007 12:00:00 AM +0000,7/13/2007 10:45:00 AM,1,33499,At Intersection (intersection related),Daylight,RAINIER AVE S AND S BRANDON ST,0,1,Y,2,2614487,Dry,18,"MOTOR VEHICLE STRUCK PEDALCYCLIST, FRONT END AT ANGLE",07194042,12391,0,2,Injury Collision,,45,Bicycle,Matched,0,1,Clear or Partly Cloudy,0,"(47.553404802000045, -122.27965845499995)",23898,0,N,07-285483