OBJECTID,INCKEY,COLDETKEY,ADDRTYPE,COLLISIONTYPE,DISTANCE,EXCEPTRSNCODE,EXCEPTRSNDESC,FATALITIES,INATTENTIONIND,INCDATE,INCDTTM,INJURIES,INTKEY,JUNCTIONTYPE,LIGHTCOND,LOCATION,PEDCOUNT,PEDCYLCOUNT,PEDROWNOTGRNT,PERSONCOUNT,REPORTNO,ROADCOND,SDOT_COLCODE,SDOT_COLDESC,SDOTCOLNUM,SEGKEY,SERIOUSINJURIES,SEVERITYCODE,SEVERITYDESC,SPEEDING,ST_COLCODE,ST_COLDESC,STATUS,UNDERINFL,VEHCOUNT,WEATHER,WIDTH,Shape,SEGLANEKEY,CROSSWALKKEY,HITPARKEDCAR,SPDCASENO
108563,68117,68117,Block,Cycles,41,,,0,,02/21/2007 12:00:00 AM +0000,2/21/2007 3:44:00 PM,1,,Mid-Block (not related to intersection),Daylight,E MADISON ST BETWEEN M L KING JR WAY E AND 28TH AVE E,0,1,,2,2805905,Dry,56,PEDALCYCLIST STRUCK MOTOR VEHICLE LEFT SIDE SIDESWIPE,07052002,14361,0,2,Injury Collision,,45,Bicycle,Matched,0,1,Clear or Partly Cloudy,0,"(47.62339568600004, -122.29630786299998)",34601,0,N,07-75295
108573,67717,67717,Block,Cycles,131,,,0,,11/01/2007 12:00:00 AM +0000,11/1/2007,1,,Mid-Block (not related to intersection),Dark - Street Lights On,E PIKE ST BETWEEN BELMONT AVE AND BOYLSTON AVE,0,1,,2,2827530,Dry,54,PEDALCYCLIST STRUCK MOTOR VEHICLE REAR END,07305006,14597,0,2,Injury Collision,,45,Bicycle,Matched,0,1,Clear or Partly Cloudy,0,"(47.61410020100004, -122.32392864299999)",31166,0,N,07-445723
108610,67707,67707,Block,Cycles,166.5,,,0,,03/25/2007 12:00:00 AM +0000,3/25/2007 2:05:00 PM,1,,Mid-Block (not related to intersection),Daylight,SW BARTON ST BETWEEN 25TH AVE SW AND 26TH AVE SW,0,1,,2,2798486,Dry,51,PEDALCYCLIST STRUCK MOTOR VEHICLE FRONT END AT ANGLE,07084003,21845,0,2,Injury Collision,,45,Bicycle,Matched,0,1,Clear or Partly Cloudy,0,"(47.52102253900006, -122.36521899599995)",0,0,N,07-120435
108689,67683,67683,Block,Cycles,213,,,0,,02/06/2007 12:00:00 AM +0000,2/6/2007,0,,Mid-Block (not related to intersection),Daylight,NE CAMPUS EB PY BETWEEN NE CAMPUS PY OFF RP AND 12TH AVE NE,0,1,,2,2611337,Dry,21,"MOTOR VEHICLE STRUCK PEDALCYCLIST, REAR END",07037003,17986,0,1,Property Damage Only Collision,,45,Bicycle,Matched,0,1,Overcast,0,"(47.65602141900007, -122.31643796699996)",30451,0,N,07-052846
108770,67542,67542,Block,Cycles,551.5,,,0,,10/23/2007 12:00:00 AM +0000,10/23/2007 5:14:00 PM,1,,Driveway Junction,Daylight,ALKI AVE SW BETWEEN SW ARKANSAS ST AND SW HAMPSHIRE ST,0,1,Y,2,2619050,Dry,18,"MOTOR VEHICLE STRUCK PEDALCYCLIST, FRONT END AT ANGLE",07296005,8785,0,2,Injury Collision,,45,Bicycle,Matched,0,1,Clear or Partly Cloudy,0,"(47.589503782000065, -122.39412509399995)",3594,0,N,07-434159
108773,67539,67539,Intersection,Cycles,0,,,0,,12/06/2007 12:00:00 AM +0000,12/6/2007,1,29968,At Intersection (intersection related),Daylight,2ND AVE AND MARION ST,0,1,,2,2797726,Dry,18,"MOTOR VEHICLE STRUCK PEDALCYCLIST, FRONT END AT ANGLE",07340036,2752,1,2b,Serious Injury Collision,,45,Bicycle,Matched,0,1,Clear or Partly Cloudy,0,"(47.60444646500008, -122.33447723499995)",12103,0,N,07-490432
108845,67910,67910,Intersection,Cycles,0,,,0,,06/28/2007 12:00:00 AM +0000,6/28/2007 5:36:00 PM,1,35429,At Intersection (intersection related),Daylight,SEWARD PARK AVE S AND S CLOVERDALE ST,0,1,Y,2,2796808,Dry,18,"MOTOR VEHICLE STRUCK PEDALCYCLIST, FRONT END AT ANGLE",07179058,12812,0,2,Injury Collision,,45,Bicycle,Matched,0,1,Overcast,0,"(47.52673429600003, -122.26491262299999)",0,0,N,07-262043
108952,68015,68015,Intersection,Cycles,0,,,0,,11/27/2007 12:00:00 AM +0000,11/27/2007 3:47:00 PM,1,25532,At Intersection (intersection related),Dusk,STONE AVE N AND N 50TH ST,0,1,,3,2893294,Dry,51,PEDALCYCLIST STRUCK MOTOR VEHICLE FRONT END AT ANGLE,07331007,15646,0,2,Injury Collision,,45,Bicycle,Matched,0,1,Clear or Partly Cloudy,0,"(47.66503744200003, -122.342082044)",0,0,N,07-479130
109080,67327,67327,Block,Cycles,179.5,,,0,,11/17/2007 12:00:00 AM +0000,11/17/2007 8:30:00 PM,1,,Mid-Block (not related to intersection),Dark - Street Lights On,BROADWAY BETWEEN MARION ST AND MADISON ST,0,1,Y,3,2828072,Dry,18,"MOTOR VEHICLE STRUCK PEDALCYCLIST, FRONT END AT ANGLE",07321002,9443,0,2,Injury Collision,,45,Bicycle,Matched,0,2,Overcast,0,"(47.610675068000035, -122.32075931399999)",42005,0,N,07-467610
109119,67060,67060,Block,Cycles,194.5,NEI,"Not Enough Information, or Insufficient Location Information",0,,07/11/2007 12:00:00 AM +0000,7/11/2007 3:00:00 PM,1,,Mid-Block (not related to intersection),Daylight,GILMAN UPPER DR W BETWEEN 13TH AVE W AND W WHEELER ST,0,1,Y,2,2617091,Dry,18,"MOTOR VEHICLE STRUCK PEDALCYCLIST, FRONT END AT ANGLE",07192031,10655,0,2,Injury Collision,,45,Bicycle,Matched,0,1,Clear or Partly Cloudy,0,"(47.640212088000055, -122.37400223099996)",15442,0,N,07-293969
109150,67182,67182,Block,Cycles,157,,,0,,06/18/2007 12:00:00 AM +0000,6/18/2007 2:50:00 PM,1,,Mid-Block (not related to intersection),Daylight,11TH AVE NE BETWEEN NE 55TH ST AND NE 56TH ST,0,1,,2,2795065,Dry,18,"MOTOR VEHICLE STRUCK PEDALCYCLIST, FRONT END AT ANGLE",07169002,1413,0,2,Injury Collision,,45,Bicycle,Matched,0,1,Clear or Partly Cloudy,0,"(47.668999298000074, -122.31628654099995)",9051,0,N,07-246108
109373,67379,67379,Block,Cycles,213,,,0,,08/10/2007 12:00:00 AM +0000,8/10/2007 9:04:00 AM,1,,Driveway Junction,Daylight,2ND AVE BETWEEN UNIVERSITY ST AND UNION ST,0,1,Y,2,2607599,Dry,18,"MOTOR VEHICLE STRUCK PEDALCYCLIST, FRONT END AT ANGLE",07222007,2756,1,2b,Serious Injury Collision,,45,Bicycle,Matched,0,1,Clear or Partly Cloudy,0,"(47.60779445000003, -122.33754000999994)",12162,0,N,07-328332
109408,67373,67373,Intersection,Cycles,0,,,0,,08/26/2007 12:00:00 AM +0000,8/26/2007 2:44:00 PM,1,33878,At Intersection (intersection related),Daylight,LINCOLN PARK WAY SW AND MURRAY AVE SW,0,1,Y,2,2827160,Dry,18,"MOTOR VEHICLE STRUCK PEDALCYCLIST, FRONT END AT ANGLE",07238001,11388,1,2b,Serious Injury Collision,,45,Bicycle,Matched,0,1,Clear or Partly Cloudy,0,"(47.53991622400008, -122.39537932099995)",29430,0,N,07-352403
109520,67346,67346,Intersection,Cycles,0, ,,0,,03/07/2007 12:00:00 AM +0000,3/7/2007,0,29577,At Intersection (intersection related),Dark - Street Lights On,5TH AVE AND PINE ST,0,1,,2,2608940,Wet,51,PEDALCYCLIST STRUCK MOTOR VEHICLE FRONT END AT ANGLE,07066002,7239,0,1,Property Damage Only Collision,,45,Bicycle,Matched,0,1,Overcast,0,"(47.61167201000006, -122.33648396599995)",0,630800,N,07-095089
109559,67068,67068,Intersection,Cycles,0,,,0,,07/04/2007 12:00:00 AM +0000,7/4/2007,1,26815,At Intersection (intersection related),Dark - No Street Lights,STONE WAY N AND N 43RD ST,0,1,Y,2,2825854,Unknown,18,"MOTOR VEHICLE STRUCK PEDALCYCLIST, FRONT END AT ANGLE",07185019,12966,0,2,Injury Collision,,45,Bicycle,Matched,0,1,Unknown,0,"(47.65918322600004, -122.34225641699999)",6355,0,N,07-273271
109674,66780,66780,Intersection,Cycles,0, ,,0,,10/02/2007 12:00:00 AM +0000,10/2/2007,1,29568,At Intersection (intersection related),Daylight,6TH AVE AND PINE ST,0,1,,3,2805011,Wet,18,"MOTOR VEHICLE STRUCK PEDALCYCLIST, FRONT END AT ANGLE",07275012,7884,0,2,Injury Collision,,45,Bicycle,Matched,0,2,Raining,0,"(47.612136459000055, -122.33537313699998)",0,523150,N,07-40557U
109720,66528,66528,Intersection,Cycles,0,,,0,,11/19/2007 12:00:00 AM +0000,11/19/2007 11:56:00 AM,1,29862,At Intersection (intersection related),Daylight,BELLEVUE AVE AND E PINE ST,0,1,Y,2,2906080,Wet,18,"MOTOR VEHICLE STRUCK PEDALCYCLIST, FRONT END AT ANGLE",07323003,9213,0,2,Injury Collision,,45,Bicycle,Matched,0,1,Overcast,0,"(47.61521815300006, -122.32680418799998)",10342,0,N,07-469494
109723,66518,66518,Intersection,Cycles,0,,,0,,04/15/2007 12:00:00 AM +0000,4/15/2007 3:46:00 PM,1,33741,At Intersection (intersection related),Daylight,SEWARD PARK AVE S AND S VAN DYKE RD,0,1,Y,2,2807045,Dry,51,PEDALCYCLIST STRUCK MOTOR VEHICLE FRONT END AT ANGLE,07105006,12797,0,2,Injury Collision,,45,Bicycle,Matched,0,1,Clear or Partly Cloudy,0,"(47.54668144100003, -122.26162088199999)",37492,0,N,07-150460
109755,66772,66772,Intersection,Cycles,0,,,0,,05/01/2007 12:00:00 AM +0000,5/1/2007,1,27257,At Intersection (intersection related),Dark - Street Lights On,1ST AVE NE AND NE PACIFIC ST,0,1,,2,2604024,Wet,51,PEDALCYCLIST STRUCK MOTOR VEHICLE FRONT END AT ANGLE,07121005,1062,0,2,Injury Collision,,45,Bicycle,Matched,0,1,Raining,0,"(47.65369250800006, -122.32790419399998)",20110,0,N,07-172808
109821,66629,66629,Block,Cycles,266,,,0,,07/02/2007 12:00:00 AM +0000,7/2/2007,1,,Mid-Block (not related to intersection),Daylight,ROOSEVELT WAY NE BETWEEN NE 43RD N ST AND NE 45TH ST,0,1,Y,2,2829891,Dry,18,"MOTOR VEHICLE STRUCK PEDALCYCLIST, FRONT END AT ANGLE",07183004,12598,0,2,Injury Collision,,45,Bicycle,Matched,0,1,Clear or Partly Cloudy,0,"(47.660577379000074, -122.31772271499995)",9000,0,N,07-267536
109829,66612,66612,Intersection,Cycles,0,,,0,,08/06/2007 12:00:00 AM +0000,8/6/2007,1,29546,At Intersection (intersection related),Daylight,4TH AVE AND BLANCHARD ST,0,1,Y,2,2791510,Dry,18,"MOTOR VEHICLE STRUCK PEDALCYCLIST, FRONT END AT ANGLE",07218022,6139,0,2,Injury Collision,,45,Bicycle,Matched,0,1,Clear or Partly Cloudy,0,"(47.61460039800005, -122.34263408799995)",12814,0,N,07-324257
109860,66868,66868,Block,Cycles,212.5,,,0,Y,04/30/2007 12:00:00 AM +0000,4/30/2007 9:37:00 AM,1,,Driveway Junction,Daylight,5TH AVE N BETWEEN BROAD ST AND HARRISON ST,0,1,,2,2807311,Dry,18,"MOTOR VEHICLE STRUCK PEDALCYCLIST, FRONT END AT ANGLE",07120001,7252,0,2,Injury Collision,,45,Bicycle,Matched,0,1,Clear or Partly Cloudy,0,"(47.62148874700006, -122.34759660299994)",20363,0,N,07-171771
109862,66866,66866,Block,Cycles,330.5,,,0,,01/27/2007 12:00:00 AM +0000,1/27/2007 1:00:00 PM,0,,Driveway Junction,Daylight,ELLIOTT AVE BETWEEN BAY ST AND W DENNY WAY,0,1,,2,C681000,Dry,18,"MOTOR VEHICLE STRUCK PEDALCYCLIST, FRONT END AT ANGLE",07027040,10210,0,1,Property Damage Only Collision,,45,Bicycle,Matched,0,1,Clear or Partly Cloudy,0,"(47.61795105200008, -122.35756633599999)",0,0,N,
109893,66469,66469,Block,Cycles,161,,,0,,09/11/2007 12:00:00 AM +0000,9/11/2007 1:15:00 PM,1,,Driveway Junction,Daylight,HARRISON ST BETWEEN WESTLAKE AVE N AND TERRY AVE N,0,1,,2,2825963,Dry,51,PEDALCYCLIST STRUCK MOTOR VEHICLE FRONT END AT ANGLE,07254001,10767,0,2,Injury Collision,,45,Bicycle,Matched,0,1,Clear or Partly Cloudy,0,"(47.622038857000064, -122.33780561999998)",0,0,N,07-376536
109898,66473,66473,Block,Cycles,255,,,0,,05/09/2007 12:00:00 AM +0000,5/9/2007,1,,Mid-Block (but intersection related),Unknown,26TH AVE E BETWEEN E GARFIELD ST AND BOYER AVE E,0,1,,2,C687197,Unknown,51,PEDALCYCLIST STRUCK MOTOR VEHICLE FRONT END AT ANGLE,07129052,3854,0,2,Injury Collision,,45,Bicycle,Matched,0,1,Unknown,0,"(47.63333849800006, -122.30001462799999)",0,0,N,
109903,66736,66736,Block,Cycles,161,,,0,,06/23/2007 12:00:00 AM +0000,6/23/2007 2:45:00 PM,0,,Mid-Block (not related to intersection),Daylight,PINE ST BETWEEN 4TH AVE AND 5TH AVE,0,1,,2,2608397,Dry,18,"MOTOR VEHICLE STRUCK PEDALCYCLIST, FRONT END AT ANGLE",07174001,12216,0,1,Property Damage Only Collision,,45,Bicycle,Matched,0,1,Clear or Partly Cloudy,0,"(47.61143896100003, -122.33703967999998)",21836,0,N,07-254180
109930,66846,66846,Block,Cycles,213,,,0,,05/04/2007 12:00:00 AM +0000,5/4/2007,1,,Mid-Block (not related to intersection),Daylight,2ND AVE BETWEEN UNIVERSITY ST AND UNION ST,0,1,,4,2825427,Dry,51,PEDALCYCLIST STRUCK MOTOR VEHICLE FRONT END AT ANGLE,07124011,2756,1,2b,Serious Injury Collision,,45,Bicycle,Matched,0,2,Clear or Partly Cloudy,0,"(47.60779445000003, -122.33754000999994)",12162,0,N,07-177722
109974,66709,66709,Intersection,Cycles,0,,,0,,07/07/2007 12:00:00 AM +0000,7/7/2007,1,26521,At Intersection (intersection related),Daylight,32ND AVE W AND W THURMAN ST,0,1,,2,2825471,Dry,18,"MOTOR VEHICLE STRUCK PEDALCYCLIST, FRONT END AT ANGLE",07188004,5091,0,2,Injury Collision,,45,Bicycle,Matched,0,1,Clear or Partly Cloudy,0,"(47.65587043700003, -122.39823125799995)",0,0,N,07-276269
110010,66978,66978,Block,Cycles,125.5,,,0,,05/10/2007 12:00:00 AM +0000,5/10/2007 6:00:00 PM,1,,Driveway Junction,Daylight,S AUSTIN ST BETWEEN 40TH AVE S AND M L KING JR WR WAY S,0,1,,2,2613166,Dry,51,PEDALCYCLIST STRUCK MOTOR VEHICLE FRONT END AT ANGLE,07130002,164379,0,2,Injury Collision,,45,Bicycle,Matched,0,1,Clear or Partly Cloudy,0,"(47.53420099400006, -122.28134696399997)",0,0,N,07-187094
110017,66959,66959,Block,Cycles,156,,,0,,08/21/2007 12:00:00 AM +0000,8/21/2007 10:50:00 AM,1,,Mid-Block (but intersection related),Daylight,WEST MARGINAL WAY SW BETWEEN MARGINAL SB PL SW AND SW ANDOVER ST,0,1,,2,2827156,Dry,18,"MOTOR VEHICLE STRUCK PEDALCYCLIST, FRONT END AT ANGLE",07233008,23531,0,2,Injury Collision,,45,Bicycle,Matched,0,1,Overcast,0,"(47.56872400800006, -122.35477519899996)",18211,0,N,07-344303
110019,66949,66949,Intersection,Cycles,0,,,0,,05/26/2007 12:00:00 AM +0000,5/26/2007 3:00:00 PM,1,30410,At Intersection (intersection related),Daylight,12TH AVE AND E YESLER WAY,0,1,,2,C686634,Dry,51,PEDALCYCLIST STRUCK MOTOR VEHICLE FRONT END AT ANGLE,07146038,1523,0,2,Injury Collision,,45,Bicycle,Matched,0,1,Overcast,0,"(47.60169336800004, -122.31678189299998)",10532,0,N,
110060,66693,66693,Block,Cycles,780,,,0,,06/08/2007 12:00:00 AM +0000,6/8/2007,1,,Driveway Junction,Daylight,SEAVIEW AVE NW BETWEEN NW 61ST ST AND NW 67TH ST,0,1,Y,2,2828937,Dry,18,"MOTOR VEHICLE STRUCK PEDALCYCLIST, FRONT END AT ANGLE",07159042,12761,0,2,Injury Collision,,45,Bicycle,Matched,0,1,Clear or Partly Cloudy,0,"(47.67489630600005, -122.40636222599994)",28770,0,N,07-231095
110065,66690,66690,Intersection,Cycles,0,,,0,,09/17/2007 12:00:00 AM +0000,9/17/2007 9:39:00 AM,1,28746,At Intersection (intersection related),Daylight,BOREN AVE N AND VALLEY ST,0,1,Y,2,2804796,Dry,18,"MOTOR VEHICLE STRUCK PEDALCYCLIST, FRONT END AT ANGLE",07260002,13267,0,2,Injury Collision,,45,Bicycle,Matched,0,1,Clear or Partly Cloudy,0,"(47.62578474600008, -122.33581704499994)",25335,0,N,07-384696
110199,66385,66385,Block,Cycles,213,,,0,,08/21/2007 12:00:00 AM +0000,8/21/2007 3:05:00 PM,0,,Mid-Block (not related to intersection),Daylight,BROADWAY BETWEEN E PINE ST AND XW E OLIVE ST,0,1,,2,2827553,Dry,54,PEDALCYCLIST STRUCK MOTOR VEHICLE REAR END,07233010,9448,0,1,Property Damage Only Collision,,45,Bicycle,Matched,0,1,Clear or Partly Cloudy,0,"(47.61581794700004, -122.32080786599994)",6853,0,N,07-344645
110243,66239,66239,Block,Cycles,229.5,,,0,,07/10/2007 12:00:00 AM +0000,7/10/2007 11:25:00 AM,1,,Mid-Block (not related to intersection),Daylight,FREMONT AVE N BETWEEN XW N40 AND N 41ST ST,0,1,Y,2,2807921,Dry,18,"MOTOR VEHICLE STRUCK PEDALCYCLIST, FRONT END AT ANGLE",07191005,10490,0,2,Injury Collision,,45,Bicycle,Matched,0,1,Clear or Partly Cloudy,0,"(47.65603275500007, -122.34993767699996)",8390,0,N,07-280974
110254,65983,65983,Intersection,Cycles,0,,,0,,02/24/2007 12:00:00 AM +0000,2/24/2007 7:05:00 AM,1,24573,At Intersection (intersection related),Daylight,LATONA AVE NE AND EAST GREEN LAKE DR N,0,1,Y,2,2614335,Wet,18,"MOTOR VEHICLE STRUCK PEDALCYCLIST, FRONT END AT ANGLE",07055002,11313,0,2,Injury Collision,,45,Bicycle,Matched,0,1,Raining,0,"(47.68165808100008, -122.32748855199998)",7307,0,N,07-079140
110289,65968,65968,Block,Cycles,335.5,,,0,,12/08/2007 12:00:00 AM +0000,12/8/2007,1,,Mid-Block (not related to intersection),Dark - Street Lights On,10TH AVE E BETWEEN E MILLER ST AND E ROANOKE W ST,0,1,,3,2906357,Dry,51,PEDALCYCLIST STRUCK MOTOR VEHICLE FRONT END AT ANGLE,07342004,1301,0,2,Injury Collision,,45,Bicycle,Matched,0,2,Clear or Partly Cloudy,0,"(47.64227343300007, -122.32005761599999)",6086,0,N,07-4952535
110304,66101,66101,Intersection,Cycles,0,,,0,,08/30/2007 12:00:00 AM +0000,8/30/2007 10:10:00 PM,1,33644,At Intersection (intersection related),Dark - Street Lights On,33RD AVE S AND S GRAHAM ST,0,1,,1,2794520,Dry,69,PEDALCYCLIST OVERTURNED IN ROAD,07242001,5173,0,2,Injury Collision,,45,Bicycle,Matched,0,0,Clear or Partly Cloudy,0,"(47.54611811700005, -122.29028647499996)",37727,0,N,07-358983
110377,66345,66345,Intersection,Cycles,0,,,0,,10/25/2007 12:00:00 AM +0000,10/25/2007 6:57:00 PM,1,28736,At Intersection (intersection related),Dark - Street Lights On,DEXTER AVE N AND VALLEY ST,0,1,Y,2,2791797,Dry,18,"MOTOR VEHICLE STRUCK PEDALCYCLIST, FRONT END AT ANGLE",07298001,10079,0,2,Injury Collision,,45,Bicycle,Matched,1,1,Clear or Partly Cloudy,0,"(47.626261483000064, -122.34233438599995)",12719,0,N,07-437098
110464,66053,66053,Intersection,Cycles,0,,,0,,09/08/2007 12:00:00 AM +0000,9/8/2007,1,25949,At Intersection (intersection related),Daylight,25TH AVE NE AND NE BLAKELEY ST,0,1,,2,C691870,Dry,18,"MOTOR VEHICLE STRUCK PEDALCYCLIST, FRONT END AT ANGLE",07251040,3723,0,2,Injury Collision,,45,Bicycle,Matched,0,1,Clear or Partly Cloudy,0,"(47.66626671800003, -122.30060497999995)",0,0,N,
110474,66194,66194,Intersection,Cycles,0,,,0,,11/08/2007 12:00:00 AM +0000,11/8/2007,1,28329,At Intersection (intersection related),Daylight,EASTLAKE AVE E AND E BLAINE ST,0,1,,2,2792384,Wet,18,"MOTOR VEHICLE STRUCK PEDALCYCLIST, FRONT END AT ANGLE",07312006,10173,0,2,Injury Collision,,45,Bicycle,Matched,0,1,Overcast,0,"(47.63486592400005, -122.32521590599998)",24782,0,N,07-455050
110482,66187,66187,Intersection,Cycles,0,,,0,,05/22/2007 12:00:00 AM +0000,5/22/2007 2:31:00 PM,1,25836,At Intersection (intersection related),Daylight,1ST AVE NE AND NE 58TH ST,0,1,,3,2829051,Wet,51,PEDALCYCLIST STRUCK MOTOR VEHICLE FRONT END AT ANGLE,07142002,1076,0,2,Injury Collision,,45,Bicycle,Matched,0,1,Clear or Partly Cloudy,0,"(47.67085623300005, -122.32823458499996)",0,0,N,07-204496
110630,66148,66148,Intersection,Cycles,0,,,0,,06/14/2007 12:00:00 AM +0000,6/14/2007 5:04:00 PM,1,24248,At Intersection (intersection related),Daylight,EAST GREEN LAKE DR N AND N 78TH ST,0,1,Y,3,2795845,Dry,18,"MOTOR VEHICLE STRUCK PEDALCYCLIST, FRONT END AT ANGLE",07165003,14067,0,2,Injury Collision,,45,Bicycle,Matched,0,1,Clear or Partly Cloudy,0,"(47.68508660200007, -122.33569761599995)",7354,0,N,07-240165
110746,65468,65468,Block,Cycles,213,,,0,,08/29/2007 12:00:00 AM +0000,8/29/2007 4:10:00 PM,1,,Mid-Block (not related to intersection),Daylight,5TH AVE BETWEEN UNION ST AND PIKE ST,0,1,,2,2825797,Dry,51,PEDALCYCLIST STRUCK MOTOR VEHICLE FRONT END AT ANGLE,07241050,7235,0,2,Injury Collision,,45,Bicycle,Matched,0,1,Clear or Partly Cloudy,0,"(47.61018050100006, -122.33511874299995)",24885,0,N,07-356942
110768,65473,65473,Block,Cycles,132.5,,,0,,08/20/2007 12:00:00 AM +0000,8/20/2007 11:52:00 AM,1,,Mid-Block (not related to intersection),Daylight,AURORA AVE N BETWEEN N 84TH ST AND N 85TH ST,0,1,,2,2799415,Wet,54,PEDALCYCLIST STRUCK MOTOR VEHICLE REAR END,07232001,8962,0,2,Injury Collision,,45,Bicycle,Matched,0,1,Raining,0,"(47.69019792300003, -122.34452003799998)",16445,0,N,07-342951
110870,65572,65572,Intersection,Cycles,0,,,0,,12/13/2007 12:00:00 AM +0000,12/13/2007 1:38:00 PM,1,29601,At Intersection (intersection related),Daylight,3RD AVE AND UNIVERSITY ST,0,1,Y,2,2906135,Wet,18,"MOTOR VEHICLE STRUCK PEDALCYCLIST, FRONT END AT ANGLE",07347003,4382,0,2,Injury Collision,,45,Bicycle,Matched,0,1,Overcast,0,"(47.60776317700004, -122.33597579399998)",32841,0,N,07-499376
110961,65685,65685,Block,Cycles,262.5,,,0,,05/17/2007 12:00:00 AM +0000,5/17/2007 2:02:00 PM,1,,Mid-Block (but intersection related),Daylight,BOYLSTON AVE E BETWEEN LAKEVIEW N BV E AND E BOSTON ST,0,1,,2,2806476,Dry,18,"MOTOR VEHICLE STRUCK PEDALCYCLIST, FRONT END AT ANGLE",07137023,9390,0,2,Injury Collision,,45,Bicycle,Matched,0,1,Clear or Partly Cloudy,0,"(47.63752603300003, -122.32346609299998)",37357,0,N,07-197080
110990,65675,65675,Block,Cycles,237,,,0,Y,08/03/2007 12:00:00 AM +0000,8/3/2007,1,,Driveway Junction,Daylight,RAINIER AVE S BETWEEN S GENESEE S ST AND S OREGON ST,0,1,Y,2,2798108,Dry,18,"MOTOR VEHICLE STRUCK PEDALCYCLIST, FRONT END AT ANGLE",07215042,12382,0,2,Injury Collision,,45,Bicycle,Matched,0,1,Clear or Partly Cloudy,0,"(47.563457999000036, -122.28801140299998)",0,0,N,07-317467
110999,65536,65536,Block,Cycles,321.5,,,0,,07/24/2007 12:00:00 AM +0000,7/24/2007 7:11:00 PM,0,,Mid-Block (not related to intersection),Unknown,38TH AVE NE BETWEEN NE 80TH ST AND NE 82ND ST,0,1,,2,2617734,Unknown,16,"MOTOR VEHICLE STRUCK MOTOR VEHICLE, LEFT SIDE SIDESWIPE",07205009,5871,0,1,Property Damage Only Collision,,45,Bicycle,Matched,0,1,Unknown,0,"(47.687547781000035, -122.28742501699998)",0,0,N,07-302920
111016,65664,65664,Block,Cycles,134.5,,,0,,05/31/2007 12:00:00 AM +0000,5/31/2007 5:34:00 PM,0,,Driveway Junction,Daylight,WALL ST BETWEEN ALASKAN WAY AND ELLIOTT AVE,0,1,Y,2,2825879,Dry,18,"MOTOR VEHICLE STRUCK PEDALCYCLIST, FRONT END AT ANGLE",07151001,13352,0,1,Property Damage Only Collision,,45,Bicycle,Matched,0,1,Clear or Partly Cloudy,0,"(47.61308846600008, -122.35082566499995)",0,0,N,07-218291
111132,65641,65641,Block,Cycles,1671.5,,,0,Y,06/04/2007 12:00:00 AM +0000,6/4/2007,1,,Mid-Block (not related to intersection),Daylight,BEACON AVE S BETWEEN BEACON WR N AVE S AND BEACON ER AVE S,0,1,,2,2611993,Dry,18,"MOTOR VEHICLE STRUCK PEDALCYCLIST, FRONT END AT ANGLE",07155001,166849,0,2,Injury Collision,,45,Bicycle,Matched,0,1,Clear or Partly Cloudy,0,"(47.56643348000006, -122.30647051299997)",13073,0,N,07-224085
111162,65102,65102,Block,Cycles,333.5,,,0,,11/07/2007 12:00:00 AM +0000,11/7/2007,1,,Driveway Junction,Dark - Street Lights Off,NE NORTHGATE WAY BETWEEN 8TH AVE NE AND ROOSEVELT WAY NE,0,1,Y,2,2802621,Dry,18,"MOTOR VEHICLE STRUCK PEDALCYCLIST, FRONT END AT ANGLE",07311035,18014,0,2,Injury Collision,,45,Bicycle,Matched,0,1,Clear or Partly Cloudy,0,"(47.708569219000026, -122.31920878399995)",0,0,N,07-456050
111172,64967,64967,Intersection,Cycles,0,,,0,,08/16/2007 12:00:00 AM +0000,8/16/2007 1:36:00 PM,1,29146,At Intersection (intersection related),Daylight,EASTLAKE AVE E AND THOMAS ST,0,1,,3,2791679,Dry,51,PEDALCYCLIST STRUCK MOTOR VEHICLE FRONT END AT ANGLE,07228002,10164,0,2,Injury Collision,,45,Bicycle,Matched,0,1,Clear or Partly Cloudy,0,"(47.62082387600003, -122.32914203999997)",0,0,N,07-337292
111205,65351,65351,Block,Cycles,161,,,0,,06/15/2007 12:00:00 AM +0000,6/15/2007 12:51:00 PM,1,,Mid-Block (not related to intersection),Daylight,UNION ST BETWEEN 2ND AVE AND 3RD AVE,0,1,,2,2793761,Dry,21,"MOTOR VEHICLE STRUCK PEDALCYCLIST, REAR END",07166004,13180,0,2,Injury Collision,,45,Bicycle,Matched,0,1,Clear or Partly Cloudy,0,"(47.60852347800005, -122.33744170299997)",36553,0,N,07-241400
111214,65219,65219,Block,Cycles,213,,,0,,03/06/2007 12:00:00 AM +0000,3/6/2007,1,,Mid-Block (not related to intersection),Daylight,BROADWAY BETWEEN E HOWELL ST AND E DENNY WAY,0,1,Y,3,2615207,Dry,18,"MOTOR VEHICLE STRUCK PEDALCYCLIST, FRONT END AT ANGLE",07065002,9450,0,2,Injury Collision,,45,Bicycle,Matched,0,1,Clear or Partly Cloudy,0,"(47.618154047000075, -122.32084513599995)",6825,0,N,07-093099