OBJECTID,INCKEY,COLDETKEY,ADDRTYPE,COLLISIONTYPE,DISTANCE,EXCEPTRSNCODE,EXCEPTRSNDESC,FATALITIES,INATTENTIONIND,INCDATE,INCDTTM,INJURIES,INTKEY,JUNCTIONTYPE,LIGHTCOND,LOCATION,PEDCOUNT,PEDCYLCOUNT,PEDROWNOTGRNT,PERSONCOUNT,REPORTNO,ROADCOND,SDOT_COLCODE,SDOT_COLDESC,SDOTCOLNUM,SEGKEY,SERIOUSINJURIES,SEVERITYCODE,SEVERITYDESC,SPEEDING,ST_COLCODE,ST_COLDESC,STATUS,UNDERINFL,VEHCOUNT,WEATHER,WIDTH,Shape,SEGLANEKEY,CROSSWALKKEY,HITPARKEDCAR,SPDCASENO
111218,65090,65090,Intersection,Cycles,0,,,0,,06/06/2007 12:00:00 AM +0000,6/6/2007,1,25389,At Intersection (intersection related),Daylight,9TH AVE NW AND NW 62ND ST,0,1,,3,2830030,Dry,18,"MOTOR VEHICLE STRUCK PEDALCYCLIST, FRONT END AT ANGLE",07157003,8580,0,2,Injury Collision,Y,45,Bicycle,Matched,0,1,Overcast,0,"(47.67381049200003, -122.36873253799996)",0,0,N,07-228003
111299,65060,65060,Block,Cycles,213,,,0,,06/15/2007 12:00:00 AM +0000,6/15/2007 7:39:00 PM,1,,Mid-Block (not related to intersection),Daylight,12TH AVE BETWEEN E COLUMBIA ST AND E MARION ST,0,1,Y,2,2806063,Dry,56,PEDALCYCLIST STRUCK MOTOR VEHICLE LEFT SIDE SIDESWIPE,07166001,1533,1,2b,Serious Injury Collision,,45,Bicycle,Matched,0,1,Clear or Partly Cloudy,0,"(47.609809435000045, -122.31677966199999)",10710,0,N,07-241950
111360,64914,64914,Intersection,Cycles,0, ,,0,,02/08/2007 12:00:00 AM +0000,2/8/2007,1,24429,At Intersection (intersection related),Dusk,12TH AVE NE AND NE 75TH ST,0,1,,2,2614118,Dry,51,PEDALCYCLIST STRUCK MOTOR VEHICLE FRONT END AT ANGLE,07039001,1590,0,2,Injury Collision,,45,Bicycle,Matched,0,1,Clear or Partly Cloudy,0,"(47.68308626400005, -122.31527968899996)",0,521080,N,07-056289
111442,65026,65026,Intersection,Cycles,0,,,0,,03/20/2007 12:00:00 AM +0000,3/20/2007 7:42:00 AM,1,27043,At Intersection (intersection related),Daylight,TROLL AVE N AND N 34TH ST,0,1,Y,2,2624159,Dry,18,"MOTOR VEHICLE STRUCK PEDALCYCLIST, FRONT END AT ANGLE",07079002,9002,1,2b,Serious Injury Collision,,45,Bicycle,Matched,0,1,Clear or Partly Cloudy,0,"(47.64924012200004, -122.34741874299999)",8816,0,N,07-112724
111457,65145,65145,Block,Cycles,516,,,0,,05/12/2007 12:00:00 AM +0000,5/12/2007 9:28:00 AM,1,,Mid-Block (not related to intersection),Daylight,UNIVERSITY BR BETWEEN POINT B AND EASTLAKE AVE NE,0,1,,1,2829107,Dry,66,PEDALCYCLIST STRUCK OBJECT IN ROAD,07132001,13191,1,2b,Serious Injury Collision,,45,Bicycle,Matched,0,0,Clear or Partly Cloudy,0,"(47.654215958000066, -122.31923589299998)",11650,0,N,07-189649
111476,65152,65152,Intersection,Cycles,0,,,0,,05/08/2007 12:00:00 AM +0000,5/8/2007,1,29913,At Intersection (intersection related),Daylight,5TH AVE AND UNION ST,0,1,,2,2608394,Dry,51,PEDALCYCLIST STRUCK MOTOR VEHICLE FRONT END AT ANGLE,07128002,7235,0,2,Injury Collision,,45,Bicycle,Matched,0,1,Clear or Partly Cloudy,0,"(47.60968542100005, -122.33466559799996)",25512,0,N,07-183697
111477,65402,65402,Intersection,Cycles,0,,,0,,08/06/2007 12:00:00 AM +0000,8/6/2007,0,24404,At Intersection (intersection related),Dark - Street Lights On,5TH AVE NE AND BANNER WAY NE,0,1,,2,2799312,Dry,51,PEDALCYCLIST STRUCK MOTOR VEHICLE FRONT END AT ANGLE,07218021,7311,0,1,Property Damage Only Collision,,45,Bicycle,Matched,0,1,Clear or Partly Cloudy,0,"(47.68507268700006, -122.32292811299999)",7477,0,N,07-323323
111495,65282,65282,Intersection,Cycles,0, ,,0,,08/09/2007 12:00:00 AM +0000,8/9/2007,1,25949,At Intersection (intersection related),Daylight,25TH AVE NE AND NE BLAKELEY ST,0,1,Y,3,2829286,Dry,18,"MOTOR VEHICLE STRUCK PEDALCYCLIST, FRONT END AT ANGLE",07221001,3723,0,2,Injury Collision,,45,Bicycle,Matched,0,1,Clear or Partly Cloudy,0,"(47.66626671800003, -122.30060497999995)",0,521604,N,07-326859
111545,65261,65261,Block,Cycles,200.5,,,0,,12/14/2007 12:00:00 AM +0000,12/14/2007 2:38:00 PM,1,,Mid-Block (not related to intersection),Daylight,WALLINGFORD AVE N BETWEEN N 44TH ST AND N 45TH ST,0,1,,3,2881125,Dry,56,PEDALCYCLIST STRUCK MOTOR VEHICLE LEFT SIDE SIDESWIPE,07348005,13372,0,2,Injury Collision,,45,Bicycle,Matched,0,2,Overcast,0,"(47.66086041300008, -122.33618657999995)",6234,0,N,07-500737
111547,65135,65135,Intersection,Cycles,0,,,0,,01/04/2007 12:00:00 AM +0000,1/4/2007,1,24284,At Intersection (intersection related),Dark - Street Lights On,FREMONT AVE N AND N 80TH ST,0,1,Y,2,2390447,Wet,18,"MOTOR VEHICLE STRUCK PEDALCYCLIST, FRONT END AT ANGLE",07004002,10523,0,2,Injury Collision,,45,Bicycle,Matched,0,1,Overcast,0,"(47.68693908300003, -122.34990541099995)",27300,0,N,07-005546
111570,65383,65383,Block,Cycles,73.5,,,0,,06/01/2007 12:00:00 AM +0000,6/1/2007,1,,Mid-Block (not related to intersection),Daylight,CARKEEK DR S BETWEEN 40TH AVE S AND HARADEN PL S,0,1,,2,2794601,Dry,21,"MOTOR VEHICLE STRUCK PEDALCYCLIST, REAR END",07152001,9609,0,2,Injury Collision,,45,Bicycle,Matched,0,1,Clear or Partly Cloudy,0,"(47.51699476400006, -122.28276966899995)",13462,0,N,07-220052
111593,65385,65385,Intersection,Cycles,0,,,0,,10/17/2007 12:00:00 AM +0000,10/17/2007 8:05:00 AM,1,36062,At Intersection (intersection related),Daylight,27TH AVE NE AND NE 127TH ST,0,1,,2,2799149,Dry,51,PEDALCYCLIST STRUCK MOTOR VEHICLE FRONT END AT ANGLE,07290003,4036,0,2,Injury Collision,,45,Bicycle,Matched,0,1,Overcast,0,"(47.721110819000046, -122.29910492299996)",0,0,N,07-425270
111614,65114,65114,Block,Cycles,166.5,,,0,,07/17/2007 12:00:00 AM +0000,7/17/2007 12:32:00 PM,1,,Driveway Junction,Daylight,SW TRENTON ST BETWEEN 22ND AVE SW AND 24TH AVE SW,0,1,,2,2829371,Dry,51,PEDALCYCLIST STRUCK MOTOR VEHICLE FRONT END AT ANGLE,07198001,22923,0,2,Injury Collision,,45,Bicycle,Matched,0,1,Overcast,0,"(47.52468850000008, -122.36250069999994)",0,0,N,07-291889
111627,64591,64591,Block,Cycles,149, ,,0,,03/17/2007 12:00:00 AM +0000,3/17/2007 12:11:00 PM,1,,Mid-Block (not related to intersection),Daylight,NW MARKET ST BETWEEN BALLARD AVE NW AND 24TH AVE NW,0,1,,2,2803030,Wet,56,PEDALCYCLIST STRUCK MOTOR VEHICLE LEFT SIDE SIDESWIPE,07076001,19235,0,2,Injury Collision,,45,Bicycle,Matched,0,1,Raining,0,"(47.668680546000076, -122.38697024799995)",25847,0,N,07-108851
111693,64835,64835,Block,Cycles,140,,,0,Y,07/11/2007 12:00:00 AM +0000,7/11/2007 12:28:00 AM,1,,Driveway Junction,Dark - Street Lights On,NE 50TH ST BETWEEN UNIVERSITY WAY NE AND 15TH AVE NE,0,1,,2,2799451,Dry,18,"MOTOR VEHICLE STRUCK PEDALCYCLIST, FRONT END AT ANGLE",07192040,16934,1,2b,Serious Injury Collision,,45,Bicycle,Matched,0,1,Clear or Partly Cloudy,0,"(47.664896783000074, -122.31250781199998)",21411,0,N,07-281925
111705,64445,64445,Block,Cycles,516,,,0,,02/09/2007 12:00:00 AM +0000,2/9/2007,1,,Mid-Block (but intersection related),Daylight,UNIVERSITY BR BETWEEN POINT B AND EASTLAKE AVE NE,0,1,,2,2615398,Dry,18,"MOTOR VEHICLE STRUCK PEDALCYCLIST, FRONT END AT ANGLE",07040009,13191,0,2,Injury Collision,,45,Bicycle,Matched,0,1,Clear or Partly Cloudy,0,"(47.654215958000066, -122.31923589299998)",11718,0,N,07-057748
111707,64443,64443,Block,Cycles,316,,,0,,03/28/2007 12:00:00 AM +0000,3/28/2007 5:11:00 PM,1,,Mid-Block (not related to intersection),Daylight,S JACKSON ST BETWEEN 14TH AVE S AND 16TH AVE S,0,1,,2,2806203,Dry,56,PEDALCYCLIST STRUCK MOTOR VEHICLE LEFT SIDE SIDESWIPE,07087004,20495,0,2,Injury Collision,,45,Bicycle,Matched,0,1,Clear or Partly Cloudy,0,"(47.599217493000026, -122.31285936399996)",11019,0,N,07-124898
111745,64815,64815,Intersection,Cycles,0,,,0,,08/10/2007 12:00:00 AM +0000,8/10/2007 8:22:00 AM,1,28242,At Intersection (intersection related),Daylight,10TH AVE E AND E BOSTON ST,0,1,Y,2,2615348,Dry,51,PEDALCYCLIST STRUCK MOTOR VEHICLE FRONT END AT ANGLE,07222003,1299,0,2,Injury Collision,,45,Bicycle,Matched,0,1,Overcast,0,"(47.63840322500005, -122.32007129499999)",6106,0,N,07-328287
111829,64408,64408,Intersection,Cycles,0,,,0,,03/05/2007 12:00:00 AM +0000,3/5/2007,1,28309,At Intersection (intersection related),Daylight,YALE AVE E AND E LYNN ST,0,1,Y,2,2806053,Dry,18,"MOTOR VEHICLE STRUCK PEDALCYCLIST, FRONT END AT ANGLE",07064003,13742,0,2,Injury Collision,,45,Bicycle,Matched,0,1,Overcast,0,"(47.63972724800004, -122.32710821799998)",0,0,N,07-91607
111846,64541,64541,Intersection,Cycles,0,,,0,,02/06/2007 12:00:00 AM +0000,2/6/2007,1,29054,At Intersection (intersection related),Dark - Street Lights On,11TH AVE E AND E JOHN ST,0,1,Y,2,2621656,Wet,51,PEDALCYCLIST STRUCK MOTOR VEHICLE FRONT END AT ANGLE,07037002,1387,1,2b,Serious Injury Collision,,45,Bicycle,Matched,0,1,Raining,0,"(47.61992718400006, -122.31823392599995)",35222,0,N,07-053552
111884,64531,64531,Intersection,Cycles,0,,,0,,11/07/2007 12:00:00 AM +0000,11/7/2007,1,29068,At Intersection (intersection related),Daylight,BROADWAY AND E DENNY WAY,0,1,,3,2616853,Wet,18,"MOTOR VEHICLE STRUCK PEDALCYCLIST, FRONT END AT ANGLE",07311004,9451,0,2,Injury Collision,,45,Bicycle,Matched,0,1,Overcast,0,"(47.61873954100008, -122.32085448299995)",0,0,N,2007-454014
111905,64651,64651,Intersection,Cycles,0,,,0,,07/30/2007 12:00:00 AM +0000,7/30/2007 4:14:00 PM,1,27027,At Intersection (intersection related),Daylight,FREMONT AVE N AND N 36TH ST,0,1,Y,3,2799258,Dry,18,"MOTOR VEHICLE STRUCK PEDALCYCLIST, FRONT END AT ANGLE",07211002,10487,0,2,Injury Collision,,45,Bicycle,Matched,0,1,Clear or Partly Cloudy,0,"(47.65134880900007, -122.34993445299995)",38078,0,N,07-31190
111909,64526,64526,Intersection,Cycles,0,,,0,,02/10/2007 12:00:00 AM +0000,2/10/2007 5:20:00 PM,1,29196,At Intersection (intersection related),Daylight,24TH AVE E AND E LEE ST,0,1,Y,2,2620590,Dry,18,"MOTOR VEHICLE STRUCK PEDALCYCLIST, FRONT END AT ANGLE",07041001,3545,0,2,Injury Collision,,45,Bicycle,Matched,0,1,Clear or Partly Cloudy,0,"(47.63127418500005, -122.30163002999996)",22515,0,N,07-59550
111921,64773,64773,Block,Cycles,331,,,0,,07/04/2007 12:00:00 AM +0000,7/4/2007,1,,Mid-Block (but intersection related),Daylight,LINDEN AVE N BETWEEN N 143RD ST AND N 145TH ST,0,1,,2,C688428,Dry,21,"MOTOR VEHICLE STRUCK PEDALCYCLIST, REAR END",07185027,11460,0,2,Injury Collision,,45,Bicycle,Matched,0,1,Clear or Partly Cloudy,0,"(47.733220225000025, -122.34779052099998)",40812,0,N,
111922,64658,64658,Intersection,Cycles,0,,,0,,05/03/2007 12:00:00 AM +0000,5/3/2007,1,25131,At Intersection (intersection related),Daylight,24TH AVE NW AND NW 59TH ST,0,1,Y,3,2802792,Dry,18,"MOTOR VEHICLE STRUCK PEDALCYCLIST, FRONT END AT ANGLE",07123004,3594,1,2b,Serious Injury Collision,,45,Bicycle,Matched,0,1,Clear or Partly Cloudy,0,"(47.67164521700005, -122.38758724499996)",2112,0,N,07-176323
111923,64394,64394,Intersection,Cycles,0,,,0,,04/24/2007 12:00:00 AM +0000,4/24/2007 6:50:00 PM,1,26949,At Intersection (intersection related),Daylight,FREMONT AVE N AND N 43RD S ST,0,1,,1,2618183,Dry,69,PEDALCYCLIST OVERTURNED IN ROAD,07114006,10494,0,2,Injury Collision,,45,Bicycle,Matched,0,0,Clear or Partly Cloudy,0,"(47.65895414400006, -122.350013279)",8427,0,N,07-163534
111968,64377,64377,Block,Cycles,439,,,0,,01/17/2007 12:00:00 AM +0000,1/17/2007 9:20:00 AM,1,,Mid-Block (not related to intersection),Daylight,15TH AVE NE BETWEEN NE PACIFIC ST AND NE 40TH ST,0,1,,3,2624866,Dry,51,PEDALCYCLIST STRUCK MOTOR VEHICLE FRONT END AT ANGLE,07017003,2028,1,2b,Serious Injury Collision,,45,Bicycle,Matched,0,1,Clear or Partly Cloudy,0,"(47.65413543600005, -122.312178916)",0,0,N,07-022855
112159,64322,64322,Intersection,Cycles,0,,,0,,10/09/2007 12:00:00 AM +0000,10/9/2007,1,29563,At Intersection (intersection related),Dusk,3RD AVE AND VIRGINIA ST,0,1,Y,2,2898306,Wet,18,"MOTOR VEHICLE STRUCK PEDALCYCLIST, FRONT END AT ANGLE",07282001,4387,0,2,Injury Collision,,45,Bicycle,Matched,0,1,Raining,0,"(47.61239802600005, -122.34089245499996)",35736,0,N,07-415349
112223,64309,64309,Block,Cycles,153,,,0,,06/14/2007 12:00:00 AM +0000,6/14/2007 5:15:00 PM,1,,Mid-Block (not related to intersection),Daylight,1ST AVE BETWEEN MADISON ST AND SPRING ST,0,1,,2,2794405,Dry,21,"MOTOR VEHICLE STRUCK PEDALCYCLIST, REAR END",07165002,1004,0,2,Injury Collision,,45,Bicycle,Matched,0,1,Clear or Partly Cloudy,0,"(47.605050498000026, -122.33656362299996)",36773,0,N,07-240508
112256,64304,64304,Intersection,Cycles,0,,,0,,11/26/2007 12:00:00 AM +0000,11/26/2007 4:36:00 PM,1,27100,At Intersection (intersection related),Dark - Street Lights On,ROOSEVELT WAY NE AND NE 41ST ST,0,1,Y,2,2799344,Wet,18,"MOTOR VEHICLE STRUCK PEDALCYCLIST, FRONT END AT ANGLE",07330014,12594,0,2,Injury Collision,,45,Bicycle,Matched,0,1,Raining,0,"(47.65688930500005, -122.31781902899996)",0,0,N,07-477998
112281,64306,64306,Intersection,Cycles,0,,,0,,10/15/2007 12:00:00 AM +0000,10/15/2007 1:00:00 PM,0,29959,At Intersection (intersection related),Daylight,9TH AVE AND JAMES ST,0,1,,4,2827734,Wet,51,PEDALCYCLIST STRUCK MOTOR VEHICLE FRONT END AT ANGLE,07288001,8512,0,1,Property Damage Only Collision,,45,Bicycle,Matched,0,1,Raining,0,"(47.60555469800005, -122.32474925199995)",11686,0,N,07-423185
112407,63999,63999,Intersection,Cycles,0,,,0,,01/14/2006 12:00:00 AM +0000,1/14/2006 6:16:00 PM,1,29515,At Intersection (intersection related),Dark - Street Lights On,DENNY WAY AND DEXTER AVE,0,1,Y,2,2191978,Dry,18,"MOTOR VEHICLE STRUCK PEDALCYCLIST, FRONT END AT ANGLE",06014029,10011,0,2,Injury Collision,,45,Bicycle,Matched,0,1,Raining,0,"(47.618550165000045, -122.34240185299996)",0,0,N,06-019299
112508,64239,64239,Intersection,Cycles,0,,,0,Y,02/11/2006 12:00:00 AM +0000,2/11/2006 8:15:00 PM,1,30510,At Intersection (intersection related),Dark - Street Lights On,5TH AVE S AND S JACKSON ST,0,1,,2,2108786,Dry,51,PEDALCYCLIST STRUCK MOTOR VEHICLE FRONT END AT ANGLE,06042006,7359,0,2,Injury Collision,,45,Bicycle,Matched,0,1,Clear or Partly Cloudy,0,"(47.599194924000074, -122.32766699399997)",0,0,N,6060256
112524,63980,63980,Intersection,Cycles,0,,,0,,08/14/2006 12:00:00 AM +0000,8/14/2006 6:16:00 PM,1,24610,At Intersection (intersection related),Daylight,EAST GREEN LAKE WAY N AND NE RAVENNA SR BV,0,1,,2,2624890,Dry,18,"MOTOR VEHICLE STRUCK PEDALCYCLIST, FRONT END AT ANGLE",06226005,14084,0,2,Injury Collision,,45,Bicycle,Matched,0,1,Clear or Partly Cloudy,0,"(47.678905275000034, -122.32626439899997)",0,0,N,06-342251
112599,64196,64196,Intersection,Cycles,0,,,0,,10/05/2006 12:00:00 AM +0000,10/5/2006,1,28767,At Intersection (intersection related),Dark - Street Lights On,DEXTER AVE N AND MERCER ST,0,1,Y,2,2606477,Dry,18,"MOTOR VEHICLE STRUCK PEDALCYCLIST, FRONT END AT ANGLE",06278001,10076,0,2,Injury Collision,,45,Bicycle,Matched,0,1,Clear or Partly Cloudy,0,"(47.624549727000044, -122.34234960099997)",0,0,N,06-422504
112604,63962,63962,Block,Cycles,418,,,0,,09/07/2006 12:00:00 AM +0000,9/7/2006,1,,Driveway Junction,Daylight,EASTLAKE AVE E BETWEEN PROSPECT ST AND E NELSON PL,0,1,Y,2,2622287,Dry,18,"MOTOR VEHICLE STRUCK PEDALCYCLIST, FRONT END AT ANGLE",06250005,334269,0,2,Injury Collision,,45,Bicycle,Matched,0,1,Clear or Partly Cloudy,0,"(47.62965397600004, -122.32861177999996)",0,0,N,06-378910
112612,64336,64336,Block,Cycles,99.5,,,0,,07/20/2007 12:00:00 AM +0000,7/20/2007 8:20:00 AM,1,,Driveway Junction,Daylight,STONE WAY N BETWEEN N 40TH ST AND N LUCAS PL,0,1,Y,5,2803333,Wet,18,"MOTOR VEHICLE STRUCK PEDALCYCLIST, FRONT END AT ANGLE",07201006,12961,0,2,Injury Collision,,45,Bicycle,Matched,0,1,Raining,0,"(47.65565365200007, -122.34242594099999)",6322,0,N,07-296097
112634,64349,64349,Block,Cycles,492,,,0,,11/09/2007 12:00:00 AM +0000,11/9/2007,1,,Driveway Junction,Dusk,SW AVALON WAY BETWEEN SW GENESEE ST AND 35TH AVE SW,0,1,Y,2,2825107,Dry,18,"MOTOR VEHICLE STRUCK PEDALCYCLIST, FRONT END AT ANGLE",07313003,21820,0,2,Injury Collision,,45,Bicycle,Matched,0,1,Clear or Partly Cloudy,0,"(47.56407560000008, -122.37419372599999)",41933,0,N,07-457068
112715,63655,63655,Intersection,Cycles,0,,,0,,10/14/2006 12:00:00 AM +0000,10/14/2006 12:34:00 PM,0,30987,At Intersection (intersection related),Daylight,61ST AVE SW AND SW ADMIRAL WAY,0,1,Y,2,2619499,Dry,18,"MOTOR VEHICLE STRUCK PEDALCYCLIST, FRONT END AT ANGLE",06287002,8088,0,1,Property Damage Only Collision,,45,Bicycle,Matched,0,1,Overcast,0,"(47.575906098000075, -122.41073930699997)",0,0,N,06-436735
112787,63392,63392,Intersection,Cycles,0,,,0,,09/06/2006 12:00:00 AM +0000,9/6/2006,1,29658,At Intersection (intersection related),Daylight,3RD AVE AND BROAD ST,0,1,Y,2,2618457,Dry,18,"MOTOR VEHICLE STRUCK PEDALCYCLIST, FRONT END AT ANGLE",06249044,4396,0,2,Injury Collision,,45,Bicycle,Matched,0,1,Clear or Partly Cloudy,0,"(47.61824782800005, -122.35078725599999)",0,0,N,2006-376706
112798,63378,63378,Block,Cycles,167.5,,,0,,08/24/2006 12:00:00 AM +0000,8/24/2006 8:36:00 AM,2,,Mid-Block (not related to intersection),Daylight,EASTLAKE AVE E BETWEEN E HOWE ST AND E NEWTON ST,0,1,,3,2604036,Dry,18,"MOTOR VEHICLE STRUCK PEDALCYCLIST, FRONT END AT ANGLE",06236005,10174,0,2,Injury Collision,,45,Bicycle,Matched,0,1,Overcast,0,"(47.63631851000008, -122.32574173699999)",0,0,N,06-356349
112804,63383,63383,Intersection,Cycles,0,,,0,,06/21/2006 12:00:00 AM +0000,6/21/2006 6:00:00 PM,1,29370,At Intersection (intersection related),Daylight,16TH AVE E AND E THOMAS ST,0,1,,2,2400845,Dry,51,PEDALCYCLIST STRUCK MOTOR VEHICLE FRONT END AT ANGLE,06172006,2235,0,2,Injury Collision,,45,Bicycle,Matched,0,1,Clear or Partly Cloudy,0,"(47.62049930300003, -122.31138365999999)",0,0,N,60252659
112809,63758,63758,Block,Cycles,214,,,0,,08/26/2006 12:00:00 AM +0000,8/26/2006 6:43:00 PM,1,,Mid-Block (not related to intersection),Daylight,LAKE WASHINGTON BLVD BETWEEN E ALDER ST AND E TERRACE ST,0,1,,3,2622255,Dry,18,"MOTOR VEHICLE STRUCK PEDALCYCLIST, FRONT END AT ANGLE",06238001,11175,0,2,Injury Collision,,45,Bicycle,Matched,0,1,Clear or Partly Cloudy,0,"(47.60410229300004, -122.28386814199996)",0,0,N,06-360163
112813,63640,63640,Intersection,Cycles,0,,,0,,11/14/2006 12:00:00 AM +0000,11/14/2006 6:26:00 PM,1,25114,At Intersection (intersection related),Dark - Street Lights On,24TH AVE NW AND NW 62ND ST,0,1,Y,2,2610054,Wet,18,"MOTOR VEHICLE STRUCK PEDALCYCLIST, FRONT END AT ANGLE",06318002,3597,0,2,Injury Collision,,45,Bicycle,Matched,0,1,Overcast,0,"(47.673831464000045, -122.38758562099997)",0,0,N,06-485318
112853,63622,63622,Block,Cycles,166.5,,,0,,11/17/2006 12:00:00 AM +0000,11/17/2006 2:50:00 PM,1,,Mid-Block (not related to intersection),Daylight,BROADWAY E BETWEEN E THOMAS ST AND E HARRISON ST,0,1,Y,2,2623163,Dry,18,"MOTOR VEHICLE STRUCK PEDALCYCLIST, FRONT END AT ANGLE",06321002,9453,0,2,Injury Collision,,45,Bicycle,Matched,0,1,Overcast,0,"(47.62153060600008, -122.32089890399999)",0,0,N,06-489685
112887,63362,63362,Block,Cycles,218,,,0,Y,09/12/2006 12:00:00 AM +0000,9/12/2006 4:51:00 PM,1,,Driveway Junction,Daylight,EASTLAKE AVE E BETWEEN HARVARD AVE E AND FUHRMAN AVE E,0,1,,3,2614862,Dry,18,"MOTOR VEHICLE STRUCK PEDALCYCLIST, FRONT END AT ANGLE",06255005,10184,0,2,Injury Collision,,45,Bicycle,Matched,0,1,Clear or Partly Cloudy,0,"(47.65104751100006, -122.32168580199999)",0,0,N,06-386442
112923,63614,63614,Intersection,Cycles,0,,,0,,04/10/2006 12:00:00 AM +0000,4/10/2006 7:23:00 AM,1,36830,At Intersection (intersection related),Daylight,35TH AVE NE AND NE 115TH ST,0,1,,2,2178679,Dry,18,"MOTOR VEHICLE STRUCK PEDALCYCLIST, FRONT END AT ANGLE",06100004,5391,0,2,Injury Collision,,45,Bicycle,Matched,0,1,Overcast,0,"(47.71195941600007, -122.29065019999996)",0,0,N,06-143237
113056,63452,63452,Intersection,Cycles,0,,,0,,10/23/2006 12:00:00 AM +0000,10/23/2006 6:07:00 PM,1,29508,At Intersection (intersection related),Dusk,DENNY WAY AND TERRY AVE,0,1,,2,2606704,Dry,51,PEDALCYCLIST STRUCK MOTOR VEHICLE FRONT END AT ANGLE,06296001,10016,1,2b,Serious Injury Collision,,45,Bicycle,Matched,0,1,Clear or Partly Cloudy,0,"(47.61852939200003, -122.33728173199995)",0,0,N,06-451104
113101,63824,63824,Block,Cycles,42,,,0,,07/23/2006 12:00:00 AM +0000,7/23/2006 12:04:00 PM,1,,Driveway Junction,Daylight,HARBOR AVE SW BETWEEN SW SPOKANE NR ST AND SW AVALON WAY,0,1,,1,2613403,Dry,69,PEDALCYCLIST OVERTURNED IN ROAD,06204004,10822,0,2,Injury Collision,,45,Bicycle,Matched,0,0,Clear or Partly Cloudy,0,"(47.57167480700008, -122.37064237199996)",0,0,N,06 305477
113143,63561,63561,Intersection,Cycles,0,,,0,,09/21/2006 12:00:00 AM +0000,9/21/2006 6:38:00 AM,1,26711,At Intersection (intersection related),Daylight,11TH AVE NW AND NW 45TH ST,0,1,,2,2611678,Wet,18,"MOTOR VEHICLE STRUCK PEDALCYCLIST, FRONT END AT ANGLE",06264006,1427,0,2,Injury Collision,,45,Bicycle,Matched,0,1,Overcast,0,"(47.66146941900007, -122.37076944799998)",0,0,N,6399416
113162,63686,63686,Block,Cycles,163.5,,,0,,01/10/2006 12:00:00 AM +0000,1/10/2006 5:49:00 PM,1,,Driveway Junction,Dark - Street Lights On,E TERRACE ST BETWEEN 11TH AVE AND 12TH AVE,0,1,Y,2,1217211,Wet,18,"MOTOR VEHICLE STRUCK PEDALCYCLIST, FRONT END AT ANGLE",06010006,14831,0,2,Injury Collision,,45,Bicycle,Matched,0,1,Raining,0,"(47.60519770600007, -122.31744628599995)",0,0,N,06 13498
113181,63279,63279,Intersection,Cycles,0,,,0,,08/17/2006 12:00:00 AM +0000,8/17/2006 5:10:00 PM,1,26752,At Intersection (intersection related),Daylight,15TH AVE W AND W RUFFNER ST,0,1,,2,2400417,Dry,18,"MOTOR VEHICLE STRUCK PEDALCYCLIST, FRONT END AT ANGLE",06229006,2195,0,2,Injury Collision,,45,Bicycle,Matched,0,1,Clear or Partly Cloudy,0,"(47.65216806800004, -122.376206261)",0,0,N,06-346677
113195,63798,63798,Intersection,Cycles,0,,,0,,02/07/2006 12:00:00 AM +0000,2/7/2006,1,27035,At Intersection (intersection related),Dark - Street Lights On,FREMONT AVE N AND FREMONT PL N,0,1,Y,2,2185320,Dry,18,"MOTOR VEHICLE STRUCK PEDALCYCLIST, FRONT END AT ANGLE",06038003,10486,0,2,Injury Collision,,45,Bicycle,Matched,0,1,Clear or Partly Cloudy,0,"(47.65043101700007, -122.34983490399998)",0,0,N,69053171
113228,62884,62884,Intersection,Cycles,0,,,0,,11/25/2006 12:00:00 AM +0000,11/25/2006 5:30:00 PM,1,36802,At Intersection (intersection related),Dark - Street Lights Off,SAND POINT WAY NE AND NE 123RD ST,0,1,Y,3,2617918,Dry,24,MOTOR VEHCILE STRUCK PEDESTRIAN,06329002,12746,0,2,Injury Collision,,45,Bicycle,Matched,0,1,Clear or Partly Cloudy,0,"(47.71736901600008, -122.28390740299994)",0,0,N,06-501273
113262,62869,62869,Block,Cycles,161.5,,,0,,09/05/2006 12:00:00 AM +0000,9/5/2006,0,,Mid-Block (not related to intersection),Daylight,S JACKSON ST BETWEEN 20TH PL S AND 22ND AVE S,0,1,Y,2,2622351,Dry,18,"MOTOR VEHICLE STRUCK PEDALCYCLIST, FRONT END AT ANGLE",06248008,510318,0,1,Property Damage Only Collision,,45,Bicycle,Matched,0,1,Clear or Partly Cloudy,0,"(47.59927027100008, -122.30394564399995)",0,0,N,06-375281
113264,62868,62868,Intersection,Cycles,0,,,0,,09/05/2006 12:00:00 AM +0000,9/5/2006,1,29657,At Intersection (intersection related),Daylight,BROAD ST AND DENNY WAY,0,1,Y,2,2618733,Dry,18,"MOTOR VEHICLE STRUCK PEDALCYCLIST, FRONT END AT ANGLE",06248028,9416,0,2,Injury Collision,,45,Bicycle,Matched,0,1,Clear or Partly Cloudy,0,"(47.618581919000064, -122.35035531499994)",0,0,N,06-376949
113268,63134,63134,Block,Cycles,375,,,0,,05/18/2006 12:00:00 AM +0000,5/18/2006 4:31:00 PM,1,,Mid-Block (not related to intersection),Daylight,SAND POINT WAY NE BETWEEN NE 106TH ST AND NE 107TH ST,0,1,,2,2058365,Dry,18,"MOTOR VEHICLE STRUCK PEDALCYCLIST, FRONT END AT ANGLE",06138012,12740,0,2,Injury Collision,,45,Bicycle,Matched,0,1,Clear or Partly Cloudy,0,"(47.70604697200008, -122.27881460499998)",0,0,N,60199786