OBJECTID,INCKEY,COLDETKEY,ADDRTYPE,COLLISIONTYPE,DISTANCE,EXCEPTRSNCODE,EXCEPTRSNDESC,FATALITIES,INATTENTIONIND,INCDATE,INCDTTM,INJURIES,INTKEY,JUNCTIONTYPE,LIGHTCOND,LOCATION,PEDCOUNT,PEDCYLCOUNT,PEDROWNOTGRNT,PERSONCOUNT,REPORTNO,ROADCOND,SDOT_COLCODE,SDOT_COLDESC,SDOTCOLNUM,SEGKEY,SERIOUSINJURIES,SEVERITYCODE,SEVERITYDESC,SPEEDING,ST_COLCODE,ST_COLDESC,STATUS,UNDERINFL,VEHCOUNT,WEATHER,WIDTH,Shape,SEGLANEKEY,CROSSWALKKEY,HITPARKEDCAR,SPDCASENO
113279,62998,62998,Intersection,Cycles,0,,,0,,05/05/2006 12:00:00 AM +0000,5/5/2006,1,25932,At Intersection (intersection related),Daylight,29TH AVE NE AND NE 55TH ST,0,1,Y,2,2179018,Dry,18,"MOTOR VEHICLE STRUCK PEDALCYCLIST, FRONT END AT ANGLE",06125049,4285,0,2,Injury Collision,,45,Bicycle,Matched,0,1,Clear or Partly Cloudy,0,"(47.66851987500007, -122.29620115099999)",0,0,N,06 179371
113296,63135,63135,Intersection,Cycles,0,,,0,,05/18/2006 12:00:00 AM +0000,5/18/2006 3:09:00 PM,1,29872,At Intersection (but not related to intersection),Daylight,BOREN AVE AND PINE ST,0,1,Y,2,2024539,Dry,22,"MOTOR VEHICLE STRUCK PEDALCYCLIST, RIGHT SIDE SIDESWIPE",06138008,9320,0,2,Injury Collision,,45,Bicycle,Matched,0,1,Clear or Partly Cloudy,0,"(47.61445724200007, -122.32982243299995)",0,0,N,06 199773
113597,62918,62918,Block,Cycles,153,,,0,Y,03/17/2006 12:00:00 AM +0000,3/17/2006 4:05:00 PM,1,,Mid-Block (not related to intersection),Daylight,BOREN AVE BETWEEN MADISON ST AND SPRING ST,0,1,,2,2070681,Dry,23,"MOTOR VEHICLE STRUCK PEDALCYCLIST, LEFT SIDE SIDESWIPE",06076006,9314,0,2,Injury Collision,,45,Bicycle,Matched,1,1,Overcast,0,"(47.60969372900007, -122.32546429599995)",0,0,N,6109359
113750,62626,62626,Block,Cycles,503,,,0,,10/10/2006 12:00:00 AM +0000,10/10/2006 1:02:00 PM,1,,Driveway Junction,Daylight,25TH AVE NE BETWEEN NE 44TH ST AND NE 47TH ST,0,1,,2,2610493,Dry,18,"MOTOR VEHICLE STRUCK PEDALCYCLIST, FRONT END AT ANGLE",06283004,3720,0,2,Injury Collision,,45,Bicycle,Matched,0,1,Clear or Partly Cloudy,0,"(47.66188693000004, -122.30090615699999)",0,0,N,06-430184
113793,62610,62610,Block,Cycles,251.5,,,0,,06/11/2006 12:00:00 AM +0000,6/11/2006 9:08:00 AM,1,,Driveway Junction,Daylight,LAKESIDE AVE S BETWEEN S KING ST AND S LANE ST,0,1,Y,2,2063960,Dry,18,"MOTOR VEHICLE STRUCK PEDALCYCLIST, FRONT END AT ANGLE",06162004,11261,0,2,Injury Collision,,45,Bicycle,Matched,0,1,Clear or Partly Cloudy,0,"(47.59725865900003, -122.28720950799999)",0,0,N,06 236122
113869,62335,62335,Intersection,Cycles,0,,,0,Y,08/27/2006 12:00:00 AM +0000,8/27/2006 3:18:00 PM,0,25793,At Intersection (intersection related),Daylight,UNIVERSITY WAY NE AND NE 50TH ST,0,1,,2,2614437,Dry,51,PEDALCYCLIST STRUCK MOTOR VEHICLE FRONT END AT ANGLE,06239002,13224,0,1,Property Damage Only Collision,,45,Bicycle,Matched,0,1,Clear or Partly Cloudy,0,"(47.66490072400006, -122.31307415999999)",0,0,N,06-361483
113916,62328,62328,Intersection,Cycles,0,,,0,,05/31/2006 12:00:00 AM +0000,5/31/2006 6:05:00 PM,1,26786,At Intersection (intersection related),Daylight,BURKE AVE N AND N 45TH ST,0,1,,2,2058640,Dry,51,PEDALCYCLIST STRUCK MOTOR VEHICLE FRONT END AT ANGLE,06151006,9511,0,2,Injury Collision,,45,Bicycle,Matched,0,1,Clear or Partly Cloudy,0,"(47.661385848000066, -122.33507243499997)",0,0,N,6219366
113939,62702,62702,Intersection,Cycles,0,,,0,,02/02/2006 12:00:00 AM +0000,2/2/2006,1,27167,At Intersection (intersection related),Daylight,UNIVERSITY WAY NE AND NE PACIFIC ST,0,1,,2,2061111,Dry,18,"MOTOR VEHICLE STRUCK PEDALCYCLIST, FRONT END AT ANGLE",06033013,13215,0,2,Injury Collision,,45,Bicycle,Matched,0,1,Overcast,0,"(47.65339944100003, -122.31333457599999)",0,0,N,06 045761
114029,62293,62293,Intersection,Cycles,0,,,0,,03/14/2006 12:00:00 AM +0000,3/14/2006 4:50:00 PM,1,25823,At Intersection (intersection related),Daylight,CORLISS AVE N AND N 61ST ST,0,1,,2,2059234,Dry,51,PEDALCYCLIST STRUCK MOTOR VEHICLE FRONT END AT ANGLE,06073003,9777,0,2,Injury Collision,,45,Bicycle,Matched,0,1,Clear or Partly Cloudy,0,"(47.67289337600005, -122.33089370399995)",0,0,N,06-105153
114045,62418,62418,Intersection,Cycles,0,,,0,,07/14/2006 12:00:00 AM +0000,7/14/2006 7:40:00 AM,1,30748,At Intersection (intersection related),Daylight,16TH AVE S AND S JACKSON ST,0,1,Y,2,2620905,Dry,18,"MOTOR VEHICLE STRUCK PEDALCYCLIST, FRONT END AT ANGLE",06195042,2282,0,2,Injury Collision,,45,Bicycle,Matched,0,1,Clear or Partly Cloudy,0,"(47.599224596000056, -122.31157742299996)",0,0,N,06-290293
114054,62788,62788,Block,Cycles,124.5,,,0,,06/20/2006 12:00:00 AM +0000,6/20/2006 12:22:00 PM,1,,Driveway Junction,Daylight,NE 45TH ST BETWEEN 1ST AVE NE AND 2ND AVE NE,0,1,Y,4,2400641,Dry,18,"MOTOR VEHICLE STRUCK PEDALCYCLIST, FRONT END AT ANGLE",06171003,16838,0,2,Injury Collision,Y,45,Bicycle,Matched,0,1,Clear or Partly Cloudy,0,"(47.661357277000036, -122.32775751099996)",0,0,N,06-250440
114055,62671,62671,Block,Cycles,139.5,,,0,,05/30/2006 12:00:00 AM +0000,5/30/2006 6:44:00 PM,2,,Driveway Junction,Daylight,S NORMAN ST BETWEEN 28TH AVE S AND 29TH AVE S,0,1,,5,2063981,Dry,51,PEDALCYCLIST STRUCK MOTOR VEHICLE FRONT END AT ANGLE,06150003,20954,0,2,Injury Collision,,45,Bicycle,Matched,0,1,Clear or Partly Cloudy,0,"(47.59331718000004, -122.29602945299996)",0,0,N,06 217752
114077,62542,62542,Block,Cycles,279,,,0,,04/20/2006 12:00:00 AM +0000,4/20/2006 8:51:00 PM,0,,Mid-Block (not related to intersection),Dark - Street Lights On,WESTLAKE AVE N BETWEEN VALLEY ST AND 9TH AVE N,0,1,Y,2,2108695,Dry,26,MOTOR VEHICLE STRUCK OBJECT IN ROAD,06110005,13538,0,1,Property Damage Only Collision,,45,Bicycle,Matched,0,1,Clear or Partly Cloudy,0,"(47.62648210300006, -122.33912756699999)",0,0,N,06-157818
114078,62541,62541,Block,Cycles,280,,,0,,11/22/2006 12:00:00 AM +0000,11/22/2006 9:15:00 AM,1,,Mid-Block (not related to intersection),Daylight,BROOKLYN AVE NE BETWEEN NE 50TH ST AND NE 52ND ST,0,1,Y,2,2614561,Wet,22,"MOTOR VEHICLE STRUCK PEDALCYCLIST, RIGHT SIDE SIDESWIPE",06326001,9484,0,2,Injury Collision,,45,Bicycle,Matched,0,1,Clear or Partly Cloudy,0,"(47.665674584000044, -122.31419835899999)",0,0,N,06-497014
114129,62406,62406,Block,Cycles,306,,,0,,07/22/2006 12:00:00 AM +0000,7/22/2006 2:25:00 PM,1,,Mid-Block (not related to intersection),Daylight,FAUNTLEROY WAY SW BETWEEN SW MYRTLE ST AND SW OTHELLO ST,0,1,Y,2,2619529,Dry,56,PEDALCYCLIST STRUCK MOTOR VEHICLE LEFT SIDE SIDESWIPE,06203003,10407,0,2,Injury Collision,,45,Bicycle,Matched,0,1,Clear or Partly Cloudy,0,"(47.53882185800006, -122.39109185899997)",0,0,N,06-303918
114130,62405,62405,Block,Cycles,139,,,0,,05/14/2006 12:00:00 AM +0000,5/14/2006 2:40:00 PM,0,,Driveway Junction,Daylight,NE 45TH ST BETWEEN NE 45TH ST RP AND MONTLAKE BLVD NE,0,1,,2,2188375,Dry,18,"MOTOR VEHICLE STRUCK PEDALCYCLIST, FRONT END AT ANGLE",06134003,16861,0,1,Property Damage Only Collision,,45,Bicycle,Matched,0,1,Clear or Partly Cloudy,0,"(47.66122236800004, -122.29886205099996)",0,0,N,06 193342
114132,62403,62403,Block,Cycles,1087.5,,,0,,05/16/2006 12:00:00 AM +0000,5/16/2006 5:06:00 PM,1,,Driveway Junction,Daylight,WEST GREEN LAKE WAY N BETWEEN GREEN LAKE TURN RD AND N 63RD ST,0,1,Y,2,2400410,Dry,18,"MOTOR VEHICLE STRUCK PEDALCYCLIST, FRONT END AT ANGLE",06136004,23399,0,2,Injury Collision,,45,Bicycle,Matched,0,1,Clear or Partly Cloudy,0,"(47.67149845500006, -122.34367493899998)",0,0,N,06 196555
114144,62771,62771,Intersection,Cycles,0,,,0,,03/27/2006 12:00:00 AM +0000,3/27/2006 7:49:00 PM,1,26053,At Intersection (intersection related),Dark - Street Lights On,16TH AVE NE AND NE 50TH ST,0,1,,2,2185217,Dry,51,PEDALCYCLIST STRUCK MOTOR VEHICLE FRONT END AT ANGLE,06086007,2249,0,2,Injury Collision,,45,Bicycle,Matched,0,1,Clear or Partly Cloudy,0,"(47.66488423200008, -122.31080203699997)",0,0,N,06 124049
114162,62393,62393,Block,Cycles,727.5,,,0,,05/18/2006 12:00:00 AM +0000,5/18/2006 5:36:00 PM,1,,Mid-Block (not related to intersection),Daylight,WESTLAKE AVE N BETWEEN NEWELL ST AND NICKERSON ST,0,1,,2,2069901,Dry,51,PEDALCYCLIST STRUCK MOTOR VEHICLE FRONT END AT ANGLE,06138003,13548,1,2b,Serious Injury Collision,,45,Bicycle,Matched,0,1,Clear or Partly Cloudy,0,"(47.64502969000006, -122.34730070499995)",0,0,N,06 199864
114220,62377,62377,Block,Cycles,203.5,,,0,,04/26/2006 12:00:00 AM +0000,4/26/2006 3:04:00 PM,0,,Mid-Block (but intersection related),Daylight,NW MARKET ST BETWEEN 28TH AVE NW AND NW 54TH ST,0,1,,4,2390702,Dry,55,PEDALCYCLIST STRUCK MOTOR VEHICLE RIGHT SIDE SIDESWIPE,06116004,19238,0,1,Property Damage Only Collision,,45,Bicycle,Matched,0,1,Clear or Partly Cloudy,0,"(47.66865140600004, -122.39368163099999)",0,0,N,06-166164
114228,61842,61842,Intersection,Cycles,0,,,0,,02/06/2006 12:00:00 AM +0000,2/6/2006,1,26447,At Intersection (intersection related),Daylight,GILMAN AVE W AND W EMERSON PL,0,1,,3,2191711,Dry,51,PEDALCYCLIST STRUCK MOTOR VEHICLE FRONT END AT ANGLE,06037001,10638,0,2,Injury Collision,,45,Bicycle,Matched,0,1,Clear or Partly Cloudy,0,"(47.65587141100008, -122.38647924599996)",0,0,N,06 052169
114255,61962,61962,Intersection,Cycles,0,,,0,,09/30/2006 12:00:00 AM +0000,9/30/2006 5:46:00 PM,1,30337,At Intersection (intersection related),Daylight,E ALDER ST AND E SPRUCE ST,0,1,Y,2,2623191,Dry,18,"MOTOR VEHICLE STRUCK PEDALCYCLIST, FRONT END AT ANGLE",06273005,13801,0,2,Injury Collision,,45,Bicycle,Matched,0,1,Clear or Partly Cloudy,0,"(47.60387892800003, -122.28636320699997)",0,0,N,06-414652
114320,62208,62208,Intersection,Cycles,0,,,0,,12/09/2006 12:00:00 AM +0000,12/9/2006,1,27167,At Intersection (intersection related),Daylight,UNIVERSITY WAY NE AND NE PACIFIC ST,0,1,,2,2803694,Dry,18,"MOTOR VEHICLE STRUCK PEDALCYCLIST, FRONT END AT ANGLE",06343037,13215,0,2,Injury Collision,,45,Bicycle,Matched,0,1,Clear or Partly Cloudy,0,"(47.65339944100003, -122.31333457599999)",0,0,N,06-522634
114339,61822,61822,Intersection,Cycles,0,,,0,,08/27/2006 12:00:00 AM +0000,8/27/2006 5:28:00 PM,1,29408,At Intersection (intersection related),Daylight,MCGILVRA BLVD E AND E GALER ST,0,1,Y,2,2622183,Dry,18,"MOTOR VEHICLE STRUCK PEDALCYCLIST, FRONT END AT ANGLE",06239010,11720,0,2,Injury Collision,,45,Bicycle,Matched,0,1,Clear or Partly Cloudy,0,"(47.63216270100003, -122.28131073499998)",0,0,N,06-361655
114507,61782,61782,Intersection,Cycles,0,,,0,,11/08/2006 12:00:00 AM +0000,11/8/2006,1,29161,At Intersection (intersection related),Dark - Street Lights On,SUMMIT AVE E AND E OLIVE WAY,0,1,Y,2,2623480,Wet,18,"MOTOR VEHICLE STRUCK PEDALCYCLIST, FRONT END AT ANGLE",06312005,12991,0,2,Injury Collision,,45,Bicycle,Matched,0,1,Raining,0,"(47.61889599600005, -122.32528836099999)",0,0,N,06-476703
114530,61902,61902,Block,Cycles,213.5,,,0,,09/07/2006 12:00:00 AM +0000,9/7/2006,1,,Driveway Junction,Daylight,ALASKAN WAY BETWEEN LENORA ST AND BLANCHARD ST,0,1,Y,2,2618737,Dry,18,"MOTOR VEHICLE STRUCK PEDALCYCLIST, FRONT END AT ANGLE",06250001,8728,0,2,Injury Collision,,45,Bicycle,Matched,0,1,Clear or Partly Cloudy,0,"(47.61037733900008, -122.34695317499995)",0,0,N,06-379186
114572,62014,62014,Intersection,Cycles,0,,,0,,03/15/2006 12:00:00 AM +0000,3/15/2006 4:40:00 PM,1,29661,At Intersection (intersection related),Unknown,1ST AVE AND WARREN PL,0,1,,2,C665579,Dry,18,"MOTOR VEHICLE STRUCK PEDALCYCLIST, FRONT END AT ANGLE",06074037,1023,0,2,Injury Collision,,45,Bicycle,Matched,0,1,Clear or Partly Cloudy,0,"(47.61788948000003, -122.35415335399995)",0,0,N,
114589,62273,62273,Block,Cycles,270,,,0,,06/05/2006 12:00:00 AM +0000,6/5/2006,0,,Mid-Block (not related to intersection),Daylight,EASTLAKE AVE E BETWEEN E BOSTON ST AND E LYNN ST,0,1,,2,2071199,Dry,56,PEDALCYCLIST STRUCK MOTOR VEHICLE LEFT SIDE SIDESWIPE,06156004,10176,0,1,Property Damage Only Collision,,45,Bicycle,Matched,0,1,Overcast,0,"(47.638985674000025, -122.32589341199997)",0,0,N,06 226393
114702,62110,62110,Intersection,Cycles,0,,,0,Y,10/25/2006 12:00:00 AM +0000,10/25/2006 1:20:00 PM,1,35192,At Intersection (intersection related),Daylight,5TH AVE S AND S HENDERSON ST,0,1,,2,2625701,Dry,18,"MOTOR VEHICLE STRUCK PEDALCYCLIST, FRONT END AT ANGLE",06298001,7388,0,2,Injury Collision,,45,Bicycle,Matched,0,1,Overcast,0,"(47.52308135100003, -122.32825499699999)",0,0,N,06-453681
114799,61695,61695,Block,Cycles,190,,,0,,01/18/2006 12:00:00 AM +0000,1/18/2006 7:48:00 AM,1,,Driveway Junction,Dawn,E MADISON ST BETWEEN 15TH AVE AND 16TH AVE,0,1,Y,3,2128224,Wet,18,"MOTOR VEHICLE STRUCK PEDALCYCLIST, FRONT END AT ANGLE",06018015,14346,0,2,Injury Collision,,45,Bicycle,Matched,0,1,Clear or Partly Cloudy,0,"(47.61477105800003, -122.31211719699996)",0,0,N,06-024091
114835,61683,61683,Intersection,Cycles,0,,,0,,05/16/2006 12:00:00 AM +0000,5/16/2006 7:18:00 PM,1,30134,At Intersection (intersection related),Daylight,16TH AVE AND E PINE ST,0,1,,2,1791187,Dry,51,PEDALCYCLIST STRUCK MOTOR VEHICLE FRONT END AT ANGLE,06136042,2230,0,2,Injury Collision,,45,Bicycle,Matched,0,1,Clear or Partly Cloudy,0,"(47.61527767100006, -122.31146185199998)",0,0,N,06-196744
114839,61439,61439,Intersection,Cycles,0,,,0,Y,09/25/2006 12:00:00 AM +0000,9/25/2006 9:20:00 AM,1,29972,At Intersection (intersection related),Daylight,5TH AVE AND JAMES ST,0,1,Y,2,2625165,Dry,24,MOTOR VEHCILE STRUCK PEDESTRIAN,06268001,7226,0,2,Injury Collision,,45,Bicycle,Matched,0,1,Clear or Partly Cloudy,0,"(47.60369751600007, -122.32918704299999)",0,0,N,2006-405509
114871,61284,61284,Block,Cycles,140,,,0,,04/26/2006 12:00:00 AM +0000,4/26/2006 9:21:00 PM,1,,Driveway Junction,Dusk,NE 45TH ST BETWEEN UNIVERSITY WAY NE AND 15TH AVE NE,0,1,Y,2,2390738,Dry,18,"MOTOR VEHICLE STRUCK PEDALCYCLIST, FRONT END AT ANGLE",06116003,16852,0,2,Injury Collision,,45,Bicycle,Matched,0,1,Clear or Partly Cloudy,0,"(47.66126567400005, -122.31256350599995)",0,0,N,06-166660
114898,61550,61550,Block,Cycles,289,,,0,,06/30/2006 12:00:00 AM +0000,6/30/2006 11:28:00 AM,1,,Mid-Block (but intersection related),Daylight,23RD AVE W BETWEEN W EMERSON PL AND W ELMORE ST,0,1,,2,2187520,Dry,51,PEDALCYCLIST STRUCK MOTOR VEHICLE FRONT END AT ANGLE,06181002,3500,0,2,Injury Collision,,45,Bicycle,Matched,0,1,Clear or Partly Cloudy,0,"(47.65683263200003, -122.38593598799997)",0,0,N,06-266771
114900,61549,61549,Intersection,Cycles,0,,,0,,06/30/2006 12:00:00 AM +0000,6/30/2006 8:12:00 AM,2,29893,At Intersection (intersection related),Daylight,8TH AVE AND PIKE ST,1,1,,2,2071839,Dry,64,PEDALCYCLIST STRUCK PEDESTRIAN,06181003,8280,1,2b,Serious Injury Collision,,45,Bicycle,Matched,0,0,Clear or Partly Cloudy,0,"(47.61207057300004, -122.33224408399997)",0,0,N,6266571
114913,61428,61428,Block,Cycles,780,,,0,,09/11/2006 12:00:00 AM +0000,9/11/2006 8:30:00 PM,1,,Driveway Junction,Unknown,SEAVIEW AVE NW BETWEEN NW 61ST ST AND NW 67TH ST,0,1,,2,C674143,Unknown,18,"MOTOR VEHICLE STRUCK PEDALCYCLIST, FRONT END AT ANGLE",06254034,12761,0,2,Injury Collision,,45,Bicycle,Matched,0,1,Unknown,0,"(47.67489630600005, -122.40636222599994)",0,0,N,
114923,61666,61666,Block,Cycles,160,,,0,,02/28/2006 12:00:00 AM +0000,2/28/2006 5:04:00 PM,1,,Driveway Junction,Daylight,N 34TH ST BETWEEN WOODLAND PARK AVE N AND STONE WAY N,0,1,Y,2,2178709,Dry,18,"MOTOR VEHICLE STRUCK PEDALCYCLIST, FRONT END AT ANGLE",06059005,15289,0,2,Injury Collision,,45,Bicycle,Matched,0,1,Clear or Partly Cloudy,0,"(47.64863709600007, -122.34341043199998)",0,0,N,6084771
114958,61661,61661,Intersection,Cycles,0,,,0,,09/19/2006 12:00:00 AM +0000,9/19/2006 3:00:00 PM,1,23890,At Intersection (intersection related),Daylight,18TH AVE NW AND NW 77TH ST,0,1,,2,C674679,Dry,11,"MOTOR VEHICLE STRUCK MOTOR VEHICLE, FRONT END AT ANGLE",06262043,2583,0,2,Injury Collision,,45,Bicycle,Matched,0,1,Clear or Partly Cloudy,0,"(47.685031097000035, -122.38000754099994)",0,0,N,
115188,61607,61607,Intersection,Cycles,0,,,0,,09/09/2006 12:00:00 AM +0000,9/9/2006,1,29612,At Intersection (intersection related),Dark - Street Lights On,2ND AVE AND SENECA ST,0,1,,2,2617179,Dry,51,PEDALCYCLIST STRUCK MOTOR VEHICLE FRONT END AT ANGLE,06252001,2755,0,2,Injury Collision,,45,Bicycle,Matched,0,1,Clear or Partly Cloudy,0,"(47.60658579100004, -122.33643418799994)",0,0,N,06-382698
115213,61340,61340,Block,Cycles,124.5,,,0,Y,10/23/2006 12:00:00 AM +0000,10/23/2006 5:13:00 PM,0,,Mid-Block (not related to intersection),Daylight,N 38TH ST BETWEEN FREMONT WAY N AND FREMONT TURN RD,0,1,,3,2603566,Dry,21,"MOTOR VEHICLE STRUCK PEDALCYCLIST, REAR END",06296004,15354,0,1,Property Damage Only Collision,,45,Bicycle,Matched,0,1,Clear or Partly Cloudy,0,"(47.65259365400004, -122.34814300499994)",0,0,N,06-451049
115216,61724,61724,Intersection,Cycles,0,,,0,,01/13/2006 12:00:00 AM +0000,1/13/2006 1:20:00 PM,1,29060,At Intersection (intersection related),Daylight,15TH AVE E AND E JOHN SR ST,0,1,Y,2,1796151,Wet,18,"MOTOR VEHICLE STRUCK PEDALCYCLIST, FRONT END AT ANGLE",06013076,2002,0,2,Injury Collision,,45,Bicycle,Matched,0,1,Raining,0,"(47.61966388500008, -122.31272223999997)",0,0,N,06-017567
115297,60932,60932,Intersection,Cycles,0,,,0,,03/09/2006 12:00:00 AM +0000,3/9/2006,1,287145,At Intersection (intersection related),Daylight,BURKE GILMAN TRL AND NW 41ST ST,0,1,,2,2026487,Dry,18,"MOTOR VEHICLE STRUCK PEDALCYCLIST, FRONT END AT ANGLE",06068003,287192,0,2,Injury Collision,,45,Bicycle,Matched,0,1,Clear or Partly Cloudy,0,"(47.65693097400003, -122.36393774699997)",0,0,N,6097564
115307,61170,61170,Intersection,Cycles,0,,,0,,05/06/2006 12:00:00 AM +0000,5/6/2006,1,27297,At Intersection (intersection related),Daylight,MONTLAKE BLVD NE AND NE PACIFIC PL,0,1,Y,2,2023448,Dry,18,"MOTOR VEHICLE STRUCK PEDALCYCLIST, FRONT END AT ANGLE",06126003,11911,0,2,Injury Collision,,45,Bicycle,Matched,0,1,Overcast,0,"(47.65108342000008, -122.30390735999998)",0,0,N,06-181814
115336,60918,60918,Block,Cycles,77,,,0,,03/17/2006 12:00:00 AM +0000,3/17/2006 8:30:00 AM,1,,Mid-Block (not related to intersection),Daylight,MONTLAKE BLVD E BETWEEN E SHELBY ST AND MONTLAKE BR,0,1,Y,2,2279864,Wet,23,"MOTOR VEHICLE STRUCK PEDALCYCLIST, LEFT SIDE SIDESWIPE",06076010,11909,0,2,Injury Collision,,45,Bicycle,Matched,0,1,Overcast,0,"(47.64660623300006, -122.30461234699999)",0,0,N,06-108948
115390,60765,60765,Block,Cycles,150,,,0,,06/21/2006 12:00:00 AM +0000,6/21/2006 6:08:00 PM,1,,Mid-Block (not related to intersection),Daylight,12TH AVE NE BETWEEN NE 63RD ST AND NE 64TH ST,0,1,Y,2,2405309,Dry,18,"MOTOR VEHICLE STRUCK PEDALCYCLIST, FRONT END AT ANGLE",06172001,1578,0,2,Injury Collision,,45,Bicycle,Matched,0,1,Clear or Partly Cloudy,0,"(47.67456686700007, -122.31565782599995)",0,0,N,06 252674
115506,60999,60999,Intersection,Cycles,0,,,0,Y,04/18/2006 12:00:00 AM +0000,4/18/2006 8:12:00 AM,0,26673,At Intersection (intersection related),Daylight,LEARY WAY NW AND NW 39TH ST,0,1,Y,2,2390642,Dry,18,"MOTOR VEHICLE STRUCK PEDALCYCLIST, FRONT END AT ANGLE",06108028,11335,0,1,Property Damage Only Collision,,45,Bicycle,Matched,0,1,Clear or Partly Cloudy,0,"(47.65414586400004, -122.36006316099997)",0,0,N,6154112
115607,61238,61238,Block,Cycles,226,,,0,,12/27/2006 12:00:00 AM +0000,12/27/2006 4:55:00 PM,0,,Mid-Block (not related to intersection),Dark - Street Lights On,SW GRAHAM ST BETWEEN LANHAM PL SW AND 34TH AVE SW,0,1,,2,2616426,Wet,18,"MOTOR VEHICLE STRUCK PEDALCYCLIST, FRONT END AT ANGLE",06361003,22236,0,1,Property Damage Only Collision,,45,Bicycle,Matched,0,1,Overcast,0,"(47.546626626000034, -122.37413127699995)",0,0,N,2006-546988
115658,61097,61097,Block,Cycles,641,,,1,,03/17/2006 12:00:00 AM +0000,3/17/2006 1:01:00 PM,0,,Mid-Block (not related to intersection),Daylight,HIGHLAND PARK WAY SW BETWEEN 2ND AVE SW AND WEST MARGINAL WAY SW,0,1,,2,2127908,Dry,18,"MOTOR VEHICLE STRUCK PEDALCYCLIST, FRONT END AT ANGLE",06076001,10897,0,3,Fatality Collision,Y,45,Bicycle,Matched,0,1,Clear or Partly Cloudy,0,"(47.54026549500003, -122.33961618399996)",0,0,N,06-109118
115684,60967,60967,Block,Cycles,259.5,,,0,Y,09/27/2006 12:00:00 AM +0000,9/27/2006 4:58:00 PM,1,,Mid-Block (not related to intersection),Daylight,WINONA AVE N BETWEEN AURORA AVE N AND STONE AVE N,0,1,,2,2603644,Dry,18,"MOTOR VEHICLE STRUCK PEDALCYCLIST, FRONT END AT ANGLE",06270002,13625,0,2,Injury Collision,,45,Bicycle,Matched,0,1,Clear or Partly Cloudy,0,"(47.68315822000005, -122.34360126299998)",0,0,N,06-409354
115713,60829,60829,Block,Cycles,727.5,,,0,,12/07/2006 12:00:00 AM +0000,12/7/2006,1,,Mid-Block (but intersection related),Daylight,26TH AVE E BETWEEN BOYER AVE E AND E NEWTON ST,0,1,,2,2615293,Dry,51,PEDALCYCLIST STRUCK MOTOR VEHICLE FRONT END AT ANGLE,06341001,3855,1,2b,Serious Injury Collision,,45,Bicycle,Matched,0,1,Overcast,0,"(47.635908906000054, -122.29947268399997)",0,0,N,06-517541
115730,60954,60954,Intersection,Cycles,0,,,0,,06/20/2006 12:00:00 AM +0000,6/20/2006 9:43:00 PM,1,33135,At Intersection (intersection related),Dark - Street Lights On,CORSON AVE S AND S MICHIGAN ST,0,1,Y,2,1077134,Dry,18,"MOTOR VEHICLE STRUCK PEDALCYCLIST, FRONT END AT ANGLE",06171002,9833,0,2,Injury Collision,,45,Bicycle,Matched,0,1,Clear or Partly Cloudy,0,"(47.54750295500003, -122.32143892899995)",0,0,N,06 251212
115754,60808,60808,Intersection,Cycles,0,,,0,,05/26/2006 12:00:00 AM +0000,5/26/2006 9:59:00 PM,1,29592,At Intersection (intersection related),Dark - Street Lights On,2ND AVE AND PIKE ST,0,1,,3,2070289,Dry,51,PEDALCYCLIST STRUCK MOTOR VEHICLE FRONT END AT ANGLE,06146004,2758,0,2,Injury Collision,,45,Bicycle,Matched,0,1,Clear or Partly Cloudy,0,"(47.60928514300008, -122.33890369399995)",0,0,N,06-212192
115776,60275,60275,Intersection,Cycles,0,,,0,,04/28/2006 12:00:00 AM +0000,4/28/2006 5:30:00 PM,1,27167,At Intersection (intersection related),Daylight,UNIVERSITY WAY NE AND NE PACIFIC ST,0,1,,2,C668087,Dry,18,"MOTOR VEHICLE STRUCK PEDALCYCLIST, FRONT END AT ANGLE",06118049,13215,0,2,Injury Collision,,45,Bicycle,Matched,0,1,Clear or Partly Cloudy,0,"(47.65339944100003, -122.31333457599999)",0,0,N,
115784,60657,60657,Intersection,Cycles,0,,,0,,02/22/2006 12:00:00 AM +0000,2/22/2006 10:54:00 AM,1,30444,At Intersection (intersection related),Daylight,DEARBORN OFF RP AND S DEARBORN ST,0,1,,2,2187709,Dry,51,PEDALCYCLIST STRUCK MOTOR VEHICLE FRONT END AT ANGLE,06053003,19831,0,2,Injury Collision,,45,Bicycle,Matched,0,1,Overcast,0,"(47.595831547000046, -122.321370995)",0,0,N,06-075302
115922,60511,60511,Intersection,Cycles,0,,,0,,01/03/2006 12:00:00 AM +0000,1/3/2006,0,27114,At Intersection (intersection related),Daylight,7TH AVE NE AND NE 40TH ST,0,1,Y,2,2061109,Wet,18,"MOTOR VEHICLE STRUCK PEDALCYCLIST, FRONT END AT ANGLE",06003008,8170,0,1,Property Damage Only Collision,,45,Bicycle,Matched,0,1,Clear or Partly Cloudy,0,"(47.655893253000045, -122.32085414499994)",0,0,N,06 002907
116065,60340,60340,Block,Cycles,158,,,0,,04/24/2006 12:00:00 AM +0000,4/24/2006 8:14:00 AM,1,,Mid-Block (not related to intersection),Daylight,DEXTER AVE N BETWEEN HIGHLAND DR AND COMSTOCK ST,0,1,,2,2187669,Dry,56,PEDALCYCLIST STRUCK MOTOR VEHICLE LEFT SIDE SIDESWIPE,06114010,10081,0,2,Injury Collision,,45,Bicycle,Matched,0,1,Clear or Partly Cloudy,0,"(47.63015164300003, -122.34229977599995)",0,0,N,6162650