OBJECTID,INCKEY,COLDETKEY,ADDRTYPE,COLLISIONTYPE,DISTANCE,EXCEPTRSNCODE,EXCEPTRSNDESC,FATALITIES,INATTENTIONIND,INCDATE,INCDTTM,INJURIES,INTKEY,JUNCTIONTYPE,LIGHTCOND,LOCATION,PEDCOUNT,PEDCYLCOUNT,PEDROWNOTGRNT,PERSONCOUNT,REPORTNO,ROADCOND,SDOT_COLCODE,SDOT_COLDESC,SDOTCOLNUM,SEGKEY,SERIOUSINJURIES,SEVERITYCODE,SEVERITYDESC,SPEEDING,ST_COLCODE,ST_COLDESC,STATUS,UNDERINFL,VEHCOUNT,WEATHER,WIDTH,Shape,SEGLANEKEY,CROSSWALKKEY,HITPARKEDCAR,SPDCASENO
116076,60596,60596,Intersection,Cycles,0,,,0,,05/12/2006 12:00:00 AM +0000,5/12/2006 6:54:00 PM,1,37393,At Intersection (intersection related),Daylight,EVANSTON AVE N AND N 102ND ST,0,1,,2,1216470,Dry,51,PEDALCYCLIST STRUCK MOTOR VEHICLE FRONT END AT ANGLE,06132004,10294,0,2,Injury Collision,,45,Bicycle,Matched,0,1,Clear or Partly Cloudy,0,"(47.70289530000008, -122.35087226499996)",0,0,N,06-190751
116122,60582,60582,Intersection,Cycles,0,,,0,,11/03/2006 12:00:00 AM +0000,11/3/2006,1,33753,At Intersection (intersection related),Dark - Street Lights On,CALIFORNIA AVE SW AND SW BEVERIDGE PL,0,1,,2,2625680,Wet,51,PEDALCYCLIST STRUCK MOTOR VEHICLE FRONT END AT ANGLE,06307005,9565,0,2,Injury Collision,,45,Bicycle,Matched,0,1,Raining,0,"(47.54532547000008, -122.38721010299997)",0,0,N,06-468487
116129,60337,60337,Intersection,Cycles,0,,,0,,04/25/2006 12:00:00 AM +0000,4/25/2006 6:36:00 PM,1,26916,At Intersection (but not related to intersection),Daylight,BURKE AVE N AND N NORTHLAKE WAY,0,1,Y,2,2058630,Dry,18,"MOTOR VEHICLE STRUCK PEDALCYCLIST, FRONT END AT ANGLE",06115007,9499,0,2,Injury Collision,,45,Bicycle,Matched,0,1,Clear or Partly Cloudy,0,"(47.64687291300004, -122.33516875699996)",0,0,N,6165004
116201,60695,60695,Block,Cycles,213,,,0,,07/19/2006 12:00:00 AM +0000,7/19/2006 8:49:00 AM,1,,Mid-Block (not related to intersection),Daylight,6TH AVE BETWEEN BELL ST AND BATTERY ST,0,1,,2,2608656,Dry,18,"MOTOR VEHICLE STRUCK PEDALCYCLIST, FRONT END AT ANGLE",06200008,7892,0,2,Injury Collision,,45,Bicycle,Matched,0,1,Clear or Partly Cloudy,0,"(47.61708204200005, -122.34286323499998)",0,0,N,06-298356
116202,60694,60694,Intersection,Cycles,0,,,0,,07/20/2006 12:00:00 AM +0000,7/20/2006 9:45:00 PM,1,29878,At Intersection (intersection related),Dark - Street Lights On,BOREN AVE AND PIKE ST,0,1,Y,2,2621011,Dry,18,"MOTOR VEHICLE STRUCK PEDALCYCLIST, FRONT END AT ANGLE",06201007,9319,0,2,Injury Collision,,45,Bicycle,Matched,0,1,Clear or Partly Cloudy,0,"(47.613465820000044, -122.32891310199994)",0,0,N,06 301134
116207,60568,60568,Intersection,Cycles,0,,,0,,04/10/2006 12:00:00 AM +0000,4/10/2006 8:38:00 PM,1,30543,At Intersection (intersection related),Dark - Street Lights On,MAYNARD AVE S AND S DEARBORN ST,0,1,,2,2192155,Dry,51,PEDALCYCLIST STRUCK MOTOR VEHICLE FRONT END AT ANGLE,06100006,11704,0,2,Injury Collision,,45,Bicycle,Matched,0,1,Clear or Partly Cloudy,0,"(47.59583534300003, -122.32506845099999)",0,0,N,6144012
116213,60446,60446,Intersection,Cycles,0,,,0,,10/06/2006 12:00:00 AM +0000,10/6/2006,1,36792,At Intersection (intersection related),Daylight,SAND POINT WAY NE AND NE 106TH ST,0,1,Y,2,2618138,Wet,18,"MOTOR VEHICLE STRUCK PEDALCYCLIST, FRONT END AT ANGLE",06279032,12740,0,2,Injury Collision,,45,Bicycle,Matched,0,1,Raining,0,"(47.70507904300007, -122.27831258299994)",0,0,N,06-423398
116281,60159,60159,Block,Cycles,163.5,,,0,,09/09/2006 12:00:00 AM +0000,9/9/2006,1,,Mid-Block (not related to intersection),Dark - Street Lights On,N NORTHGATE WAY BETWEEN MIDVALE AVE N AND STONE AVE N,0,1,,2,2624560,Wet,21,"MOTOR VEHICLE STRUCK PEDALCYCLIST, REAR END",06252009,16112,0,2,Injury Collision,,45,Bicycle,Matched,0,1,Raining,0,"(47.70504850300006, -122.34266812699997)",0,0,N,06-381468
116282,60158,60158,Intersection,Cycles,0,,,0,,09/11/2006 12:00:00 AM +0000,9/11/2006 11:14:00 PM,1,27093,At Intersection (intersection related),Dark - Street Lights On,ROOSEVELT WAY NE AND NE 42ND S ST,0,1,Y,2,2618151,Dry,18,"MOTOR VEHICLE STRUCK PEDALCYCLIST, FRONT END AT ANGLE",06254002,12595,0,2,Injury Collision,,45,Bicycle,Matched,0,1,Clear or Partly Cloudy,0,"(47.65751422500006, -122.31780212899997)",0,0,N,06-385472
116284,60156,60156,Block,Cycles,153,,,0,,10/13/2006 12:00:00 AM +0000,10/13/2006 12:40:00 PM,1,,Driveway Junction,Daylight,4TH AVE S BETWEEN S WASHINGTON ST AND S MAIN ST,0,1,Y,2,2608894,Unknown,18,"MOTOR VEHICLE STRUCK PEDALCYCLIST, FRONT END AT ANGLE",06286001,6227,0,2,Injury Collision,,45,Bicycle,Matched,0,1,Unknown,0,"(47.60045709600007, -122.32896381999996)",0,0,N,06-439587
116328,60147,60147,Block,Cycles,161.5,,,0,,12/23/2006 12:00:00 AM +0000,12/23/2006 4:30:00 PM,0,,Mid-Block (not related to intersection),Dark - Street Lights On,HOWELL ST BETWEEN BOREN AVE AND MINOR AVE,0,1,,2,2622814,Dry,23,"MOTOR VEHICLE STRUCK PEDALCYCLIST, LEFT SIDE SIDESWIPE",06357001,10963,0,1,Property Damage Only Collision,,45,Bicycle,Matched,0,1,Clear or Partly Cloudy,0,"(47.61650595100008, -122.330991617)",0,0,N,06-542556
116347,60009,60009,Intersection,Cycles,0,,,0,,06/06/2006 12:00:00 AM +0000,6/6/2006,1,30793,At Intersection (intersection related),Daylight,HIAWATHA PL S AND S CHARLES ST,0,1,,2,C669638,Dry,18,"MOTOR VEHICLE STRUCK PEDALCYCLIST, FRONT END AT ANGLE",06157054,10876,0,2,Injury Collision,,45,Bicycle,Matched,0,1,Clear or Partly Cloudy,0,"(47.594432151000035, -122.30912072499996)",0,0,N,
116380,59998,59998,Intersection,Cycles,0,,,0,Y,10/27/2006 12:00:00 AM +0000,10/27/2006 8:19:00 AM,1,29657,At Intersection (intersection related),Daylight,BROAD ST AND DENNY WAY,0,1,Y,2,2608214,Dry,18,"MOTOR VEHICLE STRUCK PEDALCYCLIST, FRONT END AT ANGLE",06300001,9416,0,2,Injury Collision,,45,Bicycle,Matched,0,1,Clear or Partly Cloudy,0,"(47.618581919000064, -122.35035531499994)",0,0,N,06-456627
116386,59994,59994,Block,Cycles,161,,,0,,08/15/2006 12:00:00 AM +0000,8/15/2006 9:27:00 AM,1,,Driveway Junction,Daylight,STEWART ST BETWEEN 8TH AVE AND 9TH AVE,0,1,,2,2607716,Dry,18,"MOTOR VEHICLE STRUCK PEDALCYCLIST, FRONT END AT ANGLE",06227041,12905,0,2,Injury Collision,,45,Bicycle,Matched,0,1,Clear or Partly Cloudy,0,"(47.615283472000044, -122.33486718099999)",0,0,N,06-349200
116414,59862,59862,Intersection,Cycles,0,,,0,,09/05/2006 12:00:00 AM +0000,9/5/2006,1,25792,At Intersection (intersection related),Daylight,BROOKLYN AVE NE AND NE 50TH ST,0,1,Y,2,2618077,Dry,18,"MOTOR VEHICLE STRUCK PEDALCYCLIST, FRONT END AT ANGLE",06248003,9484,0,2,Injury Collision,,45,Bicycle,Matched,0,1,Clear or Partly Cloudy,0,"(47.66490847500006, -122.31421009099995)",0,0,N,06-375697
116419,59850,59850,Block,Cycles,740,,,0,,03/23/2006 12:00:00 AM +0000,3/23/2006 9:11:00 PM,0,,Mid-Block (not related to intersection),Dark - Street Lights On,BEACH DR SW BETWEEN SW BEACH DRIVE TER AND SW CANADA DR,0,1,Y,2,2018653,Dry,18,"MOTOR VEHICLE STRUCK PEDALCYCLIST, FRONT END AT ANGLE",06082027,9105,0,1,Property Damage Only Collision,,45,Bicycle,Matched,0,1,Clear or Partly Cloudy,0,"(47.55665533800004, -122.40048817699994)",0,0,N,06-118316
116490,59703,59703,Block,Cycles,44.5,,,0,,06/22/2006 12:00:00 AM +0000,6/22/2006 4:21:00 PM,1,,Driveway Junction,Daylight,24TH AVE E BETWEEN DEAD END 1 AND E NORTH ST,0,1,,2,2401081,Dry,51,PEDALCYCLIST STRUCK MOTOR VEHICLE FRONT END AT ANGLE,06173006,3558,0,2,Injury Collision,,45,Bicycle,Matched,0,1,Clear or Partly Cloudy,0,"(47.643612561000054, -122.30212674599994)",0,0,N,06-254174
116568,59957,59957,Intersection,Cycles,0,,,0,,08/25/2006 12:00:00 AM +0000,8/25/2006 6:51:00 PM,1,29739,At Intersection (intersection related),Daylight,11TH AVE AND E PINE ST,0,1,Y,2,2622254,Dry,18,"MOTOR VEHICLE STRUCK PEDALCYCLIST, FRONT END AT ANGLE",06237019,1383,0,2,Injury Collision,,45,Bicycle,Matched,0,1,Clear or Partly Cloudy,0,"(47.615254391000065, -122.318159434)",0,0,N,06-358673
116573,59686,59686,Intersection,Cycles,0,,,0,,09/12/2006 12:00:00 AM +0000,9/12/2006 3:50:00 PM,1,30365,At Intersection (intersection related),Daylight,1ST AVE S AND S JACKSON ST,0,1,,2,2607417,Dry,51,PEDALCYCLIST STRUCK MOTOR VEHICLE FRONT END AT ANGLE,06255004,1188,0,2,Injury Collision,,45,Bicycle,Matched,0,1,Clear or Partly Cloudy,0,"(47.59920482900003, -122.33418803199999)",0,0,N,06-386367
116607,60073,60073,Intersection,Cycles,0,,,0,,08/16/2006 12:00:00 AM +0000,8/16/2006 4:50:00 PM,0,28393,At Intersection (intersection related),Daylight,24TH AVE E AND E NORTH ST,0,1,,2,C672711,Dry,51,PEDALCYCLIST STRUCK MOTOR VEHICLE FRONT END AT ANGLE,06228038,3559,0,1,Property Damage Only Collision,,45,Bicycle,Matched,0,1,Clear or Partly Cloudy,0,"(47.64373634300006, -122.30212607399994)",0,0,N,
116651,59804,59804,Block,Cycles,162.5,,,0,,12/01/2006 12:00:00 AM +0000,12/1/2006,1,,Mid-Block (not related to intersection),Daylight,S COLUMBIAN WAY BETWEEN 15TH S AVE S AND S OREGON W ST,0,1,,3,2606913,Wet,51,PEDALCYCLIST STRUCK MOTOR VEHICLE FRONT END AT ANGLE,06335001,19693,0,2,Injury Collision,,45,Bicycle,Matched,0,1,Overcast,0,"(47.563895038000055, -122.31339860299994)",0,0,N,06-508600
116652,60197,60197,Block,Cycles,111.5,,,0,,12/07/2006 12:00:00 AM +0000,12/7/2006,1,,Mid-Block (but intersection related),Dark - Street Lights On,BOREN AVE S BETWEEN E YESLER WAY AND 12TH AVE S TURN RD,0,1,Y,5,2623759,Wet,11,"MOTOR VEHICLE STRUCK MOTOR VEHICLE, FRONT END AT ANGLE",06341003,9332,0,2,Injury Collision,,45,Bicycle,Matched,0,1,Overcast,0,"(47.60144508600007, -122.31756839899998)",0,0,N,06-518449
116666,60206,60206,Intersection,Cycles,0,,,0,,09/02/2006 12:00:00 AM +0000,9/2/2006,0,27149,At Intersection (intersection related),Daylight,15TH AVE NE AND NE PACIFIC ST,0,1,Y,3,2618027,Dry,18,"MOTOR VEHICLE STRUCK PEDALCYCLIST, FRONT END AT ANGLE",06245007,2028,0,1,Property Damage Only Collision,,45,Bicycle,Matched,0,1,Clear or Partly Cloudy,0,"(47.65297596400006, -122.31246414499998)",0,0,N,06-371092
116692,59918,59918,Block,Cycles,330.5,,,0,,04/10/2006 12:00:00 AM +0000,4/10/2006 5:30:00 PM,1,,Driveway Junction,Daylight,N 85TH ST BETWEEN LINDEN AVE N AND AURORA AVE N,0,1,Y,2,2020844,Dry,18,"MOTOR VEHICLE STRUCK PEDALCYCLIST, FRONT END AT ANGLE",06100005,15955,1,2b,Serious Injury Collision,,45,Bicycle,Matched,0,1,Clear or Partly Cloudy,0,"(47.69056670100008, -122.34586655199996)",0,0,N,06-143903
116798,59898,59898,Block,Cycles,147,,,0,,03/03/2006 12:00:00 AM +0000,3/3/2006,1,,Mid-Block (not related to intersection),Daylight,N 45TH ST BETWEEN SUNNYSIDE AVE N AND EASTERN AVE N,0,1,,2,2185363,Dry,56,PEDALCYCLIST STRUCK MOTOR VEHICLE LEFT SIDE SIDESWIPE,06062007,15553,1,2b,Serious Injury Collision,,45,Bicycle,Matched,0,1,Clear or Partly Cloudy,0,"(47.66136625100006, -122.32956791499998)",0,0,N,6089311
116828,59626,59626,Block,Cycles,488.5,,,0,,05/14/2006 12:00:00 AM +0000,5/14/2006 3:17:00 PM,0,,Mid-Block (not related to intersection),Daylight,LAKE WASHINGTON BLVD S BETWEEN LAKESIDE AVE S AND LAKE PARK DR S,0,1,,2,1796444,Dry,23,"MOTOR VEHICLE STRUCK PEDALCYCLIST, LEFT SIDE SIDESWIPE",06134001,11229,0,1,Property Damage Only Collision,,45,Bicycle,Matched,0,1,Clear or Partly Cloudy,0,"(47.584252036000066, -122.28789275699995)",0,0,N,06-193420
116841,59229,59229,Block,Cycles,161,,,0,,05/03/2006 12:00:00 AM +0000,5/3/2006,1,,Driveway Junction,Daylight,MARION ST BETWEEN 2ND AVE AND 3RD AVE,0,1,,2,2190724,Dry,51,PEDALCYCLIST STRUCK MOTOR VEHICLE FRONT END AT ANGLE,06123005,11664,0,2,Injury Collision,,45,Bicycle,Matched,0,1,Clear or Partly Cloudy,0,"(47.604677776000074, -122.33392354199998)",0,0,N,6176180
116918,59471,59471,Block,Cycles,650.5,,,0,,08/14/2006 12:00:00 AM +0000,8/14/2006 5:47:00 PM,1,,Driveway Junction,Daylight,FAIRVIEW AVE E BETWEEN E LYNN ST AND E ROANOKE ST,0,1,Y,2,2621783,Dry,18,"MOTOR VEHICLE STRUCK PEDALCYCLIST, FRONT END AT ANGLE",06226003,10341,1,2b,Serious Injury Collision,,45,Bicycle,Matched,0,1,Clear or Partly Cloudy,0,"(47.64150844100004, -122.32940753099996)",0,0,N,06-342216
116921,59477,59477,Intersection,Cycles,0,,,0,,05/11/2006 12:00:00 AM +0000,5/11/2006 9:55:00 AM,1,29557,At Intersection (intersection related),Daylight,4TH AVE AND VIRGINIA ST,0,1,Y,3,1069281,Dry,18,"MOTOR VEHICLE STRUCK PEDALCYCLIST, FRONT END AT ANGLE",06131002,6137,0,2,Injury Collision,,45,Bicycle,Matched,0,1,Clear or Partly Cloudy,0,"(47.61306259500003, -122.34003289799995)",0,0,N,6188560
116928,59343,59343,Intersection,Cycles,0,,,0,,08/30/2006 12:00:00 AM +0000,8/30/2006 12:45:00 PM,1,31904,At Intersection (intersection related),Daylight,CALIFORNIA AVE SW AND SW OREGON ST,0,1,,2,2619534,Dry,18,"MOTOR VEHICLE STRUCK PEDALCYCLIST, FRONT END AT ANGLE",06242003,9553,0,2,Injury Collision,,45,Bicycle,Matched,0,1,Clear or Partly Cloudy,0,"(47.56291162500003, -122.38677531799999)",0,0,N,06-366020
116933,59327,59327,Intersection,Cycles,0,,,0,,10/18/2006 12:00:00 AM +0000,10/18/2006 7:13:00 PM,1,26843,At Intersection (intersection related),Dark - Street Lights On,DENSMORE AVE N AND N 40TH ST,0,1,,2,2624511,Wet,18,"MOTOR VEHICLE STRUCK PEDALCYCLIST, FRONT END AT ANGLE",06291009,10032,1,2b,Serious Injury Collision,,45,Bicycle,Matched,0,1,Raining,0,"(47.65565486700007, -122.33745050699997)",0,0,N,06-443340
117116,59420,59420,Intersection,Cycles,0,,,0,,06/16/2006 12:00:00 AM +0000,6/16/2006 5:05:00 PM,0,24585,At Intersection (intersection related),Daylight,4TH AVE NE AND EAST GREEN LAKE WAY N,0,1,Y,2,2185373,Dry,18,"MOTOR VEHICLE STRUCK PEDALCYCLIST, FRONT END AT ANGLE",06167008,14083,0,1,Property Damage Only Collision,,45,Bicycle,Matched,0,1,Clear or Partly Cloudy,0,"(47.67855637000008, -122.32683662699998)",0,0,N,6244648
117202,59523,59523,Intersection,Cycles,0,,,0,,05/26/2006 12:00:00 AM +0000,5/26/2006 3:21:00 PM,1,24312,At Intersection (intersection related),Daylight,AURORA AVE N AND WINONA AVE N,0,1,,2,2071436,Dry,18,"MOTOR VEHICLE STRUCK PEDALCYCLIST, FRONT END AT ANGLE",06146003,8952,0,2,Injury Collision,,45,Bicycle,Matched,0,1,Clear or Partly Cloudy,0,"(47.682772373000034, -122.34448441399996)",0,0,N,60211698
117226,59525,59525,Intersection,Cycles,0,,,0,,05/17/2006 12:00:00 AM +0000,5/17/2006 7:01:00 PM,1,28889,At Intersection (intersection related),Daylight,ROY ST AND TAYLOR AVE N,0,1,,2,2070254,Dry,51,PEDALCYCLIST STRUCK MOTOR VEHICLE FRONT END AT ANGLE,06137031,12687,1,2b,Serious Injury Collision,,45,Bicycle,Matched,0,1,Clear or Partly Cloudy,0,"(47.62541810300007, -122.34625917399995)",0,0,N,06 198356
117340,58969,58969,Block,Cycles,213,,,0,,01/30/2006 12:00:00 AM +0000,1/30/2006 3:21:00 PM,1,,Mid-Block (not related to intersection),Daylight,3RD AVE BETWEEN VIRGINIA ST AND LENORA ST,0,1,Y,2,2071674,Dry,21,"MOTOR VEHICLE STRUCK PEDALCYCLIST, REAR END",06030004,4387,0,2,Injury Collision,,45,Bicycle,Matched,0,1,Clear or Partly Cloudy,0,"(47.61278151100004, -122.34154107899997)",0,0,N,6041755
117376,58953,58953,Block,Cycles,307,,,0,,06/28/2006 12:00:00 AM +0000,6/28/2006 8:15:00 AM,1,,Driveway Junction,Daylight,LAKE WASHINGTON BLVD S BETWEEN 43RD AVE S AND 46TH AVE S,0,1,Y,2,2401863,Dry,18,"MOTOR VEHICLE STRUCK PEDALCYCLIST, FRONT END AT ANGLE",06179002,11233,0,2,Injury Collision,,45,Bicycle,Matched,0,1,Clear or Partly Cloudy,0,"(47.57002063500005, -122.27834393699999)",0,0,N,6263095
117483,58805,58805,Intersection,Cycles,0,,,0,,08/23/2006 12:00:00 AM +0000,8/23/2006 2:30:00 PM,1,34561,At Intersection (intersection related),Daylight,38TH AVE S AND S OTHELLO ST,0,1,,2,2610560,Dry,18,"MOTOR VEHICLE STRUCK PEDALCYCLIST, FRONT END AT ANGLE",06235006,21051,0,2,Injury Collision,,45,Bicycle,Matched,0,1,Overcast,0,"(47.53703456900007, -122.28470685799999)",0,0,N,06-325178
117519,59053,59053,Block,Cycles,76.5,,,0,,08/05/2006 12:00:00 AM +0000,8/5/2006,1,,Mid-Block (not related to intersection),Daylight,FREMONT BR BETWEEN 4TH AVE N AND POINT A,0,1,,2,2611677,Dry,51,PEDALCYCLIST STRUCK MOTOR VEHICLE FRONT END AT ANGLE,06217004,10562,0,2,Injury Collision,,45,Bicycle,Matched,0,1,Clear or Partly Cloudy,0,"(47.64708834500004, -122.34975206899998)",0,0,N,06 327097
117553,58644,58644,Block,Cycles,147,,,0,,06/02/2006 12:00:00 AM +0000,6/2/2006,0,,Mid-Block (not related to intersection),Daylight,N 40TH ST BETWEEN SUNNYSIDE AVE N AND EASTERN AVE N,0,1,,2,2400634,Wet,18,"MOTOR VEHICLE STRUCK PEDALCYCLIST, FRONT END AT ANGLE",06153009,15426,0,1,Property Damage Only Collision,,45,Bicycle,Matched,0,1,Overcast,0,"(47.655562443000065, -122.32964932399994)",0,0,N,06-221891
117566,58777,58777,Block,Cycles,147,,,0,,06/04/2006 12:00:00 AM +0000,6/4/2006,1,,Mid-Block (not related to intersection),Dark - Street Lights On,E MADISON ST BETWEEN E PINE ST AND 17TH AVE,0,1,,2,2071236,Dry,21,"MOTOR VEHICLE STRUCK PEDALCYCLIST, REAR END",06155003,14348,0,2,Injury Collision,,45,Bicycle,Matched,0,1,Clear or Partly Cloudy,0,"(47.61537759000004, -122.31066051399995)",0,0,N,06-226135
117581,59043,59043,Intersection,Cycles,0,,,0,,02/11/2006 12:00:00 AM +0000,2/11/2006 12:12:00 PM,1,29504,At Intersection (intersection related),Daylight,DENNY WAY AND FAIRVIEW AVE,0,1,Y,2,2192202,Dry,18,"MOTOR VEHICLE STRUCK PEDALCYCLIST, FRONT END AT ANGLE",06042005,10019,0,2,Injury Collision,,45,Bicycle,Matched,0,1,Clear or Partly Cloudy,0,"(47.61851728800008, -122.33425488099999)",0,0,N,06-59658
117582,59042,59042,Block,Cycles,154.5,,,0,,03/31/2006 12:00:00 AM +0000,3/31/2006 1:00:00 PM,1,,Mid-Block (not related to intersection),Daylight,ROY ST BETWEEN 9TH AVE N AND VALLEY ST,0,1,Y,2,2061343,Dry,23,"MOTOR VEHICLE STRUCK PEDALCYCLIST, LEFT SIDE SIDESWIPE",06090036,9423,1,2b,Serious Injury Collision,,45,Bicycle,Matched,0,1,Clear or Partly Cloudy,0,"(47.625593828000035, -122.33918659699998)",0,0,N,06 131287
117615,59022,59022,Block,Cycles,153,,,0,,04/28/2006 12:00:00 AM +0000,4/28/2006 5:16:00 PM,1,,Mid-Block (not related to intersection),Daylight,2ND AVE BETWEEN JAMES ST AND CHERRY ST,0,1,,1,2190374,Dry,69,PEDALCYCLIST OVERTURNED IN ROAD,06118003,2749,0,2,Injury Collision,,45,Bicycle,Matched,0,0,Clear or Partly Cloudy,0,"(47.60266133600004, -122.33284477599994)",0,0,N,06-169523
117765,58988,58988,Intersection,Cycles,0,,,0,,01/23/2006 12:00:00 AM +0000,1/23/2006 7:45:00 AM,1,29763,At Intersection (intersection related),Dark - Street Lights Off,14TH AVE AND E UNION ST,0,1,Y,2,2064156,Wet,18,"MOTOR VEHICLE STRUCK PEDALCYCLIST, FRONT END AT ANGLE",06023011,1850,0,2,Injury Collision,,45,Bicycle,Matched,0,1,Raining,0,"(47.61291739700005, -122.31416739399998)",0,0,N,06-031099
117881,58312,58312,Block,Cycles,279,,,0,Y,05/09/2006 12:00:00 AM +0000,5/9/2006,1,,Driveway Junction,Daylight,WESTLAKE AVE N BETWEEN VALLEY ST AND 9TH AVE N,0,1,,2,2071615,Dry,51,PEDALCYCLIST STRUCK MOTOR VEHICLE FRONT END AT ANGLE,06129009,13538,0,2,Injury Collision,,45,Bicycle,Matched,0,1,Clear or Partly Cloudy,0,"(47.62648210300006, -122.33912756699999)",0,0,N,06-185679
117907,58561,58561,Block,Cycles,330,,,0,,03/05/2006 12:00:00 AM +0000,3/5/2006,1,,Driveway Junction,Daylight,LAKE CITY WAY NE BETWEEN NE 143RD ST AND NE 145TH ST,0,1,Y,2,2059095,Dry,18,"MOTOR VEHICLE STRUCK PEDALCYCLIST, FRONT END AT ANGLE",06064010,11190,0,2,Injury Collision,,45,Bicycle,Matched,0,1,Clear or Partly Cloudy,0,"(47.73284649900006, -122.29240305399998)",0,0,N,60092209
118008,58157,58157,Intersection,Cycles,0,,,0,,08/11/2006 12:00:00 AM +0000,8/11/2006 7:55:00 AM,1,36635,At Intersection (intersection related),Daylight,LAKE CITY WAY NE AND NE 117TH ST,0,1,Y,2,2624812,Dry,18,"MOTOR VEHICLE STRUCK PEDALCYCLIST, FRONT END AT ANGLE",06223008,11178,0,2,Injury Collision,,45,Bicycle,Matched,0,1,Overcast,0,"(47.71421240700005, -122.29822972699998)",0,0,N,06-337063
118014,58545,58545,Intersection,Cycles,0,,,0,,12/08/2006 12:00:00 AM +0000,12/8/2006,1,29173,At Intersection (intersection related),Daylight,STEWART ST AND YALE AVE,0,1,Y,2,2608221,Dry,18,"MOTOR VEHICLE STRUCK PEDALCYCLIST, FRONT END AT ANGLE",06342001,12910,0,2,Injury Collision,,45,Bicycle,Matched,0,1,Overcast,0,"(47.61827376300005, -122.33099940999995)",0,0,N,06-519209
118140,58381,58381,Intersection,Cycles,0,,,0,,08/12/2006 12:00:00 AM +0000,8/12/2006 12:14:00 PM,1,38081,At Intersection (intersection related),Daylight,30TH AVE SW AND SW 97TH ST,0,1,,2,2613405,Dry,51,PEDALCYCLIST STRUCK MOTOR VEHICLE FRONT END AT ANGLE,06224002,4739,1,2b,Serious Injury Collision,,45,Bicycle,Matched,0,1,Clear or Partly Cloudy,0,"(47.51604341400008, -122.37129737099997)",0,0,N,06-338882
118223,58482,58482,Block,Cycles,331,,,0,,06/23/2006 12:00:00 AM +0000,6/23/2006 10:06:00 PM,1,,Mid-Block (not related to intersection),Dark - Street Lights On,GREENWOOD AVE N BETWEEN HOLMAN RD N AND N 107TH ST,0,1,Y,2,2188317,Dry,11,"MOTOR VEHICLE STRUCK MOTOR VEHICLE, FRONT END AT ANGLE",06174003,10765,0,2,Injury Collision,,45,Bicycle,Matched,0,1,Clear or Partly Cloudy,0,"(47.70598980300008, -122.35545967799999)",0,0,N,06 256321
118277,58601,58601,Block,Cycles,213,,,0,,03/19/2006 12:00:00 AM +0000,3/19/2006 1:59:00 AM,2,,Mid-Block (not related to intersection),Dark - Street Lights On,1ST AVE BETWEEN BLANCHARD ST AND BELL ST,0,1,,3,2071715,Dry,18,"MOTOR VEHICLE STRUCK PEDALCYCLIST, FRONT END AT ANGLE",06078003,1014,0,2,Injury Collision,,45,Bicycle,Matched,1,2,Clear or Partly Cloudy,0,"(47.61298991400008, -122.34586158799999)",0,0,N,06-111639
118332,57673,57673,Intersection,Cycles,0,,,0,,01/17/2006 12:00:00 AM +0000,1/17/2006 10:15:00 AM,1,27039,At Intersection (intersection related),Daylight,FREMONT AVE N AND N 34TH ST,0,1,Y,2,2185311,Dry,18,"MOTOR VEHICLE STRUCK PEDALCYCLIST, FRONT END AT ANGLE",06017010,10485,0,2,Injury Collision,,45,Bicycle,Matched,0,1,Clear or Partly Cloudy,0,"(47.64958972900007, -122.34974744899995)",0,0,N,06 022659
118339,58207,58207,Intersection,Cycles,0,,,0,,03/21/2006 12:00:00 AM +0000,3/21/2006 5:59:00 AM,1,28914,At Intersection (intersection related),Daylight,5TH AVE N AND MERCER ST,0,1,Y,2,2071352,Dry,51,PEDALCYCLIST STRUCK MOTOR VEHICLE FRONT END AT ANGLE,06080005,7264,0,2,Injury Collision,,45,Bicycle,Matched,0,1,Clear or Partly Cloudy,0,"(47.62456147800003, -122.34757101999998)",0,0,N,06 114474
118367,57927,57927,Intersection,Cycles,0,,,0,,01/25/2006 12:00:00 AM +0000,1/25/2006 8:00:00 PM,1,30173,At Intersection (intersection related),Dark - Street Lights On,23RD AVE AND E CHERRY ST,0,1,Y,2,2280026,Wet,18,"MOTOR VEHICLE STRUCK PEDALCYCLIST, FRONT END AT ANGLE",06025014,3359,0,2,Injury Collision,,45,Bicycle,Matched,0,1,Overcast,0,"(47.60800896100005, -122.30276995599996)",0,0,N,06-035015
118436,57903,57903,Block,Cycles,211.5,,,0,,08/06/2006 12:00:00 AM +0000,8/6/2006,1,,Driveway Junction,Daylight,BROADWAY BETWEEN E PIKE ST AND E PINE ST,0,1,Y,2,2620942,Dry,18,"MOTOR VEHICLE STRUCK PEDALCYCLIST, FRONT END AT ANGLE",06218037,9447,0,2,Injury Collision,,45,Bicycle,Matched,0,1,Clear or Partly Cloudy,0,"(47.61465412100006, -122.32078948899999)",0,0,N,06-329225
118512,57640,57640,Intersection,Cycles,0,,,0,,10/28/2006 12:00:00 AM +0000,10/28/2006 7:40:00 PM,1,37879,At Intersection (intersection related),Dark - Street Lights On,36TH AVE NE AND NE 100TH ST,0,1,,2,2603812,Dry,51,PEDALCYCLIST STRUCK MOTOR VEHICLE FRONT END AT ANGLE,06301001,5563,0,2,Injury Collision,,45,Bicycle,Matched,0,1,Clear or Partly Cloudy,0,"(47.70110840700005, -122.28933891199995)",0,0,N,06-459319