OBJECTID,INCKEY,COLDETKEY,ADDRTYPE,COLLISIONTYPE,DISTANCE,EXCEPTRSNCODE,EXCEPTRSNDESC,FATALITIES,INATTENTIONIND,INCDATE,INCDTTM,INJURIES,INTKEY,JUNCTIONTYPE,LIGHTCOND,LOCATION,PEDCOUNT,PEDCYLCOUNT,PEDROWNOTGRNT,PERSONCOUNT,REPORTNO,ROADCOND,SDOT_COLCODE,SDOT_COLDESC,SDOTCOLNUM,SEGKEY,SERIOUSINJURIES,SEVERITYCODE,SEVERITYDESC,SPEEDING,ST_COLCODE,ST_COLDESC,STATUS,UNDERINFL,VEHCOUNT,WEATHER,WIDTH,Shape,SEGLANEKEY,CROSSWALKKEY,HITPARKEDCAR,SPDCASENO
123376,53158,53158,Intersection,Cycles,0,,,0,,05/17/2006 12:00:00 AM +0000,5/17/2006 7:53:00 AM,1,30544,At Intersection (intersection related),Daylight,7TH AVE S AND S DEARBORN ST,0,1,Y,2,2071682,Dry,18,"MOTOR VEHICLE STRUCK PEDALCYCLIST, FRONT END AT ANGLE",06137032,8211,0,2,Injury Collision,,45,Bicycle,Matched,0,1,Clear or Partly Cloudy,0,"(47.59583330500004, -122.32376363099996)",0,0,N,06-197547
123427,53388,53388,Intersection,Cycles,0,,,0,Y,07/13/2006 12:00:00 AM +0000,7/13/2006 4:04:00 PM,2,29883,At Intersection (intersection related),Daylight,PIKE ST AND CONVENTION PL,0,1,,2,2608029,Dry,51,PEDALCYCLIST STRUCK MOTOR VEHICLE FRONT END AT ANGLE,06194005,8520,0,2,Injury Collision,,45,Bicycle,Matched,0,1,Clear or Partly Cloudy,0,"(47.612535370000046, -122.331133852)",0,0,N,06-289295
123572,52447,52447,Intersection,Cycles,0,,,0,,02/18/2006 12:00:00 AM +0000,2/18/2006 5:12:00 PM,1,30886,At Intersection (intersection related),Daylight,36TH AVE S AND S HANFORD ST,0,1,,2,2280198,Dry,51,PEDALCYCLIST STRUCK MOTOR VEHICLE FRONT END AT ANGLE,06049008,5585,0,2,Injury Collision,,45,Bicycle,Matched,0,1,Clear or Partly Cloudy,0,"(47.575229626000066, -122.28770682099997)",0,0,N,06-07296
123584,52704,52704,Block,Cycles,133,,,0,Y,04/09/2006 12:00:00 AM +0000,4/9/2006,1,,Mid-Block (not related to intersection),Daylight,NE 75TH ST BETWEEN 34TH AVE NE AND 35TH AVE NE,0,1,,2,2178996,Wet,18,"MOTOR VEHICLE STRUCK PEDALCYCLIST, FRONT END AT ANGLE",06099008,17532,0,2,Injury Collision,,45,Bicycle,Matched,0,1,Overcast,0,"(47.68304844200003, -122.29102051599995)",0,0,N,06 142302
123603,52832,52832,Intersection,Cycles,0,,,0,,03/22/2006 12:00:00 AM +0000,3/22/2006 11:35:00 PM,1,25692,At Intersection (intersection related),Dark - Street Lights On,GREEN LAKE WAY N AND N 46TH ST,0,1,Y,2,2058301,Wet,51,PEDALCYCLIST STRUCK MOTOR VEHICLE FRONT END AT ANGLE,06081003,10687,0,2,Injury Collision,,45,Bicycle,Matched,0,1,Overcast,0,"(47.662127342000076, -122.34608880099995)",0,0,N,06-117048
123669,52417,52417,Block,Cycles,372,,,0,,05/18/2006 12:00:00 AM +0000,5/18/2006 4:21:00 PM,1,,Driveway Junction,Daylight,DEXTER AVE N BETWEEN HAYES ST AND HOWE ST,0,1,Y,2,2410631,Dry,18,"MOTOR VEHICLE STRUCK PEDALCYCLIST, FRONT END AT ANGLE",06138004,10087,0,2,Injury Collision,,45,Bicycle,Matched,0,1,Clear or Partly Cloudy,0,"(47.63498698700005, -122.34228517999998)",0,0,N,06-199767
123763,52648,52648,Block,Cycles,133,,,0,,05/13/2006 12:00:00 AM +0000,5/13/2006 1:15:00 PM,1,,Driveway Junction,Daylight,15TH AVE NW BETWEEN NW 61ST ST AND NW 62ND ST,0,1,,3,2400427,Dry,51,PEDALCYCLIST STRUCK MOTOR VEHICLE FRONT END AT ANGLE,06133002,2108,0,2,Injury Collision,,45,Bicycle,Matched,0,1,Clear or Partly Cloudy,0,"(47.67345203700006, -122.37621097699997)",0,0,N,60191944
123790,52399,52399,Intersection,Cycles,0,,,0,,10/20/2006 12:00:00 AM +0000,10/20/2006 9:29:00 PM,1,29544,At Intersection (intersection related),Daylight,6TH AVE AND LENORA ST,0,1,,2,2607646,Dry,18,"MOTOR VEHICLE STRUCK PEDALCYCLIST, FRONT END AT ANGLE",06293038,7890,0,2,Injury Collision,,45,Bicycle,Matched,0,1,Clear or Partly Cloudy,0,"(47.61516015800004, -122.33961434899999)",0,0,N,06-446694
123816,52773,52773,Intersection,Cycles,0,,,0,,03/31/2006 12:00:00 AM +0000,3/31/2006 2:34:00 PM,1,31834,At Intersection (intersection related),Daylight,37TH AVE SW AND SW HINDS ST,0,1,,3,1197746,Dry,51,PEDALCYCLIST STRUCK MOTOR VEHICLE FRONT END AT ANGLE,06090039,5768,0,2,Injury Collision,,45,Bicycle,Matched,0,1,Clear or Partly Cloudy,0,"(47.57313079800008, -122.37815976799999)",0,0,N,06 129511
123839,52635,52635,Intersection,Cycles,0,,,0,,09/28/2006 12:00:00 AM +0000,9/28/2006 4:51:00 AM,1,25585,At Intersection (intersection related),Dark - Street Lights On,PHINNEY AVE N AND N 64TH ST,0,1,,2,2611679,Dry,18,"MOTOR VEHICLE STRUCK PEDALCYCLIST, FRONT END AT ANGLE",06271038,12159,0,2,Injury Collision,,45,Bicycle,Matched,0,1,Clear or Partly Cloudy,0,"(47.67529516900004, -122.35434978499995)",0,0,N,06 410443
123893,52742,52742,Block,Cycles,239.5,,,0,,09/01/2006 12:00:00 AM +0000,9/1/2006,1,,Mid-Block (but intersection related),Daylight,3RD AVE BETWEEN YESLER WAY AND JAMES ST,0,1,,3,2607304,Dry,55,PEDALCYCLIST STRUCK MOTOR VEHICLE RIGHT SIDE SIDESWIPE,06244015,4373,0,2,Injury Collision,,45,Bicycle,Matched,0,1,Clear or Partly Cloudy,0,"(47.60220929600007, -122.33089641499998)",0,0,N,06-369478
123998,52340,52340,Block,Cycles,661,,,0,Y,01/31/2006 12:00:00 AM +0000,1/31/2006 10:23:00 AM,1,,Mid-Block (not related to intersection),Daylight,25TH AVE NE BETWEEN NE 60TH ST AND NE 65TH ST,0,1,,2,2059129,Dry,16,"MOTOR VEHICLE STRUCK MOTOR VEHICLE, LEFT SIDE SIDESWIPE",06031003,3727,0,2,Injury Collision,,45,Bicycle,Matched,0,1,Overcast,0,"(47.67396072400004, -122.30064519199999)",0,0,N,06-42886
124033,51932,51932,Block,Cycles,116,,,0,,03/10/2006 12:00:00 AM +0000,3/10/2006 5:55:00 PM,1,,Mid-Block (not related to intersection),Dusk,12TH AVE BETWEEN E JEFFERSON ST AND E BARCLAY CT,0,1,,2,2070751,Dry,51,PEDALCYCLIST STRUCK MOTOR VEHICLE FRONT END AT ANGLE,06069004,1529,0,2,Injury Collision,,45,Bicycle,Matched,0,1,Clear or Partly Cloudy,0,"(47.60651901700004, -122.31678037899997)",0,0,N,06 100897
124045,52328,52328,Intersection,Cycles,0,,,0,,11/08/2006 12:00:00 AM +0000,11/8/2006,1,29703,At Intersection (intersection related),Daylight,1ST AVE AND BLANCHARD ST,0,1,Y,2,2608616,Dry,18,"MOTOR VEHICLE STRUCK PEDALCYCLIST, FRONT END AT ANGLE",06312002,1014,0,2,Injury Collision,,45,Bicycle,Matched,0,1,Clear or Partly Cloudy,0,"(47.61260645700003, -122.34521327099998)",0,0,N,06-476033
124095,51925,51925,Intersection,Cycles,0,,,0,,10/06/2006 12:00:00 AM +0000,10/6/2006,1,37394,At Intersection (intersection related),Daylight,DAYTON AVE N AND N 102ND ST,0,1,Y,2,2611907,Wet,18,"MOTOR VEHICLE STRUCK PEDALCYCLIST, FRONT END AT ANGLE",06279006,9936,0,2,Injury Collision,,45,Bicycle,Matched,0,1,Raining,0,"(47.702902264000045, -122.35273957599998)",0,0,N,06-423453
124098,51923,51923,Intersection,Cycles,0,,,0,,08/06/2006 12:00:00 AM +0000,8/6/2006,1,24584,At Intersection (intersection related),Daylight,WOODLAWN AVE NE AND NE RAVENNA EB BV,0,1,Y,2,2614306,Dry,18,"MOTOR VEHICLE STRUCK PEDALCYCLIST, FRONT END AT ANGLE",06218003,13709,0,2,Injury Collision,,45,Bicycle,Matched,0,1,Clear or Partly Cloudy,0,"(47.67875757100006, -122.32498922999997)",0,0,N,06-329201
124108,52178,52178,Block,Cycles,185,,,0,,10/20/2006 12:00:00 AM +0000,10/20/2006 4:20:00 PM,1,,Mid-Block (not related to intersection),Daylight,UNIVERSITY BR BETWEEN FUHRMAN AVE E AND POINT A,0,1,,2,2608336,Dry,18,"MOTOR VEHICLE STRUCK PEDALCYCLIST, FRONT END AT ANGLE",06293010,13189,0,2,Injury Collision,,45,Bicycle,Matched,0,1,Clear or Partly Cloudy,0,"(47.65202472800007, -122.32092404899998)",0,0,N,06-450227
124163,52277,52277,Intersection,Cycles,0,,,0,,04/05/2006 12:00:00 AM +0000,4/5/2006,1,29563,At Intersection (intersection related),Daylight,3RD AVE AND VIRGINIA ST,0,1,,2,2191892,Dry,56,PEDALCYCLIST STRUCK MOTOR VEHICLE LEFT SIDE SIDESWIPE,06095026,4387,0,2,Injury Collision,,45,Bicycle,Matched,0,1,Clear or Partly Cloudy,0,"(47.61239802600005, -122.34089245499996)",0,0,N,06-136738
124204,52283,52283,Block,Cycles,179.5,,,0,,10/07/2006 12:00:00 AM +0000,10/7/2006,2,,Driveway Junction,Daylight,W DRAVUS ST BETWEEN 23RD AVE W AND 24TH AVE W,0,1,Y,2,2608056,Dry,18,"MOTOR VEHICLE STRUCK PEDALCYCLIST, FRONT END AT ANGLE",06280001,23226,1,2b,Serious Injury Collision,,45,Bicycle,Matched,0,1,Clear or Partly Cloudy,0,"(47.64847111500006, -122.38669609199997)",0,0,N,06-425707
124227,52154,52154,Block,Cycles,161,,,0,Y,04/20/2006 12:00:00 AM +0000,4/20/2006 5:25:00 PM,0,,Mid-Block (but intersection related),Daylight,STEWART ST BETWEEN TERRY AVE AND BOREN AVE,0,1,,2,2191895,Dry,21,"MOTOR VEHICLE STRUCK PEDALCYCLIST, REAR END",06110001,12907,0,1,Property Damage Only Collision,,45,Bicycle,Matched,0,1,Clear or Partly Cloudy,0,"(47.61661180900006, -122.33314897999998)",0,0,N,06-157559
124355,52249,52249,Intersection,Cycles,0,,,0,,12/04/2006 12:00:00 AM +0000,12/4/2006,1,27105,At Intersection (intersection related),Daylight,UNIVERSITY WAY NE AND NE 41ST ST,0,1,,3,2614148,Dry,18,"MOTOR VEHICLE STRUCK PEDALCYCLIST, FRONT END AT ANGLE",06338002,13219,0,2,Injury Collision,,45,Bicycle,Matched,0,1,Clear or Partly Cloudy,0,"(47.656834220000064, -122.31324600799996)",0,0,N,06-513136
124429,52230,52230,Block,Cycles,315,,,0,,01/20/2006 12:00:00 AM +0000,1/20/2006 8:18:00 PM,1,,Mid-Block (not related to intersection),Dark - Street Lights On,NW 57TH ST BETWEEN 24TH AVE NW AND 26TH AVE NW,0,1,,2,2188669,Wet,18,"MOTOR VEHICLE STRUCK PEDALCYCLIST, FRONT END AT ANGLE",06020005,18479,0,2,Injury Collision,,45,Bicycle,Matched,1,1,Clear or Partly Cloudy,0,"(47.670188333000056, -122.38886319399995)",0,0,N,6027759
124440,51972,51972,Intersection,Cycles,0,,,0,,05/15/2006 12:00:00 AM +0000,5/15/2006 7:37:00 AM,0,32204,At Intersection (intersection related),Daylight,11TH CR AVE SW AND SW SPOKANE ST,0,1,,2,2072321,Dry,51,PEDALCYCLIST STRUCK MOTOR VEHICLE FRONT END AT ANGLE,06135002,1509,0,1,Property Damage Only Collision,,45,Bicycle,Matched,0,1,Clear or Partly Cloudy,0,"(47.571413018000044, -122.34880038699998)",0,0,N,06-194208
124550,51410,51410,Intersection,Cycles,0,,,0,Y,07/13/2006 12:00:00 AM +0000,7/13/2006 8:38:00 AM,2,28605,At Intersection (intersection related),Daylight,ALOHA ST AND QUEEN ANNE AVE N,0,1,,2,2622931,Dry,18,"MOTOR VEHICLE STRUCK PEDALCYCLIST, FRONT END AT ANGLE",06194047,8804,0,2,Injury Collision,,45,Bicycle,Matched,0,1,Clear or Partly Cloudy,0,"(47.62719238600005, -122.35668955499995)",0,0,N,06-288738
124554,51801,51801,Intersection,Cycles,0,,,0,,07/24/2006 12:00:00 AM +0000,7/24/2006 3:38:00 PM,1,30146,At Intersection (intersection related),Daylight,20TH AVE AND E UNION ST,0,1,Y,2,2615152,Dry,18,"MOTOR VEHICLE STRUCK PEDALCYCLIST, FRONT END AT ANGLE",06205001,2940,1,2b,Serious Injury Collision,,45,Bicycle,Matched,0,1,Clear or Partly Cloudy,0,"(47.61290962100003, -122.30624554799999)",0,0,N,06-307348
124633,51514,51514,Intersection,Cycles,0,,,0,,08/22/2006 12:00:00 AM +0000,8/22/2006 3:47:00 PM,0,24449,At Intersection (intersection related),Daylight,12TH AVE NE AND NE 73RD ST,0,1,Y,2,2625114,Dry,18,"MOTOR VEHICLE STRUCK PEDALCYCLIST, FRONT END AT ANGLE",06234003,1589,0,1,Property Damage Only Collision,,45,Bicycle,Matched,0,1,Clear or Partly Cloudy,0,"(47.68153242200003, -122.31534594599998)",0,0,N,06-353652
124657,51642,51642,Intersection,Cycles,0,,,0,,08/03/2006 12:00:00 AM +0000,8/3/2006,1,28242,At Intersection (intersection related),Daylight,10TH AVE E AND E BOSTON ST,0,1,Y,2,2615403,Dry,18,"MOTOR VEHICLE STRUCK PEDALCYCLIST, FRONT END AT ANGLE",06215001,1299,0,2,Injury Collision,,45,Bicycle,Matched,0,1,Clear or Partly Cloudy,0,"(47.63840322500005, -122.32007129499999)",0,0,N,06-323817
124689,51379,51379,Intersection,Cycles,0,,,0,,07/21/2006 12:00:00 AM +0000,7/21/2006 2:06:00 PM,1,36637,At Intersection (intersection related),Daylight,25TH AVE NE AND NE 117TH ST,0,1,Y,2,2611559,Dry,18,"MOTOR VEHICLE STRUCK PEDALCYCLIST, FRONT END AT ANGLE",06202004,3743,1,2b,Serious Injury Collision,,45,Bicycle,Matched,0,1,Clear or Partly Cloudy,0,"(47.71387809700008, -122.30177243199995)",0,0,N,06-302155
124768,51621,51621,Intersection,Cycles,0,,,0,Y,05/26/2006 12:00:00 AM +0000,5/26/2006 9:35:00 AM,1,28760,At Intersection (intersection related),Daylight,FAIRVIEW AVE N AND MERCER ST,0,1,Y,2,2191744,Dry,18,"MOTOR VEHICLE STRUCK PEDALCYCLIST, FRONT END AT ANGLE",06146006,10350,0,2,Injury Collision,,45,Bicycle,Matched,0,1,Overcast,0,"(47.62469377700006, -122.33428796899994)",0,0,N,06-211317
124803,51874,51874,Intersection,Cycles,0,,,0,,01/10/2006 12:00:00 AM +0000,1/10/2006 6:45:00 PM,1,25602,At Intersection (intersection related),Dark - Street Lights On,PHINNEY AVE N AND N 62ND ST,0,1,,2,2060825,Wet,18,"MOTOR VEHICLE STRUCK PEDALCYCLIST, FRONT END AT ANGLE",06010008,12157,0,2,Injury Collision,,45,Bicycle,Matched,0,1,Raining,0,"(47.67386526700005, -122.35436969299997)",0,0,N,06 13576
124812,51742,51742,Intersection,Cycles,0,,,0,,07/15/2006 12:00:00 AM +0000,7/15/2006 5:21:00 PM,1,27181,At Intersection (intersection related),Daylight,THACKERAY PL NE AND NE 45TH ST,0,1,,2,2611429,Dry,18,"MOTOR VEHICLE STRUCK PEDALCYCLIST, FRONT END AT ANGLE",06196033,13128,0,2,Injury Collision,,45,Bicycle,Matched,0,1,Clear or Partly Cloudy,0,"(47.66134940300003, -122.32617895799996)",0,0,N,06-292653
124870,51463,51463,Block,Cycles,165,,,0,,09/11/2006 12:00:00 AM +0000,9/11/2006 6:30:00 PM,0,,Driveway Junction,Daylight,SW ALASKA ST BETWEEN DELRIDGE WAY SW AND 25TH AVE SW,0,1,,2,C674221,Dry,51,PEDALCYCLIST STRUCK MOTOR VEHICLE FRONT END AT ANGLE,06254035,21720,0,1,Property Damage Only Collision,,45,Bicycle,Matched,0,1,Clear or Partly Cloudy,0,"(47.56108897900003, -122.36353917999998)",0,0,N,
124893,51456,51456,Block,Cycles,166,,,0,Y,06/30/2006 12:00:00 AM +0000,6/30/2006 2:45:00 PM,1,,Mid-Block (not related to intersection),Daylight,5TH AVE NE BETWEEN NE 94TH ST AND NE 95TH ST,0,1,,2,2405182,Dry,53,PEDALCYCLIST STRUCK MOTOR VEHICLE LEFT SIDE AT ANGLE,06181001,7327,0,2,Injury Collision,,45,Bicycle,Matched,0,1,Clear or Partly Cloudy,0,"(47.697233905000076, -122.32307956699998)",0,0,N,06 267048
124954,51831,51831,Intersection,Cycles,0,,,0,,11/05/2006 12:00:00 AM +0000,11/5/2006,1,25365,At Intersection (intersection related),Daylight,6TH AVE NW AND NW 47TH ST,0,1,Y,3,2624412,Wet,18,"MOTOR VEHICLE STRUCK PEDALCYCLIST, FRONT END AT ANGLE",06309001,7932,0,2,Injury Collision,,45,Bicycle,Matched,0,1,Raining,0,"(47.662920744000076, -122.36400075399996)",0,0,N,06-471478
125026,51158,51158,Intersection,Cycles,0,,,0,,05/22/2006 12:00:00 AM +0000,5/22/2006 9:42:00 AM,1,29756,At Intersection (intersection related),Daylight,HARVARD AVE AND SENECA ST,0,1,Y,2,2071138,Wet,18,"MOTOR VEHICLE STRUCK PEDALCYCLIST, FRONT END AT ANGLE",06142011,10839,1,2b,Serious Injury Collision,,45,Bicycle,Matched,0,1,Raining,0,"(47.612735748000034, -122.32208590399995)",0,0,N,06 205278
125034,50901,50901,Block,Cycles,161,,,0,,07/13/2006 12:00:00 AM +0000,7/13/2006 8:39:00 AM,1,,Mid-Block (not related to intersection),Daylight,PIKE ST BETWEEN 4TH AVE AND 5TH AVE,0,1,Y,2,2608026,Dry,18,"MOTOR VEHICLE STRUCK PEDALCYCLIST, FRONT END AT ANGLE",06194004,12200,0,2,Injury Collision,,45,Bicycle,Matched,0,1,Overcast,0,"(47.61044525600005, -122.33613044699996)",0,0,N,06-288739
125043,51287,51287,Intersection,Cycles,0,,,0,,12/22/2006 12:00:00 AM +0000,12/22/2006 5:06:00 PM,1,24697,At Intersection (intersection related),Dark - Street Lights On,27TH AVE NE AND NE 65TH ST,0,1,,2,2058482,Dry,51,PEDALCYCLIST STRUCK MOTOR VEHICLE FRONT END AT ANGLE,06356009,4013,0,2,Injury Collision,,45,Bicycle,Matched,0,1,Clear or Partly Cloudy,0,"(47.67577636500005, -122.29839932399994)",0,0,N,06 541204
125107,51018,51018,Block,Cycles,77, ,,0,,09/25/2006 12:00:00 AM +0000,9/25/2006 10:28:00 AM,1,,Driveway Junction,Daylight,DEXTER AVE N BETWEEN GARFIELD S ST AND GARFIELD N ST,1,0,Y,3,2603863,Dry,18,"MOTOR VEHICLE STRUCK PEDALCYCLIST, FRONT END AT ANGLE",06268002,10085,0,2,Injury Collision,,45,Bicycle,Matched,0,1,Clear or Partly Cloudy,0,"(47.633208298000056, -122.34228266599996)",0,0,N,06-405557
125117,50872,50872,Block,Cycles,276.5,,,0,,07/20/2006 12:00:00 AM +0000,7/20/2006 5:20:00 PM,1,,Mid-Block (not related to intersection),Daylight,BALLARD AVE NW BETWEEN 22ND AVE NW AND NW MARKET ST,0,1,Y,2,2608038,Dry,18,"MOTOR VEHICLE STRUCK PEDALCYCLIST, FRONT END AT ANGLE",06201001,9046,0,2,Injury Collision,,45,Bicycle,Matched,0,1,Clear or Partly Cloudy,0,"(47.668139834000044, -122.38557843599995)",0,0,N,06 301843
125128,51256,51256,Block,Cycles,1842,,,0,,09/30/2006 12:00:00 AM +0000,9/30/2006 12:04:00 PM,1,,Mid-Block (not related to intersection),Daylight,LAKE WASHINGTON BLVD S BETWEEN LAKE PARK DR S AND S HORTON NR ST,0,1,Y,2,2610657,Dry,21,"MOTOR VEHICLE STRUCK PEDALCYCLIST, REAR END",06273008,11230,0,2,Injury Collision,,45,Bicycle,Matched,0,1,Clear or Partly Cloudy,0,"(47.578874744000075, -122.28370626699996)",0,0,N,06-414222
125142,51257,51257,Intersection,Cycles,0,,,0,,03/14/2006 12:00:00 AM +0000,3/14/2006 7:26:00 AM,1,29895,At Intersection (intersection related),Daylight,7TH AVE AND PIKE ST,0,1,Y,2,2024220,Dry,18,"MOTOR VEHICLE STRUCK PEDALCYCLIST, FRONT END AT ANGLE",06073005,8158,1,2b,Serious Injury Collision,,45,Bicycle,Matched,0,1,Clear or Partly Cloudy,0,"(47.611606350000045, -122.33335380699998)",0,0,N,06-104478
125154,50866,50866,Intersection,Cycles,0,,,0,,05/18/2006 12:00:00 AM +0000,5/18/2006 7:41:00 PM,1,24276,At Intersection (intersection related),Daylight,AURORA AVE N AND GREEN LAKE DR N,0,1,,2,2025299,Dry,51,PEDALCYCLIST STRUCK MOTOR VEHICLE FRONT END AT ANGLE,06138041,8961,0,2,Injury Collision,,45,Bicycle,Matched,0,1,Clear or Partly Cloudy,0,"(47.68911276600005, -122.34451443499995)",0,0,N,06-200047
125194,51241,51241,Block,Cycles,333.5,,,0,,06/11/2006 12:00:00 AM +0000,6/11/2006 1:06:00 PM,1,,Mid-Block (not related to intersection),Daylight,S HENDERSON ST BETWEEN 10TH AVE S AND 12TH AVE S,0,1,,2,2404506,Dry,18,"MOTOR VEHICLE STRUCK PEDALCYCLIST, FRONT END AT ANGLE",06162005,20233,0,2,Injury Collision,,45,Bicycle,Matched,0,1,Clear or Partly Cloudy,0,"(47.523054340000044, -122.31899208199997)",0,0,N,06-236362
125254,50976,50976,Block,Cycles,240,,,0,,06/23/2006 12:00:00 AM +0000,6/23/2006 4:30:00 AM,1,,Mid-Block (not related to intersection),Daylight,24TH AVE E BETWEEN E GALER ST AND INTERLAKEN PL E,0,1,,2,2070835,Dry,18,"MOTOR VEHICLE STRUCK PEDALCYCLIST, FRONT END AT ANGLE",06174006,3546,0,2,Injury Collision,,45,Bicycle,Matched,0,1,Clear or Partly Cloudy,0,"(47.63293506100007, -122.30160244299998)",0,0,N,06-255055
125255,50975,50975,Block,Cycles,140,,,0,,06/27/2006 12:00:00 AM +0000,6/27/2006 3:17:00 PM,1,,Mid-Block (not related to intersection),Daylight,NE 45TH ST BETWEEN 15TH AVE NE AND 16TH AVE NE,0,1,,2,2400648,Dry,21,"MOTOR VEHICLE STRUCK PEDALCYCLIST, REAR END",06178004,16853,0,2,Injury Collision,,45,Bicycle,Matched,0,1,Clear or Partly Cloudy,0,"(47.661261471000046, -122.31142720799994)",0,0,N,06 261981
125285,50952,50952,Intersection,Cycles,0,,,0,,08/07/2006 12:00:00 AM +0000,8/7/2006,1,27940,At Intersection (intersection related),Daylight,15TH AVE W AND W ARMORY WAY,0,1,,2,2607510,Dry,18,"MOTOR VEHICLE STRUCK PEDALCYCLIST, FRONT END AT ANGLE",06219003,2188,0,2,Injury Collision,,45,Bicycle,Matched,1,1,Clear or Partly Cloudy,0,"(47.637660864000054, -122.37614275899995)",0,0,N,06-330802
125293,51099,51099,Block,Cycles,161,,,0,,08/07/2006 12:00:00 AM +0000,8/7/2006,1,,Driveway Junction,Daylight,PINE ST BETWEEN 8TH AVE AND 9TH AVE,0,1,,2,2608193,Dry,18,"MOTOR VEHICLE STRUCK PEDALCYCLIST, FRONT END AT ANGLE",06219004,12221,0,2,Injury Collision,,45,Bicycle,Matched,0,1,Clear or Partly Cloudy,0,"(47.61329521600004, -122.33259897599999)",0,0,N,06-330621
125335,51335,51335,Intersection,Cycles,0,,,0,,12/04/2006 12:00:00 AM +0000,12/4/2006,1,28993,At Intersection (intersection related),Dawn,BROADWAY E AND E ROY E ST,0,1,Y,2,2623711,Dry,11,"MOTOR VEHICLE STRUCK MOTOR VEHICLE, FRONT END AT ANGLE",06338001,14748,0,2,Injury Collision,,45,Bicycle,Matched,0,1,Overcast,0,"(47.62504920300006, -122.32089298799997)",0,0,N,06-512971
125396,51071,51071,Intersection,Cycles,0,,,0,,10/26/2006 12:00:00 AM +0000,10/26/2006 6:26:00 PM,1,25929,At Intersection (intersection related),Dark - Street Lights On,30TH AVE NE AND NE 55TH E ST,0,1,Y,2,2606902,Dry,18,"MOTOR VEHICLE STRUCK PEDALCYCLIST, FRONT END AT ANGLE",06299002,4605,0,2,Injury Collision,,45,Bicycle,Matched,0,1,Clear or Partly Cloudy,0,"(47.66851834800008, -122.29506361399996)",0,0,N,06-455736
125400,51078,51078,Intersection,Cycles,0,,,0,,10/08/2006 12:00:00 AM +0000,10/8/2006,0,28242,At Intersection (intersection related),Dark - Street Lights On,10TH AVE E AND E BOSTON ST,0,1,Y,3,2617341,Dry,18,"MOTOR VEHICLE STRUCK PEDALCYCLIST, FRONT END AT ANGLE",06281009,1299,0,1,Property Damage Only Collision,,45,Bicycle,Matched,0,1,Clear or Partly Cloudy,0,"(47.63840322500005, -122.32007129499999)",0,0,N,06 426485
125445,50921,50921,Intersection,Cycles,0,,,0,,10/11/2006 12:00:00 AM +0000,10/11/2006 11:00:00 PM,1,32070,At Intersection (intersection related),Dark - Street Lights On,DELRIDGE WAY SW AND SW OREGON ST,0,1,Y,2,2619327,Snow/Slush,18,"MOTOR VEHICLE STRUCK PEDALCYCLIST, FRONT END AT ANGLE",06284036,9963,0,2,Injury Collision,,45,Bicycle,Matched,0,1,Clear or Partly Cloudy,0,"(47.56289684500007, -122.36336114699998)",0,0,N,06-432652
125467,50925,50925,Intersection,Cycles,0,,,0,,07/10/2006 12:00:00 AM +0000,7/10/2006 11:08:00 AM,1,27070,At Intersection (intersection related),Daylight,7TH AVE NE AND NE 45TH ST,0,1,,2,2604030,Dry,18,"MOTOR VEHICLE STRUCK PEDALCYCLIST, FRONT END AT ANGLE",06191023,8174,0,2,Injury Collision,,45,Bicycle,Matched,0,1,Overcast,0,"(47.661319003000074, -122.32072786099997)",0,0,N,06-284144
125525,50638,50638,Intersection,Cycles,0,,,0,,05/12/2006 12:00:00 AM +0000,5/12/2006 7:28:00 PM,1,27039,At Intersection (intersection related),Daylight,FREMONT AVE N AND N 34TH ST,0,1,,2,2400701,Dry,18,"MOTOR VEHICLE STRUCK PEDALCYCLIST, FRONT END AT ANGLE",06132003,10485,0,2,Injury Collision,,45,Bicycle,Matched,0,1,Clear or Partly Cloudy,0,"(47.64958972900007, -122.34974744899995)",0,0,N,6190774
125647,50481,50481,Block,Cycles,263.5,,,0,,07/05/2006 12:00:00 AM +0000,7/5/2006,1,,Driveway Junction,Daylight,LAKESIDE AVE BETWEEN E YESLER WAY AND LAKE WASHINGTON BLVD,0,1,Y,2,2614951,Dry,18,"MOTOR VEHICLE STRUCK PEDALCYCLIST, FRONT END AT ANGLE",06186001,11252,0,2,Injury Collision,,45,Bicycle,Matched,0,1,Overcast,0,"(47.602350311000066, -122.28497101999994)",0,0,N,06-275806
125718,50583,50583,Intersection,Cycles,0,,,0,,01/23/2006 12:00:00 AM +0000,1/23/2006 12:47:00 AM,1,29702,At Intersection (intersection related),Dark - Street Lights On,2ND AVE AND BELL ST,0,1,,2,2108687,Dry,51,PEDALCYCLIST STRUCK MOTOR VEHICLE FRONT END AT ANGLE,06023007,2764,0,2,Injury Collision,,45,Bicycle,Matched,0,1,Clear or Partly Cloudy,0,"(47.61403982300004, -122.34565345699997)",0,0,N,06-030844
125723,50455,50455,Block,Cycles,152.5,,,0,,02/18/2006 12:00:00 AM +0000,2/18/2006 3:01:00 PM,1,,Mid-Block (not related to intersection),Daylight,5TH AVE BETWEEN TERRACE ST AND JEFFERSON ST,0,1,,2,2187704,Dry,18,"MOTOR VEHICLE STRUCK PEDALCYCLIST, FRONT END AT ANGLE",06049010,7224,0,2,Injury Collision,,45,Bicycle,Matched,0,1,Clear or Partly Cloudy,0,"(47.602627373000075, -122.32820809199995)",0,0,N,06 070143