OBJECTID,INCKEY,COLDETKEY,ADDRTYPE,COLLISIONTYPE,DISTANCE,EXCEPTRSNCODE,EXCEPTRSNDESC,FATALITIES,INATTENTIONIND,INCDATE,INCDTTM,INJURIES,INTKEY,JUNCTIONTYPE,LIGHTCOND,LOCATION,PEDCOUNT,PEDCYLCOUNT,PEDROWNOTGRNT,PERSONCOUNT,REPORTNO,ROADCOND,SDOT_COLCODE,SDOT_COLDESC,SDOTCOLNUM,SEGKEY,SERIOUSINJURIES,SEVERITYCODE,SEVERITYDESC,SPEEDING,ST_COLCODE,ST_COLDESC,STATUS,UNDERINFL,VEHCOUNT,WEATHER,WIDTH,Shape,SEGLANEKEY,CROSSWALKKEY,HITPARKEDCAR,SPDCASENO
125849,50685,50685,Block,Cycles,133,,,0,,02/27/2006 12:00:00 AM +0000,2/27/2006 4:25:00 PM,1,,Driveway Junction,Daylight,15TH AVE NW BETWEEN NW 60TH ST AND NW 61ST ST,0,1,,2,2188431,Dry,51,PEDALCYCLIST STRUCK MOTOR VEHICLE FRONT END AT ANGLE,06058008,2107,0,2,Injury Collision,Y,45,Bicycle,Matched,0,1,Overcast,0,"(47.67272285700005, -122.37621107199999)",0,0,N,06-83290
125850,50674,50674,Block,Cycles,373.5,,,0,,08/14/2006 12:00:00 AM +0000,8/14/2006 10:41:00 AM,0,,Mid-Block (not related to intersection),Daylight,COLLEGE WAY N BETWEEN N 100TH ST AND MERIDIAN AVE N,0,1,Y,2,2625011,Dry,18,"MOTOR VEHICLE STRUCK PEDALCYCLIST, FRONT END AT ANGLE",06226010,9703,0,1,Property Damage Only Collision,,45,Bicycle,Matched,0,1,Clear or Partly Cloudy,0,"(47.702330637000045, -122.33452572599998)",0,0,N,06-341591
125884,50420,50420,Block,Cycles,193,,,0,,01/31/2006 12:00:00 AM +0000,1/31/2006 7:20:00 PM,0,,Mid-Block (not related to intersection),Dark - Street Lights On,S HOLGATE ST BETWEEN 5TH AVE S AND 6TH AVE S,0,1,,2,C663308,Standing Water,23,"MOTOR VEHICLE STRUCK PEDALCYCLIST, LEFT SIDE SIDESWIPE",06031044,20320,0,1,Property Damage Only Collision,,45,Bicycle,Matched,0,1,Raining,0,"(47.58617509900006, -122.32675966699998)",0,0,N,
125891,50540,50540,Intersection,Cycles,0,,,0,,12/07/2006 12:00:00 AM +0000,12/7/2006,1,26451,At Intersection (intersection related),Dusk,23RD AVE W AND W EMERSON PL,0,1,,2,C678779,Dry,18,"MOTOR VEHICLE STRUCK PEDALCYCLIST, FRONT END AT ANGLE",06341030,3500,0,2,Injury Collision,,45,Bicycle,Matched,0,1,Overcast,0,"(47.65613586500007, -122.38551131599996)",0,0,N,
125922,50532,50532,Block,Cycles,161, ,,0,,01/31/2006 12:00:00 AM +0000,1/31/2006 2:15:00 PM,0,,Driveway Junction,Daylight,W ROY ST BETWEEN 4TH AVE W AND 5TH AVE W,0,1,,2,C663848,Dry,51,PEDALCYCLIST STRUCK MOTOR VEHICLE FRONT END AT ANGLE,06031047,23702,0,1,Property Damage Only Collision,,45,Bicycle,Matched,0,1,Overcast,0,"(47.62585633600003, -122.36257578899995)",0,0,N,
125973,50783,50783,Intersection,Cycles,0,,,0,,03/27/2006 12:00:00 AM +0000,3/27/2006 5:44:00 PM,1,24573,At Intersection (intersection related),Daylight,LATONA AVE NE AND EAST GREEN LAKE DR N,0,1,Y,2,2058339,Dry,51,PEDALCYCLIST STRUCK MOTOR VEHICLE FRONT END AT ANGLE,06086005,11313,0,2,Injury Collision,,45,Bicycle,Matched,0,1,Clear or Partly Cloudy,0,"(47.68165808100008, -122.32748855199998)",0,0,N,06 123883
126039,50121,50121,Block,Cycles,200.5,,,0,,08/08/2006 12:00:00 AM +0000,8/8/2006,1,,Mid-Block (not related to intersection),Daylight,JAMES ST BETWEEN YESLER WAY AND 2ND AVE,0,1,,2,2607302,Dry,18,"MOTOR VEHICLE STRUCK PEDALCYCLIST, FRONT END AT ANGLE",06220003,11049,0,2,Injury Collision,,45,Bicycle,Matched,0,1,Clear or Partly Cloudy,0,"(47.60201533500003, -122.33321300699998)",0,0,N,06-332258
126095,49979,49979,Block,Cycles,325.5,,,0,Y,03/03/2006 12:00:00 AM +0000,3/3/2006,0,,Mid-Block (not related to intersection),Daylight,FAUNTLEROY WAY SW BETWEEN SW BRANDON ST AND SW FINDLAY ST,0,1,,2,2072334,Dry,23,"MOTOR VEHICLE STRUCK PEDALCYCLIST, LEFT SIDE SIDESWIPE",06062008,10391,0,1,Property Damage Only Collision,,45,Bicycle,Matched,0,1,Clear or Partly Cloudy,0,"(47.552929720000066, -122.38162009899997)",0,0,N,06 89055
126110,50096,50096,Block,Cycles,431.5,,,0,,10/22/2006 12:00:00 AM +0000,10/22/2006 10:23:00 PM,0,,Mid-Block (but intersection related),Dark - Street Lights On,ELLIOTT AVE BETWEEN BROAD ST AND BAY ST,0,1,,3,2608933,Dry,11,"MOTOR VEHICLE STRUCK MOTOR VEHICLE, FRONT END AT ANGLE",06295012,10209,0,1,Property Damage Only Collision,Y,45,Bicycle,Matched,0,1,Clear or Partly Cloudy,0,"(47.61642002000008, -122.35546252499995)",0,0,N,06-449876
126153,49826,49826,Intersection,Cycles,0,,,0,,11/07/2006 12:00:00 AM +0000,11/7/2006,1,29877,At Intersection (intersection related),Dusk,MELROSE AVE AND PIKE ST,0,1,,2,2623501,Wet,18,"MOTOR VEHICLE STRUCK PEDALCYCLIST, FRONT END AT ANGLE",06311010,11744,0,2,Injury Collision,,45,Bicycle,Matched,0,1,Overcast,0,"(47.61393023000005, -122.32780457599995)",0,0,N,06-474612
126170,49954,49954,Intersection,Cycles,0,,,0,,10/03/2006 12:00:00 AM +0000,10/3/2006,3,30726,At Intersection (intersection related),Daylight,16TH AVE AND E YESLER WAY,0,1,Y,3,2622263,Dry,18,"MOTOR VEHICLE STRUCK PEDALCYCLIST, FRONT END AT ANGLE",06276004,2219,0,2,Injury Collision,,45,Bicycle,Matched,0,1,Clear or Partly Cloudy,0,"(47.60168276300004, -122.31156906299998)",0,0,N,06-418534
126222,49953,49953,Intersection,Cycles,0,,,0,,10/03/2006 12:00:00 AM +0000,10/3/2006,1,25248,At Intersection (intersection related),Daylight,6TH AVE NW AND NW 65TH E ST,0,1,Y,3,2603648,Wet,18,"MOTOR VEHICLE STRUCK PEDALCYCLIST, FRONT END AT ANGLE",06276009,7945,0,2,Injury Collision,,45,Bicycle,Matched,0,1,Raining,0,"(47.67599158300004, -122.36352752599998)",0,0,N,06-419164
126263,49938,49938,Block,Cycles,152.5,,,0,Y,07/24/2006 12:00:00 AM +0000,7/24/2006 7:45:00 AM,1,,Mid-Block (but intersection related),Daylight,5TH AVE BETWEEN TERRACE ST AND JEFFERSON ST,0,1,,2,2608351,Dry,54,PEDALCYCLIST STRUCK MOTOR VEHICLE REAR END,06205035,7224,0,2,Injury Collision,,45,Bicycle,Matched,0,1,Clear or Partly Cloudy,0,"(47.602627373000075, -122.32820809199995)",0,0,N,06-306760
126350,49903,49903,Block,Cycles,322.5,,,0,,01/05/2006 12:00:00 AM +0000,1/5/2006,1,,Driveway Junction,Dark - Street Lights On,E HOWE ST BETWEEN 22ND AVE E AND E BLAINE ST,0,1,Y,2,1198639,Dry,18,"MOTOR VEHICLE STRUCK PEDALCYCLIST, FRONT END AT ANGLE",06005045,14163,1,2b,Serious Injury Collision,,45,Bicycle,Matched,0,1,Raining,0,"(47.637346627000056, -122.30343303199999)",0,0,N,06 006521
126379,50042,50042,Intersection,Cycles,0,,,0,,11/01/2006 12:00:00 AM +0000,11/1/2006,1,33137,At Intersection (intersection related),Dark - Street Lights On,STANLEY AVE S AND S ALBRO PL,0,1,,3,2404788,Dry,18,"MOTOR VEHICLE STRUCK PEDALCYCLIST, FRONT END AT ANGLE",06305004,12893,0,2,Injury Collision,,45,Bicycle,Matched,0,1,Clear or Partly Cloudy,0,"(47.54699110900003, -122.31491442199996)",0,0,N,06 464555
126393,50282,50282,Intersection,Cycles,0,,,0,,10/11/2006 12:00:00 AM +0000,10/11/2006 9:37:00 AM,1,26710,At Intersection (intersection related),Daylight,9TH AVE NW AND NW 45TH ST,0,1,Y,2,2614557,Dry,18,"MOTOR VEHICLE STRUCK PEDALCYCLIST, FRONT END AT ANGLE",06284007,8563,0,2,Injury Collision,,45,Bicycle,Matched,0,1,Clear or Partly Cloudy,0,"(47.66146692900003, -122.36861555399997)",0,0,N,06-431554
126395,49907,49907,Block,Cycles,332.5,,,0,,02/10/2006 12:00:00 AM +0000,2/10/2006 11:30:00 AM,1,,Mid-Block (not related to intersection),Daylight,UNIVERSITY WAY NE BETWEEN NE 45TH ST AND NE 47TH ST,1,1,Y,2,2829402,Unknown,64,PEDALCYCLIST STRUCK PEDESTRIAN,06041055,13222,1,2b,Serious Injury Collision,,45,Bicycle,Matched,0,0,Unknown,0,"(47.662179209000044, -122.31311572699997)",0,0,N,07 185234
126396,49906,49906,Block,Cycles,211.5,,,0,Y,02/11/2006 12:00:00 AM +0000,2/11/2006 4:53:00 PM,1,,Mid-Block (not related to intersection),Daylight,16TH AVE E BETWEEN E DENNY WAY AND E JOHN ST,0,1,,2,2070601,Dry,56,PEDALCYCLIST STRUCK MOTOR VEHICLE LEFT SIDE SIDESWIPE,06042010,2233,0,2,Injury Collision,,45,Bicycle,Matched,0,1,Clear or Partly Cloudy,0,"(47.619095335000054, -122.31142043699998)",0,0,N,06-060036
126399,50162,50162,Block,Cycles,335,,,0,,10/26/2006 12:00:00 AM +0000,10/26/2006 4:46:00 PM,1,,Mid-Block (not related to intersection),Daylight,16TH AVE SW BETWEEN SW TRENTON ST AND SW HENDERSON ST,0,1,,2,2625702,Dry,51,PEDALCYCLIST STRUCK MOTOR VEHICLE FRONT END AT ANGLE,06299003,2347,0,2,Injury Collision,,45,Bicycle,Matched,0,1,Clear or Partly Cloudy,0,"(47.52378946500005, -122.35509357499996)",0,0,N,06-455584
126550,49460,49460,Intersection,Cycles,0,,,0,Y,06/28/2006 12:00:00 AM +0000,6/28/2006 3:17:00 PM,1,31203,At Intersection (intersection related),Daylight,ALASKAN WAY S AND S MASSACHUSETTS ST,0,1,Y,2,1783505,Dry,18,"MOTOR VEHICLE STRUCK PEDALCYCLIST, FRONT END AT ANGLE",06179004,8743,0,2,Injury Collision,,45,Bicycle,Matched,0,1,Clear or Partly Cloudy,0,"(47.58831040300004, -122.33844063699996)",0,0,N,06-263632
126590,49579,49579,Block,Cycles,121,,,0,,09/01/2006 12:00:00 AM +0000,9/1/2006,1,,Mid-Block (not related to intersection),Daylight,NW MARKET ST BETWEEN 20TH AVE NW AND RUSSELL AVE NW,0,1,,2,2603682,Dry,18,"MOTOR VEHICLE STRUCK PEDALCYCLIST, FRONT END AT ANGLE",06244004,19232,0,2,Injury Collision,,45,Bicycle,Matched,0,1,Clear or Partly Cloudy,0,"(47.66867628600005, -122.38261883099995)",0,0,N,06-369684
126721,49555,49555,Intersection,Cycles,0, ,,0,,11/17/2006 12:00:00 AM +0000,11/17/2006 2:55:00 PM,0,30102,At Intersection (intersection related),Daylight,23RD AVE AND E ALDER ST,1,0,Y,2,2623586,Dry,18,"MOTOR VEHICLE STRUCK PEDALCYCLIST, FRONT END AT ANGLE",06321003,3355,0,1,Property Damage Only Collision,,45,Bicycle,Matched,0,1,Clear or Partly Cloudy,0,"(47.60432696100003, -122.30242717099998)",0,0,N,06-489688
126848,49656,49656,Block,Cycles,112,,,0,,07/20/2006 12:00:00 AM +0000,7/20/2006 9:02:00 AM,0,,Mid-Block (not related to intersection),Daylight,15TH AVE NE BETWEEN NE CAMPUS WB PY AND NE 41ST ST,0,1,,2,C671602,Dry,56,PEDALCYCLIST STRUCK MOTOR VEHICLE LEFT SIDE SIDESWIPE,06201041,2031,0,1,Property Damage Only Collision,,45,Bicycle,Matched,0,1,Clear or Partly Cloudy,0,"(47.656511257000034, -122.31211827499999)",0,0,N,
126911,49373,49373,Intersection,Cycles,0,,,0,Y,05/30/2006 12:00:00 AM +0000,5/30/2006 7:39:00 PM,1,30097,At Intersection (intersection related),Daylight,M L KING JR WAY AND E ALDER ST,0,1,Y,3,2071143,Dry,18,"MOTOR VEHICLE STRUCK PEDALCYCLIST, FRONT END AT ANGLE",06150004,11483,0,2,Injury Collision,,45,Bicycle,Matched,0,1,Clear or Partly Cloudy,0,"(47.60424209800004, -122.29679819299997)",0,0,N,06 217820
126916,49786,49786,Block,Cycles,96.5,,,0,,06/27/2006 12:00:00 AM +0000,6/27/2006 8:00:00 AM,0,,Driveway Junction,Daylight,E DENNY WAY BETWEEN BROADWAY AND NAGLE PL,0,1,Y,2,2614752,Dry,18,"MOTOR VEHICLE STRUCK PEDALCYCLIST, FRONT END AT ANGLE",06178001,13952,0,1,Property Damage Only Collision,,45,Bicycle,Matched,0,1,Clear or Partly Cloudy,0,"(47.618742421000036, -122.32046540399995)",0,0,N,06 265621
126951,49362,49362,Intersection,Cycles,0,,,0,,01/23/2006 12:00:00 AM +0000,1/23/2006 7:35:00 AM,1,25225,At Intersection (intersection related),Dawn,NW 54TH ST AND NW MARKET ST,0,1,,2,C662960,Wet,18,"MOTOR VEHICLE STRUCK PEDALCYCLIST, FRONT END AT ANGLE",06023039,18440,0,2,Injury Collision,,45,Bicycle,Matched,0,1,Overcast,0,"(47.66864793900004, -122.39450901099997)",0,0,N,
126963,49612,49612,Intersection,Cycles,0,,,0,,05/26/2006 12:00:00 AM +0000,5/26/2006 2:35:00 PM,1,28767,At Intersection (intersection related),Daylight,DEXTER AVE N AND MERCER ST,0,1,,2,C669072,Dry,18,"MOTOR VEHICLE STRUCK PEDALCYCLIST, FRONT END AT ANGLE",06146044,10076,0,2,Injury Collision,,45,Bicycle,Matched,0,1,Overcast,0,"(47.624549727000044, -122.34234960099997)",0,0,N,
127043,49480,49480,Block,Cycles,345,,,0,,08/25/2006 12:00:00 AM +0000,8/25/2006 6:19:00 PM,1,,Mid-Block (not related to intersection),Daylight,15TH AVE NW BETWEEN NW 65TH ST AND NW 67TH ST,0,1,Y,2,2614229,Dry,18,"MOTOR VEHICLE STRUCK PEDALCYCLIST, FRONT END AT ANGLE",06237010,2112,0,2,Injury Collision,,45,Bicycle,Matched,1,1,Clear or Partly Cloudy,0,"(47.67682047200003, -122.37676111699994)",0,0,N,06-358602
127177,49171,49171,Block,Cycles,331.5,,,0,,03/22/2006 12:00:00 AM +0000,3/22/2006 6:16:00 PM,1,,Driveway Junction,Daylight,NE 55TH ST BETWEEN 40TH AVE NE AND 43RD AVE NE,0,1,Y,3,2184723,Wet,18,"MOTOR VEHICLE STRUCK PEDALCYCLIST, FRONT END AT ANGLE",06081002,17056,0,2,Injury Collision,,45,Bicycle,Matched,0,1,Raining,0,"(47.668508347000056, -122.28347867499997)",0,0,N,06 116636
127263,49160,49160,Block,Cycles,153,,,0,,10/26/2006 12:00:00 AM +0000,10/26/2006 7:17:00 PM,1,,Mid-Block (not related to intersection),Dark - Street Lights On,1ST AVE BETWEEN MARION ST AND MADISON ST,0,1,,2,2622846,Dry,18,"MOTOR VEHICLE STRUCK PEDALCYCLIST, FRONT END AT ANGLE",06299004,1003,0,2,Injury Collision,,45,Bicycle,Matched,0,1,Clear or Partly Cloudy,0,"(47.60433748200006, -122.33591138599996)",0,0,N,06-455798
127274,48895,48895,Block,Cycles,218,,,0,,09/11/2006 12:00:00 AM +0000,9/11/2006 4:50:00 PM,1,,Driveway Junction,Daylight,EASTLAKE AVE E BETWEEN HARVARD AVE E AND FUHRMAN AVE E,0,1,Y,2,2622378,Dry,18,"MOTOR VEHICLE STRUCK PEDALCYCLIST, FRONT END AT ANGLE",06254004,10184,0,2,Injury Collision,,45,Bicycle,Matched,0,1,Clear or Partly Cloudy,0,"(47.65104751100006, -122.32168580199999)",0,0,N,06-384957
127419,48988,48988,Block,Cycles,242,,,0,,03/22/2006 12:00:00 AM +0000,3/22/2006 5:35:00 PM,0,,Driveway Junction,Daylight,DEXTER AVE N BETWEEN REPUBLICAN ST AND MERCER ST,0,1,Y,2,2071829,Wet,51,PEDALCYCLIST STRUCK MOTOR VEHICLE FRONT END AT ANGLE,06081004,10075,0,1,Property Damage Only Collision,,45,Bicycle,Matched,0,1,Raining,0,"(47.62388537100003, -122.34235544599994)",0,0,N,06 116595
127432,49120,49120,Intersection,Cycles,0,,,0,,10/11/2006 12:00:00 AM +0000,10/11/2006 4:28:00 PM,1,26454,At Intersection (intersection related),Dusk,GILMAN AVE W AND W EMERSON ST,0,1,Y,2,2410894,Dry,18,"MOTOR VEHICLE STRUCK PEDALCYCLIST, FRONT END AT ANGLE",06284003,10636,1,2b,Serious Injury Collision,,45,Bicycle,Matched,0,1,Clear or Partly Cloudy,0,"(47.65397898100008, -122.38461607899995)",0,0,N,06-432092
127450,49239,49239,Intersection,Cycles,0,,,0,,07/08/2006 12:00:00 AM +0000,7/8/2006,1,27062,At Intersection (intersection related),Daylight,UNIVERSITY WAY NE AND NE 45TH ST,0,1,Y,2,2614358,Dry,18,"MOTOR VEHICLE STRUCK PEDALCYCLIST, FRONT END AT ANGLE",06189006,13222,0,2,Injury Collision,,45,Bicycle,Matched,0,1,Clear or Partly Cloudy,0,"(47.661269366000056, -122.31312965799998)",0,0,N,06-281265
127477,49097,49097,Intersection,Cycles,0,,,0,,04/17/2006 12:00:00 AM +0000,4/17/2006 1:00:00 PM,1,28428,At Intersection (intersection related),Daylight,24TH AVE E AND E LYNN ST,0,1,,2,C668342,Dry,18,"MOTOR VEHICLE STRUCK PEDALCYCLIST, FRONT END AT ANGLE",06107024,3553,0,2,Injury Collision,,45,Bicycle,Matched,0,1,Clear or Partly Cloudy,0,"(47.639530078000064, -122.30208058099998)",0,0,N,
127486,48847,48847,Alley,Cycles,,,,0,,05/08/2006 12:00:00 AM +0000,5/8/2006,0,,Driveway Junction,Daylight,,0,1,Y,2,2390704,Dry,18,"MOTOR VEHICLE STRUCK PEDALCYCLIST, FRONT END AT ANGLE",06128001,,0,1,Property Damage Only Collision,,45,Bicycle,Matched,0,1,Overcast,0,,0,0,N,06-184536
127517,49218,49218,Block,Cycles,899.5,,,0,,05/14/2006 12:00:00 AM +0000,5/14/2006 11:15:00 AM,1,,Mid-Block (not related to intersection),Daylight,ALASKAN WAY S BETWEEN ALASKAN E RDWY WAY S AND S ROYAL BROUGHAM WAY,0,1,,4,2071764,Dry,51,PEDALCYCLIST STRUCK MOTOR VEHICLE FRONT END AT ANGLE,06134002,8740,0,2,Injury Collision,,45,Bicycle,Matched,0,1,Clear or Partly Cloudy,0,"(47.594805361000056, -122.33591469299995)",0,0,N,06-193166
127524,49092,49092,Block,Cycles,229,,,0,,09/24/2006 12:00:00 AM +0000,9/24/2006 3:34:00 PM,0,,Mid-Block (not related to intersection),Daylight,42ND AVE S BETWEEN S TRENTON ST AND S HENDERSON ST,0,1,,2,2610804,Dry,18,"MOTOR VEHICLE STRUCK PEDALCYCLIST, FRONT END AT ANGLE",06267003,6574,0,1,Property Damage Only Collision,,45,Bicycle,Matched,0,1,Clear or Partly Cloudy,0,"(47.52365596000004, -122.28069540899997)",0,0,N,06-404574
127525,49091,49091,Block,Cycles,283,,,0,,10/29/2006 12:00:00 AM +0000,10/29/2006 12:21:00 PM,1,,Mid-Block (but intersection related),Daylight,12TH AVE S BETWEEN S ATLANTIC ST AND S MASSACHUSETTS ST,0,1,,2,2615592,Wet,51,PEDALCYCLIST STRUCK MOTOR VEHICLE FRONT END AT ANGLE,06302008,1659,1,2b,Serious Injury Collision,Y,45,Bicycle,Matched,0,1,Overcast,0,"(47.58921365600003, -122.31727813999998)",0,0,N,06-460499
127528,48971,48971,Block,Cycles,350.5,,,0,,07/26/2006 12:00:00 AM +0000,7/26/2006 11:17:00 PM,1,,Mid-Block (not related to intersection),Dark - Street Lights On,15TH AVE S BETWEEN S DAKOTA ST AND S NEVADA ST,0,1,,2,2612502,Dry,21,"MOTOR VEHICLE STRUCK PEDALCYCLIST, REAR END",06207044,2156,0,2,Injury Collision,,45,Bicycle,Matched,0,1,Clear or Partly Cloudy,0,"(47.56628349600004, -122.31347635899999)",0,0,N,06-311251
127600,48683,48683,Block,Cycles,130.5,,,0,,09/25/2006 12:00:00 AM +0000,9/25/2006 4:39:00 PM,1,,Mid-Block (but intersection related),Daylight,NW 39TH ST BETWEEN 2ND AVE NW AND LEARY WAY NW,0,1,,2,2624936,Dry,18,"MOTOR VEHICLE STRUCK PEDALCYCLIST, FRONT END AT ANGLE",06268003,18286,0,2,Injury Collision,,45,Bicycle,Matched,0,1,Clear or Partly Cloudy,0,"(47.65414645800007, -122.35953190699996)",0,0,N,06-406036
127660,48265,48265,Block,Cycles,153,,,0,,06/08/2005 12:00:00 AM +0000,6/8/2005,1,,Mid-Block (not related to intersection),Daylight,WESTERN AVE BETWEEN MADISON ST AND SPRING ST,0,1,,2,C651430,Dry,16,"MOTOR VEHICLE STRUCK MOTOR VEHICLE, LEFT SIDE SIDESWIPE",05159044,13499,0,2,Injury Collision,,45,Bicycle,Matched,0,1,Overcast,0,"(47.604585704000044, -122.33767380699999)",0,0,N,
127689,48535,48535,Intersection,Cycles,0,,,0,,07/26/2006 12:00:00 AM +0000,7/26/2006 7:30:00 AM,1,28045,At Intersection (intersection related),Daylight,4TH AVE N AND FREMONT BR,0,1,,2,C672351,Dry,18,"MOTOR VEHICLE STRUCK PEDALCYCLIST, FRONT END AT ANGLE",06207056,10562,0,2,Injury Collision,,45,Bicycle,Matched,0,1,Unknown,0,"(47.64687975500004, -122.34975371399997)",0,0,N,
127728,48656,48656,Intersection,Cycles,0,,,0,Y,03/16/2006 12:00:00 AM +0000,3/16/2006 5:49:00 PM,1,25464,At Intersection (intersection related),Daylight,LEARY WAY NW AND NW 46TH ST,0,1,,2,2022300,Dry,51,PEDALCYCLIST STRUCK MOTOR VEHICLE FRONT END AT ANGLE,06075008,11347,0,2,Injury Collision,,45,Bicycle,Matched,0,1,Overcast,0,"(47.66219540600008, -122.36786512799995)",0,0,N,06-108047
127813,48633,48633,Intersection,Cycles,0,,,0,,03/23/2006 12:00:00 AM +0000,3/23/2006 1:46:00 PM,1,37308,At Intersection (intersection related),Daylight,ASHWORTH AVE N AND N 97TH ST,0,1,,2,2178987,Dry,18,"MOTOR VEHICLE STRUCK PEDALCYCLIST, FRONT END AT ANGLE",06082024,8876,0,2,Injury Collision,,45,Bicycle,Matched,0,1,Overcast,0,"(47.69960417900006, -122.33972520299994)",0,0,N,06 117810
127827,48623,48623,Intersection,Cycles,0,,,0,,11/19/2006 12:00:00 AM +0000,11/19/2006 1:04:00 PM,1,27183,At Intersection (intersection related),Daylight,1ST AVE NE AND NE 45TH ST,0,1,Y,2,2610234,Wet,18,"MOTOR VEHICLE STRUCK PEDALCYCLIST, FRONT END AT ANGLE",06323002,1067,0,2,Injury Collision,,45,Bicycle,Matched,0,1,Overcast,0,"(47.66135978400007, -122.32826075599996)",0,0,N,06-492725
127970,48302,48302,Intersection,Cycles,0, ,,0,Y,05/05/2005 12:00:00 AM +0000,5/5/2005,1,36001,At Intersection (intersection related),Daylight,LAKE CITY WAY NE AND NE 143RD ST,0,1,Y,2,1794936,Dry,18,"MOTOR VEHICLE STRUCK PEDALCYCLIST, FRONT END AT ANGLE",05125006,11190,0,2,Injury Collision,,45,Bicycle,Matched,0,1,Overcast,0,"(47.73194292800008, -122.29237274599996)",0,0,N,05-183113
128040,48709,48709,Intersection,Cycles,0,,,0,,05/10/2006 12:00:00 AM +0000,5/10/2006 11:29:00 AM,1,25471,At Intersection (but not related to intersection),Daylight,EAST GREEN LAKE WAY N AND N 64TH ST,0,1,,4,2400626,Dry,18,"MOTOR VEHICLE STRUCK PEDALCYCLIST, FRONT END AT ANGLE",06130002,14077,0,2,Injury Collision,,45,Bicycle,Matched,0,2,Clear or Partly Cloudy,0,"(47.67526482800008, -122.333532908)",0,0,N,06-187130
128062,47770,47770,Intersection,Cycles,0, ,,0,Y,09/30/2005 12:00:00 AM +0000,9/30/2005 5:00:00 PM,0,27061,At Intersection (intersection related),Dusk,15TH AVE NE AND NE 45TH ST,0,0,,2,2061311,Dry,18,"MOTOR VEHICLE STRUCK PEDALCYCLIST, FRONT END AT ANGLE",05273025,2035,0,1,Property Damage Only Collision,,45,Bicycle,Matched,0,2,Clear or Partly Cloudy,0,"(47.661261953000064, -122.31199330999999)",0,0,N,50419826
128093,48026,48026,Block,Cycles,159.5,,,0,,09/08/2005 12:00:00 AM +0000,9/8/2005,1,,Driveway Junction,Daylight,E ROY ST BETWEEN 19TH AVE E AND 20TH AVE E,0,1,Y,3,1376643,Dry,18,"MOTOR VEHICLE STRUCK PEDALCYCLIST, FRONT END AT ANGLE",05251005,14760,0,2,Injury Collision,,45,Bicycle,Matched,0,1,Clear or Partly Cloudy,0,"(47.625230086000045, -122.30667414999999)",0,0,N,05-385152
128095,47901,47901,Intersection,Cycles,0,,,0,Y,11/16/2005 12:00:00 AM +0000,11/16/2005 5:47:00 PM,1,28190,At Intersection (intersection related),Dark - Street Lights On,HAMLIN ST ON RP AND HARVARD AVE E,0,1,,2,2128062,Dry,18,"MOTOR VEHICLE STRUCK PEDALCYCLIST, FRONT END AT ANGLE",05320007,10859,0,2,Injury Collision,,45,Bicycle,Matched,0,1,Clear or Partly Cloudy,0,"(47.64561992100005, -122.32210550899998)",0,0,N,05 491131
128237,47989,47989,Intersection,Cycles,0,,,0,,10/08/2005 12:00:00 AM +0000,10/8/2005,1,29141,At Intersection (intersection related),Dark - Street Lights On,BELMONT AVE E AND E HARRISON ST,0,1,,2,2019643,Wet,11,"MOTOR VEHICLE STRUCK MOTOR VEHICLE, FRONT END AT ANGLE",05281003,9239,0,2,Injury Collision,,45,Bicycle,Matched,0,1,Clear or Partly Cloudy,0,"(47.62198950700008, -122.32402407999996)",0,0,N,05-432732
128243,47986,47986,Intersection,Cycles,0,,,0,,07/11/2005 12:00:00 AM +0000,7/11/2005 8:15:00 AM,0,29877,At Intersection (intersection related),Daylight,MELROSE AVE AND PIKE ST,0,1,,2,2020644,Dry,51,PEDALCYCLIST STRUCK MOTOR VEHICLE FRONT END AT ANGLE,05192028,11744,0,1,Property Damage Only Collision,,45,Bicycle,Matched,0,1,Overcast,0,"(47.61393023000005, -122.32780457599995)",0,0,N,05-290678
128247,47869,47869,Block,Cycles,161,,,0,,11/05/2005 12:00:00 AM +0000,11/5/2005,1,,Mid-Block (not related to intersection),Daylight,E DENNY WAY BETWEEN 13TH AVE AND 14TH AVE,0,1,,2,1180675,Wet,18,"MOTOR VEHICLE STRUCK PEDALCYCLIST, FRONT END AT ANGLE",05309013,13957,0,2,Injury Collision,,45,Bicycle,Matched,0,1,Raining,0,"(47.61878279100006, -122.314953576)",0,0,N,05-474280
128303,48107,48107,Intersection,Cycles,0,,,0,,11/08/2005 12:00:00 AM +0000,11/8/2005,1,30478,At Intersection (intersection related),Dawn,5TH AVE AND JEFFERSON ST,0,1,Y,2,1792469,Dry,18,"MOTOR VEHICLE STRUCK PEDALCYCLIST, FRONT END AT ANGLE",05312004,7225,0,2,Injury Collision,,45,Bicycle,Matched,0,1,Clear or Partly Cloudy,0,"(47.60298463300006, -122.32853488999996)",0,0,N,05 478970
128355,48079,48079,Intersection,Cycles,0,,,0,,11/16/2005 12:00:00 AM +0000,11/16/2005 2:30:00 PM,1,27196,At Intersection (intersection related),Daylight,THACKERAY PL NE AND NE 44TH ST,0,1,Y,3,2185053,Dry,18,"MOTOR VEHICLE STRUCK PEDALCYCLIST, FRONT END AT ANGLE",05320013,13127,0,2,Injury Collision,,45,Bicycle,Matched,0,1,Clear or Partly Cloudy,0,"(47.66021769200006, -122.32619546999996)",0,0,N,05 491099