OBJECTID,INCKEY,COLDETKEY,ADDRTYPE,COLLISIONTYPE,DISTANCE,EXCEPTRSNCODE,EXCEPTRSNDESC,FATALITIES,INATTENTIONIND,INCDATE,INCDTTM,INJURIES,INTKEY,JUNCTIONTYPE,LIGHTCOND,LOCATION,PEDCOUNT,PEDCYLCOUNT,PEDROWNOTGRNT,PERSONCOUNT,REPORTNO,ROADCOND,SDOT_COLCODE,SDOT_COLDESC,SDOTCOLNUM,SEGKEY,SERIOUSINJURIES,SEVERITYCODE,SEVERITYDESC,SPEEDING,ST_COLCODE,ST_COLDESC,STATUS,UNDERINFL,VEHCOUNT,WEATHER,WIDTH,Shape,SEGLANEKEY,CROSSWALKKEY,HITPARKEDCAR,SPDCASENO
132015,44022,44022,Block,Cycles,140,,,0,,08/05/2005 12:00:00 AM +0000,8/5/2005,1,,Driveway Junction,Daylight,S WARSAW ST BETWEEN CARLETON AVE S AND FLORA AVE S,0,1,,2,2024910,Dry,18,"MOTOR VEHICLE STRUCK PEDALCYCLIST, FRONT END AT ANGLE",05217006,21471,0,2,Injury Collision,,45,Bicycle,Matched,0,1,Clear or Partly Cloudy,0,"(47.544190592000064, -122.32059367499994)",0,0,N,50331030
132035,44539,44539,Intersection,Cycles,0,,,0,,12/30/2005 12:00:00 AM +0000,12/30/2005 5:15:00 PM,1,30177,At Intersection (intersection related),Dark - Street Lights On,19TH AVE AND E CHERRY ST,0,1,,2,C661610,Wet,11,"MOTOR VEHICLE STRUCK MOTOR VEHICLE, FRONT END AT ANGLE",05364055,2645,0,2,Injury Collision,,45,Bicycle,Matched,0,1,Raining,0,"(47.60802107500007, -122.30762262699994)",0,0,N,
132063,44541,44541,Block,Cycles,270,,,0,,04/07/2005 12:00:00 AM +0000,4/7/2005,1,,Driveway Junction,Daylight,UNIVERSITY WAY NE BETWEEN NE 42ND ST AND NE 43RD ST,0,1,Y,2,2020604,Wet,18,"MOTOR VEHICLE STRUCK PEDALCYCLIST, FRONT END AT ANGLE",05097013,13220,1,2b,Serious Injury Collision,,45,Bicycle,Matched,0,1,Raining,0,"(47.65905361700004, -122.313187788)",0,0,N,05-141452
132218,43842,43842,Intersection,Cycles,0,,,0,,01/31/2005 12:00:00 AM +0000,1/31/2005 7:37:00 AM,1,25277,At Intersection (intersection related),Daylight,8TH AVE NW AND NW 60TH ST,0,1,Y,2,1220195,Wet,18,"MOTOR VEHICLE STRUCK PEDALCYCLIST, FRONT END AT ANGLE",05031004,8389,0,2,Injury Collision,,45,Bicycle,Matched,0,1,Clear or Partly Cloudy,0,"(47.67234908700004, -122.36616763299998)",0,0,N,5044114
132232,43573,43573,Block,Cycles,153,,,0,,07/27/2005 12:00:00 AM +0000,7/27/2005 10:26:00 PM,1,,Mid-Block (not related to intersection),Dark - Street Lights On,ALASKAN E RDWY WAY BETWEEN COLUMBIA ST AND MARION ST,0,1,Y,2,1059798,Dry,23,"MOTOR VEHICLE STRUCK PEDALCYCLIST, LEFT SIDE SIDESWIPE",05208016,8745,0,2,Injury Collision,,45,Bicycle,Matched,0,1,Clear or Partly Cloudy,0,"(47.602859616000046, -122.33708628)",0,0,N,05-316704
132261,43954,43954,Intersection,Cycles,0,,,0,,03/12/2005 12:00:00 AM +0000,3/12/2005 1:00:00 PM,1,25520,At Intersection (intersection related),Daylight,GREEN LAKE WAY N AND N 52ND ST,0,1,,2,C644826,Dry,18,"MOTOR VEHICLE STRUCK PEDALCYCLIST, FRONT END AT ANGLE",05071059,10695,0,2,Injury Collision,,45,Bicycle,Matched,0,1,Clear or Partly Cloudy,0,"(47.66640717400003, -122.340090525)",0,0,N,
132273,43826,43826,Intersection,Cycles,0,,,0,,03/28/2005 12:00:00 AM +0000,3/28/2005 1:24:00 AM,1,28267,At Intersection (intersection related),Dark - Street Lights On,10TH AVE E AND E HOWE ST,0,1,,2,1930946,Dry,18,"MOTOR VEHICLE STRUCK PEDALCYCLIST, FRONT END AT ANGLE",05087008,1297,1,2b,Serious Injury Collision,,45,Bicycle,Matched,0,1,Clear or Partly Cloudy,0,"(47.635912817000076, -122.32008947699995)",0,0,N,50126840
132385,43793,43793,Block,Cycles,144,,,0,,03/06/2005 12:00:00 AM +0000,3/6/2005,1,,Driveway Junction,Daylight,3RD AVE NW BETWEEN NW 84TH ST AND NW 85TH ST,0,1,,2,1796818,Dry,51,PEDALCYCLIST STRUCK MOTOR VEHICLE FRONT END AT ANGLE,05065014,4476,0,2,Injury Collision,,45,Bicycle,Matched,0,1,Clear or Partly Cloudy,0,"(47.69022895300003, -122.36064780099997)",0,0,N,05-096342
132405,43801,43801,Block,Cycles,213,,,0,,09/09/2005 12:00:00 AM +0000,9/9/2005,0,,Driveway Junction,Daylight,2ND AVE BETWEEN PIKE ST AND PINE ST,0,1,,2,1316712,Dry,18,"MOTOR VEHICLE STRUCK PEDALCYCLIST, FRONT END AT ANGLE",05252018,2758,0,1,Property Damage Only Collision,,45,Bicycle,Matched,0,1,Clear or Partly Cloudy,0,"(47.609780570000055, -122.33935700699999)",0,0,N,5387169
132471,43775,43775,Block,Cycles,641.5,,,0,,11/08/2005 12:00:00 AM +0000,11/8/2005,1,,Driveway Junction,Daylight,4TH AVE S BETWEEN COSTCO DR AND 4TH AV S VI,0,1,Y,2,2060559,Dry,18,"MOTOR VEHICLE STRUCK PEDALCYCLIST, FRONT END AT ANGLE",05312002,163834,1,2b,Serious Injury Collision,,45,Bicycle,Matched,0,1,Clear or Partly Cloudy,0,,0,0,N,50478864
132498,43635,43635,Intersection,Cycles,0,,,0,,10/27/2005 12:00:00 AM +0000,10/27/2005 7:18:00 PM,1,25939,At Intersection (intersection related),Dark - Street Lights On,25TH AVE NE AND NE 55TH ST,0,1,Y,2,2059157,Wet,18,"MOTOR VEHICLE STRUCK PEDALCYCLIST, FRONT END AT ANGLE",05300017,3725,0,2,Injury Collision,,45,Bicycle,Matched,0,1,Raining,0,"(47.668525748000036, -122.30061895399996)",0,0,N,5461335
132527,44004,44004,Block,Cycles,1842,,,0,,02/10/2005 12:00:00 AM +0000,2/10/2005 2:52:00 PM,1,,Mid-Block (not related to intersection),Daylight,LAKE WASHINGTON BLVD S BETWEEN LAKE PARK DR S AND S HORTON NR ST,0,1,,2,1773275,Dry,18,"MOTOR VEHICLE STRUCK PEDALCYCLIST, FRONT END AT ANGLE",05041005,11230,0,2,Injury Collision,,45,Bicycle,Matched,0,1,Clear or Partly Cloudy,0,"(47.578874744000075, -122.28370626699996)",0,0,N,05 060334
132687,43309,43309,Block,Cycles,324,,,0,,08/08/2005 12:00:00 AM +0000,8/8/2005,1,,Mid-Block (not related to intersection),Daylight,8TH AVE NW BETWEEN NW 67TH ST AND NW 70TH ST,0,1,,2,C654302,Dry,18,"MOTOR VEHICLE STRUCK PEDALCYCLIST, FRONT END AT ANGLE",05220032,8396,0,2,Injury Collision,,45,Bicycle,Matched,0,1,Clear or Partly Cloudy,0,"(47.678657205000036, -122.366018656)",0,0,N,
132710,43439,43439,Block,Cycles,143,,,0,Y,08/02/2005 12:00:00 AM +0000,8/2/2005,1,,Mid-Block (not related to intersection),Daylight,BROADWAY E BETWEEN E MERCER ST AND E ROY E ST,0,1,,2,2025588,Dry,22,"MOTOR VEHICLE STRUCK PEDALCYCLIST, RIGHT SIDE SIDESWIPE",05214005,9456,0,2,Injury Collision,,45,Bicycle,Matched,0,1,Clear or Partly Cloudy,0,"(47.624660325000036, -122.32093668799996)",0,0,N,05-326066
132740,43180,43180,Intersection,Cycles,0,,,0,,02/18/2005 12:00:00 AM +0000,2/18/2005 3:57:00 PM,1,25994,At Intersection (intersection related),Daylight,15TH AVE NE AND COWEN PL NE,0,1,Y,6,1796949,Dry,18,"MOTOR VEHICLE STRUCK PEDALCYCLIST, FRONT END AT ANGLE",05049007,2045,0,2,Injury Collision,,45,Bicycle,Matched,0,1,Clear or Partly Cloudy,0,"(47.67210552300003, -122.31190524699997)",0,0,N,5072168
132785,43286,43286,Block,Cycles,161,,,0,,09/22/2005 12:00:00 AM +0000,9/22/2005 11:00:00 AM,0,,Driveway Junction,Daylight,STEWART ST BETWEEN 9TH AVE AND TERRY AVE,0,1,Y,2,1784593,Dry,18,"MOTOR VEHICLE STRUCK PEDALCYCLIST, FRONT END AT ANGLE",05265010,12906,0,1,Property Damage Only Collision,,45,Bicycle,Matched,0,1,Clear or Partly Cloudy,0,"(47.61594756900007, -122.33400804399997)",0,0,N,05-406787
132835,43280,43280,Intersection,Cycles,0,,,0,,06/05/2005 12:00:00 AM +0000,6/5/2005,1,29560,At Intersection (intersection related),Daylight,1ST AVE AND LENORA ST,0,1,Y,2,1213494,Dry,18,"MOTOR VEHICLE STRUCK PEDALCYCLIST, FRONT END AT ANGLE",05156032,1013,0,2,Injury Collision,,45,Bicycle,Matched,0,1,Overcast,0,"(47.61183728800006, -122.34391211399998)",0,0,N,05-232326
132866,43141,43141,Intersection,Cycles,0,,,0,,07/27/2005 12:00:00 AM +0000,7/27/2005 12:48:00 PM,1,30411,At Intersection (intersection related),Daylight,BOREN AVE AND E YESLER WAY,0,1,,2,2028363,Dry,18,"MOTOR VEHICLE STRUCK PEDALCYCLIST, FRONT END AT ANGLE",05208015,9303,1,2b,Serious Injury Collision,,45,Bicycle,Matched,0,1,Clear or Partly Cloudy,0,"(47.601695164000034, -122.31782315599997)",0,0,N,05 315829
132883,43401,43401,Intersection,Cycles,0,,,0,,01/07/2005 12:00:00 AM +0000,1/7/2005,0,29576,At Intersection (intersection related),Daylight,5TH AVE AND PIKE ST,0,1,Y,3,1059991,Dry,18,"MOTOR VEHICLE STRUCK PEDALCYCLIST, FRONT END AT ANGLE",05007004,7237,0,1,Property Damage Only Collision,,45,Bicycle,Matched,0,1,Overcast,0,"(47.61067790300007, -122.33557402499997)",0,0,N,5009171
133068,43226,43226,Block,Cycles,336.5,,,0,,08/17/2005 12:00:00 AM +0000,8/17/2005 4:33:00 PM,1,,Driveway Junction,Daylight,38TH AVE S BETWEEN S MYRTLE ST AND S OTHELLO ST,0,1,,2,1797711,Dry,11,"MOTOR VEHICLE STRUCK MOTOR VEHICLE, FRONT END AT ANGLE",05229013,5911,0,2,Injury Collision,,45,Bicycle,Matched,0,1,Clear or Partly Cloudy,0,"(47.53795902000007, -122.28472560799997)",0,0,N,05 350773
133073,43351,43351,Block,Cycles,318,,,0,,06/07/2005 12:00:00 AM +0000,6/7/2005,1,,Driveway Junction,Daylight,SHAFFER AVE S BETWEEN S MORGAN ST AND S HOLLY ST,0,1,,2,1797331,Wet,18,"MOTOR VEHICLE STRUCK PEDALCYCLIST, FRONT END AT ANGLE",05158032,12820,0,2,Injury Collision,,45,Bicycle,Matched,0,1,Raining,0,"(47.54352116000007, -122.29474866999999)",0,0,N,50235753
133140,43471,43471,Intersection,Cycles,0,,,0,,10/11/2005 12:00:00 AM +0000,10/11/2005 4:24:00 PM,1,25565,At Intersection (intersection related),Daylight,GREEN LAKE WAY N AND MIDVALE AVE N,0,1,,4,2059315,Dry,18,"MOTOR VEHICLE STRUCK PEDALCYCLIST, FRONT END AT ANGLE",05284006,10689,1,2b,Serious Injury Collision,,45,Bicycle,Matched,0,1,Clear or Partly Cloudy,0,"(47.66330206200007, -122.34375644799997)",0,0,N,05 436562
133168,43333,43333,Intersection,Cycles,0,,,0,,09/28/2005 12:00:00 AM +0000,9/28/2005 5:12:00 AM,1,28069,At Intersection (intersection related),Dark - Street Lights On,4TH AVE N AND RAYE ST,0,1,,2,2108722,Dry,51,PEDALCYCLIST STRUCK MOTOR VEHICLE FRONT END AT ANGLE,05271005,6168,0,2,Injury Collision,,45,Bicycle,Matched,0,1,Clear or Partly Cloudy,0,"(47.64297291500003, -122.34957550599995)",0,0,N,05 415782
133231,43062,43062,Intersection,Cycles,0,,,0,,11/27/2005 12:00:00 AM +0000,11/27/2005 4:49:00 PM,1,29049,At Intersection (intersection related),Unknown,BOYLSTON AVE E AND E OLIVE W WAY,0,1,,2,1772017,Wet,18,"MOTOR VEHICLE STRUCK PEDALCYCLIST, FRONT END AT ANGLE",05331031,14589,0,2,Injury Collision,,45,Bicycle,Matched,0,1,Overcast,0,"(47.619808730000045, -122.32347145799997)",0,0,N,50506261
133388,42629,42629,Intersection,Cycles,0,,,0,,04/23/2005 12:00:00 AM +0000,4/23/2005 12:10:00 PM,1,30136,At Intersection (intersection related),Daylight,15TH AVE AND E MADISON ST,0,1,Y,2,2027985,Dry,18,"MOTOR VEHICLE STRUCK PEDALCYCLIST, FRONT END AT ANGLE",05113003,1997,0,2,Injury Collision,,45,Bicycle,Matched,0,1,Clear or Partly Cloudy,0,"(47.61449898500007, -122.31277145499996)",0,0,N,05 165094
133422,42874,42874,Block,Cycles,213,,,0,,02/23/2005 12:00:00 AM +0000,2/23/2005 4:30:00 PM,1,,Mid-Block (not related to intersection),Daylight,18TH AVE BETWEEN E CHERRY ST AND E COLUMBIA ST,0,1,Y,2,1745363,Dry,18,"MOTOR VEHICLE STRUCK PEDALCYCLIST, FRONT END AT ANGLE",05054007,2536,0,2,Injury Collision,,45,Bicycle,Matched,0,1,Clear or Partly Cloudy,0,"(47.60860905200008, -122.30892640399998)",0,0,N,05-080438
133450,42607,42607,Block,Cycles,213,,,0,Y,08/01/2005 12:00:00 AM +0000,8/1/2005,1,,Driveway Junction,Daylight,12TH AVE BETWEEN E CHERRY ST AND E COLUMBIA ST,0,1,Y,2,2020045,Dry,18,"MOTOR VEHICLE STRUCK PEDALCYCLIST, FRONT END AT ANGLE",05213007,1532,0,2,Injury Collision,,45,Bicycle,Matched,0,1,Overcast,0,"(47.60864131900007, -122.31677994199998)",0,0,N,05 323673
133455,42478,42478,Intersection,Cycles,0,,,0,,04/28/2005 12:00:00 AM +0000,4/28/2005 8:30:00 PM,1,34539,At Intersection (intersection related),Dusk,37TH AVE S AND S MYRTLE ST,0,1,,2,1771418,Dry,18,"MOTOR VEHICLE STRUCK PEDALCYCLIST, FRONT END AT ANGLE",05118029,20913,0,2,Injury Collision,,45,Bicycle,Matched,0,1,Clear or Partly Cloudy,0,"(47.53887780300005, -122.28609610999996)",0,0,N,05-173558
133488,42861,42861,Intersection,Cycles,0,,,0,,08/08/2005 12:00:00 AM +0000,8/8/2005,1,29613,At Intersection (intersection related),Daylight,2ND AVE AND SPRING ST,0,1,Y,2,2024026,Dry,18,"MOTOR VEHICLE STRUCK PEDALCYCLIST, FRONT END AT ANGLE",05220014,2754,0,2,Injury Collision,,45,Bicycle,Matched,0,1,Clear or Partly Cloudy,0,"(47.605872617000045, -122.33578172399996)",0,0,N,05-336714
133508,42729,42729,Block,Cycles,104.5,,,0,,04/06/2005 12:00:00 AM +0000,4/6/2005,1,,Mid-Block (not related to intersection),Daylight,DENNY WAY BETWEEN PONTIUS AVE N AND YALE AVE,0,1,,2,C646667,Dry,18,"MOTOR VEHICLE STRUCK PEDALCYCLIST, FRONT END AT ANGLE",05096054,10021,0,2,Injury Collision,,45,Bicycle,Matched,0,1,Clear or Partly Cloudy,0,"(47.61850928500007, -122.33182090399998)",0,0,N,
133513,42603,42603,Intersection,Cycles,0,,,0,,04/09/2005 12:00:00 AM +0000,4/9/2005,1,27181,At Intersection (intersection related),Daylight,THACKERAY PL NE AND NE 45TH ST,0,1,,1,2020260,Dry,66,PEDALCYCLIST STRUCK OBJECT IN ROAD,05099004,13128,0,2,Injury Collision,,45,Bicycle,Matched,0,0,Clear or Partly Cloudy,0,"(47.66134940300003, -122.32617895799996)",0,0,N,05-145067
133602,42697,42697,Intersection,Cycles,0,,,0,,09/11/2005 12:00:00 AM +0000,9/11/2005 4:15:00 PM,1,29884,At Intersection (intersection related),Daylight,PIKE ST AND TERRY AVE,0,1,,2,2020097,Dry,18,"MOTOR VEHICLE STRUCK PEDALCYCLIST, FRONT END AT ANGLE",05254012,12206,0,2,Injury Collision,,45,Bicycle,Matched,0,1,Clear or Partly Cloudy,0,"(47.61300140900005, -122.33002503099999)",0,0,N,05-390219
133689,42799,42799,Intersection,Cycles,0,,,0,,01/24/2005 12:00:00 AM +0000,1/24/2005 6:30:00 PM,1,30505,At Intersection (intersection related),Dark - Street Lights On,OCCIDENTAL AVE S AND S JACKSON ST,0,1,,2,1930686,Dry,23,"MOTOR VEHICLE STRUCK PEDALCYCLIST, LEFT SIDE SIDESWIPE",05024022,12023,0,2,Injury Collision,,45,Bicycle,Matched,0,1,Clear or Partly Cloudy,0,"(47.59920288700005, -122.332882413)",0,0,N,534437
133749,42394,42394,Block,Cycles,161,,,0,,09/23/2005 12:00:00 AM +0000,9/23/2005 12:38:00 PM,1,,Driveway Junction,Daylight,S KING ST BETWEEN 5TH AVE S AND 6TH AVE S,0,1,Y,5,1059706,Dry,18,"MOTOR VEHICLE STRUCK PEDALCYCLIST, FRONT END AT ANGLE",05266003,20598,0,2,Injury Collision,,45,Bicycle,Matched,0,1,Clear or Partly Cloudy,0,"(47.598354854000036, -122.32701930399998)",0,0,N,05-408490
133933,42346,42346,Block,Cycles,212.5,,,0,,02/04/2005 12:00:00 AM +0000,2/4/2005,1,,Mid-Block (but intersection related),Daylight,WESTERN AVE BETWEEN VIRGINIA ST AND LENORA ST,0,1,,2,1213728,Dry,18,"MOTOR VEHICLE STRUCK PEDALCYCLIST, FRONT END AT ANGLE",05035011,13506,0,2,Injury Collision,,45,Bicycle,Matched,0,1,Clear or Partly Cloudy,0,"(47.61078945100007, -122.34412175499995)",0,0,N,05-051046
133977,41945,41945,Intersection,Cycles,0,,,0,,07/25/2005 12:00:00 AM +0000,7/25/2005 9:21:00 AM,1,29328,At Intersection (intersection related),Daylight,23RD AVE E AND E ALOHA ST,0,1,,2,2019932,Dry,51,PEDALCYCLIST STRUCK MOTOR VEHICLE FRONT END AT ANGLE,05206003,3377,0,2,Injury Collision,,45,Bicycle,Matched,0,1,Clear or Partly Cloudy,0,"(47.62675925800005, -122.30238184499996)",0,0,N,05-312334
133982,42337,42337,Intersection,Cycles,0,,,0,,10/29/2005 12:00:00 AM +0000,10/29/2005 1:27:00 AM,1,29515,At Intersection (intersection related),Dark - Street Lights On,DENNY WAY AND DEXTER AVE,0,1,,2,1933589,Wet,51,PEDALCYCLIST STRUCK MOTOR VEHICLE FRONT END AT ANGLE,05302002,10011,1,2b,Serious Injury Collision,,45,Bicycle,Matched,0,1,Raining,0,"(47.618550165000045, -122.34240185299996)",0,0,N,05 463320
133988,42082,42082,Intersection,Cycles,0,,,0,,08/26/2005 12:00:00 AM +0000,8/26/2005 6:15:00 PM,1,26915,At Intersection (intersection related),Dusk,DENSMORE AVE N AND N NORTHLAKE WAY,0,1,,2,2061211,Dry,51,PEDALCYCLIST STRUCK MOTOR VEHICLE FRONT END AT ANGLE,05238029,10025,1,2b,Serious Injury Collision,,45,Bicycle,Matched,0,1,Clear or Partly Cloudy,0,"(47.64688448100003, -122.33755585699998)",0,0,N,5365315
134018,41936,41936,Block,Cycles,420,,,0,,09/14/2005 12:00:00 AM +0000,9/14/2005 3:53:00 PM,1,,Driveway Junction,Daylight,EASTLAKE AVE E BETWEEN E LYNN ST AND E LOUISA ST,0,1,,2,C656235,Dry,11,"MOTOR VEHICLE STRUCK MOTOR VEHICLE, FRONT END AT ANGLE",05257044,10177,0,2,Injury Collision,,45,Bicycle,Matched,0,1,Clear or Partly Cloudy,0,"(47.64087739100006, -122.325889916)",0,0,N,
134029,42059,42059,Block,Cycles,420,,,0,,03/02/2005 12:00:00 AM +0000,3/2/2005,1,,Mid-Block (not related to intersection),Dark - Street Lights On,BOYLSTON AVE E BETWEEN E LYNN ST AND E LOUISA ST,0,1,,2,1744752,Unknown,21,"MOTOR VEHICLE STRUCK PEDALCYCLIST, REAR END",05061011,9392,0,2,Injury Collision,,45,Bicycle,Matched,0,1,Clear or Partly Cloudy,0,"(47.64087666100005, -122.32345946599997)",0,0,N,05-090182
134080,42189,42189,Block,Cycles,191,,,0,,08/25/2005 12:00:00 AM +0000,8/25/2005 6:00:00 PM,0,,Mid-Block (not related to intersection),Daylight,22ND AVE S BETWEEN S MAIN ST AND S JACKSON ST,0,1,,2,C655533,Dry,13,"MOTOR VEHICLE STRUCK MOTOR VEHICLE, LEFT SIDE AT ANGLE",05237046,3302,0,1,Property Damage Only Collision,,45,Bicycle,Matched,0,1,Other,0,"(47.599799688000076, -122.30328771599994)",0,0,N,
134112,42446,42446,Intersection,Cycles,0,,,0,,06/29/2005 12:00:00 AM +0000,6/29/2005 5:41:00 PM,1,34219,At Intersection (intersection related),Daylight,4TH AVE S AND S MICHIGAN ST,0,1,Y,2,1789075,Dry,18,"MOTOR VEHICLE STRUCK PEDALCYCLIST, FRONT END AT ANGLE",05180003,6262,0,2,Injury Collision,,45,Bicycle,Matched,0,1,Clear or Partly Cloudy,0,"(47.54533689600004, -122.32958821399995)",0,0,N,05-271121
134132,42452,42452,Intersection,Cycles,0,,,0,,09/07/2005 12:00:00 AM +0000,9/7/2005,1,24410,At Intersection (intersection related),Daylight,15TH AVE NE AND NE 77TH ST,0,1,Y,2,2061281,Dry,18,"MOTOR VEHICLE STRUCK PEDALCYCLIST, FRONT END AT ANGLE",05250013,2057,0,2,Injury Collision,,45,Bicycle,Matched,0,1,Clear or Partly Cloudy,0,"(47.684859979000066, -122.31211713299996)",0,0,N,05-384344
134138,42291,42291,Intersection,Cycles,0,,,0,,10/22/2005 12:00:00 AM +0000,10/22/2005 5:00:00 PM,1,27182,At Intersection (intersection related),Daylight,2ND AVE NE AND NE 45TH ST,0,1,Y,2,2059002,Dry,18,"MOTOR VEHICLE STRUCK PEDALCYCLIST, FRONT END AT ANGLE",05295003,2803,0,2,Injury Collision,,45,Bicycle,Matched,0,1,Clear or Partly Cloudy,0,"(47.661354747000075, -122.32725022499994)",0,0,N,05-0453421
134198,42414,42414,Block,Cycles,100,,,0,,08/25/2005 12:00:00 AM +0000,8/25/2005 4:51:00 PM,1,,Mid-Block (not related to intersection),Daylight,UNIVERSITY BR BETWEEN POINT A AND POINT B,0,2,,2,1776562,Dry,61,PEDALCYCLIST STRUCK PEDALCYCLIST REAR END,05237002,13190,0,2,Injury Collision,,45,Bicycle,Matched,0,0,Clear or Partly Cloudy,0,"(47.65271931700005, -122.32039378999997)",0,0,N,05-363538
134240,42409,42409,Block,Cycles,62.5,,,0,,06/01/2005 12:00:00 AM +0000,6/1/2005,0,,Mid-Block (but intersection related),Daylight,7TH AVE BETWEEN VIRGINIA ST AND WESTLAKE AVE,0,1,,2,1785221,Wet,56,PEDALCYCLIST STRUCK MOTOR VEHICLE LEFT SIDE SIDESWIPE,05152025,8162,0,1,Property Damage Only Collision,,45,Bicycle,Matched,0,1,Overcast,0,"(47.61516915800007, -122.33764411599998)",0,0,N,05 225165
134345,41606,41606,Block,Cycles,193.5,,,0,,06/14/2005 12:00:00 AM +0000,6/14/2005 5:30:00 PM,1,,Mid-Block (not related to intersection),Daylight,28TH AVE S BETWEEN S MAIN W ST AND S JACKSON ST,0,1,,2,2019603,Dry,23,"MOTOR VEHICLE STRUCK PEDALCYCLIST, LEFT SIDE SIDESWIPE",05165031,4178,1,2b,Serious Injury Collision,,45,Bicycle,Matched,0,1,Clear or Partly Cloudy,0,"(47.59975139900007, -122.29621908999997)",0,0,N,5246853
134359,41588,41588,Block,Cycles,161,,,0,,07/26/2005 12:00:00 AM +0000,7/26/2005 9:51:00 AM,1,,Mid-Block (not related to intersection),Daylight,E PINE ST BETWEEN 12TH AVE AND 13TH AVE,0,1,,2,2019934,Dry,18,"MOTOR VEHICLE STRUCK PEDALCYCLIST, FRONT END AT ANGLE",05207035,14638,0,2,Injury Collision,,45,Bicycle,Matched,0,1,Clear or Partly Cloudy,0,"(47.61526838700007, -122.31620339799997)",0,0,N,05-313982
134426,41582,41582,Intersection,Cycles,0,,,0,,05/06/2005 12:00:00 AM +0000,5/6/2005,0,31949,At Intersection (intersection related),Daylight,49TH AVE SW AND SW SPOKANE ST,0,1,,2,1789471,Dry,18,"MOTOR VEHICLE STRUCK PEDALCYCLIST, FRONT END AT ANGLE",05126010,7203,0,1,Property Damage Only Collision,,45,Bicycle,Matched,0,1,Clear or Partly Cloudy,0,"(47.57209456500004, -122.39474694499995)",0,0,N,05-185590
134428,41841,41841,Block,Cycles,314.5,,,0,,08/18/2005 12:00:00 AM +0000,8/18/2005 12:13:00 PM,1,,Mid-Block (not related to intersection),Daylight,PHINNEY AVE N BETWEEN N 65TH ST AND N 67TH S ST,0,1,,2,2025365,Dry,56,PEDALCYCLIST STRUCK MOTOR VEHICLE LEFT SIDE SIDESWIPE,05230002,12160,0,2,Injury Collision,,45,Bicycle,Matched,0,1,Clear or Partly Cloudy,0,"(47.67688282300003, -122.35435822)",0,0,N,05-351996
134449,41572,41572,Intersection,Cycles,0,,,0,,11/04/2005 12:00:00 AM +0000,11/4/2005,1,36052,At Intersection (intersection related),Daylight,LAKE CITY WAY NE AND NE 130TH ST,0,1,,2,2060982,Wet,18,"MOTOR VEHICLE STRUCK PEDALCYCLIST, FRONT END AT ANGLE",05308003,11185,0,2,Injury Collision,,45,Bicycle,Matched,0,1,Raining,0,"(47.722899066000025, -122.29319374499994)",0,0,N,05-4726989
134589,41796,41796,Intersection,Cycles,0,,,0,,02/11/2005 12:00:00 AM +0000,2/11/2005 11:40:00 AM,0,27167,At Intersection (intersection related),Daylight,UNIVERSITY WAY NE AND NE PACIFIC ST,0,1,Y,2,1791705,Dry,18,"MOTOR VEHICLE STRUCK PEDALCYCLIST, FRONT END AT ANGLE",05042008,13215,0,1,Property Damage Only Collision,,45,Bicycle,Matched,0,1,Clear or Partly Cloudy,0,"(47.65339944100003, -122.31333457599999)",0,0,N,05 61671
134606,41667,41667,Intersection,Cycles,0,,,0,,08/02/2005 12:00:00 AM +0000,8/2/2005,1,27394,At Intersection (intersection related),Daylight,40TH AVE NE AND NE 45TH ST,0,1,Y,2,2023343,Dry,18,"MOTOR VEHICLE STRUCK PEDALCYCLIST, FRONT END AT ANGLE",05214003,6308,1,2b,Serious Injury Collision,,45,Bicycle,Matched,0,1,Clear or Partly Cloudy,0,"(47.66126550400003, -122.28475410699997)",0,0,N,5326299
134661,41778,41778,Block,Cycles,162,,,0,,08/12/2005 12:00:00 AM +0000,8/12/2005 8:07:00 AM,1,,Driveway Junction,Daylight,DEXTER AVE N BETWEEN LEE ST AND GALER ST,0,1,Y,2,1933733,Dry,18,"MOTOR VEHICLE STRUCK PEDALCYCLIST, FRONT END AT ANGLE",05224011,10083,0,2,Injury Collision,,45,Bicycle,Matched,0,1,Overcast,0,"(47.63185406600007, -122.34228516499996)",0,0,N,05-342323
134729,41895,41895,Intersection,Cycles,0,,,0,,10/14/2005 12:00:00 AM +0000,10/14/2005 9:15:00 AM,1,27018,At Intersection (intersection related),Daylight,FREMONT WAY N AND N 38TH ST,0,1,,2,2020694,Dry,23,"MOTOR VEHICLE STRUCK PEDALCYCLIST, LEFT SIDE SIDESWIPE",05287009,10570,0,2,Injury Collision,,45,Bicycle,Matched,0,1,Clear or Partly Cloudy,0,"(47.65272750400004, -122.34858898399995)",0,0,N,05-440769
134839,41206,41206,Intersection,Cycles,0,,,0,,01/03/2005 12:00:00 AM +0000,1/3/2005,1,28379,At Intersection (intersection related),Daylight,24TH AVE E AND INTERLAKEN PL E,0,1,Y,2,1795868,Dry,18,"MOTOR VEHICLE STRUCK PEDALCYCLIST, FRONT END AT ANGLE",05003003,3547,1,2b,Serious Injury Collision,,45,Bicycle,Matched,0,1,Clear or Partly Cloudy,0,"(47.63359430400004, -122.30159187399994)",0,0,N,05-003141