OBJECTID,INCKEY,COLDETKEY,ADDRTYPE,COLLISIONTYPE,DISTANCE,EXCEPTRSNCODE,EXCEPTRSNDESC,FATALITIES,INATTENTIONIND,INCDATE,INCDTTM,INJURIES,INTKEY,JUNCTIONTYPE,LIGHTCOND,LOCATION,PEDCOUNT,PEDCYLCOUNT,PEDROWNOTGRNT,PERSONCOUNT,REPORTNO,ROADCOND,SDOT_COLCODE,SDOT_COLDESC,SDOTCOLNUM,SEGKEY,SERIOUSINJURIES,SEVERITYCODE,SEVERITYDESC,SPEEDING,ST_COLCODE,ST_COLDESC,STATUS,UNDERINFL,VEHCOUNT,WEATHER,WIDTH,Shape,SEGLANEKEY,CROSSWALKKEY,HITPARKEDCAR,SPDCASENO
134866,41199,41199,Intersection,Cycles,0,,,0,,02/18/2005 12:00:00 AM +0000,2/18/2005 12:44:00 PM,1,27153,At Intersection (intersection related),Daylight,EASTLAKE AVE E AND FUHRMAN AVE E,0,1,Y,2,1797016,Dry,18,"MOTOR VEHICLE STRUCK PEDALCYCLIST, FRONT END AT ANGLE",05049003,10579,0,2,Injury Collision,,45,Bicycle,Matched,0,1,Clear or Partly Cloudy,0,"(47.65157827200005, -122.32127525699997)",0,0,N,5071925
134917,40924,40924,Intersection,Cycles,0,,,0,,08/05/2005 12:00:00 AM +0000,8/5/2005,1,287173,At Intersection (intersection related),Daylight,BURKE GILMAN TRL AND NE 77TH ST,0,1,,4,2020392,Dry,18,"MOTOR VEHICLE STRUCK PEDALCYCLIST, FRONT END AT ANGLE",05217008,,0,2,Injury Collision,,45,Bicycle,Matched,0,1,Clear or Partly Cloudy,0,,0,0,N,05-330741
134968,41304,41304,Intersection,Cycles,0,,,0,,07/14/2005 12:00:00 AM +0000,7/14/2005 8:00:00 PM,1,29563,At Intersection (intersection related),Daylight,3RD AVE AND VIRGINIA ST,0,1,Y,2,2023714,Dry,18,"MOTOR VEHICLE STRUCK PEDALCYCLIST, FRONT END AT ANGLE",05195024,4387,0,2,Injury Collision,,45,Bicycle,Matched,0,1,Clear or Partly Cloudy,0,"(47.61239802600005, -122.34089245499996)",0,0,N,50295948
135020,41292,41292,Intersection,Cycles,0,,,0,,09/22/2005 12:00:00 AM +0000,9/22/2005 6:00:00 PM,1,24229,At Intersection (intersection related),Dusk,GREEN LAKE DR N AND N 80TH ST,0,1,,2,C657497,Dry,11,"MOTOR VEHICLE STRUCK MOTOR VEHICLE, FRONT END AT ANGLE",05265048,10682,0,2,Injury Collision,,45,Bicycle,Matched,0,1,Clear or Partly Cloudy,0,"(47.68692953900006, -122.34045581899994)",0,0,N,
135039,41150,41150,Intersection,Cycles,0,,,0,,08/29/2005 12:00:00 AM +0000,8/29/2005 12:56:00 PM,1,29177,At Intersection (intersection related),Daylight,E HOWELL ST AND E OLIVE WAY,0,1,,2,1799172,Dry,18,"MOTOR VEHICLE STRUCK PEDALCYCLIST, FRONT END AT ANGLE",05241019,14170,0,2,Injury Collision,,45,Bicycle,Matched,0,1,Clear or Partly Cloudy,0,"(47.61773646800003, -122.32625385499995)",0,0,N,05-369685
135051,41022,41022,Intersection,Cycles,0,,,0,,05/26/2005 12:00:00 AM +0000,5/26/2005 7:40:00 PM,1,31082,At Intersection (intersection related),Daylight,CALIFORNIA AVE SW AND SW LANDER ST,0,1,Y,2,1077028,Dry,18,"MOTOR VEHICLE STRUCK PEDALCYCLIST, FRONT END AT ANGLE",05146009,9541,0,2,Injury Collision,,45,Bicycle,Matched,0,1,Clear or Partly Cloudy,0,"(47.57931014500008, -122.386621376)",0,0,N,50216577
135239,40969,40969,Intersection,Cycles,0,,,0,,12/23/2005 12:00:00 AM +0000,12/23/2005 3:05:00 PM,1,30367,At Intersection (intersection related),Daylight,ALASKAN WAY S AND S KING ST,0,1,,2,2190701,Wet,18,"MOTOR VEHICLE STRUCK PEDALCYCLIST, FRONT END AT ANGLE",05357010,8739,0,2,Injury Collision,,45,Bicycle,Matched,0,1,Raining,0,"(47.59829223200006, -122.33590723199995)",0,0,N,05-542635
135257,41102,41102,Intersection,Cycles,0,,,0,,05/02/2005 12:00:00 AM +0000,5/2/2005,1,29697,At Intersection (intersection related),Daylight,ELLIOTT AVE AND WALL ST,0,1,Y,0,880613,Dry,18,"MOTOR VEHICLE STRUCK PEDALCYCLIST, FRONT END AT ANGLE",05122006,10205,0,2,Injury Collision,,45,Bicycle,Matched,0,1,Clear or Partly Cloudy,0,"(47.61336696300003, -122.35046554699994)",0,0,N,05-178750
135263,40971,40971,Block,Cycles,145.5,,,0,Y,05/22/2005 12:00:00 AM +0000,5/22/2005 5:43:00 AM,1,,Mid-Block (not related to intersection),Daylight,N 85TH ST BETWEEN ASHWORTH AVE N AND DENSMORE AVE N,0,1,,2,2022392,Dry,55,PEDALCYCLIST STRUCK MOTOR VEHICLE RIGHT SIDE SIDESWIPE,05142016,15963,0,2,Injury Collision,,45,Bicycle,Matched,0,1,Clear or Partly Cloudy,0,"(47.690517026000066, -122.33854571699999)",0,0,N,05-209392
135386,40422,40422,Intersection,Cycles,0,,,0,,02/03/2005 12:00:00 AM +0000,2/3/2005,1,33982,At Intersection (intersection related),Daylight,26TH AVE SW AND SW HOLDEN ST,0,1,Y,3,1781718,Dry,18,"MOTOR VEHICLE STRUCK PEDALCYCLIST, FRONT END AT ANGLE",05034001,3953,0,2,Injury Collision,,45,Bicycle,Matched,0,1,Clear or Partly Cloudy,0,"(47.53370317000008, -122.36581643)",0,0,N,05-049148
135414,40540,40540,Intersection,Cycles,0,,,0,,06/10/2005 12:00:00 AM +0000,6/10/2005 8:45:00 AM,0,25540,At Intersection (intersection related),Daylight,GREEN LAKE WAY N AND STONE AVE N,0,1,Y,2,1792975,Dry,18,"MOTOR VEHICLE STRUCK PEDALCYCLIST, FRONT END AT ANGLE",05161015,10691,0,1,Property Damage Only Collision,,45,Bicycle,Matched,0,1,Unknown,0,"(47.66412708100006, -122.34209293999999)",0,0,N,05-239928
135415,40539,40539,Block,Cycles,166.5,,,0,,06/10/2005 12:00:00 AM +0000,6/10/2005 5:11:00 PM,1,,Mid-Block (not related to intersection),Daylight,2ND AV ET S BETWEEN S JACKSON ST AND S MAIN ST,0,1,Y,2,1933671,Dry,21,"MOTOR VEHICLE STRUCK PEDALCYCLIST, REAR END",05161008,2924,0,2,Injury Collision,,45,Bicycle,Matched,0,1,Clear or Partly Cloudy,0,"(47.59959343600008, -122.33000949799998)",0,0,N,05 240563
135472,40524,40524,Block,Cycles,71,,,0,,09/08/2005 12:00:00 AM +0000,9/8/2005,0,,Driveway Junction,Daylight,NE 43RD ST BETWEEN 12TH AVE NE AND DEAD END 1,0,1,,2,C657844,Dry,51,PEDALCYCLIST STRUCK MOTOR VEHICLE FRONT END AT ANGLE,05251041,16811,0,1,Property Damage Only Collision,,45,Bicycle,Matched,0,1,Clear or Partly Cloudy,0,"(47.659816085000045, -122.31519386299999)",0,0,N,
135590,40356,40356,Intersection,Cycles,0,,,0,,05/21/2005 12:00:00 AM +0000,5/21/2005 9:06:00 AM,1,29592,At Intersection (intersection related),Daylight,2ND AVE AND PIKE ST,0,1,,4,1932931,Dry,18,"MOTOR VEHICLE STRUCK PEDALCYCLIST, FRONT END AT ANGLE",05141034,2758,0,2,Injury Collision,,45,Bicycle,Matched,0,1,Clear or Partly Cloudy,0,"(47.60928514300008, -122.33890369399995)",0,0,N,05-207947
135600,40624,40624,Intersection,Cycles,0,,,0,,06/17/2005 12:00:00 AM +0000,6/17/2005 2:34:00 PM,1,28392,At Intersection (intersection related),Daylight,22ND AVE E AND EAST MONTLAKE PL E,0,1,,2,2019751,Dry,18,"MOTOR VEHICLE STRUCK PEDALCYCLIST, FRONT END AT ANGLE",05168008,14518,0,2,Injury Collision,,45,Bicycle,Matched,0,1,Clear or Partly Cloudy,0,"(47.643699662000074, -122.30381996299997)",0,0,N,05 251652
135667,40871,40871,Block,Cycles,161,,,0,,10/26/2005 12:00:00 AM +0000,10/26/2005 7:16:00 AM,1,,Driveway Junction,Dawn,S JACKSON ST BETWEEN 5TH AVE S AND 6TH AVE S,0,1,,2,2191767,Wet,18,"MOTOR VEHICLE STRUCK PEDALCYCLIST, FRONT END AT ANGLE",05299009,20488,0,2,Injury Collision,,45,Bicycle,Matched,0,1,Overcast,0,"(47.59919384500006, -122.32701578199999)",0,0,N,05-458751
135726,40837,40837,Intersection,Cycles,0,,,0,Y,04/28/2005 12:00:00 AM +0000,4/28/2005 2:14:00 PM,1,35472,At Intersection (intersection related),Daylight,51ST AVE S AND S ROXBURY ST,0,1,Y,2,1779522,Dry,18,"MOTOR VEHICLE STRUCK PEDALCYCLIST, FRONT END AT ANGLE",05118030,7530,0,2,Injury Collision,,45,Bicycle,Matched,0,1,Clear or Partly Cloudy,0,"(47.51685113700006, -122.27002476599995)",0,0,N,05 173001
135781,40705,40705,Intersection,Cycles,0,,,0,,09/22/2005 12:00:00 AM +0000,9/22/2005 3:49:00 PM,0,27142,At Intersection (intersection related),Daylight,UNIVERSITY WAY NE AND NE CAMPUS EB PY,0,1,,2,2019958,Dry,51,PEDALCYCLIST STRUCK MOTOR VEHICLE FRONT END AT ANGLE,05265009,13217,0,1,Property Damage Only Collision,,45,Bicycle,Matched,0,1,Clear or Partly Cloudy,0,"(47.65598766700003, -122.31326821399995)",0,0,N,05 407142
135794,40298,40298,Intersection,Cycles,0,,,0,,08/29/2005 12:00:00 AM +0000,8/29/2005 10:33:00 PM,1,29181,At Intersection (intersection related),Dark - Street Lights On,SUMMIT AVE AND E HOWELL W ST,0,1,Y,2,2019640,Dry,51,PEDALCYCLIST STRUCK MOTOR VEHICLE FRONT END AT ANGLE,05241043,14171,0,2,Injury Collision,,45,Bicycle,Matched,0,1,Clear or Partly Cloudy,0,"(47.61773949900004, -122.32556151999995)",0,0,N,05-370450
135799,40440,40440,Intersection,Cycles,0,,,0,,04/09/2005 12:00:00 AM +0000,4/9/2005,1,32516,At Intersection (intersection related),Daylight,BEACON AVE S AND S HORTON ST,0,1,Y,3,1774900,Dry,18,"MOTOR VEHICLE STRUCK PEDALCYCLIST, FRONT END AT ANGLE",05099015,9124,0,2,Injury Collision,,45,Bicycle,Matched,0,1,Clear or Partly Cloudy,0,"(47.57404819100003, -122.30889945099995)",0,0,N,05-144962
135853,40160,40160,Intersection,Cycles,0,,,0,,03/21/2005 12:00:00 AM +0000,3/21/2005 8:59:00 PM,1,25435,At Intersection (intersection related),Dark - No Street Lights,11TH AVE NW AND NW 52ND ST,0,1,,2,1796555,Dry,18,"MOTOR VEHICLE STRUCK PEDALCYCLIST, FRONT END AT ANGLE",05080022,1434,0,2,Injury Collision,,45,Bicycle,Matched,0,1,Clear or Partly Cloudy,0,"(47.666426071000046, -122.37076266999998)",0,0,N,05-118409
135984,39864,39864,Intersection,Cycles,0,,,0,,10/03/2005 12:00:00 AM +0000,10/3/2005,2,27167,At Intersection (intersection related),Daylight,UNIVERSITY WAY NE AND NE PACIFIC ST,0,1,Y,2,2061059,Dry,18,"MOTOR VEHICLE STRUCK PEDALCYCLIST, FRONT END AT ANGLE",05276035,13215,0,2,Injury Collision,,45,Bicycle,Matched,0,1,Clear or Partly Cloudy,0,"(47.65339944100003, -122.31333457599999)",0,0,N,05 424374
136006,40005,40005,Intersection,Cycles,0,,,0,,08/20/2005 12:00:00 AM +0000,8/20/2005 2:14:00 PM,1,28045,At Intersection (intersection related),Daylight,4TH AVE N AND FREMONT BR,0,1,,2,1069301,Dry,18,"MOTOR VEHICLE STRUCK PEDALCYCLIST, FRONT END AT ANGLE",05232006,10562,0,2,Injury Collision,,45,Bicycle,Matched,0,1,Clear or Partly Cloudy,0,"(47.64687975500004, -122.34975371399997)",0,0,N,05-355388
136092,39850,39850,Block,Cycles,166.5,,,0,Y,06/13/2005 12:00:00 AM +0000,6/13/2005 6:32:00 PM,2,,Mid-Block (not related to intersection),Daylight,AURORA AVE N BETWEEN N 67TH ST AND N 68TH ST,0,1,,2,2020489,Dry,21,"MOTOR VEHICLE STRUCK PEDALCYCLIST, REAR END",05164001,8943,0,2,Injury Collision,,45,Bicycle,Matched,0,1,Clear or Partly Cloudy,0,"(47.67822737400007, -122.34557166399998)",0,0,N,05 245307
136140,40218,40218,Block,Cycles,161,,,0,,10/22/2005 12:00:00 AM +0000,10/22/2005 6:19:00 PM,1,,Mid-Block (but intersection related),Dark - Street Lights On,PINE ST BETWEEN 9TH AVE AND TERRY AVE,0,1,,2,2191751,Dry,55,PEDALCYCLIST STRUCK MOTOR VEHICLE RIGHT SIDE SIDESWIPE,05295002,12222,0,2,Injury Collision,,45,Bicycle,Matched,0,1,Clear or Partly Cloudy,0,"(47.61375947400006, -122.331488579)",0,0,N,05-453521
136158,40224,40224,Intersection,Cycles,0,,,0,,01/26/2005 12:00:00 AM +0000,1/26/2005 5:15:00 PM,1,37471,At Intersection (intersection related),Dark - Street Lights On,ROOSEVELT WAY NE AND NE 104TH ST,0,1,Y,2,1931061,Wet,18,"MOTOR VEHICLE STRUCK PEDALCYCLIST, FRONT END AT ANGLE",05026004,12650,0,2,Injury Collision,,45,Bicycle,Matched,0,1,Raining,0,"(47.70401196200004, -122.31777236399995)",0,0,N,05-037202
136202,40201,40201,Intersection,Cycles,0,,,0,,08/19/2005 12:00:00 AM +0000,8/19/2005 8:11:00 AM,1,28710,At Intersection (intersection related),Daylight,DEXTER AVE N AND GALER ST,0,1,Y,2,2024159,Dry,18,"MOTOR VEHICLE STRUCK PEDALCYCLIST, FRONT END AT ANGLE",05231004,10084,0,2,Injury Collision,,45,Bicycle,Matched,0,1,Clear or Partly Cloudy,0,"(47.63230008700003, -122.342281389)",0,0,N,05 353293
136226,40196,40196,Block,Cycles,160.5,,,0,,01/20/2005 12:00:00 AM +0000,1/20/2005 1:00:00 PM,1,,Mid-Block (not related to intersection),Daylight,S JACKSON ST BETWEEN 2ND AVE S AND 3RD AVE S,0,1,,2,1060160,Unknown,23,"MOTOR VEHICLE STRUCK PEDALCYCLIST, LEFT SIDE SIDESWIPE",05020025,20484,0,2,Injury Collision,,45,Bicycle,Matched,0,1,Overcast,0,"(47.59919974400003, -122.33092876799998)",0,0,N,5027675
136236,39938,39938,Intersection,Cycles,0,,,0,,12/02/2005 12:00:00 AM +0000,12/2/2005,1,33795,At Intersection (intersection related),Dusk,CALIFORNIA AVE SW AND SW OTHELLO N ST,0,1,,2,2060359,Wet,18,"MOTOR VEHICLE STRUCK PEDALCYCLIST, FRONT END AT ANGLE",05336005,6783,0,2,Injury Collision,,45,Bicycle,Matched,0,1,Overcast,0,"(47.53853286900005, -122.38728399799999)",0,0,N,05 513282
136254,40070,40070,Intersection,Cycles,0,,,0,Y,01/25/2005 12:00:00 AM +0000,1/25/2005 5:10:00 PM,0,30352,At Intersection (intersection related),Dusk,COLUMBIA ST AND WESTERN AVE,0,1,,5,1784671,Dry,18,"MOTOR VEHICLE STRUCK PEDALCYCLIST, FRONT END AT ANGLE",05025008,9726,0,1,Property Damage Only Collision,,45,Bicycle,Matched,0,1,Overcast,0,"(47.60280436600004, -122.33604388999998)",0,0,N,05-35655
136262,39925,39925,Block,Cycles,213,,,0,Y,06/01/2005 12:00:00 AM +0000,6/1/2005,1,,Driveway Junction,Daylight,10TH AVE E BETWEEN E DENNY WAY AND E JOHN ST,0,1,Y,2,2019504,Wet,18,"MOTOR VEHICLE STRUCK PEDALCYCLIST, FRONT END AT ANGLE",05152027,1197,0,2,Injury Collision,,45,Bicycle,Matched,0,1,Raining,0,"(47.619331884000076, -122.31952989999996)",0,0,N,05-225151
136278,39931,39931,Intersection,Cycles,0,,,0,,08/15/2005 12:00:00 AM +0000,8/15/2005 5:42:00 PM,1,25773,At Intersection (intersection related),Daylight,9TH AVE NE AND NE 53RD ST,0,1,Y,2,2020769,Dry,18,"MOTOR VEHICLE STRUCK PEDALCYCLIST, FRONT END AT ANGLE",05227011,8545,0,2,Injury Collision,,45,Bicycle,Matched,0,1,Clear or Partly Cloudy,0,"(47.66711366000004, -122.31841424399994)",0,0,N,5347718
136308,39912,39912,Block,Cycles,42,,,0,,06/15/2005 12:00:00 AM +0000,6/15/2005 8:22:00 PM,1,,Mid-Block (not related to intersection),Dusk,NW MARKET ST BETWEEN 5TH AVE NW AND 6TH E AVE NW,0,1,,2,1796681,Dry,18,"MOTOR VEHICLE STRUCK PEDALCYCLIST, FRONT END AT ANGLE",05166020,19219,0,2,Injury Collision,,45,Bicycle,Matched,0,1,Clear or Partly Cloudy,0,"(47.66865021600006, -122.36310816799994)",0,0,N,5248820
136345,39773,39773,Intersection,Cycles,0,,,0,,10/31/2005 12:00:00 AM +0000,10/31/2005 5:43:00 PM,1,27044,At Intersection (intersection related),Dark - Street Lights On,DRAVUS ST AND NICKERSON ST,0,1,Y,2,2108856,Wet,21,"MOTOR VEHICLE STRUCK PEDALCYCLIST, REAR END",05304009,11968,0,2,Injury Collision,,45,Bicycle,Matched,0,1,Raining,0,"(47.64865710400005, -122.35524468599999)",0,0,N,05 457211
136372,39373,39373,Block,Cycles,213,,,0,Y,04/27/2005 12:00:00 AM +0000,4/27/2005 6:47:00 AM,1,,Mid-Block (but intersection related),Daylight,6TH AVE BETWEEN UNIVERSITY ST AND UNION ST,0,1,,2,1783584,Dry,24,MOTOR VEHCILE STRUCK PEDESTRIAN,05117007,7880,1,2b,Serious Injury Collision,,45,Bicycle,Matched,0,1,Overcast,0,"(47.609653871000035, -122.33309704899995)",0,0,N,05-170905
136386,39383,39383,Intersection,Cycles,0,,,0,,08/24/2005 12:00:00 AM +0000,8/24/2005 5:08:00 PM,1,27024,At Intersection (intersection related),Daylight,PHINNEY AVE N AND N 36TH ST,0,1,,3,2025671,Dry,18,"MOTOR VEHICLE STRUCK PEDALCYCLIST, FRONT END AT ANGLE",05236002,12132,0,2,Injury Collision,,45,Bicycle,Matched,0,1,Clear or Partly Cloudy,0,"(47.65224596300004, -122.35447474499995)",0,0,N,05-361841
136445,39628,39628,Alley,Cycles,,,,0,,06/14/2005 12:00:00 AM +0000,6/14/2005 6:44:00 PM,1,,,Daylight,,0,1,,2,2024779,Dry,00,NOT ENOUGH INFORMATION / NOT APPLICABLE,05165032,,0,2,Injury Collision,,45,Bicycle,Matched,0,1,Clear or Partly Cloudy,0,,0,0,N,05 246915
136469,39630,39630,Intersection,Cycles,0,,,0,,09/10/2005 12:00:00 AM +0000,9/10/2005 4:38:00 PM,0,29538,At Intersection (intersection related),Daylight,9TH AVE AND STEWART ST,0,1,Y,2,1776919,Dry,18,"MOTOR VEHICLE STRUCK PEDALCYCLIST, FRONT END AT ANGLE",05253010,8524,0,1,Property Damage Only Collision,,45,Bicycle,Matched,0,1,Clear or Partly Cloudy,0,"(47.61561648000003, -122.33443632099994)",0,0,N,05 388794
136470,39353,39353,Intersection,Cycles,0,,,0,,02/20/2005 12:00:00 AM +0000,2/20/2005 2:13:00 PM,1,32690,At Intersection (intersection related),Daylight,RAINIER AVE S AND S ANDOVER ST,0,1,Y,2,1791205,Dry,18,"MOTOR VEHICLE STRUCK PEDALCYCLIST, FRONT END AT ANGLE",05051003,12378,0,2,Injury Collision,,45,Bicycle,Matched,0,1,Clear or Partly Cloudy,0,"(47.56794837500007, -122.28924364199997)",0,0,N,05-074859
136493,39476,39476,Block,Cycles,263.5,,,0,,07/12/2005 12:00:00 AM +0000,7/12/2005 7:49:00 AM,1,,Mid-Block (not related to intersection),Daylight,LAKESIDE AVE BETWEEN E YESLER WAY AND LAKE WASHINGTON BLVD,0,1,,2,1797282,Dry,23,"MOTOR VEHICLE STRUCK PEDALCYCLIST, LEFT SIDE SIDESWIPE",05193003,11252,0,2,Injury Collision,,45,Bicycle,Matched,0,1,Clear or Partly Cloudy,0,"(47.602350311000066, -122.28497101999994)",0,0,N,05-291963
136510,39612,39612,Block,Cycles,129.5,,,0,,07/26/2005 12:00:00 AM +0000,7/26/2005 5:46:00 PM,1,,Mid-Block (but intersection related),Daylight,E HARRISON ST BETWEEN 12TH AVE E AND 13TH AVE E,0,1,,2,1787323,Dry,51,PEDALCYCLIST STRUCK MOTOR VEHICLE FRONT END AT ANGLE,05207022,14109,0,2,Injury Collision,,45,Bicycle,Matched,0,1,Clear or Partly Cloudy,0,"(47.621962960000076, -122.31624992999997)",0,0,N,50314612
136547,39465,39465,Block,Cycles,332,,,0,,10/22/2005 12:00:00 AM +0000,10/22/2005 9:30:00 AM,1,,Driveway Junction,Daylight,35TH AVE SW BETWEEN SW GRAHAM ST AND SW MORGAN ST,0,1,Y,2,2024914,Dry,18,"MOTOR VEHICLE STRUCK PEDALCYCLIST, FRONT END AT ANGLE",05295007,5461,1,2b,Serious Injury Collision,,45,Bicycle,Matched,0,1,Clear or Partly Cloudy,0,"(47.54559464600004, -122.37642253899998)",0,0,N,5452940
136636,39703,39703,Block,Cycles,349,,,0,,05/14/2005 12:00:00 AM +0000,5/14/2005 6:03:00 PM,1,,Mid-Block (not related to intersection),Daylight,FAUNTLEROY WAY SW BETWEEN SW CLOVERDALE ST AND SW TRENTON ST,0,1,,4,2025052,Dry,23,"MOTOR VEHICLE STRUCK PEDALCYCLIST, LEFT SIDE SIDESWIPE",05134014,10419,0,2,Injury Collision,,45,Bicycle,Matched,0,1,Overcast,0,"(47.52582796300004, -122.39276747399998)",0,0,N,05-197880
136688,39305,39305,Intersection,Cycles,0,,,0,,09/17/2005 12:00:00 AM +0000,9/17/2005 7:08:00 PM,1,24494,At Intersection (intersection related),Dusk,OSWEGO PL NE AND NE 65TH ST,0,1,,2,1793946,Dry,18,"MOTOR VEHICLE STRUCK PEDALCYCLIST, FRONT END AT ANGLE",05260003,12064,0,2,Injury Collision,,45,Bicycle,Matched,0,1,Clear or Partly Cloudy,0,"(47.67586264500005, -122.32130097799995)",0,0,N,5399682
136724,39423,39423,Block,Cycles,132,,,0,,08/10/2005 12:00:00 AM +0000,8/10/2005 11:29:00 PM,1,,Driveway Junction,Dark - Street Lights On,NE 45TH ST BETWEEN 2ND AVE NE AND THACKERAY PL NE,0,1,Y,5,2026628,Dry,18,"MOTOR VEHICLE STRUCK PEDALCYCLIST, FRONT END AT ANGLE",05222011,16839,0,2,Injury Collision,,45,Bicycle,Matched,0,1,Clear or Partly Cloudy,0,"(47.66135208600008, -122.32671661299997)",0,0,N,05-340367
136758,39549,39549,Intersection,Cycles,0,,,0,,09/22/2005 12:00:00 AM +0000,9/22/2005 5:14:00 PM,1,30482,At Intersection (intersection related),Daylight,2ND AVE AND JAMES ST,1,1,Y,2,1933268,Dry,64,PEDALCYCLIST STRUCK PEDESTRIAN,05265012,2749,0,2,Injury Collision,,45,Bicycle,Matched,0,0,Clear or Partly Cloudy,0,"(47.60230560100007, -122.33251943999994)",0,0,N,05-407281
136819,39387,39387,Block,Cycles,304,,,0,,11/15/2005 12:00:00 AM +0000,11/15/2005 4:38:00 PM,1,,Mid-Block (not related to intersection),Daylight,ALASKAN WAY BETWEEN VINE ST AND CLAY ST,0,1,,2,1059874,Dry,18,"MOTOR VEHICLE STRUCK PEDALCYCLIST, FRONT END AT ANGLE",05319003,8732,0,2,Injury Collision,,45,Bicycle,Matched,1,1,Clear or Partly Cloudy,0,"(47.61388302300003, -122.35309719799994)",0,0,N,05-489607
136888,39251,39251,Block,Cycles,433,,,0,,04/07/2005 12:00:00 AM +0000,4/7/2005,1,,Driveway Junction,Dusk,SAND POINT WAY NE BETWEEN NE 45TH ST AND 40TH AVE NE,0,1,Y,2,2020676,Wet,18,"MOTOR VEHICLE STRUCK PEDALCYCLIST, FRONT END AT ANGLE",05097011,12704,0,2,Injury Collision,,45,Bicycle,Matched,0,1,Clear or Partly Cloudy,0,"(47.662062003000074, -122.28579907199997)",0,0,N,05-142300
136910,38977,38977,Intersection,Cycles,0,,,0,,04/01/2005 12:00:00 AM +0000,4/1/2005,1,31451,At Intersection (intersection related),Daylight,M L KING JR WAY S AND S WALKER ST,0,1,Y,2,1786398,Dry,18,"MOTOR VEHICLE STRUCK PEDALCYCLIST, FRONT END AT ANGLE",05091035,11516,0,2,Injury Collision,,45,Bicycle,Matched,0,1,Clear or Partly Cloudy,0,"(47.58364221100004, -122.29814456999998)",0,0,N,05 133034
136922,38843,38843,Block,Cycles,304.5,,,0,,07/04/2005 12:00:00 AM +0000,7/4/2005,1,,Driveway Junction,Daylight,58TH AVE SW BETWEEN SW LANDER W ST AND SW STEVENS ST,0,1,,2,1795660,Dry,51,PEDALCYCLIST STRUCK MOTOR VEHICLE FRONT END AT ANGLE,05185004,7831,0,2,Injury Collision,,45,Bicycle,Matched,0,1,Clear or Partly Cloudy,0,"(47.57859676500004, -122.40668469299999)",0,0,N,50278769
136961,38836,38836,Intersection,Cycles,0,,,0,,09/20/2005 12:00:00 AM +0000,9/20/2005 8:20:00 PM,1,28765,At Intersection (intersection related),Dark - Street Lights On,9TH AVE N AND MERCER SR ST,0,1,Y,2,1792771,Dry,18,"MOTOR VEHICLE STRUCK PEDALCYCLIST, FRONT END AT ANGLE",05263007,11772,0,2,Injury Collision,,45,Bicycle,Matched,0,1,Clear or Partly Cloudy,0,"(47.62454415700006, -122.33974058599995)",0,0,N,05 404454
136982,39215,39215,Block,Cycles,162,,,0,,09/01/2005 12:00:00 AM +0000,9/1/2005,1,,Driveway Junction,Daylight,DEXTER AVE N BETWEEN LEE ST AND GALER ST,0,1,Y,2,2024424,Dry,18,"MOTOR VEHICLE STRUCK PEDALCYCLIST, FRONT END AT ANGLE",05244007,10083,1,2b,Serious Injury Collision,,45,Bicycle,Matched,0,1,Clear or Partly Cloudy,0,"(47.63185406600007, -122.34228516499996)",0,0,N,5374285
136992,39081,39081,Intersection,Cycles,0,,,0,,07/09/2005 12:00:00 AM +0000,7/9/2005,1,30995,At Intersection (intersection related),Daylight,CALIFORNIA AVE SW AND SW ATLANTIC ST,0,1,,1,1789475,Dry,28,MOTOR VEHICLE RAN OFF ROAD - HIT FIXED OBJECT,05190037,9532,0,2,Injury Collision,,45,Bicycle,Matched,0,0,Clear or Partly Cloudy,0,"(47.590596436000055, -122.38618323599997)",0,0,N,05-287625
137065,39189,39189,Intersection,Cycles,0,,,0,,12/24/2005 12:00:00 AM +0000,12/24/2005 12:26:00 AM,1,29168,At Intersection (intersection related),Dark - Street Lights On,DENNY WAY AND STEWART ST,0,1,,2,2192027,Wet,51,PEDALCYCLIST STRUCK MOTOR VEHICLE FRONT END AT ANGLE,05358006,10023,0,2,Injury Collision,,45,Bicycle,Matched,0,1,Raining,0,"(47.61849175700007, -122.33072296099999)",0,0,N,05-543291
137108,39186,39186,Block,Cycles,213,,,0,,06/09/2005 12:00:00 AM +0000,6/9/2005,1,,Mid-Block (but intersection related),Daylight,DENSMORE AVE N BETWEEN N NORTHLAKE WAY AND N 34TH ST,0,1,,2,1794975,Dry,18,"MOTOR VEHICLE STRUCK PEDALCYCLIST, FRONT END AT ANGLE",05160020,10025,0,2,Injury Collision,,45,Bicycle,Matched,0,1,Clear or Partly Cloudy,0,"(47.64746661600003, -122.33755010899995)",0,0,N,5238204
137121,38795,38795,Intersection,Cycles,0,,,0,,03/02/2005 12:00:00 AM +0000,3/2/2005,1,24245,At Intersection (intersection related),Daylight,STROUD AVE N AND EAST GREEN LAKE DR N,0,1,Y,4,1791712,Dry,18,"MOTOR VEHICLE STRUCK PEDALCYCLIST, FRONT END AT ANGLE",05061010,12974,0,2,Injury Collision,,45,Bicycle,Matched,0,1,Clear or Partly Cloudy,0,"(47.68542320600005, -122.336230194)",0,0,N,05-89958
137204,39298,39298,Block,Cycles,1355,,,0,,05/26/2005 12:00:00 AM +0000,5/26/2005 10:14:00 AM,1,,Mid-Block (not related to intersection),Daylight,INTERLAKEN DR E BETWEEN E GALER ST AND E INTERLAKEN BLVD,0,1,,3,2028411,Dry,51,PEDALCYCLIST STRUCK MOTOR VEHICLE FRONT END AT ANGLE,05146006,11030,0,2,Injury Collision,,45,Bicycle,Matched,0,1,Clear or Partly Cloudy,0,"(47.635420185000044, -122.30783441999995)",0,0,N,05-215797