OBJECTID,INCKEY,COLDETKEY,ADDRTYPE,COLLISIONTYPE,DISTANCE,EXCEPTRSNCODE,EXCEPTRSNDESC,FATALITIES,INATTENTIONIND,INCDATE,INCDTTM,INJURIES,INTKEY,JUNCTIONTYPE,LIGHTCOND,LOCATION,PEDCOUNT,PEDCYLCOUNT,PEDROWNOTGRNT,PERSONCOUNT,REPORTNO,ROADCOND,SDOT_COLCODE,SDOT_COLDESC,SDOTCOLNUM,SEGKEY,SERIOUSINJURIES,SEVERITYCODE,SEVERITYDESC,SPEEDING,ST_COLCODE,ST_COLDESC,STATUS,UNDERINFL,VEHCOUNT,WEATHER,WIDTH,Shape,SEGLANEKEY,CROSSWALKKEY,HITPARKEDCAR,SPDCASENO
140486,36113,36113,Block,Cycles,157,,,0,,12/19/2005 12:00:00 AM +0000,12/19/2005 5:45:00 PM,1,,Mid-Block (but intersection related),Dark - Street Lights On,NW 83RD ST BETWEEN 8TH AVE NW AND DIBBLE AVE NW,0,1,,2,2184862,Wet,18,"MOTOR VEHICLE STRUCK PEDALCYCLIST, FRONT END AT ANGLE",05353008,18929,0,2,Injury Collision,,45,Bicycle,Matched,0,1,Overcast,0,"(47.68910881200003, -122.36663159699998)",0,0,N,5537255
140491,35319,35319,Intersection,Cycles,0,,,0,,02/23/2005 12:00:00 AM +0000,2/23/2005 11:31:00 AM,1,29052,At Intersection (intersection related),Daylight,BROADWAY E AND E OLIVE WAY,0,1,,3,1189844,Dry,51,PEDALCYCLIST STRUCK MOTOR VEHICLE FRONT END AT ANGLE,05054012,9452,0,2,Injury Collision,,45,Bicycle,Matched,0,1,Clear or Partly Cloudy,0,"(47.61990774700007, -122.32087289199995)",0,0,N,5079044
140602,35529,35529,Intersection,Cycles,0,,,0,,01/18/2005 12:00:00 AM +0000,1/18/2005 7:58:00 AM,1,29878,At Intersection (intersection related),Dawn,BOREN AVE AND PIKE ST,0,1,Y,2,1744929,Wet,18,"MOTOR VEHICLE STRUCK PEDALCYCLIST, FRONT END AT ANGLE",05018004,9319,1,2b,Serious Injury Collision,Y,45,Bicycle,Matched,0,1,Raining,0,"(47.613465820000044, -122.32891310199994)",0,0,N,5024332
140624,35148,35148,Block,Cycles,75.5,,,0,Y,06/27/2005 12:00:00 AM +0000,6/27/2005 6:11:00 PM,1,,Mid-Block (but intersection related),Daylight,MADISON ST BETWEEN WESTERN AVE AND POST AVE,0,1,,2,1933675,Dry,56,PEDALCYCLIST STRUCK MOTOR VEHICLE LEFT SIDE SIDESWIPE,05178004,11580,0,2,Injury Collision,,45,Bicycle,Matched,0,1,Overcast,0,"(47.604338529000074, -122.33709003099995)",0,0,N,05 267929
140701,35506,35506,Block,Cycles,332,,,0,,05/27/2005 12:00:00 AM +0000,5/27/2005 4:05:00 PM,1,,Driveway Junction,Daylight,WALLINGFORD AVE N BETWEEN N 85TH ST AND N 88TH ST,0,1,Y,2,2020460,Dry,18,"MOTOR VEHICLE STRUCK PEDALCYCLIST, FRONT END AT ANGLE",05147008,13389,0,2,Injury Collision,,45,Bicycle,Matched,0,1,Clear or Partly Cloudy,0,"(47.69140928300004, -122.33645030999998)",0,0,N,5217924
140702,35505,35505,Block,Cycles,161,,,0,,05/27/2005 12:00:00 AM +0000,5/27/2005 7:00:00 AM,1,,Mid-Block (not related to intersection),Daylight,PINE ST BETWEEN 5TH AVE AND 6TH AVE,0,1,Y,2,1933030,Dry,23,"MOTOR VEHICLE STRUCK PEDALCYCLIST, LEFT SIDE SIDESWIPE",05147006,12218,0,2,Injury Collision,,45,Bicycle,Matched,0,1,Clear or Partly Cloudy,0,"(47.61190351700003, -122.33593027299997)",0,0,N,05-217334
140770,35115,35115,Intersection,Cycles,0,,,0,,09/26/2005 12:00:00 AM +0000,9/26/2005 5:39:00 PM,1,34649,At Intersection (intersection related),Daylight,SEWARD PARK AVE S AND S OTHELLO ST,0,1,,3,2059552,Dry,18,"MOTOR VEHICLE STRUCK PEDALCYCLIST, FRONT END AT ANGLE",05269005,12806,1,2b,Serious Injury Collision,,45,Bicycle,Matched,0,1,Clear or Partly Cloudy,0,"(47.53697679700008, -122.26727180799998)",0,0,N,05-413459
140914,113854,113854,Block,Cycles,221,,,0,,07/13/2010 12:00:00 AM +0000,7/13/2010 12:00:00 PM,1,,Mid-Block (not related to intersection),Daylight,QUEEN ANNE AVE N BETWEEN CROCKETT ST AND BOSTON ST,0,1,Y,3,3346579,Dry,56,PEDALCYCLIST STRUCK MOTOR VEHICLE LEFT SIDE SIDESWIPE,10194016,12313,0,2,Injury Collision,,45,Bicycle,Matched,N,1,Clear or Partly Cloudy,0,"(47.637774722000074, -122.35693398499996)",10896,0,N,10-240374
140929,113704,113704,Block,Cycles,354,,,0,Y,02/22/2010 12:00:00 AM +0000,2/22/2010 4:27:00 PM,1,,Mid-Block (but intersection related),Daylight,15TH AV W SB ON RP BETWEEN 15TH AVE W AND W DRAVUS ST,0,1,Y,2,3335039,Dry,21,"MOTOR VEHICLE STRUCK PEDALCYCLIST, REAR END",10053019,2207,0,2,Injury Collision,,45,Bicycle,Matched,N,1,Clear or Partly Cloudy,0,"(47.647507173000065, -122.37663546499999)",19321,0,N,10-60495
140938,113568,113568,Block,Cycles,336,,,0,Y,05/07/2010 12:00:00 AM +0000,5/7/2010 2:05:00 PM,1,,Mid-Block (not related to intersection),Daylight,S ANGELINE ST BETWEEN 39TH AVE S AND 42ND AVE S,0,1,,2,3344293,Dry,54,PEDALCYCLIST STRUCK MOTOR VEHICLE REAR END,10127005,19298,0,2,Injury Collision,,45,Bicycle,Matched,N,1,Clear or Partly Cloudy,0,"(47.55942995000004, -122.28211254299998)",0,0,N,2010-149158
140963,115076,115076,Intersection,Cycles,0,,,0,,02/27/2010 12:00:00 AM +0000,2/27/2010 1:53:00 PM,1,36061,At Intersection (intersection related),Daylight,28TH AVE NE AND NE 127TH ST,0,1,Y,2,3206545,Wet,51,PEDALCYCLIST STRUCK MOTOR VEHICLE FRONT END AT ANGLE,10058001,4127,0,2,Injury Collision,,45,Bicycle,Matched,N,1,Raining,0,"(47.72110162300004, -122.29772082)",0,0,N,10-66226
141005,114672,114672,Block,Cycles,127.5,,,0,Y,05/16/2010 12:00:00 AM +0000,5/16/2010 6:42:00 PM,1,,Mid-Block (not related to intersection),Daylight,NE 65TH ST BETWEEN LATONA E AVE NE AND 4TH AVE NE,0,1,,2,3377336,Dry,56,PEDALCYCLIST STRUCK MOTOR VEHICLE LEFT SIDE SIDESWIPE,10136003,17251,0,2,Injury Collision,,45,Bicycle,Matched,N,1,Clear or Partly Cloudy,0,"(47.675898483000026, -122.32492069599999)",6651,0,N,2010-160863
141124,35604,35604,Block,Cycles,155,,,0,,09/06/2005 12:00:00 AM +0000,9/6/2005,1,,Driveway Junction,Dark - Street Lights On,14TH AVE S BETWEEN S DONOVAN ST AND S TRENTON ST,0,1,Y,2,1795358,Dry,18,"MOTOR VEHICLE STRUCK PEDALCYCLIST, FRONT END AT ANGLE",05249009,1957,0,2,Injury Collision,,45,Bicycle,Matched,0,1,Clear or Partly Cloudy,0,"(47.52516841200003, -122.31493152399997)",0,0,N,05 382796
141375,113420,113420,Intersection,Cycles,0, ,,0,,04/01/2010 12:00:00 AM +0000,4/1/2010 3:20:00 PM,0,30538,At Intersection (intersection related),Daylight,4TH AVE S AND SEATTLE BLVD S,0,1,Y,2,3334929,Wet,18,"MOTOR VEHICLE STRUCK PEDALCYCLIST, FRONT END AT ANGLE",10091005,6232,0,1,Property Damage Only Collision,,45,Bicycle,Matched,N,1,Raining,0,"(47.59648601400005, -122.32904622099994)",0,522348,N,10-106143
141377,113419,113419,Block,Cycles,322.5, ,,0,,03/31/2010 12:00:00 AM +0000,3/31/2010 5:45:00 PM,1,,Mid-Block (not related to intersection),Daylight,BROOKLYN AVE NE BETWEEN NE PACIFIC ST AND NE 40TH ST,0,1,,2,3376033,Dry,18,"MOTOR VEHICLE STRUCK PEDALCYCLIST, FRONT END AT ANGLE",10090006,9475,0,2,Injury Collision,,45,Bicycle,Matched,N,1,Clear or Partly Cloudy,0,"(47.65448187100003, -122.31446453699999)",0,525567,N,10-105069
141400,115201,115201,Intersection,Cycles,0,,,0,,02/10/2010 12:00:00 AM +0000,2/10/2010 11:57:00 AM,1,30793,At Intersection (intersection related),Daylight,HIAWATHA PL S AND S CHARLES ST,0,1,,2,2882724,Wet,18,"MOTOR VEHICLE STRUCK PEDALCYCLIST, FRONT END AT ANGLE",10041007,10876,0,2,Injury Collision,,45,Bicycle,Matched,N,1,Raining,0,"(47.594432151000035, -122.30912072499996)",11487,0,N,10-46949
141430,35583,35583,Intersection,Cycles,0,,,0,,02/12/2005 12:00:00 AM +0000,2/12/2005 1:50:00 AM,1,29865,At Intersection (intersection related),Dark - Street Lights On,BOREN AVE AND OLIVE WAY,0,1,Y,2,1482425,Dry,18,"MOTOR VEHICLE STRUCK PEDALCYCLIST, FRONT END AT ANGLE",05043006,9321,0,2,Injury Collision,,45,Bicycle,Matched,0,1,Clear or Partly Cloudy,0,"(47.615449718000036, -122.33072969599999)",0,0,N,5062680
141502,34911,34911,Intersection,Cycles,0,,,0,,05/17/2005 12:00:00 AM +0000,5/17/2005 6:54:00 PM,1,30032,At Intersection (intersection related),Daylight,27TH AVE AND E SPRING ST,0,1,,3,2028329,Dry,18,"MOTOR VEHICLE STRUCK PEDALCYCLIST, FRONT END AT ANGLE",05137036,3993,0,2,Injury Collision,,45,Bicycle,Matched,0,1,Clear or Partly Cloudy,0,"(47.61155607400008, -122.29751578799994)",0,0,N,05-202491
141639,34616,34616,Block,Cycles,218,,,0,,05/07/2005 12:00:00 AM +0000,5/7/2005,1,,Mid-Block (not related to intersection),Dark - Street Lights On,EASTLAKE AVE E BETWEEN HARVARD AVE E AND FUHRMAN AVE E,0,1,Y,4,2027996,Dry,22,"MOTOR VEHICLE STRUCK PEDALCYCLIST, RIGHT SIDE SIDESWIPE",05127032,10184,0,2,Injury Collision,,45,Bicycle,Matched,0,1,Overcast,0,"(47.65104751100006, -122.32168580199999)",0,0,N,50187475
141700,114524,114524,Intersection,Cycles,0,,,0,,10/20/2010 12:00:00 AM +0000,10/20/2010 3:30:00 PM,1,26193,At Intersection (but not related to intersection),Daylight,35TH AVE NE AND NE 60TH ST,0,1,,2,3565680,Dry,51,PEDALCYCLIST STRUCK MOTOR VEHICLE FRONT END AT ANGLE,10293025,5357,0,2,Injury Collision,,45,Bicycle,Matched,N,1,Clear or Partly Cloudy,0,"(47.672147530000075, -122.29023363899995)",30277,0,N,10-367129
141724,115057,115057,Intersection,Cycles,0,,,0,,08/11/2010 12:00:00 AM +0000,8/11/2010 9:11:00 AM,1,25452,At Intersection (intersection related),Daylight,8TH AVE NW AND NW 48TH ST,0,1,,1,3559157,Dry,69,PEDALCYCLIST OVERTURNED IN ROAD,10223029,8377,0,2,Injury Collision,,45,Bicycle,Matched,N,0,Clear or Partly Cloudy,0,"(47.66365140600004, -122.36619134499995)",2312,0,N,10-279176
141727,114389,114389,Block,Cycles,325.5,,,0,,03/24/2010 12:00:00 AM +0000,3/24/2010 8:11:00 PM,1,,Mid-Block (not related to intersection),Dark - Street Lights On,AIRPORT WAY S BETWEEN S EDMUNDS ST AND AIRPORT WY S VI,0,1,Y,2,3343975,Dry,23,"MOTOR VEHICLE STRUCK PEDALCYCLIST, LEFT SIDE SIDESWIPE",10083012,8688,0,2,Injury Collision,,45,Bicycle,Matched,0,1,Clear or Partly Cloudy,0,"(47.55892134800007, -122.32317369199995)",21166,0,N,10-97037
141756,113967,113967,Intersection,Cycles,0,,,0,,11/07/2010 12:00:00 AM +0000,11/7/2010 5:50:00 PM,1,29509,At Intersection (intersection related),Dark - Street Lights On,BLANCHARD ST AND WESTLAKE AVE,0,1,,3,3560430,Dry,51,PEDALCYCLIST STRUCK MOTOR VEHICLE FRONT END AT ANGLE,10311023,617720,0,2,Injury Collision,,45,Bicycle,Matched,N,1,Clear or Partly Cloudy,0,"(47.61775184700008, -122.33834443499995)",37224,0,N,2010-389568
141759,113965,113965,Block,Cycles,240,,,0,,03/09/2010 12:00:00 AM +0000,3/9/2010,1,,Driveway Junction,Daylight,LAKE CITY WAY NE BETWEEN 27TH AVE NE AND NE 117TH ST,0,1,Y,2,3198645,Dry,18,"MOTOR VEHICLE STRUCK PEDALCYCLIST, FRONT END AT ANGLE",10068018,11177,0,2,Injury Collision,,45,Bicycle,Matched,0,1,Clear or Partly Cloudy,0,"(47.71359991400004, -122.29859196199999)",0,0,N,10-78582
141780,114233,114233,Block,Cycles,98,,,0,Y,12/17/2010 12:00:00 AM +0000,12/17/2010 8:23:00 AM,1,,Mid-Block (but intersection related),Daylight,N 50TH ST BETWEEN EASTERN AVE N AND 1ST AVE NE,0,1,,5,3565043,Dry,51,PEDALCYCLIST STRUCK MOTOR VEHICLE FRONT END AT ANGLE,10351037,15656,1,2b,Serious Injury Collision,,45,Bicycle,Matched,N,1,Clear or Partly Cloudy,0,"(47.66500561700008, -122.32866697099996)",21542,0,N,10433464
141797,114373,114373,Block,Cycles,329,,,0,,05/22/2010 12:00:00 AM +0000,5/22/2010 5:45:00 PM,1,,Driveway Junction,Unknown,DELRIDGE WAY SW BETWEEN SW BRANDON ST AND SW FINDLAY ST,0,1,,2,2796612,Unknown,18,"MOTOR VEHICLE STRUCK PEDALCYCLIST, FRONT END AT ANGLE",10142030,9968,0,2,Injury Collision,,45,Bicycle,Matched,N,1,Unknown,0,"(47.552821136000034, -122.36297547599997)",0,0,N,10-176431
141811,115327,115327,Intersection,Cycles,0, ,,0,,01/28/2010 12:00:00 AM +0000,1/28/2010 11:30:00 AM,1,25144,At Intersection (intersection related),Daylight,BALLARD AVE NW AND NW MARKET ST,0,1,Y,2,3345046,Unknown,18,"MOTOR VEHICLE STRUCK PEDALCYCLIST, FRONT END AT ANGLE",10028021,19235,0,2,Injury Collision,,45,Bicycle,Matched,N,1,Unknown,0,"(47.66867996800005, -122.38636797899994)",0,521840,N,10-39182
141873,34575,34575,Intersection,Cycles,0,,,0,,08/30/2005 12:00:00 AM +0000,8/30/2005 12:25:00 PM,1,24581,At Intersection (intersection related),Daylight,EAST GREEN LAKE DR N AND NE RAVENNA EB BV,0,1,Y,3,2061253,Dry,18,"MOTOR VEHICLE STRUCK PEDALCYCLIST, FRONT END AT ANGLE",05242006,14056,0,2,Injury Collision,,45,Bicycle,Matched,0,2,Overcast,0,"(47.679817015000026, -122.32571289799995)",0,0,N,05 371195
141886,34722,34722,Intersection,Cycles,0,,,0,,12/13/2005 12:00:00 AM +0000,12/13/2005 7:29:00 AM,1,27230,At Intersection (intersection related),Dark - Street Lights On,2ND AVE NE AND NE 40TH ST,0,1,,2,1774658,Wet,51,PEDALCYCLIST STRUCK MOTOR VEHICLE FRONT END AT ANGLE,05347032,2799,0,2,Injury Collision,,45,Bicycle,Matched,0,1,Raining,0,"(47.65554290700004, -122.32682256999999)",0,0,N,05 528308
141893,34717,34717,Intersection,Cycles,0,,,0,,03/20/2005 12:00:00 AM +0000,3/20/2005 11:17:00 AM,1,27078,At Intersection (intersection related),Daylight,15TH AVE NE AND NE 43RD ST,0,1,Y,2,1930733,Wet,18,"MOTOR VEHICLE STRUCK PEDALCYCLIST, FRONT END AT ANGLE",05079020,2034,0,2,Injury Collision,,45,Bicycle,Matched,0,1,Raining,0,"(47.659781475000045, -122.31203248399999)",0,0,N,50116621
141900,34587,34587,Intersection,Cycles,0,,,0,,07/08/2005 12:00:00 AM +0000,7/8/2005,1,37375,At Intersection (intersection related),Daylight,WALLINGFORD AVE N AND N 85TH ST,0,1,Y,2,1796710,Wet,51,PEDALCYCLIST STRUCK MOTOR VEHICLE FRONT END AT ANGLE,05189009,13389,1,2b,Serious Injury Collision,,45,Bicycle,Matched,0,1,Raining,0,"(47.69050090300004, -122.33644048199994)",0,0,N,05-286295
141941,113533,113533,Intersection,Cycles,0,,,0,,06/27/2010 12:00:00 AM +0000,6/27/2010 4:20:00 PM,1,37812,At Intersection (intersection related),Daylight,SAND POINT WAY NE AND NE 95TH ST,0,1,Y,3,3377056,Dry,61,PEDALCYCLIST STRUCK PEDALCYCLIST REAR END,10178016,12735,0,2,Injury Collision,,45,Bicycle,Matched,N,1,Overcast,0,"(47.69735921200004, -122.27762238799994)",28117,0,N,10-218597
141943,114091,114091,Intersection,Cycles,0,NEI,"Not Enough Information, or Insufficient Location Information",0,,06/10/2010 12:00:00 AM +0000,6/10/2010 4:11:00 PM,1,25716,At Intersection (intersection related),Daylight,ROOSEVELT WAY NE AND NE 62ND ST,0,1,,2,3376734,Dry,00,NOT ENOUGH INFORMATION / NOT APPLICABLE,10161013,12612,0,2,Injury Collision,,45,Bicycle,Matched,N,1,Clear or Partly Cloudy,0,"(47.67333477600005, -122.31736337499996)",9202,0,N,10-195617
142117,34697,34697,Block,Cycles,933,,,0,,06/22/2005 12:00:00 AM +0000,6/22/2005 8:32:00 AM,1,,Mid-Block (not related to intersection),Daylight,LAKE WASHINGTON BLVD S BETWEEN S FRINK PL AND S DEARBORN ST,0,1,,2,1180665,Dry,56,PEDALCYCLIST STRUCK MOTOR VEHICLE LEFT SIDE SIDESWIPE,05173014,11221,0,2,Injury Collision,,45,Bicycle,Matched,0,1,Overcast,0,"(47.59811959600006, -122.290152595)",0,0,N,05-259412
142224,113803,113803,Intersection,Cycles,0,,,0,,10/10/2010 12:00:00 AM +0000,10/10/2010 4:14:00 PM,1,27183,At Intersection (intersection related),Daylight,1ST AVE NE AND NE 45TH ST,0,1,,6,3559307,Dry,18,"MOTOR VEHICLE STRUCK PEDALCYCLIST, FRONT END AT ANGLE",10283043,1067,0,2,Injury Collision,,45,Bicycle,Matched,N,1,Overcast,0,"(47.66135978400007, -122.32826075599996)",6528,0,N,10 354811
142338,113391,113391,Block,Cycles,631.5,,,0,,11/10/2010 12:00:00 AM +0000,11/10/2010 7:50:00 AM,0,,Mid-Block (not related to intersection),Unknown,LAKE WASHINGTON BLVD E BETWEEN ARBORETUM DR E AND E INTERLAKEN BLVD,0,1,,2,3383078,Unknown,51,PEDALCYCLIST STRUCK MOTOR VEHICLE FRONT END AT ANGLE,10314044,11210,0,1,Property Damage Only Collision,,45,Bicycle,Matched,N,1,Unknown,0,"(47.629166619000046, -122.29603606699999)",8939,0,N,2010-392555
142430,34271,34271,Intersection,Cycles,0,,,0,,02/10/2005 12:00:00 AM +0000,2/10/2005 10:03:00 AM,0,29917,At Intersection (intersection related),Dark - Street Lights On,9TH AVE AND SENECA ST,0,1,Y,2,1744992,Dry,23,"MOTOR VEHICLE STRUCK PEDALCYCLIST, LEFT SIDE SIDESWIPE",05041004,8518,0,1,Property Damage Only Collision,,45,Bicycle,Matched,0,1,Clear or Partly Cloudy,0,"(47.60983626800004, -122.32866572299997)",0,0,N,05 60611
142472,34379,34379,Block,Cycles,314,,,0,,05/25/2005 12:00:00 AM +0000,5/25/2005 4:02:00 PM,0,,Mid-Block (not related to intersection),Daylight,5TH AVE S BETWEEN S WELLER ST AND S DEARBORN ST,0,1,,4,1792669,Dry,51,PEDALCYCLIST STRUCK MOTOR VEHICLE FRONT END AT ANGLE,05145002,7361,0,1,Property Damage Only Collision,,45,Bicycle,Matched,0,1,Clear or Partly Cloudy,0,"(47.596656745000075, -122.32768064899994)",0,0,N,05-214635
142508,113242,113242,Intersection,Cycles,0, ,,0,,07/15/2010 12:00:00 AM +0000,7/15/2010 7:06:00 AM,1,32203,At Intersection (intersection related),Daylight,11TH AVE SW AND SW SPOKANE NR ST,0,1,,2,3197889,Dry,51,PEDALCYCLIST STRUCK MOTOR VEHICLE FRONT END AT ANGLE,10196011,22833,0,2,Injury Collision,,45,Bicycle,Matched,N,1,Clear or Partly Cloudy,0,"(47.57165394200007, -122.34924289499997)",0,525537,N,10-242885
142517,114359,114359,Intersection,Cycles,0, ,,0,,06/03/2010 12:00:00 AM +0000,6/3/2010 11:40:00 AM,1,25482,At Intersection (intersection related),Daylight,KENWOOD PL N AND EAST GREEN LAKE WAY N,1,1,Y,2,2897154,Dry,24,MOTOR VEHCILE STRUCK PEDESTRIAN,10154027,14074,0,2,Injury Collision,,45,Bicycle,Matched,N,0,Clear or Partly Cloudy,0,"(47.672184092000066, -122.33762007199999)",0,524207,N,10-185469
142530,114212,114212,Intersection,Cycles,0,,,0,,12/18/2010 12:00:00 AM +0000,12/18/2010 1:14:00 AM,1,29745,At Intersection (intersection related),Dark - Street Lights On,BROADWAY AND E PIKE ST,0,1,Y,3,3559503,Dry,18,"MOTOR VEHICLE STRUCK PEDALCYCLIST, FRONT END AT ANGLE",10352016,9447,1,2b,Serious Injury Collision,,45,Bicycle,Matched,N,1,Clear or Partly Cloudy,0,"(47.614075667000066, -122.32078036699994)",6859,0,N,10 434483
142657,34087,34087,Block,Cycles,,,,0,Y,09/07/2005 12:00:00 AM +0000,9/7/2005,1,,Mid-Block (but intersection related),Daylight,S ATLANTIC ST BETWEEN ALASKAN WAY S AND COLORADO AVE S,0,1,Y,2,1059735,Dry,55,PEDALCYCLIST STRUCK MOTOR VEHICLE RIGHT SIDE SIDESWIPE,05250017,19375,0,2,Injury Collision,,45,Bicycle,Matched,0,1,Clear or Partly Cloudy,0,,0,0,N,05-383393
142789,114482,114482,Intersection,Cycles,0, ,,0,,10/22/2010 12:00:00 AM +0000,10/22/2010 4:27:00 PM,0,30482,At Intersection (intersection related),Daylight,2ND AVE AND JAMES ST,0,1,,2,3329930,Dry,51,PEDALCYCLIST STRUCK MOTOR VEHICLE FRONT END AT ANGLE,10295034,2749,0,1,Property Damage Only Collision,,45,Bicycle,Matched,N,1,Overcast,0,"(47.60230560100007, -122.33251943999994)",0,523248,N,2010-369696
142821,114750,114750,Intersection,Cycles,0,,,0,,12/09/2010 12:00:00 AM +0000,12/9/2010 7:18:00 AM,1,28006,At Intersection (intersection related),Dawn,WESTLAKE EAST RDWY AVE N AND NEWELL ST,0,1,Y,2,3377776,Wet,18,"MOTOR VEHICLE STRUCK PEDALCYCLIST, FRONT END AT ANGLE",10343004,13557,0,2,Injury Collision,,45,Bicycle,Matched,N,1,Raining,0,"(47.64409158900003, -122.34468815199995)",0,0,N,10-423845
142823,114624,114624,Intersection,Cycles,0,,,0,,07/14/2010 12:00:00 AM +0000,7/14/2010 4:40:00 PM,1,29585,At Intersection (intersection related),Daylight,1ST AVE AND PINE ST,0,1,Y,2,3346533,Dry,51,PEDALCYCLIST STRUCK MOTOR VEHICLE FRONT END AT ANGLE,10195032,1010,0,2,Injury Collision,,45,Bicycle,Matched,N,1,Clear or Partly Cloudy,0,"(47.60981423000004, -122.34092204399997)",36650,0,N,10-243041
142836,115024,115024,Block,Cycles,319,,,0,Y,07/14/2010 12:00:00 AM +0000,7/14/2010 9:00:00 PM,1,,Mid-Block (not related to intersection),Dusk,EAST GREEN LAKE DR N BETWEEN LATONA AVE NE AND SUNNYSIDE AVE N,0,1,,2,3374805,Dry,56,PEDALCYCLIST STRUCK MOTOR VEHICLE LEFT SIDE SIDESWIPE,10195031,14060,1,2b,Serious Injury Collision,,45,Bicycle,Matched,N,1,Clear or Partly Cloudy,0,"(47.68225292200003, -122.32843386299999)",7304,0,N,10-243448
142849,34170,34170,Intersection,Cycles,0,,,0,,07/26/2005 12:00:00 AM +0000,7/26/2005 6:02:00 PM,1,29529,At Intersection (intersection related),Daylight,7TH AVE AND BLANCHARD ST,0,1,,2,1932986,Dry,51,PEDALCYCLIST STRUCK MOTOR VEHICLE FRONT END AT ANGLE,05207009,8165,0,2,Injury Collision,,45,Bicycle,Matched,0,1,Clear or Partly Cloudy,0,"(47.61659465400004, -122.34005494499996)",0,0,N,05-314640
142855,34164,34164,Block,Cycles,53.5,,,0,,08/17/2005 12:00:00 AM +0000,8/17/2005 7:08:00 AM,1,,Mid-Block (but intersection related),Daylight,AIRPORT WAY S BETWEEN S HOLGATE SR ST AND S PLUM ST,0,1,,2,1785224,Wet,51,PEDALCYCLIST STRUCK MOTOR VEHICLE FRONT END AT ANGLE,05229012,8660,0,2,Injury Collision,,45,Bicycle,Matched,0,1,Raining,0,"(47.58570796500004, -122.32139337199999)",0,0,N,05 350090
142872,34313,34313,Intersection,Cycles,0,,,0,,08/05/2005 12:00:00 AM +0000,8/5/2005,1,33747,At Intersection (intersection related),Daylight,40TH AVE SW AND SW MORGAN ST,0,1,,3,2024585,Dry,51,PEDALCYCLIST STRUCK MOTOR VEHICLE FRONT END AT ANGLE,05217010,6380,1,2b,Serious Injury Collision,,45,Bicycle,Matched,0,1,Clear or Partly Cloudy,0,"(47.54481980200006, -122.38315485999999)",0,0,N,05-331547
142887,34183,34183,Block,Cycles,124,,,0,Y,08/18/2005 12:00:00 AM +0000,8/18/2005 4:12:00 PM,1,,Mid-Block (not related to intersection),Daylight,E MADISON ST BETWEEN 28TH AVE E AND 29TH W AVE E,0,1,,2,2028215,Dry,56,PEDALCYCLIST STRUCK MOTOR VEHICLE LEFT SIDE SIDESWIPE,05230001,14362,0,2,Injury Collision,,45,Bicycle,Matched,0,1,Clear or Partly Cloudy,0,"(47.62371497300006, -122.29583475299995)",0,0,N,05-352314
143000,114203,114203,Intersection,Cycles,0,,,0,,11/16/2010 12:00:00 AM +0000,11/16/2010 5:07:00 PM,1,29661,At Intersection (intersection related),Dark - Street Lights On,1ST AVE AND WARREN PL,0,1,Y,2,3346099,Dry,18,"MOTOR VEHICLE STRUCK PEDALCYCLIST, FRONT END AT ANGLE",10320027,1023,0,2,Injury Collision,,45,Bicycle,Matched,N,1,Overcast,0,"(47.61788948000003, -122.35415335399995)",14422,0,N,10-400040
143013,113931,113931,Intersection,Cycles,0, ,,0,,07/21/2010 12:00:00 AM +0000,7/21/2010 5:52:00 PM,1,31304,At Intersection (intersection related),Daylight,15TH AVE S AND S MCCLELLAN ST,0,1,,3,3335532,Dry,51,PEDALCYCLIST STRUCK MOTOR VEHICLE FRONT END AT ANGLE,10202013,2145,0,2,Injury Collision,Y,45,Bicycle,Matched,N,1,Clear or Partly Cloudy,0,"(47.57863325400007, -122.31335343299997)",0,520973,N,2010-251392
143022,113511,113511,Intersection,Cycles,0,,,0,,09/18/2010 12:00:00 AM +0000,9/18/2010 2:17:00 AM,1,28237,At Intersection (intersection related),Dark - Street Lights On,10TH AVE E AND E LYNN ST,0,1,Y,3,2796239,Wet,51,PEDALCYCLIST STRUCK MOTOR VEHICLE FRONT END AT ANGLE,10261001,1300,0,2,Injury Collision,,45,Bicycle,Matched,Y,1,Raining,0,"(47.63954711300005, -122.32006287099995)",6102,0,N,10-326917
143096,114880,114880,Block,Cycles,75.5, ,,0,,06/18/2010 12:00:00 AM +0000,6/18/2010 5:37:00 PM,1,,Mid-Block (not related to intersection),Daylight,5TH AVE NE BETWEEN NE 112TH S ST AND NE 112TH N ST,0,1,,3,3333749,Dry,54,PEDALCYCLIST STRUCK MOTOR VEHICLE REAR END,10169029,7257,0,2,Injury Collision,,45,Bicycle,Matched,N,1,Clear or Partly Cloudy,0,"(47.70978682000003, -122.32331016799998)",0,0,N,2010-206666
143169,113366,113366,Block,Cycles,133.5,,,0,Y,01/26/2010 12:00:00 AM +0000,1/26/2010 9:44:00 PM,1,,Mid-Block (but intersection related),Dark - Street Lights On,NW 65TH ST BETWEEN 19TH AVE NW AND 20TH AVE NW,0,1,,2,3327810,Dry,21,"MOTOR VEHICLE STRUCK PEDALCYCLIST, REAR END",10026003,18624,0,2,Injury Collision,,45,Bicycle,Matched,N,1,Clear or Partly Cloudy,0,"(47.67598716400005, -122.38158360999995)",3710,0,N,10-29973