OBJECTID,INCKEY,COLDETKEY,ADDRTYPE,COLLISIONTYPE,DISTANCE,EXCEPTRSNCODE,EXCEPTRSNDESC,FATALITIES,INATTENTIONIND,INCDATE,INCDTTM,INJURIES,INTKEY,JUNCTIONTYPE,LIGHTCOND,LOCATION,PEDCOUNT,PEDCYLCOUNT,PEDROWNOTGRNT,PERSONCOUNT,REPORTNO,ROADCOND,SDOT_COLCODE,SDOT_COLDESC,SDOTCOLNUM,SEGKEY,SERIOUSINJURIES,SEVERITYCODE,SEVERITYDESC,SPEEDING,ST_COLCODE,ST_COLDESC,STATUS,UNDERINFL,VEHCOUNT,WEATHER,WIDTH,Shape,SEGLANEKEY,CROSSWALKKEY,HITPARKEDCAR,SPDCASENO
143197,113635,113635,Block,Cycles,327.5,,,0,Y,08/01/2010 12:00:00 AM +0000,8/1/2010 9:04:00 PM,0,,Mid-Block (not related to intersection),Dark - Street Lights On,CALIFORNIA AVE SW BETWEEN FAUNTLEROY WAY SW AND SW HOLLY ST,0,1,,2,3288027,Dry,51,PEDALCYCLIST STRUCK MOTOR VEHICLE FRONT END AT ANGLE,10213023,9566,0,1,Property Damage Only Collision,,45,Bicycle,Matched,N,1,Clear or Partly Cloudy,0,"(47.54397624500007, -122.38722466799999)",0,0,N,10-266377
143210,115011,115011,Intersection,Cycles,0, ,,0,,10/26/2010 12:00:00 AM +0000,10/26/2010 7:23:00 PM,1,27244,At Intersection (intersection related),Dark - Street Lights On,LATONA AVE NE AND NE PACIFIC ST,0,1,Y,2,3565692,Wet,18,"MOTOR VEHICLE STRUCK PEDALCYCLIST, FRONT END AT ANGLE",10299011,11289,0,2,Injury Collision,,45,Bicycle,Matched,N,1,Overcast,0,"(47.65488891200005, -122.32570273399995)",0,576113,N,2010-374412
143259,114466,114466,Intersection,Cycles,0,,,0,,04/11/2010 12:00:00 AM +0000,4/11/2010 4:41:00 PM,1,30174,At Intersection (intersection related),Daylight,22ND AVE AND E CHERRY ST,0,1,,2,3329146,Dry,51,PEDALCYCLIST STRUCK MOTOR VEHICLE FRONT END AT ANGLE,10101001,3229,0,2,Injury Collision,,45,Bicycle,Matched,N,1,Clear or Partly Cloudy,0,"(47.60801107700007, -122.30372151999995)",9559,0,N,2010-117642
143276,113913,113913,Intersection,Cycles,0,,,0,,08/25/2010 12:00:00 AM +0000,8/25/2010 9:00:00 AM,0,28242,At Intersection (intersection related),Daylight,10TH AVE E AND E BOSTON ST,0,1,Y,2,3559380,Dry,23,"MOTOR VEHICLE STRUCK PEDALCYCLIST, LEFT SIDE SIDESWIPE",10237024,1299,0,1,Property Damage Only Collision,,45,Bicycle,Matched,N,1,Clear or Partly Cloudy,0,"(47.63840322500005, -122.32007129499999)",6106,0,N,10-297032
143284,113770,113770,Intersection,Cycles,0,,,0,,11/01/2010 12:00:00 AM +0000,11/1/2010 10:30:00 AM,1,25793,At Intersection (intersection related),Daylight,UNIVERSITY WAY NE AND NE 50TH ST,0,1,Y,2,3375267,Wet,51,PEDALCYCLIST STRUCK MOTOR VEHICLE FRONT END AT ANGLE,10305026,13224,0,2,Injury Collision,,45,Bicycle,Matched,N,1,Raining,0,"(47.66490072400006, -122.31307415999999)",21417,0,N,10-381382
143306,115142,115142,Block,Cycles,276,,,0,,05/04/2010 12:00:00 AM +0000,5/4/2010 2:30:00 PM,1,,Mid-Block (not related to intersection),Daylight,11TH AVE NE BETWEEN NE 50TH ST AND NE 52ND ST,0,1,,2,3333538,Dry,56,PEDALCYCLIST STRUCK MOTOR VEHICLE LEFT SIDE SIDESWIPE,10124004,1411,0,2,Injury Collision,,45,Bicycle,Matched,N,1,Overcast,0,"(47.665682841000034, -122.31632470199997)",9026,0,N,10-145345
143517,114456,114456,Block,Cycles,165.5,,,0,,06/26/2010 12:00:00 AM +0000,6/26/2010 5:55:00 PM,1,,Mid-Block (not related to intersection),Daylight,NW 80TH ST BETWEEN 31ST AVE NW AND 32ND AVE NW,0,1,,2,3333984,Dry,51,PEDALCYCLIST STRUCK MOTOR VEHICLE FRONT END AT ANGLE,10177034,18916,0,2,Injury Collision,,45,Bicycle,Matched,N,1,Clear or Partly Cloudy,0,"(47.68674506100007, -122.39763993699995)",0,0,N,10-217415
143525,111829,111829,Intersection,Cycles,0,,,0,,02/08/2010 12:00:00 AM +0000,2/8/2010 4:11:00 PM,1,29877,At Intersection (intersection related),Daylight,MELROSE AVE AND PIKE ST,0,1,Y,3,3329411,Dry,18,"MOTOR VEHICLE STRUCK PEDALCYCLIST, FRONT END AT ANGLE",10039006,11744,0,2,Injury Collision,,45,Bicycle,Matched,N,1,Clear or Partly Cloudy,0,"(47.61393023000005, -122.32780457599995)",31114,0,N,2010-44906
143538,114725,114725,Block,Cycles,269,,,0,Y,04/27/2010 12:00:00 AM +0000,4/27/2010 6:00:00 PM,1,,Mid-Block (not related to intersection),Daylight,UNIVERSITY WAY NE BETWEEN NE 43RD ST AND NE 45TH ST,0,1,,2,2893707,Dry,18,"MOTOR VEHICLE STRUCK PEDALCYCLIST, FRONT END AT ANGLE",10117004,13221,0,2,Injury Collision,,45,Bicycle,Matched,N,1,Clear or Partly Cloudy,0,"(47.66053087600005, -122.31314903299995)",5652,0,N,10-137190
143572,111967,111967,Block,Cycles,270,,,0,Y,12/19/2010 12:00:00 AM +0000,12/19/2010 8:33:00 PM,1,,Mid-Block (not related to intersection),Dark - Street Lights On,UNIVERSITY WAY NE BETWEEN NE 42ND ST AND NE 43RD ST,0,1,,4,3561776,Wet,00,NOT ENOUGH INFORMATION / NOT APPLICABLE,10353013,13220,0,2,Injury Collision,,45,Bicycle,Matched,N,1,Overcast,0,"(47.65905361700004, -122.313187788)",5663,0,N,2010-436421
143587,114992,114992,Block,Cycles,933,,,0,,05/07/2010 12:00:00 AM +0000,5/7/2010 9:56:00 AM,1,,Mid-Block (not related to intersection),Daylight,LAKE WASHINGTON BLVD S BETWEEN S FRINK PL AND S DEARBORN ST,0,1,,2,3331951,Dry,18,"MOTOR VEHICLE STRUCK PEDALCYCLIST, FRONT END AT ANGLE",10127008,11221,0,2,Injury Collision,,45,Bicycle,Matched,N,1,Clear or Partly Cloudy,0,"(47.59811959600006, -122.290152595)",41006,0,N,10-148900
143589,114990,114990,Intersection,Cycles,0,,,0,,01/10/2010 12:00:00 AM +0000,1/10/2010 12:57:00 PM,1,28605,At Intersection (intersection related),Daylight,ALOHA ST AND QUEEN ANNE AVE N,0,1,Y,2,3345042,Dry,51,PEDALCYCLIST STRUCK MOTOR VEHICLE FRONT END AT ANGLE,10010019,8804,0,2,Injury Collision,,45,Bicycle,Matched,N,1,Clear or Partly Cloudy,0,"(47.62719238600005, -122.35668955499995)",30638,0,N,10-10714
143754,33981,33981,Intersection,Cycles,0,,,0,,06/07/2005 12:00:00 AM +0000,6/7/2005,1,29515,At Intersection (intersection related),Daylight,DENNY WAY AND DEXTER AVE,0,1,Y,2,1792798,Dry,18,"MOTOR VEHICLE STRUCK PEDALCYCLIST, FRONT END AT ANGLE",05158030,10011,0,2,Injury Collision,,45,Bicycle,Matched,0,1,Overcast,0,"(47.618550165000045, -122.34240185299996)",0,0,N,5235518
143856,114040,114040,Intersection,Cycles,0,,,0,,09/01/2010 12:00:00 AM +0000,9/1/2010 5:58:00 AM,1,27039,At Intersection (intersection related),Dark - Street Lights On,FREMONT AVE N AND N 34TH ST,0,1,Y,9,3559382,Wet,51,PEDALCYCLIST STRUCK MOTOR VEHICLE FRONT END AT ANGLE,10244030,10485,0,2,Injury Collision,,45,Bicycle,Matched,N,1,Overcast,0,"(47.64958972900007, -122.34974744899995)",8240,0,N,10 305540
143892,115131,115131,Block,Cycles,131.5,,,0,,03/06/2010 12:00:00 AM +0000,3/6/2010 8:37:00 AM,1,,Mid-Block (but intersection related),Daylight,NE 68TH ST BETWEEN 27TH AVE NE AND 28TH AVE NE,0,1,,2,3327816,Dry,54,PEDALCYCLIST STRUCK MOTOR VEHICLE REAR END,10065001,17345,0,2,Injury Collision,Y,45,Bicycle,Matched,N,1,Clear or Partly Cloudy,0,"(47.67759453800005, -122.29791616799997)",0,0,N,10-74681
143896,113483,113483,Intersection,Cycles,0,,,0,Y,09/03/2010 12:00:00 AM +0000,9/3/2010 12:42:00 PM,1,29738,At Intersection (intersection related),Daylight,10TH AVE AND E PINE ST,0,1,,4,3199011,Dry,11,"MOTOR VEHICLE STRUCK MOTOR VEHICLE, FRONT END AT ANGLE",10246020,14636,0,2,Injury Collision,,45,Bicycle,Matched,N,1,Clear or Partly Cloudy,0,"(47.615245137000045, -122.31946547599995)",10414,0,N,2010-308598
143959,113201,113201,Block,Cycles,310.5,,,0,,07/27/2010 12:00:00 AM +0000,7/27/2010 6:11:00 AM,1,,Driveway Junction,Daylight,SW KLICKITAT SR WAY BETWEEN SW SPOKANE ST AND 11TH CR AVE SW,0,1,,2,3197892,Dry,51,PEDALCYCLIST STRUCK MOTOR VEHICLE FRONT END AT ANGLE,10208035,22520,0,2,Injury Collision,,45,Bicycle,Matched,N,1,Clear or Partly Cloudy,0,"(47.57109679900003, -122.34747999399997)",39178,0,N,10-258753
144000,112085,112085,Intersection,Cycles,0, ,,0,,08/11/2010 12:00:00 AM +0000,8/11/2010 7:00:00 PM,1,287158,At Intersection (but not related to intersection),Daylight,BROOKLYN AVE NE AND BURKE GILMAN TRL,0,1,Y,2,3559303,Dry,51,PEDALCYCLIST STRUCK MOTOR VEHICLE FRONT END AT ANGLE,10223034,287256,0,2,Injury Collision,,45,Bicycle,Matched,N,1,Clear or Partly Cloudy,0,"(47.654209094000066, -122.31447179599996)",0,525567,N,10-279886
144094,113193,113193,Block,Cycles,218,,,0,,08/19/2010 12:00:00 AM +0000,8/19/2010 9:30:00 AM,1,,Mid-Block (not related to intersection),Daylight,EASTLAKE AVE E BETWEEN HARVARD AVE E AND FUHRMAN AVE E,0,1,,5,3332611,Dry,51,PEDALCYCLIST STRUCK MOTOR VEHICLE FRONT END AT ANGLE,10231008,10184,0,2,Injury Collision,,45,Bicycle,Matched,N,1,Overcast,0,"(47.65104751100006, -122.32168580199999)",6078,0,N,10-289471
144181,33916,33916,Intersection,Cycles,0,,,0,,12/02/2005 12:00:00 AM +0000,12/2/2005,1,28300,At Intersection (intersection related),Dark - Street Lights On,EASTLAKE AVE E AND E ROANOKE ST,0,1,Y,2,2128401,Wet,18,"MOTOR VEHICLE STRUCK PEDALCYCLIST, FRONT END AT ANGLE",05336004,10179,0,2,Injury Collision,,45,Bicycle,Matched,0,1,Raining,0,"(47.643190643000025, -122.32588681199996)",0,0,N,05-513523
144273,34032,34032,Block,Cycles,275,,,0,,09/21/2005 12:00:00 AM +0000,9/21/2005 2:22:00 PM,1,,Driveway Junction,Daylight,LAKE CITY WAY NE BETWEEN NE 117TH ST AND NE 120TH ST,0,1,Y,3,2061409,Dry,18,"MOTOR VEHICLE STRUCK PEDALCYCLIST, FRONT END AT ANGLE",05264006,11178,0,2,Injury Collision,,45,Bicycle,Matched,0,1,Clear or Partly Cloudy,0,"(47.71491192600007, -122.29781601099995)",0,0,N,5405560
144424,33216,33216,Intersection,Cycles,0,,,0,,05/11/2005 12:00:00 AM +0000,5/11/2005 5:05:00 PM,1,30478,At Intersection (intersection related),Daylight,5TH AVE AND JEFFERSON ST,0,1,,2,C649330,Dry,24,MOTOR VEHCILE STRUCK PEDESTRIAN,05131040,7225,0,2,Injury Collision,,45,Bicycle,Matched,0,1,Clear or Partly Cloudy,0,"(47.60298463300006, -122.32853488999996)",0,0,N,
144426,33215,33215,Block,Cycles,83.5,,,0,,05/11/2005 12:00:00 AM +0000,5/11/2005 5:52:00 PM,1,,Driveway Junction,Daylight,NE 40 UPPER ST BETWEEN 9TH AVE NE AND UNIVERSITY BR,0,1,Y,2,2020813,Dry,18,"MOTOR VEHICLE STRUCK PEDALCYCLIST, FRONT END AT ANGLE",05131038,16751,0,2,Injury Collision,,45,Bicycle,Matched,0,1,Overcast,0,"(47.65563351900005, -122.31850528799998)",0,0,N,5193145
144465,33207,33207,Intersection,Cycles,0,,,0,,06/19/2005 12:00:00 AM +0000,6/19/2005 7:30:00 PM,1,23903,At Intersection (intersection related),Daylight,23RD AVE NW AND NW 75TH ST,0,1,,2,2023555,Dry,51,PEDALCYCLIST STRUCK MOTOR VEHICLE FRONT END AT ANGLE,05170015,3425,0,2,Injury Collision,,45,Bicycle,Matched,0,1,Clear or Partly Cloudy,0,"(47.68319103500005, -122.38538411399998)",0,0,N,5255330
144485,33069,33069,Block,Cycles,461,,,0,,04/30/2005 12:00:00 AM +0000,4/30/2005 8:43:00 AM,1,,Mid-Block (not related to intersection),Daylight,LAKE WASHINGTON BLVD E BETWEEN E MADISON ST AND ARBORETUM DR E,0,1,,2,1792708,Wet,21,"MOTOR VEHICLE STRUCK PEDALCYCLIST, REAR END",05120002,11209,0,2,Injury Collision,,45,Bicycle,Matched,0,1,Raining,0,"(47.627191362000076, -122.29298983499996)",0,0,N,05-175723
144608,33166,33166,Intersection,Cycles,0, ,,0,,11/21/2005 12:00:00 AM +0000,11/21/2005 5:00:00 PM,1,24244,At Intersection (intersection related),Daylight,WALLINGFORD AVE N AND EAST GREEN LAKE DR N,0,0,,2,C667223,Dry,51,PEDALCYCLIST STRUCK MOTOR VEHICLE FRONT END AT ANGLE,05325029,13386,0,2,Injury Collision,,45,Bicycle,Matched,0,2,Clear or Partly Cloudy,0,"(47.685612450000065, -122.33676543999997)",0,0,N,
144622,33287,33287,Block,Cycles,63,,,0,,06/24/2005 12:00:00 AM +0000,6/24/2005 5:36:00 PM,1,,Mid-Block (but intersection related),Daylight,ROOSEVELT WAY NE BETWEEN PINEHURST N WAY NE AND NE 113TH S ST,0,1,Y,2,2023326,Dry,21,"MOTOR VEHICLE STRUCK PEDALCYCLIST, REAR END",05175007,12654,0,2,Injury Collision,,45,Bicycle,Matched,0,1,Clear or Partly Cloudy,0,"(47.710434330000055, -122.31777742799994)",0,0,N,05-263354
144630,33157,33157,Block,Cycles,213,,,0,,12/02/2005 12:00:00 AM +0000,12/2/2005,1,,Mid-Block (but intersection related),Dark - Street Lights On,MINOR AVE BETWEEN HOWELL ST AND STEWART ST,0,1,,2,2191927,Wet,18,"MOTOR VEHICLE STRUCK PEDALCYCLIST, FRONT END AT ANGLE",05336010,11879,0,2,Injury Collision,,45,Bicycle,Matched,0,1,Raining,0,"(47.61722410100003, -122.33120717999998)",0,0,N,05-512564
144721,33266,33266,Block,Cycles,187.5,,,0,,06/21/2005 12:00:00 AM +0000,6/21/2005 7:31:00 AM,1,,Mid-Block (not related to intersection),Daylight,ELLIOTT AVE W BETWEEN W GALER ST FLYOVER AND W GALER ST,0,1,Y,2,1316800,Dry,56,PEDALCYCLIST STRUCK MOTOR VEHICLE LEFT SIDE SIDESWIPE,05172028,10222,0,2,Injury Collision,,45,Bicycle,Matched,0,1,Clear or Partly Cloudy,0,"(47.63186162300008, -122.37515622899997)",0,0,N,05 257627
144737,33282,33282,Block,Cycles,275,,,0,,06/01/2005 12:00:00 AM +0000,6/1/2005,1,,Driveway Junction,Daylight,LAKE CITY WAY NE BETWEEN NE 117TH ST AND NE 120TH ST,0,1,Y,2,2028421,Dry,18,"MOTOR VEHICLE STRUCK PEDALCYCLIST, FRONT END AT ANGLE",05152002,11178,0,2,Injury Collision,,45,Bicycle,Matched,0,1,Clear or Partly Cloudy,0,"(47.71491192600007, -122.29781601099995)",0,0,N,5236066
144806,111403,111403,Block,Cycles,330,,,0,,10/07/2010 12:00:00 AM +0000,10/7/2010 5:04:00 PM,1,,Mid-Block (not related to intersection),Dusk,HARVARD AVE E BETWEEN E ALLISON ST AND EASTLAKE AVE E,0,1,,2,3386765,Dry,18,"MOTOR VEHICLE STRUCK PEDALCYCLIST, FRONT END AT ANGLE",10280030,10862,0,2,Injury Collision,,45,Bicycle,Matched,N,1,Overcast,0,"(47.64961353800004, -122.32209673599999)",6056,0,N,10-351 307
144875,112908,112908,Block,Cycles,160,,,0,,06/01/2010 12:00:00 AM +0000,6/1/2010 8:45:00 AM,1,,Mid-Block (not related to intersection),Daylight,DEXTER AVE N BETWEEN WARD ST AND PROSPECT ST,0,1,Y,2,2797565,Dry,51,PEDALCYCLIST STRUCK MOTOR VEHICLE FRONT END AT ANGLE,10152033,10080,0,2,Injury Collision,,45,Bicycle,Matched,N,1,Clear or Partly Cloudy,0,"(47.628445717000034, -122.34231499099997)",12788,0,N,10-182243
144894,113045,113045,Intersection,Cycles,0, ,,0,,09/25/2010 12:00:00 AM +0000,9/25/2010 12:40:00 AM,1,27027,At Intersection (intersection related),Dark - Street Lights On,FREMONT AVE N AND N 36TH ST,0,1,,5,3558779,Dry,51,PEDALCYCLIST STRUCK MOTOR VEHICLE FRONT END AT ANGLE,10268006,10487,0,2,Injury Collision,,45,Bicycle,Matched,N,1,Clear or Partly Cloudy,0,"(47.65134880900007, -122.34993445299995)",8360,0,N,10-335237
145001,111532,111532,Intersection,Cycles,0,,,0,,06/14/2010 12:00:00 AM +0000,6/14/2010 4:39:00 PM,1,25792,,Daylight,BROOKLYN AVE NE AND NE 50TH ST,0,1,,2,3333542,Dry,00,NOT ENOUGH INFORMATION / NOT APPLICABLE,10165003,9484,0,2,Injury Collision,,45,Bicycle,Matched,N,1,Clear or Partly Cloudy,0,"(47.66490847500006, -122.31421009099995)",21421,0,N,10-201109
145018,33258,33258,Block,Cycles,332,,,0,,11/14/2005 12:00:00 AM +0000,11/14/2005 9:49:00 AM,1,,Driveway Junction,Daylight,35TH AVE SW BETWEEN SW GRAHAM ST AND SW MORGAN ST,0,1,,2,1795768,Dry,11,"MOTOR VEHICLE STRUCK MOTOR VEHICLE, FRONT END AT ANGLE",05318007,5461,0,2,Injury Collision,,45,Bicycle,Matched,0,1,Clear or Partly Cloudy,0,"(47.54559464600004, -122.37642253899998)",0,0,N,05-487462
145040,33505,33505,Block,Cycles,242,,,0,,01/26/2005 12:00:00 AM +0000,1/26/2005 5:41:00 PM,1,,Mid-Block (not related to intersection),Dark - Street Lights On,12TH AVE BETWEEN E SPRING ST AND E MADISON ST,0,1,,2,1217302,Wet,18,"MOTOR VEHICLE STRUCK PEDALCYCLIST, FRONT END AT ANGLE",05026006,1535,0,2,Injury Collision,,45,Bicycle,Matched,0,1,Overcast,0,"(47.61222458800006, -122.31675618699995)",0,0,N,05 037242
145099,32560,32560,,Cycles,,NEI,"Not Enough Information, or Insufficient Location Information",0,,05/04/2005 12:00:00 AM +0000,5/4/2005,1,,Mid-Block (not related to intersection),Dark - Street Lights On,,0,1,Y,2,1793322,Dry,00,NOT ENOUGH INFORMATION / NOT APPLICABLE,05124030,,0,2,Injury Collision,,45,Bicycle,Matched,0,1,Clear or Partly Cloudy,0,,0,0,N,05-184006
145222,32676,32676,Block,Cycles,138.5,,,0,,08/31/2005 12:00:00 AM +0000,8/31/2005 8:00:00 PM,1,,Mid-Block (not related to intersection),Daylight,N 36TH ST BETWEEN 1ST AVE NW AND PALATINE AVE N,0,1,,2,C656010,Dry,18,"MOTOR VEHICLE STRUCK PEDALCYCLIST, FRONT END AT ANGLE",05243053,15315,0,2,Injury Collision,,45,Bicycle,Matched,0,1,Clear or Partly Cloudy,0,"(47.65284458100007, -122.35713136999999)",0,0,N,
145394,111799,111799,Block,Cycles,161,,,0,,11/09/2010 12:00:00 AM +0000,11/9/2010 5:39:00 PM,1,,Mid-Block (not related to intersection),Dark - Street Lights On,S JACKSON ST BETWEEN 7TH AVE S AND 8TH AVE S,0,1,,1,3346387,Wet,69,PEDALCYCLIST OVERTURNED IN ROAD,10313021,20491,0,2,Injury Collision,,45,Bicycle,Matched,N,0,Raining,0,"(47.59918737100003, -122.32309939399994)",24453,0,N,10-391927
145395,111798,111798,Intersection,Cycles,0,,,0,,11/08/2010 12:00:00 AM +0000,11/8/2010 6:17:00 PM,1,28788,At Intersection (intersection related),Dark - Street Lights On,DEXTER AVE N AND THOMAS ST,0,1,,1,3373757,Dry,51,PEDALCYCLIST STRUCK MOTOR VEHICLE FRONT END AT ANGLE,10312015,10073,0,2,Injury Collision,,45,Bicycle,Matched,N,0,Clear or Partly Cloudy,0,"(47.620888395000065, -122.34238173099999)",12606,0,N,2010-390776
145533,33011,33011,Block,Cycles,348.5,,,0,,11/09/2005 12:00:00 AM +0000,11/9/2005,0,,Driveway Junction,Daylight,NW BALLARD WAY BETWEEN 11TH AVE NW AND 14TH AVE NW,0,1,,2,2060811,Dry,51,PEDALCYCLIST STRUCK MOTOR VEHICLE FRONT END AT ANGLE,05313031,19155,0,1,Property Damage Only Collision,,45,Bicycle,Matched,0,1,Overcast,0,"(47.66293138100008, -122.37217902499998)",0,0,N,05 480507
145568,32876,32876,Block,Cycles,141.5,,,0,,12/15/2005 12:00:00 AM +0000,12/15/2005 6:24:00 PM,1,,Driveway Junction,Dark - Street Lights On,8TH AVE NW BETWEEN NW MARKET ST AND NW 56TH ST,0,1,Y,2,2185286,Dry,18,"MOTOR VEHICLE STRUCK PEDALCYCLIST, FRONT END AT ANGLE",05349008,8384,0,2,Injury Collision,,45,Bicycle,Matched,0,1,Clear or Partly Cloudy,0,"(47.66904055700007, -122.36617843999994)",0,0,N,50531882
145573,32871,32871,Intersection,Cycles,0,,,0,,09/21/2005 12:00:00 AM +0000,9/21/2005 12:27:00 AM,1,29005,At Intersection (intersection related),Dark - Street Lights On,12TH AVE E AND E MERCER ST,0,1,,2,1198796,Dry,51,PEDALCYCLIST STRUCK MOTOR VEHICLE FRONT END AT ANGLE,05264035,1555,0,2,Injury Collision,,45,Bicycle,Matched,0,1,Clear or Partly Cloudy,0,"(47.62426222800008, -122.31673674099994)",0,0,N,05-404727
145604,112622,112622,Intersection,Cycles,0,,,0,,10/14/2010 12:00:00 AM +0000,10/14/2010 11:35:00 AM,1,25463,At Intersection (intersection related),Daylight,LEARY WAY NW AND NW BALLARD WAY,0,1,Y,2,3565412,Dry,51,PEDALCYCLIST STRUCK MOTOR VEHICLE FRONT END AT ANGLE,10287037,8565,0,2,Injury Collision,,45,Bicycle,Matched,N,1,Clear or Partly Cloudy,0,"(47.66293721900007, -122.36860020099999)",17333,0,N,10 359621
145624,111118,111118,Intersection,Cycles,0,,,0,,09/20/2010 12:00:00 AM +0000,9/20/2010 3:56:00 PM,1,24499,At Intersection (intersection related),Daylight,ROOSEVELT WAY NE AND NE 66TH ST,0,1,Y,2,3558932,Dry,51,PEDALCYCLIST STRUCK MOTOR VEHICLE FRONT END AT ANGLE,10263002,12616,1,2b,Serious Injury Collision,,45,Bicycle,Matched,N,1,Clear or Partly Cloudy,0,"(47.67655440100003, -122.31737321599996)",9394,0,N,10-329704
145651,111796,111796,Intersection,Cycles,0,,,0,,11/05/2010 12:00:00 AM +0000,11/5/2010 5:56:00 PM,1,30453,At Intersection (intersection related),Dark - Street Lights On,GOLF DR S AND S CHARLES ST,0,1,Y,3,3374162,Wet,18,"MOTOR VEHICLE STRUCK PEDALCYCLIST, FRONT END AT ANGLE",10309049,10668,0,2,Injury Collision,,45,Bicycle,Matched,N,1,Raining,0,"(47.594281684000066, -122.31657709199999)",14097,0,N,2010-387285
145687,111919,111919,Block,Cycles,57.5,,,0,,11/19/2010 12:00:00 AM +0000,11/19/2010 5:30:00 PM,1,,Mid-Block (but intersection related),Dark - Street Lights On,17TH AVE BETWEEN E PINE ST AND E MADISON ST,0,1,,2,3387181,Wet,51,PEDALCYCLIST STRUCK MOTOR VEHICLE FRONT END AT ANGLE,10323034,2365,0,2,Injury Collision,,45,Bicycle,Matched,N,1,Unknown,0,"(47.61543076000004, -122.31015223499998)",0,0,N,10-404066
145724,112205,112205,Block,Cycles,150,,,0,,08/13/2010 12:00:00 AM +0000,8/13/2010 1:25:00 PM,1,,Mid-Block (not related to intersection),Daylight,ROOSEVELT WAY NE BETWEEN NE 63RD ST AND NE 64TH ST,0,1,Y,4,2892785,Dry,51,PEDALCYCLIST STRUCK MOTOR VEHICLE FRONT END AT ANGLE,10225023,12613,0,2,Injury Collision,,45,Bicycle,Matched,N,2,Clear or Partly Cloudy,0,"(47.67456673300006, -122.31736324099995)",9207,0,N,2010 282057
145734,112055,112055,Intersection,Cycles,0,,,0,,05/27/2010 12:00:00 AM +0000,5/27/2010 9:48:00 PM,1,30427,At Intersection (intersection related),Dark - Street Lights On,12TH AVE S AND S JACKSON ST,0,1,Y,2,3331964,Dry,51,PEDALCYCLIST STRUCK MOTOR VEHICLE FRONT END AT ANGLE,10147027,1654,0,2,Injury Collision,,45,Bicycle,Matched,N,1,Overcast,0,"(47.59918906300004, -122.31722284699998)",34790,0,N,10-176408
145816,32585,32585,Intersection,Cycles,0,,,0,,01/19/2005 12:00:00 AM +0000,1/19/2005 6:50:00 PM,1,29860,At Intersection (intersection related),Dark - Street Lights On,SUMMIT AVE AND E PINE ST,0,1,Y,2,1744979,Dry,18,"MOTOR VEHICLE STRUCK PEDALCYCLIST, FRONT END AT ANGLE",05019007,12987,0,2,Injury Collision,,45,Bicycle,Matched,0,1,Clear or Partly Cloudy,0,"(47.615218748000075, -122.325528841)",0,0,N,05-026650
145875,32016,32016,Block,Cycles,2363.5,,,0,Y,05/11/2004 12:00:00 AM +0000,5/11/2004 6:45:00 AM,1,,Driveway Junction,Daylight,WEST MARGINAL WAY SW BETWEEN SW BRANDON ST AND SW FRONT ST,0,1,,2,1790265,Wet,18,"MOTOR VEHICLE STRUCK PEDALCYCLIST, FRONT END AT ANGLE",04132014,23538,0,2,Injury Collision,,45,Bicycle,Matched,0,1,Clear or Partly Cloudy,0,"(47.54737055100003, -122.34509634399996)",0,0,N,04-189103
145908,32154,32154,Intersection,Cycles,0,,,0,,03/01/2004 12:00:00 AM +0000,3/1/2004,1,27039,At Intersection (intersection related),Daylight,FREMONT AVE N AND N 34TH ST,0,1,Y,2,1930847,Dry,18,"MOTOR VEHICLE STRUCK PEDALCYCLIST, FRONT END AT ANGLE",04061034,10485,0,2,Injury Collision,,45,Bicycle,Matched,0,1,Clear or Partly Cloudy,0,"(47.64958972900007, -122.34974744899995)",0,0,N,5055517
145969,111242,111242,Block,Cycles,489,,,0,,02/01/2010 12:00:00 AM +0000,2/1/2010 11:04:00 PM,1,,Mid-Block (not related to intersection),Dark - Street Lights On,N 143RD ST BETWEEN EVANSTON AVE N AND LINDEN AVE N,0,1,,2,3376154,Wet,18,"MOTOR VEHICLE STRUCK PEDALCYCLIST, FRONT END AT ANGLE",10032016,15238,0,2,Injury Collision,,45,Bicycle,Matched,N,1,Overcast,0,"(47.73231424100004, -122.34976845499995)",0,0,N,2010-37045
146019,112468,112468,Intersection,Cycles,0,,,0,,11/20/2010 12:00:00 AM +0000,11/20/2010 7:51:00 AM,0,36527,At Intersection (intersection related),Daylight,ROOSEVELT WAY NE AND NE 105TH ST,0,1,Y,2,3376902,Wet,18,"MOTOR VEHICLE STRUCK PEDALCYCLIST, FRONT END AT ANGLE",10324007,12651,0,1,Property Damage Only Collision,,45,Bicycle,Matched,N,1,Overcast,0,"(47.70492007900003, -122.31779966899995)",7818,0,N,10-404429
146056,112334,112334,Intersection,Cycles,0, ,,0,,10/22/2010 12:00:00 AM +0000,10/22/2010 7:53:00 AM,1,30365,At Intersection (intersection related),Daylight,1ST AVE S AND S JACKSON ST,0,1,,2,3560301,Wet,51,PEDALCYCLIST STRUCK MOTOR VEHICLE FRONT END AT ANGLE,10295033,1188,0,2,Injury Collision,,45,Bicycle,Matched,N,1,Overcast,0,"(47.59920482900003, -122.33418803199999)",0,521022,N,10-369208
146098,111778,111778,Intersection,Cycles,0, ,,0,,02/08/2010 12:00:00 AM +0000,2/8/2010 3:46:00 PM,1,30430,At Intersection (intersection related),Daylight,12TH AVE S AND S KING ST,0,1,,2,3329355,Dry,18,"MOTOR VEHICLE STRUCK PEDALCYCLIST, FRONT END AT ANGLE",10039005,1655,0,2,Injury Collision,,45,Bicycle,Matched,N,1,Clear or Partly Cloudy,0,"(47.59833759300005, -122.317227979)",0,521161,N,10-44877