OBJECTID,INCKEY,COLDETKEY,ADDRTYPE,COLLISIONTYPE,DISTANCE,EXCEPTRSNCODE,EXCEPTRSNDESC,FATALITIES,INATTENTIONIND,INCDATE,INCDTTM,INJURIES,INTKEY,JUNCTIONTYPE,LIGHTCOND,LOCATION,PEDCOUNT,PEDCYLCOUNT,PEDROWNOTGRNT,PERSONCOUNT,REPORTNO,ROADCOND,SDOT_COLCODE,SDOT_COLDESC,SDOTCOLNUM,SEGKEY,SERIOUSINJURIES,SEVERITYCODE,SEVERITYDESC,SPEEDING,ST_COLCODE,ST_COLDESC,STATUS,UNDERINFL,VEHCOUNT,WEATHER,WIDTH,Shape,SEGLANEKEY,CROSSWALKKEY,HITPARKEDCAR,SPDCASENO
146122,32003,32003,Intersection,Cycles,0,,,0,,06/30/2004 12:00:00 AM +0000,6/30/2004 10:00:00 AM,1,29863,At Intersection (intersection related),Daylight,MELROSE AVE AND PINE ST,0,1,,2,1216827,Dry,51,PEDALCYCLIST STRUCK MOTOR VEHICLE FRONT END AT ANGLE,04182022,11745,0,2,Injury Collision,,45,Bicycle,Matched,0,1,Clear or Partly Cloudy,0,"(47.615238420000026, -122.32790375499997)",0,0,N,04-267550
146175,113017,113017,Block,Cycles,420,,,0,,12/30/2010 12:00:00 AM +0000,12/30/2010 4:30:00 PM,1,,Mid-Block (not related to intersection),Dusk,EASTLAKE AVE E BETWEEN E LYNN ST AND E LOUISA ST,0,1,,3,3335417,Dry,51,PEDALCYCLIST STRUCK MOTOR VEHICLE FRONT END AT ANGLE,10364006,10177,0,2,Injury Collision,,45,Bicycle,Matched,N,1,Clear or Partly Cloudy,0,"(47.64087739100006, -122.325889916)",54728,0,N,10-447174
146197,113014,113014,Intersection,Cycles,0, ,,0,,10/09/2010 12:00:00 AM +0000,10/9/2010 6:38:00 PM,0,30656,At Intersection (but not related to intersection),Daylight,28TH AVE S AND S CHARLES ST,0,1,,2,3332405,Dry,51,PEDALCYCLIST STRUCK MOTOR VEHICLE FRONT END AT ANGLE,10282001,4184,0,1,Property Damage Only Collision,,45,Bicycle,Matched,N,1,Clear or Partly Cloudy,0,"(47.59449258300003, -122.29657526899996)",0,0,N,10-235523
146213,112325,112325,Block,Cycles,153,,,0,,05/20/2010 12:00:00 AM +0000,5/20/2010 4:41:00 PM,1,,Mid-Block (but intersection related),Daylight,1ST AVE BETWEEN SPRING ST AND SENECA ST,0,1,,3,3346257,Dry,55,PEDALCYCLIST STRUCK MOTOR VEHICLE RIGHT SIDE SIDESWIPE,10140021,1005,0,2,Injury Collision,,45,Bicycle,Matched,N,1,Overcast,0,"(47.60576386300005, -122.33721651799999)",36752,0,N,2010-166087
146262,32381,32381,Intersection,Cycles,0,,,0,,11/07/2004 12:00:00 AM +0000,11/7/2004,1,35533,At Intersection (intersection related),Daylight,LAKE WASHINGTON BLVD S AND S CHARLES ST,0,1,,2,C649611,Dry,69,PEDALCYCLIST OVERTURNED IN ROAD,04312029,11223,0,2,Injury Collision,,45,Bicycle,Matched,0,1,Overcast,0,"(47.59458293500006, -122.289160246)",0,0,N,
146292,31956,31956,Block,Cycles,350.5,,,0,Y,08/28/2004 12:00:00 AM +0000,8/28/2004 2:30:00 PM,0,,Driveway Junction,Daylight,LAKE CITY WAY NE BETWEEN NE 127TH ST AND NE 130TH ST,0,1,Y,2,1774435,Dry,18,"MOTOR VEHICLE STRUCK PEDALCYCLIST, FRONT END AT ANGLE",04241002,11184,0,1,Property Damage Only Collision,,45,Bicycle,Matched,0,1,Clear or Partly Cloudy,0,"(47.721985407000034, -122.29364266799996)",0,0,N,04-361012
146331,32095,32095,Block,Cycles,133,,,0,,06/29/2004 12:00:00 AM +0000,6/29/2004 3:40:00 PM,0,,Mid-Block (not related to intersection),Daylight,8TH AVE NW BETWEEN NW 48TH ST AND NW 49TH ST,0,1,Y,2,1793753,Dry,21,"MOTOR VEHICLE STRUCK PEDALCYCLIST, REAR END",04181041,8377,0,1,Property Damage Only Collision,,45,Bicycle,Matched,0,1,Clear or Partly Cloudy,0,"(47.66401468400005, -122.36619032399994)",0,0,N,04 268006
146349,31949,31949,Block,Cycles,166,,,0,,08/04/2004 12:00:00 AM +0000,8/4/2004,1,,Mid-Block (not related to intersection),Daylight,ALASKAN E RDWY WAY S BETWEEN YESLER WAY AND S WASHINGTON ST,0,1,,2,1213866,Dry,51,PEDALCYCLIST STRUCK MOTOR VEHICLE FRONT END AT ANGLE,04217028,8753,1,2b,Serious Injury Collision,,45,Bicycle,Matched,0,1,Clear or Partly Cloudy,0,"(47.60132158700003, -122.33572483399996)",0,0,N,04 323914
146466,32069,32069,Block,Cycles,330,,,0,,07/30/2004 12:00:00 AM +0000,7/30/2004 7:00:00 AM,1,,Mid-Block (not related to intersection),Daylight,UNIVERSITY WAY NE BETWEEN NE 47TH ST AND NE 50TH ST,0,1,Y,2,1781000,Dry,56,PEDALCYCLIST STRUCK MOTOR VEHICLE LEFT SIDE SIDESWIPE,04212005,13223,0,2,Injury Collision,,45,Bicycle,Matched,0,1,Overcast,0,"(47.66399488800005, -122.31308797799994)",0,0,N,04 315840
146474,112042,112042,Intersection,Cycles,0,,,0,,12/31/2010 12:00:00 AM +0000,12/31/2010 3:18:00 PM,0,36480,At Intersection (intersection related),Daylight,ROOSEVELT WAY NE AND NE 115TH ST,0,1,Y,2,3375113,Dry,18,"MOTOR VEHICLE STRUCK PEDALCYCLIST, FRONT END AT ANGLE",10365027,12659,0,1,Property Damage Only Collision,,45,Bicycle,Matched,N,1,Clear or Partly Cloudy,0,"(47.71219944600006, -122.31790869199995)",33858,0,N,10-448130
146565,111877,111877,Intersection,Cycles,0,,,0,,12/10/2010 12:00:00 AM +0000,12/10/2010 8:41:00 AM,1,24981,At Intersection (intersection related),Daylight,44TH AVE NE AND NE 65TH ST,0,1,Y,2,3562078,Dry,18,"MOTOR VEHICLE STRUCK PEDALCYCLIST, FRONT END AT ANGLE",10344004,6695,0,2,Injury Collision,,45,Bicycle,Matched,N,1,Clear or Partly Cloudy,0,"(47.67578869100004, -122.28087630899995)",0,0,N,10-425080
146570,112436,112436,Intersection,Cycles,0,,,0,,01/13/2010 12:00:00 AM +0000,1/13/2010 8:00:00 PM,1,24119,At Intersection (intersection related),Dark - No Street Lights,MARY AVE NW AND NW 83RD ST,0,1,Y,2,3327873,Wet,18,"MOTOR VEHICLE STRUCK PEDALCYCLIST, FRONT END AT ANGLE",10013044,11684,0,2,Injury Collision,,45,Bicycle,Matched,N,1,Raining,0,"(47.68872885700006, -122.37546004999996)",0,0,N,2010-16702
146687,32048,32048,Block,Cycles,160,,,0,,04/27/2004 12:00:00 AM +0000,4/27/2004 7:53:00 AM,1,,Mid-Block (not related to intersection),Daylight,N 34TH ST BETWEEN WOODLAND PARK AVE N AND STONE WAY N,0,1,Y,0,566945,Dry,23,"MOTOR VEHICLE STRUCK PEDALCYCLIST, LEFT SIDE SIDESWIPE",04118007,15289,0,2,Injury Collision,,45,Bicycle,Matched,0,1,Clear or Partly Cloudy,0,"(47.64863709600007, -122.34341043199998)",0,0,N,04-168130
146810,111077,111077,Intersection,Cycles,0,,,0,,12/21/2010 12:00:00 AM +0000,12/21/2010 2:15:00 PM,1,33118,At Intersection (intersection related),Daylight,AIRPORT WAY S AND S VALE ST,0,1,Y,2,3331708,Wet,18,"MOTOR VEHICLE STRUCK PEDALCYCLIST, FRONT END AT ANGLE",10355009,8696,0,2,Injury Collision,,45,Bicycle,Matched,N,1,Overcast,0,"(47.54924358000005, -122.31689513899994)",0,0,N,2010-438765
146861,111213,111213,Block,Cycles,132,,,0,,07/29/2010 12:00:00 AM +0000,7/29/2010 3:58:00 PM,1,,Mid-Block (not related to intersection),Daylight,NE 45TH ST BETWEEN THACKERAY PL NE AND LATONA AVE NE,0,1,Y,3,2881318,Dry,51,PEDALCYCLIST STRUCK MOTOR VEHICLE FRONT END AT ANGLE,10210026,16840,0,2,Injury Collision,,45,Bicycle,Matched,N,1,Clear or Partly Cloudy,0,"(47.66134675500007, -122.32564536499996)",6540,0,N,2010-262077
146867,111481,111481,Block,Cycles,316.5,,,0,,01/06/2010 12:00:00 AM +0000,1/6/2010 6:08:00 PM,1,,Driveway Junction,Dark - Street Lights On,S MYRTLE ST BETWEEN 38TH AVE S AND M L KING JR WR WAY S,0,1,Y,2,3343969,Dry,18,"MOTOR VEHICLE STRUCK PEDALCYCLIST, FRONT END AT ANGLE",10006020,20914,0,2,Injury Collision,,45,Bicycle,Matched,N,1,Clear or Partly Cloudy,0,"(47.53888304000003, -122.28346561699999)",0,0,N,Oct-16
146869,111479,111479,Block,Cycles,166.5,,,0,,06/01/2010 12:00:00 AM +0000,6/1/2010 7:08:00 PM,0,,Mid-Block (not related to intersection),Dusk,2ND AV ET S BETWEEN S JACKSON ST AND S MAIN ST,0,1,Y,2,3346154,Wet,18,"MOTOR VEHICLE STRUCK PEDALCYCLIST, FRONT END AT ANGLE",10152031,2924,0,1,Property Damage Only Collision,,45,Bicycle,Matched,N,1,Overcast,0,"(47.59959343600008, -122.33000949799998)",35929,0,N,10-182985
146957,111352,111352,Intersection,Cycles,0,,,0,,09/16/2010 12:00:00 AM +0000,9/16/2010 6:21:00 PM,1,28916,At Intersection (intersection related),Daylight,3RD AVE N AND MERCER ST,0,1,Y,2,3208695,Wet,51,PEDALCYCLIST STRUCK MOTOR VEHICLE FRONT END AT ANGLE,10259004,4397,0,2,Injury Collision,,45,Bicycle,Matched,N,1,Raining,0,"(47.624569963000056, -122.35148741499995)",12365,0,N,10-325205
147026,31852,31852,Intersection,Cycles,0,,,0,,08/20/2004 12:00:00 AM +0000,8/20/2004 9:36:00 AM,1,28919,At Intersection (intersection related),Daylight,1ST AVE N AND MERCER ST,0,1,Y,2,1072162,Dry,18,"MOTOR VEHICLE STRUCK PEDALCYCLIST, FRONT END AT ANGLE",04233002,1030,0,2,Injury Collision,,45,Bicycle,Matched,0,1,Clear or Partly Cloudy,0,"(47.624578246000056, -122.355403922)",0,0,N,04 348959
147054,111893,111893,Intersection,Cycles,0, ,,0,,08/04/2010 12:00:00 AM +0000,8/4/2010 6:47:00 PM,1,24265,At Intersection (intersection related),Dusk,DAYTON AVE N AND N 84TH ST,0,1,,4,3377015,Dry,51,PEDALCYCLIST STRUCK MOTOR VEHICLE FRONT END AT ANGLE,10216031,9926,0,2,Injury Collision,,45,Bicycle,Matched,N,1,Clear or Partly Cloudy,0,"(47.68983593300004, -122.35260226899999)",0,0,N,10-270540
147139,31728,31728,Intersection,Cycles,0,,,0,,08/02/2004 12:00:00 AM +0000,8/2/2004,0,28058,At Intersection (intersection related),Daylight,4TH AVE N AND DEXTER S AVE N,0,1,Y,2,1217176,Unknown,18,"MOTOR VEHICLE STRUCK PEDALCYCLIST, FRONT END AT ANGLE",04215001,10095,0,1,Property Damage Only Collision,,45,Bicycle,Matched,0,1,Clear or Partly Cloudy,0,"(47.64570977100004, -122.34948774899999)",0,0,N,04-324511
147177,31872,31872,Block,Cycles,213,,,0,Y,10/07/2004 12:00:00 AM +0000,10/7/2004,1,,Mid-Block (not related to intersection),Daylight,12TH AVE BETWEEN E COLUMBIA ST AND E MARION ST,0,1,,3,1074718,Dry,56,PEDALCYCLIST STRUCK MOTOR VEHICLE LEFT SIDE SIDESWIPE,04281004,1533,0,2,Injury Collision,,45,Bicycle,Matched,0,1,Clear or Partly Cloudy,0,"(47.609809435000045, -122.31677966199999)",0,0,N,4420996
147205,113002,113002,Block,Cycles,88.5,,,0,,09/09/2010 12:00:00 AM +0000,9/9/2010 5:30:00 PM,1,,Mid-Block (not related to intersection),Daylight,30TH AVE BETWEEN E CHERRY ST AND E ARLINGTON PL,0,1,,2,3345754,Dry,15,"MOTOR VEHICLE STRUCK MOTOR VEHICLE, RIGHT SIDE SIDESWIPE",10252021,4581,0,2,Injury Collision,,45,Bicycle,Matched,N,1,Clear or Partly Cloudy,0,"(47.60823329200008, -122.293652883)",0,0,N,2010-317257
147207,112873,112873,Intersection,Cycles,0,,,0,,10/01/2010 12:00:00 AM +0000,10/1/2010 1:35:00 PM,0,29631,At Intersection (intersection related),Daylight,ALASKAN WAY AND MADISON ST,0,1,,2,3345654,Dry,54,PEDALCYCLIST STRUCK MOTOR VEHICLE REAR END,10274041,8720,0,1,Property Damage Only Collision,,45,Bicycle,Matched,N,1,Clear or Partly Cloudy,0,"(47.60378134500007, -122.33842408999999)",38504,0,N,2010-343382
147308,31557,31557,Intersection,Cycles,0,,,0,,06/08/2004 12:00:00 AM +0000,6/8/2004,1,29052,At Intersection (intersection related),Daylight,BROADWAY E AND E OLIVE WAY,0,1,,2,1327974,Dry,51,PEDALCYCLIST STRUCK MOTOR VEHICLE FRONT END AT ANGLE,04160026,9452,0,2,Injury Collision,,45,Bicycle,Matched,0,1,Overcast,0,"(47.61990774700007, -122.32087289199995)",0,0,N,4232588
147403,31410,31410,Intersection,Cycles,0,,,0,,01/12/2004 12:00:00 AM +0000,1/12/2004 7:30:00 AM,1,25633,At Intersection (intersection related),Dawn,PHINNEY AVE N AND N ARGYLE PL,0,1,Y,2,1782490,Wet,18,"MOTOR VEHICLE STRUCK PEDALCYCLIST, FRONT END AT ANGLE",04012023,12151,0,2,Injury Collision,,45,Bicycle,Matched,0,1,Clear or Partly Cloudy,0,"(47.669109054000046, -122.35440494899996)",0,0,N,4015330
147420,31403,31403,Intersection,Cycles,0,,,0,,07/16/2004 12:00:00 AM +0000,7/16/2004 3:53:00 PM,1,36339,At Intersection (intersection related),Daylight,AURORA AVE N AND N 117TH PL,0,1,,2,1080006,Dry,51,PEDALCYCLIST STRUCK MOTOR VEHICLE FRONT END AT ANGLE,04198005,8991,0,2,Injury Collision,,45,Bicycle,Matched,0,1,Clear or Partly Cloudy,0,"(47.71477675400007, -122.344852549)",0,0,N,04-294441
147432,31393,31393,Intersection,Cycles,0,,,0,,08/10/2004 12:00:00 AM +0000,8/10/2004 5:42:00 PM,1,35443,At Intersection (intersection related),Daylight,RAINIER AVE S AND S HENDERSON ST,0,1,Y,2,1793638,Dry,18,"MOTOR VEHICLE STRUCK PEDALCYCLIST, FRONT END AT ANGLE",04223004,12420,1,2b,Serious Injury Collision,,45,Bicycle,Matched,0,1,Clear or Partly Cloudy,0,"(47.52330726800005, -122.26998603899995)",0,0,N,04 335806
147510,112007,112007,Block,Cycles,363.5,,,0,,06/24/2010 12:00:00 AM +0000,6/24/2010 5:15:00 PM,0,,Mid-Block (not related to intersection),Daylight,1ST WR AVE S BETWEEN S HINDS ST AND S SPOKANE NR ST,0,1,Y,2,3332235,Dry,51,PEDALCYCLIST STRUCK MOTOR VEHICLE FRONT END AT ANGLE,10175014,1212,0,1,Property Damage Only Collision,,45,Bicycle,Matched,N,1,Clear or Partly Cloudy,0,"(47.57273191500008, -122.33433870999994)",0,0,N,2010-214881
147532,111602,111602,Intersection,Cycles,0,,,0,,06/18/2010 12:00:00 AM +0000,6/18/2010 10:49:00 PM,1,29603,At Intersection (intersection related),Dark - Street Lights On,2ND AVE AND UNIVERSITY ST,0,1,,2,2793748,Dry,51,PEDALCYCLIST STRUCK MOTOR VEHICLE FRONT END AT ANGLE,10169039,2756,0,2,Injury Collision,,45,Bicycle,Matched,N,1,Clear or Partly Cloudy,0,"(47.60729905800008, -122.33708679799997)",12166,0,N,10-208429
147542,111466,111466,Intersection,Cycles,0, ,,0,,08/08/2010 12:00:00 AM +0000,8/8/2010 9:36:00 AM,1,35969,At Intersection (intersection related),Daylight,1ST AVE NE AND NE 130TH ST,0,1,,2,3333661,Wet,51,PEDALCYCLIST STRUCK MOTOR VEHICLE FRONT END AT ANGLE,10220015,1106,1,2b,Serious Injury Collision,,45,Bicycle,Matched,N,1,Raining,0,"(47.72316551600005, -122.32891834799995)",0,524136,N,2010-275401
147590,112971,112971,Intersection,Cycles,0,,,0,,09/12/2010 12:00:00 AM +0000,9/12/2010 5:40:00 PM,1,25468,At Intersection (intersection related),Daylight,15TH NB AVE NW AND NW LEARY WAY,0,1,,3,2892788,Dry,51,PEDALCYCLIST STRUCK MOTOR VEHICLE FRONT END AT ANGLE,10255013,2212,0,2,Injury Collision,,45,Bicycle,Matched,N,1,Clear or Partly Cloudy,0,"(47.66366435200007, -122.37612339299994)",18245,0,N,2010-320109
147640,111457,111457,Intersection,Cycles,0,,,0,,05/19/2010 12:00:00 AM +0000,5/19/2010 3:21:00 PM,1,30190,At Intersection (intersection related),Daylight,20TH AVE AND E JEFFERSON ST,0,1,Y,2,3332053,Wet,51,PEDALCYCLIST STRUCK MOTOR VEHICLE FRONT END AT ANGLE,10139027,2934,0,2,Injury Collision,,45,Bicycle,Matched,N,1,Raining,0,"(47.60616745200008, -122.30633165599994)",34934,0,N,10-164732
147643,111455,111455,Intersection,Cycles,0,,,0,,05/18/2010 12:00:00 AM +0000,5/18/2010 1:30:00 PM,1,29512,At Intersection (intersection related),Daylight,BELL ST AND DENNY WAY,0,1,Y,2,3326861,Dry,51,PEDALCYCLIST STRUCK MOTOR VEHICLE FRONT END AT ANGLE,10138007,8529,0,2,Injury Collision,,45,Bicycle,Matched,N,1,Clear or Partly Cloudy,0,"(47.61854012600003, -122.33983235199997)",23480,0,N,10-163211
147660,112685,112685,Intersection,Cycles,0,,,0,,01/12/2010 12:00:00 AM +0000,1/12/2010 1:45:00 PM,0,30737,At Intersection (intersection related),Daylight,18TH AVE S AND S WASHINGTON ST,0,1,Y,2,3199574,Wet,18,"MOTOR VEHICLE STRUCK PEDALCYCLIST, FRONT END AT ANGLE",10012007,2590,0,1,Property Damage Only Collision,,45,Bicycle,Matched,N,1,Raining,0,"(47.60083884200003, -122.30896284799996)",0,0,N,10-13258
147681,113103,113103,Intersection,Cycles,0,,,0,,10/20/2010 12:00:00 AM +0000,10/20/2010 6:26:00 PM,1,29774,At Intersection (intersection related),Dark - Street Lights On,12TH AVE AND E SPRING ST,0,1,Y,2,3386779,Dry,51,PEDALCYCLIST STRUCK MOTOR VEHICLE FRONT END AT ANGLE,10293028,1535,0,2,Injury Collision,,45,Bicycle,Matched,N,1,Clear or Partly Cloudy,0,"(47.61156267600006, -122.31677888999997)",10730,0,N,2010-367354
147695,112555,112555,Intersection,Cycles,0, ,,0,,05/02/2010 12:00:00 AM +0000,5/2/2010 2:04:00 PM,1,29579,At Intersection (intersection related),Daylight,4TH AVE AND PINE ST,1,1,,2,3200692,Dry,64,PEDALCYCLIST STRUCK PEDESTRIAN,10122004,6133,0,2,Injury Collision,,45,Bicycle,Matched,N,0,Clear or Partly Cloudy,0,"(47.61120737300007, -122.33759198199999)",12761,521865,N,2010-142888
147727,31627,31627,Intersection,Cycles,0,,,0,,03/22/2004 12:00:00 AM +0000,3/22/2004 2:10:00 PM,1,27167,At Intersection (intersection related),Daylight,UNIVERSITY WAY NE AND NE PACIFIC ST,0,1,Y,0,792822,Dry,18,"MOTOR VEHICLE STRUCK PEDALCYCLIST, FRONT END AT ANGLE",04082024,13215,0,2,Injury Collision,,45,Bicycle,Matched,0,1,Clear or Partly Cloudy,0,"(47.65339944100003, -122.31333457599999)",0,0,N,04-000621
147792,112284,112284,Block,Cycles,143.5,,,0,,06/09/2010 12:00:00 AM +0000,6/9/2010 2:20:00 PM,1,,Mid-Block (not related to intersection),Daylight,E ALDER ST BETWEEN BOREN AVE AND 10TH AVE,0,1,,2,3332238,Wet,51,PEDALCYCLIST STRUCK MOTOR VEHICLE FRONT END AT ANGLE,10160040,13774,0,2,Injury Collision,,45,Bicycle,Matched,N,1,Raining,0,"(47.60436137100004, -122.31999365599995)",0,0,N,10-222290
147808,111724,111724,Intersection,Cycles,0,,,0,,02/10/2010 12:00:00 AM +0000,2/10/2010 8:08:00 AM,1,30752,At Intersection (intersection related),Daylight,18TH AVE S AND S JACKSON ST,0,1,Y,2,3329477,Dry,18,"MOTOR VEHICLE STRUCK PEDALCYCLIST, FRONT END AT ANGLE",10041005,2592,0,2,Injury Collision,,45,Bicycle,Matched,N,1,Clear or Partly Cloudy,0,"(47.599238971000034, -122.308967844)",11040,0,N,2010-4678
147825,111587,111587,Intersection,Cycles,0,NEI,"Not Enough Information, or Insufficient Location Information",0,,05/08/2010 12:00:00 AM +0000,5/8/2010 12:22:00 PM,1,26726,At Intersection (intersection related),Unknown,13TH AVE W AND W NICKERSON ST,0,1,,2,3330272,Unknown,18,"MOTOR VEHICLE STRUCK PEDALCYCLIST, FRONT END AT ANGLE",10128032,1839,0,2,Injury Collision,,45,Bicycle,Matched,N,1,Unknown,0,"(47.65551366400007, -122.37361083699994)",12549,0,N,2010-155245
147830,111852,111852,Block,Cycles,124.5,,,0,,04/15/2010 12:00:00 AM +0000,4/15/2010 8:18:00 PM,1,,Driveway Junction,Dark - Street Lights On,NE 45TH ST BETWEEN 1ST AVE NE AND 2ND AVE NE,0,1,Y,2,3284671,Dry,51,PEDALCYCLIST STRUCK MOTOR VEHICLE FRONT END AT ANGLE,10105002,16838,0,2,Injury Collision,Y,45,Bicycle,Matched,N,1,Clear or Partly Cloudy,0,"(47.661357277000036, -122.32775751099996)",6532,0,N,10-122866
148005,112409,112409,Intersection,Cycles,0,,,0,,08/06/2010 12:00:00 AM +0000,8/6/2010 3:18:00 PM,0,29013,At Intersection (intersection related),Daylight,14TH AVE E AND E REPUBLICAN ST,0,1,,2,3332033,Dry,51,PEDALCYCLIST STRUCK MOTOR VEHICLE FRONT END AT ANGLE,10218027,1860,0,1,Property Damage Only Collision,,45,Bicycle,Matched,N,1,Clear or Partly Cloudy,0,"(47.623109801000055, -122.31465385899998)",0,0,N,10-273084
148014,112406,112406,Intersection,Cycles,0,,,0,,07/01/2010 12:00:00 AM +0000,7/1/2010 5:28:00 PM,1,30355,At Intersection (intersection related),Daylight,2ND AVE AND CHERRY ST,0,1,,2,2623325,Dry,11,"MOTOR VEHICLE STRUCK MOTOR VEHICLE, FRONT END AT ANGLE",10182028,2750,0,2,Injury Collision,,45,Bicycle,Matched,N,1,Clear or Partly Cloudy,0,"(47.60301939300007, -122.33317224599995)",12035,0,N,10-223982
148032,111979,111979,Intersection,Cycles,0,,,0,Y,09/29/2010 12:00:00 AM +0000,9/29/2010 3:32:00 PM,1,29761,At Intersection (intersection related),Daylight,12TH AVE AND E MADISON ST,0,1,Y,2,3283340,Dry,18,"MOTOR VEHICLE STRUCK PEDALCYCLIST, FRONT END AT ANGLE",10272016,1536,0,2,Injury Collision,,45,Bicycle,Matched,N,1,Clear or Partly Cloudy,0,"(47.61288923600006, -122.31673339099996)",10773,0,N,2010-340894
148079,111585,111585,Block,Cycles,180,,,0,,09/22/2010 12:00:00 AM +0000,9/22/2010 5:10:00 PM,0,,Mid-Block (not related to intersection),Daylight,2ND AV ET S BETWEEN S WASHINGTON ST AND YESLER WAY,0,1,,2,3373659,Dry,18,"MOTOR VEHICLE STRUCK PEDALCYCLIST, FRONT END AT ANGLE",10265018,2926,0,1,Property Damage Only Collision,,45,Bicycle,Matched,N,1,Clear or Partly Cloudy,0,"(47.601297429000056, -122.33159812799994)",0,0,N,10 332359
148088,111582,111582,Intersection,Cycles,0, ,,0,,06/08/2010 12:00:00 AM +0000,6/8/2010 8:23:00 AM,1,28437,At Intersection (intersection related),Daylight,BOYER AVE E AND E LYNN ST,0,1,,2,3332176,Dry,00,NOT ENOUGH INFORMATION / NOT APPLICABLE,10159019,2245,0,2,Injury Collision,,45,Bicycle,Matched,N,1,Clear or Partly Cloudy,0,"(47.63956180000008, -122.31077139499996)",35868,0,N,10-192147
148097,111042,111042,Block,Cycles,993,,,0,Y,07/24/2010 12:00:00 AM +0000,7/24/2010 4:05:00 PM,1,,Mid-Block (not related to intersection),Daylight,N 115TH ST BETWEEN STONE AVE N AND MERIDIAN AVE N,0,1,,3,3377245,Dry,54,PEDALCYCLIST STRUCK MOTOR VEHICLE REAR END,10205028,15076,0,2,Injury Collision,,45,Bicycle,Matched,N,1,Clear or Partly Cloudy,0,"(47.71230180500004, -122.33809240799997)",32878,0,N,10-255341
148135,111715,111715,Intersection,Cycles,0,,,0,,07/27/2010 12:00:00 AM +0000,7/27/2010 6:24:00 PM,1,27955,At Intersection (intersection related),Daylight,15TH AVE W AND W HOWE ST,0,1,Y,2,2796159,Dry,18,"MOTOR VEHICLE STRUCK PEDALCYCLIST, FRONT END AT ANGLE",10208025,2186,0,2,Injury Collision,,45,Bicycle,Matched,N,1,Clear or Partly Cloudy,0,"(47.63595304800003, -122.37613788399995)",19025,0,N,10-259470
148312,112124,112124,Intersection,Cycles,0,,,0,,05/15/2010 12:00:00 AM +0000,5/15/2010 2:08:00 AM,1,29577,At Intersection (intersection related),Dark - Street Lights On,5TH AVE AND PINE ST,0,1,,2,3346232,Dry,18,"MOTOR VEHICLE STRUCK PEDALCYCLIST, FRONT END AT ANGLE",10135006,7239,0,2,Injury Collision,,45,Bicycle,Matched,N,1,Clear or Partly Cloudy,0,"(47.61167201000006, -122.33648396599995)",21833,0,N,10-158883
148351,111571,111571,Block,Cycles,201,,,0,,10/15/2010 12:00:00 AM +0000,10/15/2010 8:04:00 AM,1,,Mid-Block (but intersection related),Daylight,E MCGRAW ST BETWEEN 15TH AVE E AND 16TH AVE E,0,1,Y,2,3386708,Wet,18,"MOTOR VEHICLE STRUCK PEDALCYCLIST, FRONT END AT ANGLE",10288009,14463,0,2,Injury Collision,,45,Bicycle,Matched,N,1,Clear or Partly Cloudy,0,"(47.64029575500007, -122.31153054299995)",6032,0,N,10-360693
148401,111163,111163,Block,Cycles,930.5,,,0,,06/05/2010 12:00:00 AM +0000,6/5/2010 5:38:00 PM,1,,Mid-Block (not related to intersection),Daylight,BALLARD BR BETWEEN 15TH AVE W AND POINT A,0,1,,9,3326341,Dry,23,"MOTOR VEHICLE STRUCK PEDALCYCLIST, LEFT SIDE SIDESWIPE",10156033,9047,1,2b,Serious Injury Collision,,45,Bicycle,Matched,N,1,Clear or Partly Cloudy,0,"(47.656987822000076, -122.37622256199995)",0,0,N,10-188759
148421,112392,112392,Intersection,Cycles,0, ,,0,,07/13/2010 12:00:00 AM +0000,7/13/2010 7:48:00 AM,1,32934,At Intersection (intersection related),Daylight,25TH AVE SW AND SW HUDSON ST,0,1,,2,3343106,Dry,51,PEDALCYCLIST STRUCK MOTOR VEHICLE FRONT END AT ANGLE,10194015,3803,0,2,Injury Collision,,45,Bicycle,Matched,N,1,Clear or Partly Cloudy,0,"(47.55747469100004, -122.36425503199996)",0,0,N,10-240764
148449,111568,111568,Intersection,Cycles,0,,,0,,10/12/2010 12:00:00 AM +0000,10/12/2010 2:40:00 PM,1,33064,At Intersection (intersection related),Daylight,AIRPORT WAY S AND S EDMUNDS ST,0,1,,1,3374377,Dry,51,PEDALCYCLIST STRUCK MOTOR VEHICLE FRONT END AT ANGLE,10285012,8688,0,2,Injury Collision,,45,Bicycle,Matched,N,0,Clear or Partly Cloudy,0,"(47.55980818000006, -122.32326997399997)",17569,0,N,10-357187
148475,112113,112113,Intersection,Cycles,0,,,0,,08/25/2010 12:00:00 AM +0000,8/25/2010 6:13:00 PM,1,33624,At Intersection (intersection related),Daylight,32ND AVE S AND S ORCAS ST,0,1,Y,2,3211324,Dry,51,PEDALCYCLIST STRUCK MOTOR VEHICLE FRONT END AT ANGLE,10237022,5033,0,2,Injury Collision,,45,Bicycle,Matched,N,1,Overcast,0,"(47.55095458100004, -122.29155569599999)",37891,0,N,10-297563