OBJECTID,INCKEY,COLDETKEY,ADDRTYPE,COLLISIONTYPE,DISTANCE,EXCEPTRSNCODE,EXCEPTRSNDESC,FATALITIES,INATTENTIONIND,INCDATE,INCDTTM,INJURIES,INTKEY,JUNCTIONTYPE,LIGHTCOND,LOCATION,PEDCOUNT,PEDCYLCOUNT,PEDROWNOTGRNT,PERSONCOUNT,REPORTNO,ROADCOND,SDOT_COLCODE,SDOT_COLDESC,SDOTCOLNUM,SEGKEY,SERIOUSINJURIES,SEVERITYCODE,SEVERITYDESC,SPEEDING,ST_COLCODE,ST_COLDESC,STATUS,UNDERINFL,VEHCOUNT,WEATHER,WIDTH,Shape,SEGLANEKEY,CROSSWALKKEY,HITPARKEDCAR,SPDCASENO
148653,109634,109634,Block,Cycles,498,,,0,,12/30/2010 12:00:00 AM +0000,12/30/2010 2:52:00 PM,1,,Mid-Block (not related to intersection),Daylight,ROOSEVELT WAY NE BETWEEN NE 105TH ST AND NE 108TH ST,0,1,Y,2,3376915,Dry,21,"MOTOR VEHICLE STRUCK PEDALCYCLIST, REAR END",10364024,12651,0,2,Injury Collision,,45,Bicycle,Matched,N,1,Clear or Partly Cloudy,0,"(47.70628405800005, -122.31781934599996)",7826,0,N,10-447082
148773,109778,109778,Intersection,Cycles,0, ,,0,,11/10/2010 12:00:00 AM +0000,11/10/2010 4:31:00 PM,0,30579,At Intersection (intersection related),Dusk,M L KING JR WAY AND E YESLER WAY,0,1,Y,2,3386718,Dry,18,"MOTOR VEHICLE STRUCK PEDALCYCLIST, FRONT END AT ANGLE",10314042,11481,0,1,Property Damage Only Collision,,45,Bicycle,Matched,N,1,Clear or Partly Cloudy,0,"(47.60165615300008, -122.29676784199995)",0,523687,N,10 393098
148848,109629,109629,Intersection,Cycles,0,,,0,,05/04/2010 12:00:00 AM +0000,5/4/2010,1,24458,At Intersection (intersection related),Daylight,6TH AVE NE AND NE 70TH N ST,0,1,Y,2,3333440,Dry,18,"MOTOR VEHICLE STRUCK PEDALCYCLIST, FRONT END AT ANGLE",10124002,7916,1,2b,Serious Injury Collision,,45,Bicycle,Matched,0,1,Clear or Partly Cloudy,0,"(47.68021033300005, -122.32175754699995)",7443,0,N,10-144898
148858,110878,110878,Block,Cycles,332,,,0,,02/16/2010 12:00:00 AM +0000,2/16/2010 1:44:00 PM,0,,Driveway Junction,Daylight,AURORA AVE N BETWEEN N 125TH ST AND N 127TH ST,0,1,,2,2905242,Dry,51,PEDALCYCLIST STRUCK MOTOR VEHICLE FRONT END AT ANGLE,10047001,8992,0,1,Property Damage Only Collision,,45,Bicycle,Matched,0,1,Raining,0,"(47.72048062700003, -122.34494681799998)",15043,0,N,2010-53508
148996,31346,31346,Intersection,Cycles,0, ,,0,,11/16/2004 12:00:00 AM +0000,11/16/2004 8:03:00 AM,1,28005,At Intersection (intersection related),Daylight,6TH AVE N AND DEXTER AVE N,0,1,,2,1069933,Wet,51,PEDALCYCLIST STRUCK MOTOR VEHICLE FRONT END AT ANGLE,04321004,7910,1,2b,Serious Injury Collision,,45,Bicycle,Matched,0,1,Overcast,0,"(47.64032507300004, -122.34439622999997)",0,0,N,04-479572
149102,110865,110865,Intersection,Cycles,0,,,0,,10/05/2010 12:00:00 AM +0000,10/5/2010 9:22:00 AM,1,29603,At Intersection (intersection related),Daylight,2ND AVE AND UNIVERSITY ST,0,1,Y,2,3326980,Dry,18,"MOTOR VEHICLE STRUCK PEDALCYCLIST, FRONT END AT ANGLE",10278025,2756,0,2,Injury Collision,,45,Bicycle,Matched,N,1,Clear or Partly Cloudy,0,"(47.60729905800008, -122.33708679799997)",12162,0,N,2010-348045
149106,110736,110736,Block,Cycles,153,,,0,,02/26/2010 12:00:00 AM +0000,2/26/2010 4:40:00 PM,1,,Mid-Block (but intersection related),Dusk,1ST AVE S BETWEEN S WASHINGTON ST AND S MAIN ST,0,1,,2,3334885,Wet,69,PEDALCYCLIST OVERTURNED IN ROAD,10057005,1186,0,2,Injury Collision,,45,Bicycle,Matched,N,1,Raining,0,"(47.60046507200008, -122.33418322799997)",36130,0,N,2010-65205
149157,109619,109619,Block,Cycles,270,,,0,,04/29/2010 12:00:00 AM +0000,4/29/2010 7:40:00 PM,0,,Driveway Junction,Dusk,UNIVERSITY WAY NE BETWEEN NE 42ND ST AND NE 43RD ST,0,1,Y,2,3283672,Dry,18,"MOTOR VEHICLE STRUCK PEDALCYCLIST, FRONT END AT ANGLE",10119016,13220,0,1,Property Damage Only Collision,,45,Bicycle,Matched,N,1,Clear or Partly Cloudy,0,"(47.65905361700004, -122.313187788)",5663,0,N,2010-139755
149279,30355,30355,Intersection,Cycles,0,,,0,,05/22/2004 12:00:00 AM +0000,5/22/2004 4:27:00 PM,1,29019,At Intersection (intersection related),Daylight,BROADWAY E AND E REPUBLICAN ST,0,1,Y,3,1772335,Dry,18,"MOTOR VEHICLE STRUCK PEDALCYCLIST, FRONT END AT ANGLE",04143004,9455,0,2,Injury Collision,,45,Bicycle,Matched,0,1,Overcast,0,"(47.623128921000045, -122.32092426199995)",0,0,N,04-207065
149370,110859,110859,Intersection,Cycles,0,,,0,,05/09/2010 12:00:00 AM +0000,5/9/2010 12:36:00 PM,1,36788,At Intersection (intersection related),Daylight,SAND POINT WAY NE AND NE 107TH ST,0,1,Y,2,3376977,Dry,51,PEDALCYCLIST STRUCK MOTOR VEHICLE FRONT END AT ANGLE,10129003,12741,0,2,Injury Collision,,45,Bicycle,Matched,N,1,Clear or Partly Cloudy,0,"(47.707026788000064, -122.27928012199999)",28194,0,N,10-151602
149378,110032,110032,Block,Cycles,124.5,,,0,,02/15/2010 12:00:00 AM +0000,2/15/2010 8:31:00 PM,1,,Driveway Junction,Dark - Street Lights On,NE 45TH ST BETWEEN 1ST AVE NE AND 2ND AVE NE,0,1,Y,2,3376663,Wet,51,PEDALCYCLIST STRUCK MOTOR VEHICLE FRONT END AT ANGLE,10046010,16838,0,2,Injury Collision,,45,Bicycle,Matched,N,1,Clear or Partly Cloudy,0,"(47.661357277000036, -122.32775751099996)",6532,0,N,10-52781
149389,111002,111002,Intersection,Cycles,0, ,,0,,01/22/2010 12:00:00 AM +0000,1/22/2010 1:00:00 PM,1,25960,At Intersection (intersection related),Dusk,25TH AVE NE AND NE 47TH ST,0,1,,2,3333876,Dry,18,"MOTOR VEHICLE STRUCK PEDALCYCLIST, FRONT END AT ANGLE",10022003,3721,0,2,Injury Collision,,45,Bicycle,Matched,N,1,Overcast,0,"(47.663266177000025, -122.30088691599997)",0,521603,N,2010-025098
149397,110172,110172,Block,Cycles,148,,,0,,05/13/2010 12:00:00 AM +0000,5/13/2010 7:53:00 AM,1,,Driveway Junction,Daylight,2ND AVE BETWEEN PINE ST AND STEWART ST,0,1,Y,2,3346230,Dry,18,"MOTOR VEHICLE STRUCK PEDALCYCLIST, FRONT END AT ANGLE",10133004,2759,0,2,Injury Collision,,45,Bicycle,Matched,N,1,Clear or Partly Cloudy,0,"(47.61062229600003, -122.34012716999996)",12179,0,N,2010-156317
149404,110587,110587,Intersection,Cycles,0,,,0,,04/10/2010 12:00:00 AM +0000,4/10/2010 5:51:00 PM,1,28660,At Intersection (intersection related),Daylight,QUEEN ANNE AVE N AND THOMAS ST,0,1,,3,3328756,Dry,69,PEDALCYCLIST OVERTURNED IN ROAD,10100001,12296,0,2,Injury Collision,,45,Bicycle,Matched,N,1,Clear or Partly Cloudy,0,"(47.62094100500008, -122.35673850599994)",12319,0,N,10-116581
149454,109883,109883,Intersection,Cycles,0, ,,0,,04/13/2010 12:00:00 AM +0000,4/13/2010 4:00:00 PM,1,30801,At Intersection (but not related to intersection),Daylight,22ND AVE S AND S NORMAN ST,0,1,,2,3329419,Dry,18,"MOTOR VEHICLE STRUCK PEDALCYCLIST, FRONT END AT ANGLE",10103005,20948,0,2,Injury Collision,,45,Bicycle,Matched,N,1,Clear or Partly Cloudy,0,"(47.59305872500005, -122.30327338099994)",0,0,N,10-120267
149587,109197,109197,Intersection,Cycles,0, ,,0,,10/06/2010 12:00:00 AM +0000,10/6/2010 12:47:00 PM,1,29560,At Intersection (intersection related),Daylight,1ST AVE AND LENORA ST,0,1,Y,2,3560154,Dry,18,"MOTOR VEHICLE STRUCK PEDALCYCLIST, FRONT END AT ANGLE",10279025,1013,0,2,Injury Collision,,45,Bicycle,Matched,N,1,Clear or Partly Cloudy,0,"(47.61183728800006, -122.34391211399998)",0,523313,N,10-349681
149638,109052,109052,Intersection,Cycles,0,,,0,,03/14/2010 12:00:00 AM +0000,3/14/2010 11:31:00 AM,0,29088,At Intersection (intersection related),Daylight,ALOHA ST AND FAIRVIEW AVE N,0,1,Y,2,3335354,Dry,18,"MOTOR VEHICLE STRUCK PEDALCYCLIST, FRONT END AT ANGLE",10073001,8817,0,1,Property Damage Only Collision,,45,Bicycle,Matched,N,1,Clear or Partly Cloudy,0,"(47.627221348000035, -122.33279903299996)",0,0,N,10-84265
149670,109733,109733,Intersection,Cycles,0,NEI,"Not Enough Information, or Insufficient Location Information",0,,06/11/2010 12:00:00 AM +0000,6/11/2010 7:50:00 AM,1,26662,At Intersection (intersection related),Daylight,3RD AVE NW AND LEARY WAY NW,0,1,Y,2,3375130,Wet,00,NOT ENOUGH INFORMATION / NOT APPLICABLE,10162017,4435,0,2,Injury Collision,,45,Bicycle,Matched,N,1,Raining,0,"(47.654938093000055, -122.36083128799999)",17416,0,N,10-196532
149717,109727,109727,Block,Cycles,153,,,0,,06/25/2010 12:00:00 AM +0000,6/25/2010 2:30:00 PM,0,,Mid-Block (not related to intersection),Unknown,3RD AVE BETWEEN MARION ST AND MADISON ST,0,1,,2,3345333,Unknown,00,NOT ENOUGH INFORMATION / NOT APPLICABLE,10176031,4378,0,1,Property Damage Only Collision,Y,45,Bicycle,Matched,N,1,Unknown,0,"(47.60526605100006, -122.33369167599994)",0,0,N,2010-244775
149719,109594,109594,Intersection,Cycles,0, ,,0,,08/30/2010 12:00:00 AM +0000,8/30/2010 7:14:00 AM,1,37389,At Intersection (intersection related),Daylight,FREMONT AVE N AND N 103RD ST,0,1,Y,2,3559126,Dry,51,PEDALCYCLIST STRUCK MOTOR VEHICLE FRONT END AT ANGLE,10242030,10546,0,2,Injury Collision,,45,Bicycle,Matched,N,1,Clear or Partly Cloudy,0,"(47.703618764000055, -122.35005769599996)",0,0,N,10-303006
149756,109043,109043,Intersection,Cycles,0,,,0,Y,02/09/2010 12:00:00 AM +0000,2/9/2010 4:19:00 PM,1,28027,At Intersection (intersection related),Daylight,DEXTER AVE N AND HAYES ST,0,1,,3,3328913,Dry,51,PEDALCYCLIST STRUCK MOTOR VEHICLE FRONT END AT ANGLE,10040023,10087,0,2,Injury Collision,,45,Bicycle,Matched,N,1,Clear or Partly Cloudy,0,"(47.63396882600006, -122.34228374299994)",12980,0,N,10-46092
149800,110833,110833,Intersection,Cycles,0,,,0,,06/13/2010 12:00:00 AM +0000,6/13/2010 5:35:00 PM,1,30213,At Intersection (intersection related),Daylight,19TH AVE AND E SPRUCE ST,0,1,Y,2,3332085,Dry,51,PEDALCYCLIST STRUCK MOTOR VEHICLE FRONT END AT ANGLE,10164004,2642,0,2,Injury Collision,,45,Bicycle,Matched,N,1,Clear or Partly Cloudy,0,"(47.603514430000075, -122.30765932999998)",8651,0,N,10-199769
149813,110003,110003,Intersection,Cycles,0,,,0,,10/30/2010 12:00:00 AM +0000,10/30/2010 5:38:00 PM,1,29068,At Intersection (intersection related),Dusk,BROADWAY AND E DENNY WAY,0,1,,4,3386908,Wet,51,PEDALCYCLIST STRUCK MOTOR VEHICLE FRONT END AT ANGLE,10303009,9451,0,2,Injury Collision,,45,Bicycle,Matched,N,1,Raining,0,"(47.61873954100008, -122.32085448299995)",6813,0,N,2010-379556
149830,110147,110147,Block,Cycles,42.5,,,0,,10/28/2010 12:00:00 AM +0000,10/28/2010 11:38:00 AM,0,,Mid-Block (not related to intersection),Daylight,E MADISON ST BETWEEN 16TH AVE AND E PINE ST,0,1,,2,3199015,Wet,18,"MOTOR VEHICLE STRUCK PEDALCYCLIST, FRONT END AT ANGLE",10301023,14347,0,1,Property Damage Only Collision,,45,Bicycle,Matched,N,1,Raining,0,"(47.61510494300006, -122.31131462199994)",22973,0,N,2010-376440
149886,110967,110967,Block,Cycles,132.5,,,0,,03/22/2010 12:00:00 AM +0000,3/22/2010 9:00:00 PM,1,,Mid-Block (not related to intersection),Dark - Street Lights On,N 45TH ST BETWEEN DENSMORE E AVE N AND WALLINGFORD AVE N,0,1,,3,3328123,Dry,18,"MOTOR VEHICLE STRUCK PEDALCYCLIST, FRONT END AT ANGLE",10081008,15547,0,2,Injury Collision,,45,Bicycle,Matched,N,1,Clear or Partly Cloudy,0,"(47.66138638400008, -122.33683478699999)",6483,0,N,10-94661
149924,109725,109725,Intersection,Cycles,0,,,0,,06/24/2010 12:00:00 AM +0000,6/24/2010 4:50:00 PM,1,24249,At Intersection (intersection related),Daylight,WINONA AVE N AND N 77TH ST,0,1,Y,2,3333472,Dry,51,PEDALCYCLIST STRUCK MOTOR VEHICLE FRONT END AT ANGLE,10175013,13628,0,2,Injury Collision,,45,Bicycle,Matched,N,1,Clear or Partly Cloudy,0,"(47.68475561300005, -122.33990346599995)",27883,0,N,2010-214722
149925,109724,109724,Intersection,Cycles,0,,,0,,06/21/2010 12:00:00 AM +0000,6/21/2010 10:02:00 AM,1,37814,At Intersection (intersection related),Daylight,45TH AVE NE AND NE 95TH ST,0,1,,2,3332747,Dry,51,PEDALCYCLIST STRUCK MOTOR VEHICLE FRONT END AT ANGLE,10172019,6814,0,2,Injury Collision,Y,45,Bicycle,Matched,N,1,Clear or Partly Cloudy,0,"(47.697377578000044, -122.28001774799998)",0,0,N,2010-210021
150010,30593,30593,Intersection,Cycles,0,,,0,,12/08/2004 12:00:00 AM +0000,12/8/2004,1,26848,At Intersection (intersection related),Dark - Street Lights On,STONE WAY N AND N 40TH ST,0,1,Y,2,1796751,Wet,18,"MOTOR VEHICLE STRUCK PEDALCYCLIST, FRONT END AT ANGLE",04343050,12961,0,2,Injury Collision,,45,Bicycle,Matched,0,1,Raining,0,"(47.65538287600003, -122.34243924099997)",0,0,N,4509423
150036,30728,30728,Block,Cycles,213,,,0,,05/04/2004 12:00:00 AM +0000,5/4/2004,1,,Mid-Block (not related to intersection),Daylight,BROADWAY BETWEEN E HOWELL ST AND E DENNY WAY,0,1,Y,3,1772290,Dry,11,"MOTOR VEHICLE STRUCK MOTOR VEHICLE, FRONT END AT ANGLE",04125009,9450,0,2,Injury Collision,,45,Bicycle,Matched,0,2,Clear or Partly Cloudy,0,"(47.618154047000075, -122.32084513599995)",0,0,N,4179254
150086,110414,110414,Intersection,Cycles,0,,,0,,03/13/2010 12:00:00 AM +0000,3/13/2010 3:10:00 PM,1,25131,At Intersection (intersection related),Daylight,24TH AVE NW AND NW 59TH ST,0,1,Y,2,3327942,Dry,18,"MOTOR VEHICLE STRUCK PEDALCYCLIST, FRONT END AT ANGLE",10072004,3594,0,2,Injury Collision,,45,Bicycle,Matched,N,1,Clear or Partly Cloudy,0,"(47.67164521700005, -122.38758724499996)",2112,0,N,2010-83353
150108,109855,109855,Intersection,Cycles,0,,,0,,12/28/2010 12:00:00 AM +0000,12/28/2010 5:19:00 PM,1,26039,At Intersection (intersection related),Dark - Street Lights On,20TH AVE NE AND NE 54TH ST,0,1,Y,2,3561529,Wet,18,"MOTOR VEHICLE STRUCK PEDALCYCLIST, FRONT END AT ANGLE",10362011,2964,0,2,Injury Collision,,45,Bicycle,Matched,N,1,Overcast,0,"(47.66800627300006, -122.30648740199996)",7944,0,N,10-445137
150139,109710,109710,Intersection,Cycles,0,,,0,,04/13/2010 12:00:00 AM +0000,4/13/2010 10:51:00 AM,1,31234,At Intersection (intersection related),Daylight,AIRPORT WAY S AND S MASSACHUSETTS ST,0,1,,2,3335249,Wet,51,PEDALCYCLIST STRUCK MOTOR VEHICLE FRONT END AT ANGLE,10103001,8658,0,2,Injury Collision,,45,Bicycle,Matched,N,1,Clear or Partly Cloudy,0,"(47.588224841000056, -122.32139126699997)",19466,0,N,2010-119769
150166,30579,30579,Block,Cycles,211,,,0,,09/21/2004 12:00:00 AM +0000,9/21/2004 6:12:00 PM,1,,Mid-Block (not related to intersection),Dusk,YESLER WAY BETWEEN 8TH AVE AND BROADWAY,0,1,,2,1795777,Dry,24,MOTOR VEHCILE STRUCK PEDESTRIAN,04265015,13768,0,2,Injury Collision,,45,Bicycle,Matched,0,1,Clear or Partly Cloudy,0,"(47.601701923000064, -122.32159412299995)",0,0,N,04 397448
150175,30702,30702,Intersection,Cycles,0,,,0,,09/22/2004 12:00:00 AM +0000,9/22/2004 11:36:00 PM,1,28783,At Intersection (intersection related),Dark - Street Lights On,DEXTER AVE N AND HARRISON ST,0,1,,2,531039,Dry,18,"MOTOR VEHICLE STRUCK PEDALCYCLIST, FRONT END AT ANGLE",04266045,10074,0,2,Injury Collision,,45,Bicycle,Matched,0,1,Clear or Partly Cloudy,0,"(47.62205574500007, -122.34237158599996)",0,0,N,4399238
150183,30433,30433,Intersection,Cycles,0,,,0,,08/27/2004 12:00:00 AM +0000,8/27/2004 8:54:00 AM,1,28925,At Intersection (intersection related),Daylight,5TH AVE N AND HARRISON ST,0,1,,3,1784877,Dry,51,PEDALCYCLIST STRUCK MOTOR VEHICLE FRONT END AT ANGLE,04240002,7262,0,2,Injury Collision,,45,Bicycle,Matched,0,1,Clear or Partly Cloudy,0,"(47.62207493500006, -122.34759184799998)",0,0,N,04 359034
150243,30824,30824,Block,Cycles,161,,,0,,09/02/2004 12:00:00 AM +0000,9/2/2004,1,,Driveway Junction,Daylight,S WASHINGTON ST BETWEEN 20TH AVE S AND 21ST AVE S,0,1,,2,1216931,Dry,23,"MOTOR VEHICLE STRUCK PEDALCYCLIST, LEFT SIDE SIDESWIPE",04246009,21504,0,2,Injury Collision,,45,Bicycle,Matched,0,1,Clear or Partly Cloudy,0,"(47.60083342000007, -122.30570302199999)",0,0,N,04 368618
150311,30528,30528,Block,Cycles,161,,,0,,11/19/2004 12:00:00 AM +0000,11/19/2004 6:27:00 PM,1,,Driveway Junction,Dark - Street Lights On,STEWART ST BETWEEN 9TH AVE AND TERRY AVE,0,1,Y,2,1069581,Dry,18,"MOTOR VEHICLE STRUCK PEDALCYCLIST, FRONT END AT ANGLE",04324008,12906,0,2,Injury Collision,,45,Bicycle,Matched,0,1,Overcast,0,"(47.61594756900007, -122.33400804399997)",0,0,N,40484655
150418,29964,29964,Block,Cycles,130,,,0,,09/09/2004 12:00:00 AM +0000,9/9/2004,1,,Driveway Junction,Daylight,NE 65TH ST BETWEEN 25TH AVE NE AND 26TH AVE NE,0,1,,2,1220281,Dry,18,"MOTOR VEHICLE STRUCK PEDALCYCLIST, FRONT END AT ANGLE",04253030,17278,0,2,Injury Collision,,45,Bicycle,Matched,0,1,Clear or Partly Cloudy,0,"(47.67577478700008, -122.30012567299997)",0,0,N,4379249
150539,210390,210630,Block,Cycles,409.5, ,,0,,12/22/2015 12:00:00 AM +0000,12/22/2015 11:25:00 PM,1,,Driveway Junction,Dark - Street Lights On,ELLIOTT AVE W BETWEEN W PROSPECT ST AND W LEE ST,0,1,,2,3791477,Wet,18,"MOTOR VEHICLE STRUCK PEDALCYCLIST, FRONT END AT ANGLE",,10220,1,2b,Serious Injury Collision,,45,Bicycle,Matched,N,1,Overcast,0,"(47.62943685100004, -122.37208699099995)",0,0,N,15-442786
150546,210787,211027,Block,Cycles,213, ,,0,,01/06/2016 12:00:00 AM +0000,1/6/2016 5:15:00 PM,1,,Mid-Block (not related to intersection),Dusk,8TH AVE BETWEEN VIRGINIA ST AND WESTLAKE AVE,0,1,Y,2,3704867,Dry,56,PEDALCYCLIST STRUCK MOTOR VEHICLE LEFT SIDE SIDESWIPE,,8284,0,2,Injury Collision,,45,Bicycle,Matched,N,1,Clear or Partly Cloudy,0,"(47.61610480500008, -122.33724289999998)",0,0,N,16-6453
150621,213855,214115,Block,Cycles,325.5, ,,0,,02/09/2016 12:00:00 AM +0000,2/9/2016 8:34:00 AM,1,,Mid-Block (not related to intersection),Daylight,AIRPORT WAY S BETWEEN S EDMUNDS ST AND AIRPORT WY S VI,0,1,,2,E514160,Dry,11,"MOTOR VEHICLE STRUCK MOTOR VEHICLE, FRONT END AT ANGLE",,8688,0,2,Injury Collision,,45,Bicycle,Matched,N,1,Overcast,0,"(47.55892134800007, -122.32317369199995)",0,0,N,2016-47691
150676,211928,212168,Block,Cycles,189.5,NEI,"Not Enough Information, or Insufficient Location Information",0,,01/12/2016 12:00:00 AM +0000,1/12/2016 8:20:00 AM,1,,,Daylight,40TH AVE NE BETWEEN NE 52ND PL AND NE 55TH ST,0,1,,1,E504679,Wet,00,NOT ENOUGH INFORMATION / NOT APPLICABLE,,6313,0,2,Injury Collision,,45,Bicycle,Matched,N,1,Overcast,0,"(47.66798867600005, -122.28481801699996)",0,0,N,2016-013101
150768,29782,29782,Block,Cycles,34.5,,,0,,09/11/2004 12:00:00 AM +0000,9/11/2004 1:47:00 PM,1,,Mid-Block (not related to intersection),Dawn,30TH AVE NE BETWEEN NE BLAKELEY S ST AND NE 50TH ST,0,1,Y,2,1793809,Wet,18,"MOTOR VEHICLE STRUCK PEDALCYCLIST, FRONT END AT ANGLE",04255012,4599,0,2,Injury Collision,,45,Bicycle,Matched,0,1,Overcast,0,,0,0,N,04-382445
150807,30188,30188,Intersection,Cycles,0,,,0,,03/23/2004 12:00:00 AM +0000,3/23/2004 9:18:00 AM,1,29872,At Intersection (intersection related),Daylight,BOREN AVE AND PINE ST,0,1,,2,1777646,Dry,18,"MOTOR VEHICLE STRUCK PEDALCYCLIST, FRONT END AT ANGLE",04083014,9320,1,2b,Serious Injury Collision,,45,Bicycle,Matched,0,1,Clear or Partly Cloudy,0,"(47.61445724200007, -122.32982243299995)",0,0,N,04-117827
150884,30043,30043,Block,Cycles,330,,,0,,08/16/2004 12:00:00 AM +0000,8/16/2004 6:10:00 PM,1,,Mid-Block (not related to intersection),Daylight,N NORTHGATE WAY BETWEEN CORLISS AVE N AND 1ST AVE NE,0,1,,2,1773972,Dry,11,"MOTOR VEHICLE STRUCK MOTOR VEHICLE, FRONT END AT ANGLE",04229009,16120,0,2,Injury Collision,,45,Bicycle,Matched,0,1,Clear or Partly Cloudy,0,"(47.70863744800005, -122.32997598599997)",0,0,N,04-343710
150950,212805,213085,Block,Cycles,161, ,,0,Y,12/09/2015 12:00:00 AM +0000,12/9/2015 9:10:00 AM,1,,Mid-Block (not related to intersection),Daylight,E PINE ST BETWEEN 10TH AVE AND 11TH AVE,0,1,,1,E510244,Standing Water,18,"MOTOR VEHICLE STRUCK PEDALCYCLIST, FRONT END AT ANGLE",,14636,0,2,Injury Collision,,45,Bicycle,Matched,N,1,Overcast,0,"(47.61524975200007, -122.31881447599994)",0,0,N,15426785
150958,212018,212258,Block,Cycles,161.5, ,,0,Y,01/16/2016 12:00:00 AM +0000,1/16/2016 5:05:00 PM,1,,Mid-Block (not related to intersection),Dark - Street Lights Off,HOWELL ST BETWEEN BOREN AVE AND MINOR AVE,0,1,,3,3791506,Wet,21,"MOTOR VEHICLE STRUCK PEDALCYCLIST, REAR END",,10963,0,2,Injury Collision,,45,Bicycle,Matched,N,1,Raining,0,"(47.61650595100008, -122.330991617)",0,0,N,2016-18810
150962,213130,213410,Intersection,Cycles,0, ,,0,,02/07/2016 12:00:00 AM +0000,2/7/2016 3:57:00 PM,1,167623,At Intersection (intersection related),Daylight,BEACON ER AVE S AND S MYRTLE ST,0,1,,2,3735229,Dry,18,"MOTOR VEHICLE STRUCK PEDALCYCLIST, FRONT END AT ANGLE",,20912,0,2,Injury Collision,,45,Bicycle,Matched,N,1,Clear or Partly Cloudy,0,"(47.53895778300006, -122.29608148499995)",0,0,N,2016-45889
150964,211997,212237,Block,Cycles,246, ,,0,Y,01/18/2016 12:00:00 AM +0000,1/18/2016 12:53:00 PM,1,,Mid-Block (not related to intersection),Daylight,WESTLAKE EAST RDWY AVE N BETWEEN HIGHLAND DR AND COMSTOCK ST,0,1,,2,3791329,Dry,18,"MOTOR VEHICLE STRUCK PEDALCYCLIST, FRONT END AT ANGLE",,13550,1,2b,Serious Injury Collision,,45,Bicycle,Matched,N,1,Clear or Partly Cloudy,0,"(47.630262952000066, -122.34074680299994)",0,0,N,2016-20715
150974,30158,30158,Block,Cycles,133,,,0,Y,08/02/2004 12:00:00 AM +0000,8/2/2004,1,,Mid-Block (not related to intersection),Daylight,15TH AVE NW BETWEEN NW 53RD ST AND NW 54TH ST,0,1,,3,1781816,Dry,51,PEDALCYCLIST STRUCK MOTOR VEHICLE FRONT END AT ANGLE,04215004,2100,0,2,Injury Collision,,45,Bicycle,Matched,0,1,Clear or Partly Cloudy,0,"(47.66752536200005, -122.37621628599999)",0,0,N,4321054
150991,30141,30141,Block,Cycles,153,,,0,Y,05/05/2004 12:00:00 AM +0000,5/5/2004,0,,Mid-Block (not related to intersection),Daylight,2ND AVE BETWEEN SPRING ST AND SENECA ST,0,1,,2,1213957,Dry,54,PEDALCYCLIST STRUCK MOTOR VEHICLE REAR END,04126033,2754,0,1,Property Damage Only Collision,,45,Bicycle,Matched,0,1,Clear or Partly Cloudy,0,"(47.606228043000044, -122.33610689099999)",0,0,N,04-180874
150994,30138,30138,Block,Cycles,365,,,0,,03/21/2004 12:00:00 AM +0000,3/21/2004 1:35:00 PM,1,,Driveway Junction,Daylight,18TH AVE S BETWEEN S STEVENS ST AND S HANFORD ST,0,1,,3,1771962,Dry,18,"MOTOR VEHICLE STRUCK PEDALCYCLIST, FRONT END AT ANGLE",04081008,2610,0,2,Injury Collision,,45,Bicycle,Matched,0,1,Clear or Partly Cloudy,0,"(47.57606733000006, -122.30880441)",0,0,N,04-115475
151024,30144,30144,Intersection,Cycles,0,,,0,,10/01/2004 12:00:00 AM +0000,10/1/2004,1,25949,At Intersection (intersection related),Daylight,25TH AVE NE AND NE BLAKELEY ST,0,1,Y,2,1774194,Dry,18,"MOTOR VEHICLE STRUCK PEDALCYCLIST, FRONT END AT ANGLE",04275012,3723,0,2,Injury Collision,,45,Bicycle,Matched,0,1,Clear or Partly Cloudy,0,"(47.66626671800003, -122.30060497999995)",0,0,N,04-411779
151153,30016,30016,Block,Cycles,153,,,0,,10/14/2004 12:00:00 AM +0000,10/14/2004 1:29:00 PM,1,,Mid-Block (but intersection related),Daylight,4TH AVE S BETWEEN S MAIN ST AND S JACKSON ST,0,1,,2,1213263,Dry,55,PEDALCYCLIST STRUCK MOTOR VEHICLE RIGHT SIDE SIDESWIPE,04288021,6228,0,2,Injury Collision,,45,Bicycle,Matched,0,1,Clear or Partly Cloudy,0,"(47.59961782000005, -122.32896629899994)",0,0,N,04-432139
151171,30275,30275,Intersection,Cycles,0,,,0,,04/21/2004 12:00:00 AM +0000,4/21/2004 9:42:00 AM,1,29860,At Intersection (intersection related),Daylight,SUMMIT AVE AND E PINE ST,0,1,,2,1772276,Dry,51,PEDALCYCLIST STRUCK MOTOR VEHICLE FRONT END AT ANGLE,04112005,12987,0,2,Injury Collision,,45,Bicycle,Matched,0,1,Clear or Partly Cloudy,0,"(47.615218748000075, -122.325528841)",0,0,N,04 159290
151182,30009,30009,Block,Cycles,218,,,0,,09/02/2004 12:00:00 AM +0000,9/2/2004,1,,Mid-Block (not related to intersection),Daylight,EASTLAKE AVE E BETWEEN HARVARD AVE E AND FUHRMAN AVE E,0,1,Y,2,1217255,Dry,23,"MOTOR VEHICLE STRUCK PEDALCYCLIST, LEFT SIDE SIDESWIPE",04246010,10184,0,2,Injury Collision,,45,Bicycle,Matched,0,1,Overcast,0,"(47.65104751100006, -122.32168580199999)",0,0,N,04-568388