OBJECTID,INCKEY,COLDETKEY,ADDRTYPE,COLLISIONTYPE,DISTANCE,EXCEPTRSNCODE,EXCEPTRSNDESC,FATALITIES,INATTENTIONIND,INCDATE,INCDTTM,INJURIES,INTKEY,JUNCTIONTYPE,LIGHTCOND,LOCATION,PEDCOUNT,PEDCYLCOUNT,PEDROWNOTGRNT,PERSONCOUNT,REPORTNO,ROADCOND,SDOT_COLCODE,SDOT_COLDESC,SDOTCOLNUM,SEGKEY,SERIOUSINJURIES,SEVERITYCODE,SEVERITYDESC,SPEEDING,ST_COLCODE,ST_COLDESC,STATUS,UNDERINFL,VEHCOUNT,WEATHER,WIDTH,Shape,SEGLANEKEY,CROSSWALKKEY,HITPARKEDCAR,SPDCASENO
151314,29258,29258,Block,Cycles,379,,,0,,03/23/2004 12:00:00 AM +0000,3/23/2004 11:59:00 AM,1,,Driveway Junction,Daylight,RAINIER AVE S BETWEEN S CHARLESTOWN ST AND S ANDOVER ST,0,1,Y,2,1771693,Dry,18,"MOTOR VEHICLE STRUCK PEDALCYCLIST, FRONT END AT ANGLE",04083024,12377,0,2,Injury Collision,,45,Bicycle,Matched,0,1,Clear or Partly Cloudy,0,"(47.56888238400006, -122.28992285299995)",0,0,N,4118000
151369,29261,29261,Intersection,Cycles,0,,,0,,09/24/2004 12:00:00 AM +0000,9/24/2004 11:00:00 AM,1,32204,At Intersection (intersection related),Daylight,11TH CR AVE SW AND SW SPOKANE ST,0,1,,2,1789430,Dry,18,"MOTOR VEHICLE STRUCK PEDALCYCLIST, FRONT END AT ANGLE",04268004,1509,0,2,Injury Collision,,45,Bicycle,Matched,0,1,Overcast,0,"(47.571413018000044, -122.34880038699998)",0,0,N,4401355
151449,29380,29380,Intersection,Cycles,0,,,0,,06/04/2004 12:00:00 AM +0000,6/4/2004,1,30385,At Intersection (intersection related),Daylight,ALASKAN WAY S AND S ATLANTIC ST,0,1,Y,2,1482382,Dry,51,PEDALCYCLIST STRUCK MOTOR VEHICLE FRONT END AT ANGLE,04156005,8742,0,2,Injury Collision,,45,Bicycle,Matched,0,1,Clear or Partly Cloudy,0,"(47.59073208500007, -122.33733580199998)",0,0,N,04-226434
151543,29499,29499,Intersection,Cycles,0,,,0,,08/28/2004 12:00:00 AM +0000,8/28/2004 1:48:00 PM,1,26218,At Intersection (intersection related),Daylight,40TH AVE NE AND NE 55TH ST,0,1,,2,1220279,Dry,51,PEDALCYCLIST STRUCK MOTOR VEHICLE FRONT END AT ANGLE,04241001,6314,1,2b,Serious Injury Collision,,45,Bicycle,Matched,0,1,Clear or Partly Cloudy,0,"(47.668509302000075, -122.28482300399997)",0,0,N,4360955
151575,29355,29355,Block,Cycles,50,,,0,,08/28/2004 12:00:00 AM +0000,8/28/2004 6:39:00 AM,1,,Mid-Block (but intersection related),Daylight,MADISON ST BETWEEN ALASKAN WAY AND ALASKAN E RDWY WAY,0,1,,2,1784776,Dry,18,"MOTOR VEHICLE STRUCK PEDALCYCLIST, FRONT END AT ANGLE",04241004,11578,0,2,Injury Collision,,45,Bicycle,Matched,0,1,Clear or Partly Cloudy,0,"(47.60385129200006, -122.33825104099998)",0,0,N,04 360583
151576,29488,29488,Intersection,Cycles,0,,,0,,06/15/2004 12:00:00 AM +0000,6/15/2004 6:35:00 PM,1,35274,At Intersection (intersection related),Daylight,RENTON AVE S AND S HENDERSON ST,0,1,,2,1327442,Dry,18,"MOTOR VEHICLE STRUCK PEDALCYCLIST, FRONT END AT ANGLE",04167032,12525,0,2,Injury Collision,,45,Bicycle,Matched,0,1,Clear or Partly Cloudy,0,"(47.52331233900003, -122.27640325499999)",0,0,N,04-244075
151835,29707,29707,Block,Cycles,132,,,0,Y,07/09/2004 12:00:00 AM +0000,7/9/2004,1,,Mid-Block (not related to intersection),Daylight,AURORA AVE N BETWEEN N 104TH ST AND N NORTHGATE WAY,0,1,,2,1079878,Wet,21,"MOTOR VEHICLE STRUCK PEDALCYCLIST, REAR END",04191005,8984,0,2,Injury Collision,,45,Bicycle,Matched,0,1,Clear or Partly Cloudy,0,"(47.70468772400005, -122.34468980499997)",0,0,N,4283825
151846,29559,29559,Block,Cycles,132,,,0,,07/03/2004 12:00:00 AM +0000,7/3/2004,1,,Driveway Junction,Dark - Street Lights On,AURORA AVE N BETWEEN N 85TH ST AND N 86TH ST,0,0,,3,1079959,Wet,18,"MOTOR VEHICLE STRUCK PEDALCYCLIST, FRONT END AT ANGLE",04185002,8963,0,2,Injury Collision,,45,Bicycle,Matched,1,1,Raining,0,"(47.69092351900008, -122.34452620899998)",0,0,N,
152056,28817,28817,Block,Cycles,131.5,,,0,,05/14/2004 12:00:00 AM +0000,5/14/2004 6:49:00 PM,1,,Mid-Block (not related to intersection),Daylight,DENNY WAY BETWEEN BOREN AVE AND FAIRVIEW AVE,0,1,,2,1470590,Dry,21,"MOTOR VEHICLE STRUCK PEDALCYCLIST, REAR END",04135004,10018,0,2,Injury Collision,,45,Bicycle,Matched,0,1,Clear or Partly Cloudy,0,"(47.61851947200006, -122.33478978899996)",0,0,N,4194768
152084,29082,29082,Intersection,Cycles,0,,,0,,05/06/2004 12:00:00 AM +0000,5/6/2004,1,35220,At Intersection (intersection related),Daylight,50TH AVE S AND S ROSE ST,0,1,Y,2,1772732,Dry,18,"MOTOR VEHICLE STRUCK PEDALCYCLIST, FRONT END AT ANGLE",04127013,21186,0,2,Injury Collision,,45,Bicycle,Matched,0,1,Overcast,0,"(47.52911756800006, -122.270795309)",0,0,N,04-182464
152227,28911,28911,Block,Cycles,190,,,0,,01/21/2004 12:00:00 AM +0000,1/21/2004 1:16:00 PM,1,,Driveway Junction,Daylight,RAINIER AVE S BETWEEN S OTHELLO ST AND S FONTANELLE ST,0,1,,2,1787948,Dry,21,"MOTOR VEHICLE STRUCK PEDALCYCLIST, REAR END",04021016,12409,0,2,Injury Collision,,45,Bicycle,Matched,0,1,Clear or Partly Cloudy,0,"(47.53644521700005, -122.27015501599999)",0,0,N,04 29125
152362,29150,29150,Block,Cycles,268, ,,0,Y,09/24/2004 12:00:00 AM +0000,9/24/2004 6:24:00 PM,1,,Mid-Block (not related to intersection),Daylight,BROOKLYN AVE NE BETWEEN NE 43RD ST AND NE 45TH ST,0,1,,3,1773598,Dry,18,"MOTOR VEHICLE STRUCK PEDALCYCLIST, FRONT END AT ANGLE",04268011,9481,0,2,Injury Collision,,45,Bicycle,Matched,0,1,Overcast,0,"(47.660541608000074, -122.31430558899996)",0,0,N,4401928
152454,28573,28573,Block,Cycles,401,,,0,,04/21/2004 12:00:00 AM +0000,4/21/2004 12:45:00 PM,1,,Driveway Junction,Daylight,4TH AVE S BETWEEN SEATTLE BLVD S AND I90 WB 4TH AV OFF RP,0,1,,2,1776526,Wet,18,"MOTOR VEHICLE STRUCK PEDALCYCLIST, FRONT END AT ANGLE",04112025,6232,0,2,Injury Collision,,45,Bicycle,Matched,0,1,Clear or Partly Cloudy,0,"(47.595388341000046, -122.32904689999998)",0,0,N,04-159554
152489,28425,28425,Intersection,Cycles,0,,,0,,08/12/2004 12:00:00 AM +0000,8/12/2004 1:25:00 AM,1,28632,At Intersection (intersection related),Dark - Street Lights On,MERCER ST AND QUEEN ANNE AVE N,0,1,Y,2,1783857,Dry,18,"MOTOR VEHICLE STRUCK PEDALCYCLIST, FRONT END AT ANGLE",04225006,11761,0,2,Injury Collision,,45,Bicycle,Matched,0,1,Clear or Partly Cloudy,0,"(47.62458297300003, -122.35670922099996)",0,0,N,04-336363
152590,28534,28534,Block,Cycles,330,,,0,,02/05/2004 12:00:00 AM +0000,2/5/2004,1,,Mid-Block (not related to intersection),Daylight,DELRIDGE WAY SW BETWEEN SW ANDOVER ST AND SW DAKOTA ST,0,1,Y,2,1778253,Dry,23,"MOTOR VEHICLE STRUCK PEDALCYCLIST, LEFT SIDE SIDESWIPE",04036005,9960,0,2,Injury Collision,,45,Bicycle,Matched,0,1,Clear or Partly Cloudy,0,"(47.567444160000036, -122.363296505)",0,0,N,04-051643
152616,28111,28111,Intersection,Cycles,0,,,0,Y,10/07/2004 12:00:00 AM +0000,10/7/2004,1,334512,At Intersection (intersection related),Daylight,TAYLOR AVE N AND WARD PL,0,1,,2,1214115,Dry,51,PEDALCYCLIST STRUCK MOTOR VEHICLE FRONT END AT ANGLE,04281003,13414,0,2,Injury Collision,,45,Bicycle,Matched,0,1,Clear or Partly Cloudy,0,"(47.627397451000036, -122.346242701)",0,0,N,04-421019
152674,28231,28231,Block,Cycles,161,,,0,,07/07/2004 12:00:00 AM +0000,7/7/2004,1,,Driveway Junction,Daylight,E JEFFERSON ST BETWEEN 15TH AVE AND 16TH AVE,0,1,,5,1472947,Dry,51,PEDALCYCLIST STRUCK MOTOR VEHICLE FRONT END AT ANGLE,04189034,14223,0,2,Injury Collision,,45,Bicycle,Matched,0,1,Clear or Partly Cloudy,0,"(47.60618397400003, -122.31220935999994)",0,0,N,04 280044
152750,28091,28091,Block,Cycles,130,,,0,,08/18/2004 12:00:00 AM +0000,8/18/2004 8:20:00 AM,1,,Driveway Junction,Daylight,NE 65TH ST BETWEEN 25TH AVE NE AND 26TH AVE NE,0,1,Y,2,1220253,Dry,11,"MOTOR VEHICLE STRUCK MOTOR VEHICLE, FRONT END AT ANGLE",04231019,17278,0,2,Injury Collision,,45,Bicycle,Matched,0,1,Clear or Partly Cloudy,0,"(47.67577478700008, -122.30012567299997)",0,0,N,4345972
152886,28468,28468,Block,Cycles,79.5,,,0,,04/03/2004 12:00:00 AM +0000,4/3/2004,1,,Mid-Block (but intersection related),Dusk,28TH AVE S BETWEEN S MONTEREY PL AND S WARSAW ST,0,1,,4,1771601,Dry,18,"MOTOR VEHICLE STRUCK PEDALCYCLIST, FRONT END AT ANGLE",04094004,4206,0,2,Injury Collision,,45,Bicycle,Matched,0,1,Clear or Partly Cloudy,0,"(47.54378101400005, -122.29689429599995)",0,0,N,04 134104
152905,28324,28324,Block,Cycles,899.5,,,0,,08/24/2004 12:00:00 AM +0000,8/24/2004 7:03:00 AM,1,,Mid-Block (not related to intersection),Dawn,ALASKAN WAY S BETWEEN ALASKAN E RDWY WAY S AND S ROYAL BROUGHAM WAY,0,1,,2,1213889,Wet,51,PEDALCYCLIST STRUCK MOTOR VEHICLE FRONT END AT ANGLE,04237046,8740,1,2b,Serious Injury Collision,,45,Bicycle,Matched,0,1,Raining,0,"(47.594805361000056, -122.33591469299995)",0,0,N,40354544
152942,27605,27605,Block,Cycles,132,,,0,,10/31/2004 12:00:00 AM +0000,10/31/2004 8:32:00 PM,1,,Driveway Junction,Dark - Street Lights On,AURORA AVE N BETWEEN N 100TH ST AND N 101ST ST,0,1,Y,2,1793741,Dry,18,"MOTOR VEHICLE STRUCK PEDALCYCLIST, FRONT END AT ANGLE",04305020,8979,0,2,Injury Collision,,45,Bicycle,Matched,1,1,Clear or Partly Cloudy,0,"(47.70179073800006, -122.34465536399995)",0,0,N,04-457378
153039,27592,27592,Intersection,Cycles,0,,,0,Y,05/14/2004 12:00:00 AM +0000,5/14/2004 10:24:00 AM,1,29510,At Intersection (intersection related),Daylight,DENNY WAY AND WESTLAKE AVE,0,1,,3,1482713,Dry,51,PEDALCYCLIST STRUCK MOTOR VEHICLE FRONT END AT ANGLE,04135005,10015,0,2,Injury Collision,,45,Bicycle,Matched,0,1,Clear or Partly Cloudy,0,"(47.618534269000065, -122.33848456799996)",0,0,N,04-194127
153234,27539,27539,Block,Cycles,258,,,0,,08/27/2004 12:00:00 AM +0000,8/27/2004 5:20:00 PM,1,,Driveway Junction,Daylight,STONE WAY N BETWEEN N 38TH ST AND N 39TH ST,0,1,Y,2,1220278,Dry,18,"MOTOR VEHICLE STRUCK PEDALCYCLIST, FRONT END AT ANGLE",04240006,12958,1,2b,Serious Injury Collision,,45,Bicycle,Matched,0,1,Overcast,0,"(47.653411937000044, -122.34253836899995)",0,0,N,4359645
153261,27544,27544,Block,Cycles,852,,,0,,07/23/2004 12:00:00 AM +0000,7/23/2004 8:14:00 AM,1,,Driveway Junction,Daylight,20TH AVE W BETWEEN ELLIOTT BAY TRL AND THORNDYKE AVE W,0,1,Y,2,1482324,Dry,18,"MOTOR VEHICLE STRUCK PEDALCYCLIST, FRONT END AT ANGLE",04205001,3089,0,2,Injury Collision,,45,Bicycle,Matched,0,1,Clear or Partly Cloudy,0,"(47.64425017100007, -122.38206636399997)",0,0,N,04-305179
153309,27796,27796,Intersection,Cycles,0,,,0,,04/08/2004 12:00:00 AM +0000,4/8/2004,1,32725,At Intersection (intersection related),Daylight,39TH AVE S AND S OREGON ST,0,1,,2,1771969,Dry,18,"MOTOR VEHICLE STRUCK PEDALCYCLIST, FRONT END AT ANGLE",04099026,6017,0,2,Injury Collision,,45,Bicycle,Matched,0,1,Clear or Partly Cloudy,0,"(47.562838656000054, -122.28385814899997)",0,0,N,4141051
153446,27887,27887,Intersection,Cycles,0,,,0,,05/13/2004 12:00:00 AM +0000,5/13/2004 7:27:00 PM,1,29559,At Intersection (intersection related),Daylight,2ND AVE AND BLANCHARD ST,0,1,,2,1213606,Dry,18,"MOTOR VEHICLE STRUCK PEDALCYCLIST, FRONT END AT ANGLE",04134003,2763,0,2,Injury Collision,,45,Bicycle,Matched,0,1,Clear or Partly Cloudy,0,"(47.61327122300003, -122.34435339899994)",0,0,N,40193117
153480,27764,27764,Intersection,Cycles,0, ,,0,Y,10/08/2004 12:00:00 AM +0000,10/8/2004,1,30514,At Intersection (intersection related),Daylight,7TH AVE S AND S KING ST,0,1,,3,1777624,Wet,51,PEDALCYCLIST STRUCK MOTOR VEHICLE FRONT END AT ANGLE,04282002,8208,0,2,Injury Collision,,45,Bicycle,Matched,0,1,Raining,0,"(47.598349840000026, -122.32375375199996)",0,0,N,04-423373
153516,27616,27616,Intersection,Cycles,0, ,,0,,05/18/2004 12:00:00 AM +0000,5/18/2004 6:42:00 AM,1,24082,At Intersection (intersection related),Daylight,3RD AVE NW AND NW 73RD ST,0,1,Y,2,1318124,Dry,18,"MOTOR VEHICLE STRUCK PEDALCYCLIST, FRONT END AT ANGLE",04139001,4465,0,2,Injury Collision,,45,Bicycle,Matched,0,1,Clear or Partly Cloudy,0,"(47.68179301400005, -122.36048904999996)",0,0,N,04 200099
153519,27039,27039,Intersection,Cycles,0,,,0,,05/07/2004 12:00:00 AM +0000,5/7/2004,1,25132,At Intersection (intersection related),Daylight,24TH AVE NW AND NW 58TH ST,0,1,Y,2,1476139,Wet,18,"MOTOR VEHICLE STRUCK PEDALCYCLIST, FRONT END AT ANGLE",04128004,3593,0,2,Injury Collision,,45,Bicycle,Matched,0,1,Raining,0,"(47.670916205000026, -122.38758736899996)",0,0,N,04-183713
153622,27166,27166,Intersection,Cycles,0,,,0,,02/13/2004 12:00:00 AM +0000,2/13/2004 11:34:00 PM,1,25403,At Intersection (intersection related),Dark - Street Lights On,15TH AVE NW AND NW 58TH ST,0,1,Y,2,1779937,Wet,18,"MOTOR VEHICLE STRUCK PEDALCYCLIST, FRONT END AT ANGLE",04044008,2105,0,2,Injury Collision,,45,Bicycle,Matched,0,1,Raining,0,"(47.67090128400008, -122.37621244399998)",0,0,N,04 063707
153671,27289,27289,Block,Cycles,134.5,,,0,,09/29/2004 12:00:00 AM +0000,9/29/2004 6:06:00 PM,1,,Driveway Junction,Daylight,WALL ST BETWEEN ALASKAN WAY AND ELLIOTT AVE,0,1,,2,1785226,Dry,18,"MOTOR VEHICLE STRUCK PEDALCYCLIST, FRONT END AT ANGLE",04273019,13352,1,2b,Serious Injury Collision,,45,Bicycle,Matched,0,1,Clear or Partly Cloudy,0,"(47.61308846600008, -122.35082566499995)",0,0,N,4409259
153688,27136,27136,Intersection,Cycles,0,,,0,,05/05/2004 12:00:00 AM +0000,5/5/2004,1,25464,At Intersection (intersection related),Daylight,LEARY WAY NW AND NW 46TH ST,0,1,Y,2,1782358,Dry,18,"MOTOR VEHICLE STRUCK PEDALCYCLIST, FRONT END AT ANGLE",04126006,11347,0,2,Injury Collision,,45,Bicycle,Matched,0,1,Clear or Partly Cloudy,0,"(47.66219540600008, -122.36786512799995)",0,0,N,04-180969
153755,26991,26991,Block,Cycles,213,,,0,,09/22/2004 12:00:00 AM +0000,9/22/2004 5:51:00 AM,1,,Mid-Block (not related to intersection),Dawn,ALASKAN WAY BETWEEN VIRGINIA ST AND LENORA ST,0,1,,3,1321224,Dry,56,PEDALCYCLIST STRUCK MOTOR VEHICLE LEFT SIDE SIDESWIPE,04266044,8727,0,2,Injury Collision,,45,Bicycle,Matched,0,1,Clear or Partly Cloudy,0,"(47.60961130100003, -122.34564511299999)",0,0,N,04 398037
153812,27240,27240,Block,Cycles,631.5,,,0,,10/02/2004 12:00:00 AM +0000,10/2/2004,1,,Driveway Junction,Daylight,LAKE WASHINGTON BLVD E BETWEEN ARBORETUM DR E AND E INTERLAKEN BLVD,0,1,,1,1217195,Dry,69,PEDALCYCLIST OVERTURNED IN ROAD,04276012,11210,0,2,Injury Collision,,45,Bicycle,Matched,0,0,Clear or Partly Cloudy,0,"(47.629166619000046, -122.29603606699999)",0,0,N,40413653
153897,27356,27356,Intersection,Cycles,0,,,0,,03/02/2004 12:00:00 AM +0000,3/2/2004,1,28668,At Intersection (intersection related),Daylight,ELLIOTT ER AVE W AND WESTERN AVE W,0,1,Y,2,1475098,Dry,18,"MOTOR VEHICLE STRUCK PEDALCYCLIST, FRONT END AT ANGLE",04062020,13522,0,2,Injury Collision,,45,Bicycle,Matched,0,1,Clear or Partly Cloudy,0,"(47.620188592000034, -122.36004223699996)",0,0,N,04-088982
154066,27050,27050,Intersection,Cycles,0,,,0,,04/29/2004 12:00:00 AM +0000,4/29/2004 10:10:00 AM,1,27039,At Intersection (intersection related),Daylight,FREMONT AVE N AND N 34TH ST,0,1,Y,2,1218473,Dry,18,"MOTOR VEHICLE STRUCK PEDALCYCLIST, FRONT END AT ANGLE",04120010,10485,1,2b,Serious Injury Collision,,45,Bicycle,Matched,0,1,Clear or Partly Cloudy,0,"(47.64958972900007, -122.34974744899995)",0,0,N,03-171373
154068,27049,27049,Block,Cycles,238,,,0,,08/14/2004 12:00:00 AM +0000,8/14/2004 6:55:00 AM,1,,Mid-Block (not related to intersection),Daylight,LAKE WASHINGTON BLVD BETWEEN E TERRACE ST AND E JEFFERSON ST,0,1,,2,1217190,Dry,18,"MOTOR VEHICLE STRUCK PEDALCYCLIST, FRONT END AT ANGLE",04227006,11194,0,2,Injury Collision,,45,Bicycle,Matched,0,1,Clear or Partly Cloudy,0,"(47.60527694600006, -122.28350343499994)",0,0,N,04-339698
154171,26753,26753,Intersection,Cycles,0,,,0,,08/17/2004 12:00:00 AM +0000,8/17/2004 4:18:00 PM,1,24323,At Intersection (intersection related),Daylight,FREMONT AVE N AND N 73RD ST,0,1,,2,1080155,Dry,51,PEDALCYCLIST STRUCK MOTOR VEHICLE FRONT END AT ANGLE,04230010,10516,0,2,Injury Collision,,45,Bicycle,Matched,0,1,Clear or Partly Cloudy,0,"(47.68180341500005, -122.34989069199997)",0,0,N,04 345044
154183,26864,26864,Block,Cycles,503.5,,,0,,06/25/2004 12:00:00 AM +0000,6/25/2004 6:16:00 PM,1,,Driveway Junction,Daylight,SW BARTON ST BETWEEN 26TH AVE SW AND 29TH AVE SW,0,1,,2,1798528,Dry,18,"MOTOR VEHICLE STRUCK PEDALCYCLIST, FRONT END AT ANGLE",04177004,21846,0,2,Injury Collision,,45,Bicycle,Matched,1,1,Clear or Partly Cloudy,0,"(47.52103009700005, -122.36792955699997)",0,0,N,40260171
154382,26563,26563,Intersection,Cycles,0,,,0,,07/26/2004 12:00:00 AM +0000,7/26/2004 2:48:00 PM,0,24214,At Intersection (intersection related),Daylight,8TH AVE NW AND NW 65TH ST,0,1,,2,1080205,Dry,18,"MOTOR VEHICLE STRUCK PEDALCYCLIST, FRONT END AT ANGLE",04208015,8395,0,1,Property Damage Only Collision,,45,Bicycle,Matched,0,1,Clear or Partly Cloudy,0,"(47.67598534700005, -122.36602339899997)",0,0,N,04-310131
154476,26535,26535,Block,Cycles,453, ,,0,,10/14/2004 12:00:00 AM +0000,10/14/2004 5:30:00 PM,1,,Mid-Block (not related to intersection),Unknown,NE 40TH ST BETWEEN 7TH AVE NE AND UNIVERSITY BR OFF RP,0,1,,2,1780896,Unknown,18,"MOTOR VEHICLE STRUCK PEDALCYCLIST, FRONT END AT ANGLE",04288001,16733,0,2,Injury Collision,,45,Bicycle,Matched,0,1,Unknown,0,"(47.65552386500008, -122.31914462099996)",0,0,N,4441339
154585,26076,26076,Intersection,Cycles,0,,,0,Y,08/24/2004 12:00:00 AM +0000,8/24/2004 4:39:00 PM,1,34778,At Intersection (but not related to intersection),Daylight,FAUNTLEROY WAY SW AND SW THISTLE ST,0,1,Y,2,1775341,Standing Water,18,"MOTOR VEHICLE STRUCK PEDALCYCLIST, FRONT END AT ANGLE",04237048,10417,0,2,Injury Collision,,45,Bicycle,Matched,0,1,Raining,0,"(47.52857252500007, -122.39273372399998)",0,0,N,4355202
154608,26504,26504,Block,Cycles,165,,,0,,05/10/2004 12:00:00 AM +0000,5/10/2004 2:27:00 PM,1,,Driveway Junction,Daylight,N 105TH ST BETWEEN WHITMAN AVE N AND AURORA AVE N,0,1,,1,1205169,Wet,18,"MOTOR VEHICLE STRUCK PEDALCYCLIST, FRONT END AT ANGLE",04131008,15018,0,2,Injury Collision,,45,Bicycle,Matched,0,0,Raining,0,"(47.70505326300008, -122.34536647199997)",0,0,N,04-188247
154650,26350,26350,Intersection,Cycles,0,,,0,,08/28/2004 12:00:00 AM +0000,8/28/2004 11:51:00 PM,1,26800,At Intersection (intersection related),Dark - Street Lights Off,WOODLAND PARK AVE N AND N 45TH ST,0,1,,2,1219932,Dry,51,PEDALCYCLIST STRUCK MOTOR VEHICLE FRONT END AT ANGLE,04241007,13662,0,2,Injury Collision,,45,Bicycle,Matched,0,1,Clear or Partly Cloudy,0,"(47.66138478900007, -122.34455892299997)",0,0,N,4361738
154707,26328,26328,Intersection,Cycles,0,,,0,,09/08/2004 12:00:00 AM +0000,9/8/2004,1,27189,At Intersection (intersection related),Dark - No Street Lights,MERIDIAN AVE N AND N 44TH ST,0,1,,2,1776175,Dry,51,PEDALCYCLIST STRUCK MOTOR VEHICLE FRONT END AT ANGLE,04252039,11791,0,2,Injury Collision,,45,Bicycle,Matched,1,1,Overcast,0,"(47.66029647200003, -122.33374316899994)",0,0,N,04 378413
154864,25883,25883,Block,Cycles,610.5,,,0,,06/22/2004 12:00:00 AM +0000,6/22/2004 5:37:00 PM,1,,Mid-Block (not related to intersection),Daylight,HARBOR AVE SW BETWEEN CALIFORNIA WAY SW AND FAIRMOUNT AVE SW,0,1,Y,2,1781267,Dry,18,"MOTOR VEHICLE STRUCK PEDALCYCLIST, FRONT END AT ANGLE",04174007,10815,0,2,Injury Collision,,45,Bicycle,Matched,0,1,Clear or Partly Cloudy,0,"(47.588294606000034, -122.37982308899996)",0,0,N,4255356
154904,26004,26004,Intersection,Cycles,0,,,0,,11/12/2004 12:00:00 AM +0000,11/12/2004 4:55:00 PM,1,30430,At Intersection (intersection related),Dark - Street Lights On,12TH AVE S AND S KING ST,0,1,,4,1198402,Dry,18,"MOTOR VEHICLE STRUCK PEDALCYCLIST, FRONT END AT ANGLE",04317005,1655,1,2b,Serious Injury Collision,,45,Bicycle,Matched,0,1,Clear or Partly Cloudy,0,"(47.59833759300005, -122.317227979)",0,0,N,04-474571
154912,26145,26145,Intersection,Cycles,0,,,0,,08/14/2004 12:00:00 AM +0000,8/14/2004 6:47:00 PM,1,28303,At Intersection (intersection related),Daylight,EASTLAKE AVE E AND E LOUISA ST,0,1,,3,1217326,Dry,18,"MOTOR VEHICLE STRUCK PEDALCYCLIST, FRONT END AT ANGLE",04227010,10178,0,2,Injury Collision,,45,Bicycle,Matched,0,1,Clear or Partly Cloudy,0,"(47.64203050000003, -122.32588836999997)",0,0,N,04-340551
154990,26126,26126,Block,Cycles,218,,,0,,06/05/2004 12:00:00 AM +0000,6/5/2004,1,,Driveway Junction,Daylight,EASTLAKE AVE E BETWEEN HARVARD AVE E AND FUHRMAN AVE E,0,1,,2,1789685,Dry,51,PEDALCYCLIST STRUCK MOTOR VEHICLE FRONT END AT ANGLE,04157002,10184,0,2,Injury Collision,,45,Bicycle,Matched,0,1,Raining,0,"(47.65104751100006, -122.32168580199999)",0,0,N,04-228498
155055,26237,26237,Intersection,Cycles,0,,,0,,09/11/2004 12:00:00 AM +0000,9/11/2004 12:25:00 PM,1,27281,At Intersection (intersection related),Daylight,MERIDIAN AVE N AND N NORTHLAKE WAY,0,1,Y,2,1794982,Dry,18,"MOTOR VEHICLE STRUCK PEDALCYCLIST, FRONT END AT ANGLE",04255011,11780,0,2,Injury Collision,,45,Bicycle,Matched,0,1,Clear or Partly Cloudy,0,"(47.64686731000006, -122.33392663499995)",0,0,N,04-382360
155058,26235,26235,Intersection,Cycles,0,,,0,,11/11/2004 12:00:00 AM +0000,11/11/2004 5:18:00 PM,1,26900,At Intersection (intersection related),Dusk,CARR PL N AND N 35TH ST,0,1,,2,1794855,Dry,51,PEDALCYCLIST STRUCK MOTOR VEHICLE FRONT END AT ANGLE,04316026,9617,0,2,Injury Collision,,45,Bicycle,Matched,0,1,Clear or Partly Cloudy,0,"(47.649210562000064, -122.33937997199996)",0,0,N,4473145
155136,26093,26093,Block,Cycles,138,,,0,,04/01/2004 12:00:00 AM +0000,4/1/2004,1,,Mid-Block (not related to intersection),Daylight,AURORA AVE N BETWEEN HALLADAY ST AND RAYE ST,0,1,,2,1778629,Dry,51,PEDALCYCLIST STRUCK MOTOR VEHICLE FRONT END AT ANGLE,04092004,8918,0,2,Injury Collision,,45,Bicycle,Matched,0,1,Clear or Partly Cloudy,0,"(47.642624357000045, -122.34705467699996)",0,0,N,04 130943
155174,25392,25392,Intersection,Cycles,0,,,0,,03/28/2004 12:00:00 AM +0000,3/28/2004 11:22:00 AM,1,30447,At Intersection (intersection related),Daylight,8TH AVE S AND S DEARBORN ST,0,1,,2,1213763,Dry,51,PEDALCYCLIST STRUCK MOTOR VEHICLE FRONT END AT ANGLE,04088011,19830,1,2b,Serious Injury Collision,,45,Bicycle,Matched,0,1,Clear or Partly Cloudy,0,"(47.59583116700003, -122.32245866299996)",0,0,N,04-124998
155182,25672,25672,Block,Cycles,166,,,0,Y,09/30/2004 12:00:00 AM +0000,9/30/2004 4:17:00 PM,1,,Driveway Junction,Daylight,SW WILLOW ST BETWEEN 35TH AVE SW AND 36TH AVE SW,0,1,,3,1798562,Dry,18,"MOTOR VEHICLE STRUCK PEDALCYCLIST, FRONT END AT ANGLE",04274029,22998,0,2,Injury Collision,,45,Bicycle,Matched,0,1,Clear or Partly Cloudy,0,"(47.54104758300008, -122.37720099299997)",0,0,N,04-410765
155208,25796,25796,Block,Cycles,286.5,,,0,,11/30/2004 12:00:00 AM +0000,11/30/2004 11:30:00 AM,1,,Driveway Junction,Daylight,NICKERSON ST BETWEEN CREMONA ST AND DRAVUS ST,0,1,Y,2,1069998,Wet,18,"MOTOR VEHICLE STRUCK PEDALCYCLIST, FRONT END AT ANGLE",04335028,11967,0,2,Injury Collision,,45,Bicycle,Matched,0,1,Overcast,0,"(47.64909962000007, -122.35620819599995)",0,0,N,4498043
155234,25789,25789,Block,Cycles,610.5,,,0,,05/23/2004 12:00:00 AM +0000,5/23/2004 12:49:00 PM,1,,Driveway Junction,Daylight,HARBOR AVE SW BETWEEN CALIFORNIA WAY SW AND FAIRMOUNT AVE SW,0,1,Y,4,1781356,Dry,18,"MOTOR VEHICLE STRUCK PEDALCYCLIST, FRONT END AT ANGLE",04144007,10815,0,2,Injury Collision,,45,Bicycle,Matched,0,1,Clear or Partly Cloudy,0,"(47.588294606000034, -122.37982308899996)",0,0,N,04-208385
155409,25342,25342,Block,Cycles,318.5,,,0,,03/06/2004 12:00:00 AM +0000,3/6/2004,1,,Mid-Block (not related to intersection),Daylight,4TH AVE S BETWEEN W SEA BR EB 4 AV OFF RP AND S INDUSTRIAL WB WAY,0,1,,2,1777036,Dry,18,"MOTOR VEHICLE STRUCK PEDALCYCLIST, FRONT END AT ANGLE",04066004,531031,0,2,Injury Collision,,45,Bicycle,Matched,0,1,Clear or Partly Cloudy,0,"(47.56877717800006, -122.32906213499996)",0,0,N,04 194585