OBJECTID,INCKEY,COLDETKEY,ADDRTYPE,COLLISIONTYPE,DISTANCE,EXCEPTRSNCODE,EXCEPTRSNDESC,FATALITIES,INATTENTIONIND,INCDATE,INCDTTM,INJURIES,INTKEY,JUNCTIONTYPE,LIGHTCOND,LOCATION,PEDCOUNT,PEDCYLCOUNT,PEDROWNOTGRNT,PERSONCOUNT,REPORTNO,ROADCOND,SDOT_COLCODE,SDOT_COLDESC,SDOTCOLNUM,SEGKEY,SERIOUSINJURIES,SEVERITYCODE,SEVERITYDESC,SPEEDING,ST_COLCODE,ST_COLDESC,STATUS,UNDERINFL,VEHCOUNT,WEATHER,WIDTH,Shape,SEGLANEKEY,CROSSWALKKEY,HITPARKEDCAR,SPDCASENO
155416,25739,25739,Block,Cycles,155,,,0,Y,04/26/2004 12:00:00 AM +0000,4/26/2004 9:51:00 PM,1,,Mid-Block (but intersection related),Dark - Street Lights On,12TH AVE S BETWEEN E YESLER WAY AND BOREN AVE S,0,1,,1,1320450,Dry,26,MOTOR VEHICLE STRUCK OBJECT IN ROAD,04117019,1651,0,2,Injury Collision,,45,Bicycle,Matched,0,0,Clear or Partly Cloudy,0,"(47.601274465000074, -122.31687320499998)",0,0,N,04-167590
155473,25455,25455,Block,Cycles,133.5,,,0,,10/30/2004 12:00:00 AM +0000,10/30/2004 9:10:00 AM,1,,Mid-Block (not related to intersection),Daylight,8TH AVE NW BETWEEN NW 87TH ST AND NW 88TH ST,0,1,,2,1781845,Dry,18,"MOTOR VEHICLE STRUCK PEDALCYCLIST, FRONT END AT ANGLE",04304010,8414,0,2,Injury Collision,,45,Bicycle,Matched,1,1,Clear or Partly Cloudy,0,"(47.692445547000034, -122.36600335299994)",0,0,N,04-455080
155583,25068,25068,Block,Cycles,193.5,,,0,,08/26/2004 12:00:00 AM +0000,8/26/2004 7:19:00 PM,1,,Mid-Block (not related to intersection),Dusk,BEACON AVE S BETWEEN S HANFORD ST AND S HORTON ST,0,1,,2,1793377,Dry,18,"MOTOR VEHICLE STRUCK PEDALCYCLIST, FRONT END AT ANGLE",04239005,9123,0,2,Injury Collision,,45,Bicycle,Matched,0,1,Overcast,0,"(47.574568776000035, -122.309058059)",0,0,N,04 358299
155617,25216,25216,Intersection,Cycles,0,,,0,,05/14/2004 12:00:00 AM +0000,5/14/2004 9:47:00 AM,1,24214,At Intersection (intersection related),Daylight,8TH AVE NW AND NW 65TH ST,0,1,Y,2,1774253,Dry,18,"MOTOR VEHICLE STRUCK PEDALCYCLIST, FRONT END AT ANGLE",04135001,8395,1,2b,Serious Injury Collision,,45,Bicycle,Matched,0,1,Clear or Partly Cloudy,0,"(47.67598534700005, -122.36602339899997)",0,0,N,04-194077
155777,24862,24862,Block,Cycles,692.5,,,0,,04/10/2004 12:00:00 AM +0000,4/10/2004 1:49:00 PM,1,,Mid-Block (not related to intersection),Daylight,HARBOR AVE SW BETWEEN SW MARYLAND PL AND CALIFORNIA WAY SW,0,1,,3,1775190,Dry,56,PEDALCYCLIST STRUCK MOTOR VEHICLE LEFT SIDE SIDESWIPE,04101003,10814,0,2,Injury Collision,,45,Bicycle,Matched,0,2,Clear or Partly Cloudy,0,"(47.59131555300007, -122.38237552699997)",0,0,N,04 143928
155854,25276,25276,Block,Cycles,213,,,0,,07/01/2004 12:00:00 AM +0000,7/1/2004,1,,Mid-Block (not related to intersection),Daylight,BROADWAY BETWEEN E HOWELL ST AND E DENNY WAY,0,1,,3,1782218,Dry,14,"MOTOR VEHICLE STRUCK MOTOR VEHICLE, REAR END",04183023,9450,0,2,Injury Collision,,45,Bicycle,Matched,0,1,Clear or Partly Cloudy,0,"(47.618154047000075, -122.32084513599995)",0,0,N,04-269380
155891,213510,213770,Intersection,Cycles,0, ,,0,,02/09/2016 12:00:00 AM +0000,2/9/2016 5:50:00 PM,1,24401,At Intersection (intersection related),Dark - Street Lights On,ROOSEVELT WAY NE AND NE 79TH ST,0,1,,2,3787003,Dry,18,"MOTOR VEHICLE STRUCK PEDALCYCLIST, FRONT END AT ANGLE",,12628,0,2,Injury Collision,,45,Bicycle,Matched,N,1,Clear or Partly Cloudy,0,"(47.68602148600007, -122.31754013799997)",0,0,N,16-48402
156012,213520,213780,Block,Cycles,468, ,,0,,02/11/2016 12:00:00 AM +0000,2/11/2016 3:30:00 PM,1,,Mid-Block (not related to intersection),Daylight,SHILSHOLE AVE NW BETWEEN 17TH AVE NW AND NW DOCK PL,0,1,,3,3726310,Wet,51,PEDALCYCLIST STRUCK MOTOR VEHICLE FRONT END AT ANGLE,,12828,0,2,Injury Collision,,45,Bicycle,Matched,N,1,Overcast,0,"(47.662997646000065, -122.38055647199997)",0,0,N,16-50726
156064,211083,211323,Block,Cycles,330,NEI,"Not Enough Information, or Insufficient Location Information",0,,01/08/2016 12:00:00 AM +0000,1/8/2016 1:51:00 PM,1,,,Daylight,N NORTHGATE WAY BETWEEN CORLISS AVE N AND 1ST AVE NE,0,1,,1,E503430,Dry,00,NOT ENOUGH INFORMATION / NOT APPLICABLE,,16120,0,2,Injury Collision,,45,Bicycle,Matched,N,1,Clear or Partly Cloudy,0,"(47.70863744800005, -122.32997598599997)",0,0,N,2016-0008827
156110,24540,24540,Block,Cycles,98,,,0,,02/26/2004 12:00:00 AM +0000,2/26/2004 8:20:00 PM,1,,Mid-Block (not related to intersection),Dark - Street Lights On,E ROANOKE ST BETWEEN BROADWAY E AND 10TH W AVE E,0,1,,2,1856504,Wet,18,"MOTOR VEHICLE STRUCK PEDALCYCLIST, FRONT END AT ANGLE",04057040,14727,0,2,Injury Collision,,45,Bicycle,Matched,1,1,Raining,0,"(47.64319374100006, -122.32045694199996)",0,0,N,04-082474
156114,24652,24652,Intersection,Cycles,0,,,0,,05/18/2004 12:00:00 AM +0000,5/18/2004 1:36:00 PM,1,34147,At Intersection (intersection related),Daylight,16TH AVE SW AND SW HOLDEN ST,0,1,Y,3,1790603,Dry,18,"MOTOR VEHICLE STRUCK PEDALCYCLIST, FRONT END AT ANGLE",04139002,2340,0,2,Injury Collision,,45,Bicycle,Matched,0,1,Clear or Partly Cloudy,0,"(47.533680428000025, -122.35503244799997)",0,0,N,04 200578
156179,210702,210942,Intersection,Cycles,0, ,,0,,12/30/2015 12:00:00 AM +0000,12/30/2015 3:07:00 PM,1,36586,At Intersection (intersection related),Daylight,1ST AVE NE AND NE NORTHGATE WAY,0,1,,2,E502011,Dry,18,"MOTOR VEHICLE STRUCK PEDALCYCLIST, FRONT END AT ANGLE",,1099,0,2,Injury Collision,,45,Bicycle,Matched,N,1,Clear or Partly Cloudy,0,"(47.708628720000036, -122.328634266)",0,0,N,2015-450231
156245,24483,24483,Intersection,Cycles,0,,,0,,10/01/2004 12:00:00 AM +0000,10/1/2004,0,27299,At Intersection (intersection related),Daylight,MONTLAKE BLVD NE AND NE PACIFIC ST,0,1,Y,2,1794628,Dry,18,"MOTOR VEHICLE STRUCK PEDALCYCLIST, FRONT END AT ANGLE",04275009,11910,0,1,Property Damage Only Collision,,45,Bicycle,Matched,0,1,Clear or Partly Cloudy,0,"(47.648997404000056, -122.30459125899995)",0,0,N,4412437
156581,24290,24290,Intersection,Cycles,0,,,0,,12/22/2004 12:00:00 AM +0000,12/22/2004 7:44:00 AM,1,30367,At Intersection (intersection related),Daylight,ALASKAN WAY S AND S KING ST,0,1,,2,1069699,Dry,51,PEDALCYCLIST STRUCK MOTOR VEHICLE FRONT END AT ANGLE,04357029,8739,0,2,Injury Collision,,45,Bicycle,Matched,0,1,Clear or Partly Cloudy,0,"(47.59829223200006, -122.33590723199995)",0,0,N,40528581
156643,213287,213547,Intersection,Cycles,0, ,,0,,02/09/2016 12:00:00 AM +0000,2/9/2016 7:21:00 AM,1,24214,At Intersection (intersection related),Daylight,8TH AVE NW AND NW 65TH ST,0,1,,2,3786784,Dry,18,"MOTOR VEHICLE STRUCK PEDALCYCLIST, FRONT END AT ANGLE",,8395,0,2,Injury Collision,,45,Bicycle,Matched,N,1,Clear or Partly Cloudy,0,"(47.67598534700005, -122.36602339899997)",2489,0,N,16-47607
156667,212680,212960,Intersection,Cycles,0, ,,0,,12/29/2015 12:00:00 AM +0000,12/29/2015 5:19:00 PM,1,25539,At Intersection (intersection related),Dark - Street Lights On,STONE AVE N AND N 48TH ST,0,1,Y,2,2022885,Dry,18,"MOTOR VEHICLE STRUCK PEDALCYCLIST, FRONT END AT ANGLE",,12915,0,2,Injury Collision,,45,Bicycle,Matched,N,1,Clear or Partly Cloudy,0,"(47.66357826800004, -122.34209950899998)",25539,0,N,2015-449247
156715,23723,23723,Intersection,Cycles,0,,,0,,07/09/2004 12:00:00 AM +0000,7/9/2004,1,25265,At Intersection (intersection related),Daylight,8TH AVE NW AND NW 62ND S ST,0,1,,2,1782884,Wet,18,"MOTOR VEHICLE STRUCK PEDALCYCLIST, FRONT END AT ANGLE",04191006,8391,0,2,Injury Collision,,45,Bicycle,Matched,0,1,Raining,0,"(47.67380710700007, -122.36611037099999)",0,0,N,04-283181
156723,23667,23667,Block,Cycles,213,,,0,,10/05/2004 12:00:00 AM +0000,10/5/2004,1,,Driveway Junction,Dark - Street Lights On,BROADWAY E BETWEEN E DENNY WAY AND E OLIVE WAY,0,1,,2,1798550,Wet,51,PEDALCYCLIST STRUCK MOTOR VEHICLE FRONT END AT ANGLE,04279011,9451,0,2,Injury Collision,,45,Bicycle,Matched,0,1,Raining,0,"(47.61932227600005, -122.32086366599998)",0,0,N,04-418810
156889,23939,23939,Intersection,Cycles,0,,,0,,07/04/2004 12:00:00 AM +0000,7/4/2004,1,32795,At Intersection (intersection related),Dark - Street Lights On,35TH AVE SW AND SW BRANDON ST,0,1,,2,1798531,Dry,18,"MOTOR VEHICLE STRUCK PEDALCYCLIST, FRONT END AT ANGLE",04186005,5456,0,2,Injury Collision,,45,Bicycle,Matched,0,1,Clear or Partly Cloudy,0,"(47.55378048100005, -122.37627581599997)",0,0,N,04-275634
156897,23801,23801,Block,Cycles,137.5,,,0,Y,09/29/2004 12:00:00 AM +0000,9/29/2004 11:46:00 PM,1,,Driveway Junction,Daylight,E JOHN ST BETWEEN SUMMIT AVE E AND E OLIVE WAY,0,1,,3,1797980,Dry,18,"MOTOR VEHICLE STRUCK PEDALCYCLIST, FRONT END AT ANGLE",04273018,14242,0,2,Injury Collision,,45,Bicycle,Matched,0,1,Clear or Partly Cloudy,0,"(47.61968082900006, -122.324747705)",0,0,N,04-409685
156934,23790,23790,Block,Cycles,332.5,,,0,,02/06/2004 12:00:00 AM +0000,2/6/2004,1,,Mid-Block (not related to intersection),Dark - Street Lights On,NE 145TH ST BETWEEN 15TH AVE NE AND 17TH AVE NE,0,1,,2,C628470,Wet,54,PEDALCYCLIST STRUCK MOTOR VEHICLE REAR END,04037047,16685,0,2,Injury Collision,,45,Bicycle,Matched,0,1,Raining,0,"(47.73393649700006, -122.31139964699997)",0,0,N,
157057,23990,23990,Intersection,Cycles,0,,,0,,04/22/2004 12:00:00 AM +0000,4/22/2004 7:12:00 PM,1,29582,At Intersection (intersection related),Daylight,1ST AVE AND VIRGINIA ST,0,1,Y,3,1482528,Dry,18,"MOTOR VEHICLE STRUCK PEDALCYCLIST, FRONT END AT ANGLE",04113039,1012,0,2,Injury Collision,,45,Bicycle,Matched,0,1,Clear or Partly Cloudy,0,"(47.611068224000064, -122.34261249499997)",0,0,N,40161495
157206,24502,24502,Intersection,Cycles,0,,,0,,05/01/2004 12:00:00 AM +0000,5/1/2004,1,29026,At Intersection (intersection related),Daylight,FEDERAL AVE E AND E HARRISON ST,0,1,,4,1772380,Dry,51,PEDALCYCLIST STRUCK MOTOR VEHICLE FRONT END AT ANGLE,04122034,10428,0,2,Injury Collision,,45,Bicycle,Matched,0,1,Clear or Partly Cloudy,0,"(47.62197703100003, -122.31887378399995)",0,0,N,04-174982
157351,25181,25181,Intersection,Cycles,0,,,0,,12/20/2004 12:00:00 AM +0000,12/20/2004 2:54:00 PM,0,25738,At Intersection (intersection related),Daylight,UNIVERSITY WAY NE AND NE RAVENNA EB BV,0,1,Y,2,1930984,Dry,11,"MOTOR VEHICLE STRUCK MOTOR VEHICLE, FRONT END AT ANGLE",04355006,13228,0,1,Property Damage Only Collision,,45,Bicycle,Matched,0,1,Clear or Partly Cloudy,0,"(47.67098655700005, -122.31303349099994)",0,0,N,4526377
157565,210662,210902,Block,Cycles,136.5, ,,0,,11/12/2015 12:00:00 AM +0000,11/12/2015 9:55:00 AM,1,,Mid-Block (not related to intersection),Daylight,PEND OREILLE RD NE BETWEEN BURKE GILMAN TRL AND 25TH AVE NE,0,1,,3,3685372,Dry,14,"MOTOR VEHICLE STRUCK MOTOR VEHICLE, REAR END",,594820,0,2,Injury Collision,,45,Bicycle,Matched,N,1,Overcast,0,"(47.66039107900008, -122.30141417099998)",0,0,N,15-002220
157583,211306,211546,Block,Cycles,64, ,,0,,01/13/2016 12:00:00 AM +0000,1/13/2016 5:37:00 PM,1,,Mid-Block (but intersection related),Dark - Street Lights On,NE 50TH ST BETWEEN THACKERAY PL NE AND LATONA W AVE NE,0,1,,2,3737676,Wet,21,"MOTOR VEHICLE STRUCK PEDALCYCLIST, REAR END",,16922,0,2,Injury Collision,Y,45,Bicycle,Matched,N,1,Raining,0,"(47.664989158000026, -122.32586892999996)",0,0,N,2016-15063
157629,24915,24915,Intersection,Cycles,0,,,0,,09/30/2004 12:00:00 AM +0000,9/30/2004 8:16:00 PM,1,29037,At Intersection (intersection related),Dark - Street Lights On,14TH AVE E AND E THOMAS E ST,0,1,,2,1799126,Dry,51,PEDALCYCLIST STRUCK MOTOR VEHICLE FRONT END AT ANGLE,04274026,14857,0,2,Injury Collision,,45,Bicycle,Matched,0,1,Overcast,0,"(47.621122752000076, -122.31433616399994)",0,0,N,40411080
157661,25091,25091,Intersection,Cycles,0, ,,0,,09/16/2004 12:00:00 AM +0000,9/16/2004 2:22:00 PM,1,25419,At Intersection (intersection related),Daylight,8TH AVE NW AND NW MARKET ST,0,1,,2,1778847,Wet,51,PEDALCYCLIST STRUCK MOTOR VEHICLE FRONT END AT ANGLE,04260013,8384,0,2,Injury Collision,,45,Bicycle,Matched,0,1,Raining,0,"(47.668653386000074, -122.36617795199999)",0,0,N,04 398925
157677,25233,25233,Intersection,Cycles,0,,,0,,05/26/2004 12:00:00 AM +0000,5/26/2004 9:22:00 AM,1,28788,At Intersection (intersection related),Daylight,DEXTER AVE N AND THOMAS ST,0,1,Y,2,1482603,Wet,18,"MOTOR VEHICLE STRUCK PEDALCYCLIST, FRONT END AT ANGLE",04147018,10073,0,2,Injury Collision,,45,Bicycle,Matched,0,1,Overcast,0,"(47.620888395000065, -122.34238173099999)",0,0,N,40212612
157778,24975,24975,Intersection,Cycles,0,,,0,,09/25/2004 12:00:00 AM +0000,9/25/2004 6:04:00 PM,1,25532,At Intersection (intersection related),Dusk,STONE AVE N AND N 50TH ST,0,1,Y,2,1220461,Dry,18,"MOTOR VEHICLE STRUCK PEDALCYCLIST, FRONT END AT ANGLE",04269007,15646,0,2,Injury Collision,,45,Bicycle,Matched,0,1,Clear or Partly Cloudy,0,"(47.66503744200003, -122.342082044)",0,0,N,04 403533
157935,25412,25412,Block,Cycles,212.5,,,0,,10/19/2004 12:00:00 AM +0000,10/19/2004 8:42:00 AM,1,,Mid-Block (but intersection related),Daylight,MERIDIAN AVE N BETWEEN N NORTHLAKE WAY AND N 34TH ST,0,1,Y,2,1781890,Wet,18,"MOTOR VEHICLE STRUCK PEDALCYCLIST, FRONT END AT ANGLE",04293036,11780,0,2,Injury Collision,,45,Bicycle,Matched,0,1,Raining,0,"(47.64744824100006, -122.33392032899997)",0,0,N,4439117
158024,211040,211280,Intersection,Cycles,0, ,,0,,01/07/2016 12:00:00 AM +0000,1/7/2016 7:42:00 PM,0,28780,At Intersection (intersection related),Dark - Street Lights On,HARRISON ST AND WESTLAKE AVE N,0,1,,2,3791502,Dry,21,"MOTOR VEHICLE STRUCK PEDALCYCLIST, REAR END",,10767,0,1,Property Damage Only Collision,,45,Bicycle,Matched,N,1,Overcast,0,"(47.62204123500004, -122.33845570699998)",0,0,N,2016-008007
158181,210567,210807,Intersection,Cycles,0, ,,0,,11/02/2015 12:00:00 AM +0000,11/2/2015 7:39:00 AM,1,37442,At Intersection (intersection related),Daylight,FREMONT AVE N AND N 90TH ST,0,1,,1,E501454,Wet,51,PEDALCYCLIST STRUCK MOTOR VEHICLE FRONT END AT ANGLE,,10534,0,2,Injury Collision,,45,Bicycle,Matched,N,1,Raining,0,"(47.69420140200003, -122.34995493399998)",0,0,N,2015-383495
158194,213632,213892,Block,Cycles,239.5, ,,0,,02/13/2016 12:00:00 AM +0000,2/13/2016 12:42:00 AM,1,,Mid-Block (but intersection related),Dark - Street Lights On,RAINIER AVE S BETWEEN S FOREST ST AND M L KING JR WAY S,0,1,,2,3735238,Wet,21,"MOTOR VEHICLE STRUCK PEDALCYCLIST, REAR END",,12366,0,2,Injury Collision,,45,Bicycle,Matched,N,1,Raining,0,"(47.57694362600006, -122.29707687099994)",0,0,N,2016-52635
158273,25826,25826,Block,Cycles,204,,,0,,10/22/2004 12:00:00 AM +0000,10/22/2004 6:50:00 AM,1,,Driveway Junction,Dawn,HOLMAN RD NW BETWEEN 6TH AVE NW AND 4TH AVE NW,0,1,Y,2,1773432,Dry,18,"MOTOR VEHICLE STRUCK PEDALCYCLIST, FRONT END AT ANGLE",04296004,10945,0,2,Injury Collision,,45,Bicycle,Matched,0,1,Overcast,0,"(47.70139040500004, -122.36273140399999)",0,0,N,04 443393
158322,212527,212807,Intersection,Cycles,0, ,,0,,01/29/2016 12:00:00 AM +0000,1/29/2016 7:45:00 PM,0,28383,At Intersection (intersection related),Dark - Street Lights On,MONTLAKE BLVD E AND E SHELBY ST,0,1,,2,3701994,Dry,18,"MOTOR VEHICLE STRUCK PEDALCYCLIST, FRONT END AT ANGLE",,11909,0,1,Property Damage Only Collision,,45,Bicycle,Matched,N,1,Unknown,0,"(47.64639608400006, -122.30461411499999)",0,0,N,2016-35040
158323,212983,213263,Intersection,Cycles,0,NEI,"Not Enough Information, or Insufficient Location Information",0,,02/01/2016 12:00:00 AM +0000,2/1/2016 3:37:00 PM,1,36051,At Intersection (intersection related),Daylight,33RD AVE NE AND NE 130TH ST,0,1,Y,2,3737311,Dry,00,NOT ENOUGH INFORMATION / NOT APPLICABLE,,16555,0,2,Injury Collision,,45,Bicycle,Matched,N,1,Clear or Partly Cloudy,0,"(47.72273215400003, -122.29198770499994)",0,0,N,16-38222
158325,212524,212804,Intersection,Cycles,0, ,,0,,01/28/2016 12:00:00 AM +0000,1/28/2016 7:52:00 AM,1,25308,At Intersection (intersection related),Daylight,3RD AVE NW AND NW 55TH ST,0,1,,2,3786880,Wet,18,"MOTOR VEHICLE STRUCK PEDALCYCLIST, FRONT END AT ANGLE",,4456,0,2,Injury Collision,,45,Bicycle,Matched,N,1,Raining,0,"(47.668693380000036, -122.36080636099996)",0,0,N,16-32757
158359,213816,214076,Block,Cycles,142,NEI,"Not Enough Information, or Insufficient Location Information",0,,02/18/2016 12:00:00 AM +0000,2/18/2016 8:30:00 AM,1,,Mid-Block (not related to intersection),Daylight,S CLOVERDALE ST BETWEEN 38TH AVE S AND 39TH AVE S,0,1,,2,3732070,Dry,00,NOT ENOUGH INFORMATION / NOT APPLICABLE,,19657,0,2,Injury Collision,,45,Bicycle,Matched,N,1,Overcast,0,"(47.52611060900006, -122.28419551999997)",0,0,N,16-59313
158366,211402,211642,Intersection,Cycles,0, ,,0,,01/13/2016 12:00:00 AM +0000,1/13/2016 2:39:00 PM,1,29576,At Intersection (intersection related),Daylight,5TH AVE AND PIKE ST,0,1,,2,3791301,Wet,51,PEDALCYCLIST STRUCK MOTOR VEHICLE FRONT END AT ANGLE,,7237,0,2,Injury Collision,,45,Bicycle,Matched,N,1,Overcast,0,"(47.61067790300007, -122.33557402499997)",0,522108,N,16-14823
158372,211398,211638,Intersection,Cycles,0, ,,0,,01/13/2016 12:00:00 AM +0000,1/13/2016 1:48:00 PM,1,29563,At Intersection (intersection related),Daylight,3RD AVE AND VIRGINIA ST,0,1,,2,3791276,Wet,18,"MOTOR VEHICLE STRUCK PEDALCYCLIST, FRONT END AT ANGLE",,4387,0,2,Injury Collision,,45,Bicycle,Matched,N,1,Overcast,0,"(47.61239802600005, -122.34089245499996)",0,0,N,2016-14736
158578,211356,211596,Block,Cycles,180.5,NEI,"Not Enough Information, or Insufficient Location Information",0,,01/09/2016 12:00:00 AM +0000,1/9/2016 7:25:00 AM,1,,,Dawn,N 42ND ST BETWEEN FREMONT AVE N AND LINDEN AVE N,0,1,,1,E504513,Dry,00,NOT ENOUGH INFORMATION / NOT APPLICABLE,,15463,0,2,Injury Collision,,45,Bicycle,Matched,N,1,Clear or Partly Cloudy,0,"(47.657741359000056, -122.34925233199999)",0,0,N,16-9763
158596,211583,211823,Intersection,Cycles,0, ,,0,Y,01/18/2016 12:00:00 AM +0000,1/18/2016 7:35:00 PM,1,24495,At Intersection (intersection related),Dark - Street Lights On,8TH AVE NE AND NE 65TH ST,0,1,,2,3733884,Wet,18,"MOTOR VEHICLE STRUCK PEDALCYCLIST, FRONT END AT ANGLE",,8322,0,2,Injury Collision,,45,Bicycle,Matched,N,1,Raining,0,"(47.67585210000004, -122.32005308999999)",0,0,N,2016-21098
158605,212114,212354,Intersection,Cycles,0, ,,0,,01/22/2016 12:00:00 AM +0000,1/22/2016 1:04:00 PM,1,36054,At Intersection (intersection related),Daylight,30TH AVE NE AND NE 130TH ST,0,1,,2,E508907,Dry,18,"MOTOR VEHICLE STRUCK PEDALCYCLIST, FRONT END AT ANGLE",,4635,0,2,Injury Collision,,45,Bicycle,Matched,N,1,Clear or Partly Cloudy,0,"(47.72290005100007, -122.29635851799998)",0,521376,N,2016-25774
158611,212111,212351,Intersection,Cycles,0, ,,0,,01/25/2016 12:00:00 AM +0000,1/25/2016 8:04:00 AM,0,25408,At Intersection (intersection related),Daylight,8TH AVE NW AND NW 58TH ST,0,1,Y,2,3786877,Dry,18,"MOTOR VEHICLE STRUCK PEDALCYCLIST, FRONT END AT ANGLE",,8387,0,1,Property Damage Only Collision,,45,Bicycle,Matched,N,1,Clear or Partly Cloudy,0,"(47.670889902000056, -122.36617390599997)",8387,0,N,16-28967
158619,213771,214031,Block,Cycles,330,NEI,"Not Enough Information, or Insufficient Location Information",0,,01/29/2016 12:00:00 AM +0000,1/29/2016 10:45:00 AM,1,,,Daylight,N NORTHGATE WAY BETWEEN CORLISS AVE N AND 1ST AVE NE,0,1,,1,E511164,Wet,00,NOT ENOUGH INFORMATION / NOT APPLICABLE,,16120,0,2,Injury Collision,,45,Bicycle,Matched,N,1,Raining,0,"(47.70863744800005, -122.32997598599997)",0,0,N,2016-34315
158667,24181,24181,Intersection,Cycles,0,,,0,,07/14/2004 12:00:00 AM +0000,7/14/2004 3:44:00 PM,1,30350,At Intersection (intersection related),Daylight,MARION ST AND WESTERN AVE,0,1,,2,1072241,Dry,51,PEDALCYCLIST STRUCK MOTOR VEHICLE FRONT END AT ANGLE,04196012,11661,0,2,Injury Collision,,45,Bicycle,Matched,0,1,Clear or Partly Cloudy,0,"(47.60351757700005, -122.33669653599998)",0,0,N,04 291187
158681,23899,23899,Block,Cycles,239.5,,,0,,01/27/2004 12:00:00 AM +0000,1/27/2004 5:04:00 PM,1,,Driveway Junction,Dusk,RAINIER AVE S BETWEEN S FOREST ST AND M L KING JR WAY S,0,1,Y,2,1771327,Dry,18,"MOTOR VEHICLE STRUCK PEDALCYCLIST, FRONT END AT ANGLE",04027005,12366,0,2,Injury Collision,,45,Bicycle,Matched,0,1,Clear or Partly Cloudy,0,"(47.57694362600006, -122.29707687099994)",0,0,N,04-038261
158724,24026,24026,Intersection,Cycles,0,,,0,,07/21/2004 12:00:00 AM +0000,7/21/2004 1:21:00 PM,1,35444,At Intersection (intersection related),Daylight,RAINIER AVE S AND S DIRECTOR S ST,0,1,,2,1772953,Dry,18,"MOTOR VEHICLE STRUCK PEDALCYCLIST, FRONT END AT ANGLE",04203039,12422,0,2,Injury Collision,,45,Bicycle,Matched,0,1,Clear or Partly Cloudy,0,"(47.521904248000055, -122.26999328199997)",0,0,N,04 302170
158768,210511,210751,Intersection,Cycles,0, ,,0,Y,01/04/2016 12:00:00 AM +0000,1/4/2016 5:05:00 PM,1,31259,At Intersection (intersection related),Dark - Street Lights On,AIRPORT WAY S AND S WALKER N ST,0,1,,1,E501614,Dry,51,PEDALCYCLIST STRUCK MOTOR VEHICLE FRONT END AT ANGLE,,8663,0,2,Injury Collision,,45,Bicycle,Matched,N,1,Clear or Partly Cloudy,0,"(47.58397506800003, -122.32139465799997)",0,0,N,2016-3934
158791,211367,211607,Block,Cycles,110.5,NEI,"Not Enough Information, or Insufficient Location Information",0,,01/08/2016 12:00:00 AM +0000,1/8/2016 8:10:00 AM,1,,,Daylight,N 100TH ST BETWEEN DENSMORE E AVE N AND WALLINGFORD W AVE N,0,1,,1,E504675,Dry,00,NOT ENOUGH INFORMATION / NOT APPLICABLE,,14974,0,2,Injury Collision,,45,Bicycle,Matched,N,1,Overcast,0,"(47.701410699000064, -122.33702098799995)",0,0,N,2016-8549
158797,212727,213007,Intersection,Cycles,0, ,,0,,10/22/2015 12:00:00 AM +0000,10/22/2015 10:30:00 AM,1,27293,At Intersection (intersection related),Daylight,MONTLAKE BLVD NE AND NE 44TH ST,0,1,,2,3449022,Dry,11,"MOTOR VEHICLE STRUCK MOTOR VEHICLE, FRONT END AT ANGLE",,11913,0,2,Injury Collision,,45,Bicycle,Matched,N,1,Clear or Partly Cloudy,0,"(47.66034957800008, -122.30000955199995)",0,0,N,15-002065
158879,23735,23735,Block,Cycles,168,,,0,,06/27/2004 12:00:00 AM +0000,6/27/2004 2:01:00 PM,1,,Mid-Block (not related to intersection),Daylight,FREMONT AVE N BETWEEN FREMONT PL N AND N 36TH ST,0,1,,1,1781041,Dry,69,PEDALCYCLIST OVERTURNED IN ROAD,04179007,10486,0,2,Injury Collision,,45,Bicycle,Matched,0,0,Clear or Partly Cloudy,0,"(47.65088855100004, -122.34988452999994)",0,0,N,04-263126
158985,23534,23534,Block,Cycles,133,,,0,,06/20/2004 12:00:00 AM +0000,6/20/2004 6:52:00 PM,1,,Mid-Block (but intersection related),Daylight,6TH AVE NW BETWEEN NW 45TH ST AND NW 46TH ST,0,1,,3,1773648,Dry,18,"MOTOR VEHICLE STRUCK PEDALCYCLIST, FRONT END AT ANGLE",04172014,7930,0,2,Injury Collision,,45,Bicycle,Matched,1,1,Clear or Partly Cloudy,0,"(47.66182562000006, -122.36400495299995)",0,0,N,04-252293
159063,212421,212701,Intersection,Cycles,0,NEI,"Not Enough Information, or Insufficient Location Information",0,,01/20/2016 12:00:00 AM +0000,1/20/2016 6:45:00 AM,1,32395,At Intersection (intersection related),Dark - Street Lights On,AIRPORT WAY S AND S INDUSTRIAL EB WAY,0,1,,1,E507595,Dry,00,NOT ENOUGH INFORMATION / NOT APPLICABLE,,8684,0,2,Injury Collision,,45,Bicycle,Matched,N,1,Clear or Partly Cloudy,0,"(47.564518828000075, -122.32279682499995)",0,0,N,2016-22725