OBJECTID,INCKEY,COLDETKEY,ADDRTYPE,COLLISIONTYPE,DISTANCE,EXCEPTRSNCODE,EXCEPTRSNDESC,FATALITIES,INATTENTIONIND,INCDATE,INCDTTM,INJURIES,INTKEY,JUNCTIONTYPE,LIGHTCOND,LOCATION,PEDCOUNT,PEDCYLCOUNT,PEDROWNOTGRNT,PERSONCOUNT,REPORTNO,ROADCOND,SDOT_COLCODE,SDOT_COLDESC,SDOTCOLNUM,SEGKEY,SERIOUSINJURIES,SEVERITYCODE,SEVERITYDESC,SPEEDING,ST_COLCODE,ST_COLDESC,STATUS,UNDERINFL,VEHCOUNT,WEATHER,WIDTH,Shape,SEGLANEKEY,CROSSWALKKEY,HITPARKEDCAR,SPDCASENO
159071,213337,213597,Intersection,Cycles,0,NEI,"Not Enough Information, or Insufficient Location Information",0,,01/26/2016 12:00:00 AM +0000,1/26/2016 5:06:00 PM,2,30136,At Intersection (intersection related),Dark - Street Lights On,15TH AVE AND E MADISON ST,0,1,,1,E512530,Wet,00,NOT ENOUGH INFORMATION / NOT APPLICABLE,,1997,0,2,Injury Collision,,45,Bicycle,Matched,N,1,Overcast,0,"(47.61449898500007, -122.31277145499996)",0,0,N,2016-030860
159110,213586,213846,Block,Cycles,237.5, ,,0,,02/16/2016 12:00:00 AM +0000,2/16/2016 8:00:00 AM,0,,Mid-Block (not related to intersection),Daylight,FAUNTLEROY WAY SW BETWEEN SW FINDLAY ST AND 39TH S AVE SW,0,1,,2,3644747,Dry,51,PEDALCYCLIST STRUCK MOTOR VEHICLE FRONT END AT ANGLE,,10392,0,1,Property Damage Only Collision,,45,Bicycle,Matched,N,1,Overcast,0,"(47.55138671100008, -122.38167391799999)",0,0,N,2016-56065
159111,213320,213580,Block,Cycles,213, ,,0,Y,01/28/2016 12:00:00 AM +0000,1/28/2016 7:06:00 PM,1,,Mid-Block (not related to intersection),Dark - Street Lights On,12TH AVE E BETWEEN E DENNY WAY AND E JOHN ST,0,1,,1,E511049,Dry,51,PEDALCYCLIST STRUCK MOTOR VEHICLE FRONT END AT ANGLE,,1550,0,2,Injury Collision,,45,Bicycle,Matched,N,1,Clear or Partly Cloudy,0,"(47.61935121000005, -122.31691908399995)",0,0,N,2016-33607
159186,211379,211619,Intersection,Cycles,0, ,,0,,01/12/2016 12:00:00 AM +0000,1/12/2016 6:55:00 AM,1,30425,At Intersection (intersection related),Dark - Street Lights On,8TH AVE S AND S JACKSON ST,1,1,,2,3641094,Wet,64,PEDALCYCLIST STRUCK PEDESTRIAN,,8439,0,2,Injury Collision,,45,Bicycle,Matched,N,0,Raining,0,"(47.59918613000008, -122.32244469199998)",0,525067,N,16-13036
159239,23552,23552,Intersection,Cycles,0,,,0,,03/19/2004 12:00:00 AM +0000,3/19/2004 9:59:00 AM,1,27294,At Intersection (intersection related),Daylight,25TH AVE NE AND NE 44TH ST,0,1,Y,2,1774162,Dry,18,"MOTOR VEHICLE STRUCK PEDALCYCLIST, FRONT END AT ANGLE",04079007,3720,0,2,Injury Collision,,45,Bicycle,Matched,1,1,Clear or Partly Cloudy,0,"(47.66050997200006, -122.30090614899996)",0,0,N,04-112341
159242,23269,23269,Block,Cycles,161,,,0,,03/11/2004 12:00:00 AM +0000,3/11/2004 8:20:00 AM,1,,Driveway Junction,Daylight,STEWART ST BETWEEN 2ND AVE AND 3RD AVE,0,1,Y,2,1482355,Dry,18,"MOTOR VEHICLE STRUCK PEDALCYCLIST, FRONT END AT ANGLE",04071005,12898,0,2,Injury Collision,,45,Bicycle,Matched,0,1,Clear or Partly Cloudy,0,"(47.61129551300007, -122.34002336099996)",0,0,N,04 101214
159245,23268,23268,Block,Cycles,161,,,0,,08/05/2004 12:00:00 AM +0000,8/5/2004,1,,Driveway Junction,Daylight,STEWART ST BETWEEN 7TH AVE AND 8TH AVE,0,1,Y,2,1482325,Wet,18,"MOTOR VEHICLE STRUCK PEDALCYCLIST, FRONT END AT ANGLE",04218004,12904,0,2,Injury Collision,,45,Bicycle,Matched,0,1,Overcast,0,"(47.614619204000064, -122.33572640499995)",0,0,N,04 325415
159296,213595,213855,Intersection,Cycles,0, ,,0,,02/12/2016 12:00:00 AM +0000,2/12/2016 8:00:00 AM,1,30144,At Intersection (intersection related),Daylight,18TH AVE AND E UNION ST,0,1,,2,3704144,Wet,18,"MOTOR VEHICLE STRUCK PEDALCYCLIST, FRONT END AT ANGLE",,2540,0,2,Injury Collision,,45,Bicycle,Matched,N,1,Raining,0,"(47.612901753000074, -122.30886086799995)",0,0,N,2016-55183
159324,214457,214717,Intersection,Cycles,0,NEI,"Not Enough Information, or Insufficient Location Information",0,,02/14/2016 12:00:00 AM +0000,2/14/2016 3:50:00 PM,1,29740,At Intersection (intersection related),Daylight,12TH AVE AND E PINE ST,0,1,,1,E515845,Dry,00,NOT ENOUGH INFORMATION / NOT APPLICABLE,,1547,0,2,Injury Collision,,45,Bicycle,Matched,N,1,Overcast,0,"(47.61526393300005, -122.31685416899995)",0,0,N,2016-54426
159386,211384,211624,Intersection,Cycles,0, ,,0,,01/13/2016 12:00:00 AM +0000,1/13/2016 7:34:00 AM,1,24205,At Intersection (intersection related),Dark - Street Lights On,8TH AVE NW AND NW 67TH ST,0,1,Y,2,3737628,Wet,18,"MOTOR VEHICLE STRUCK PEDALCYCLIST, FRONT END AT ANGLE",,8396,0,2,Injury Collision,,45,Bicycle,Matched,N,1,Raining,0,"(47.67777043500007, -122.36602025599996)",2504,0,N,16-014342
159389,211626,211866,Block,Cycles,467, ,,0,,01/15/2016 12:00:00 AM +0000,1/15/2016 5:32:00 PM,1,,Mid-Block (not related to intersection),Dark - Street Lights On,E MADISON ST BETWEEN 29TH E AVE E AND LAKE WASHINGTON BLVD E,0,1,,2,3738401,Wet,11,"MOTOR VEHICLE STRUCK MOTOR VEHICLE, FRONT END AT ANGLE",,14364,0,2,Injury Collision,,45,Bicycle,Matched,N,1,Clear or Partly Cloudy,0,"(47.62511058800004, -122.29377870599996)",0,0,N,16-17626
159553,214743,215003,Intersection,Cycles,0, ,,0,Y,02/19/2016 12:00:00 AM +0000,2/19/2016 1:04:00 PM,1,36647,At Intersection (intersection related),Daylight,30TH AVE NE AND LAKE CITY N WAY NE,0,1,,1,E518320,Wet,18,"MOTOR VEHICLE STRUCK PEDALCYCLIST, FRONT END AT ANGLE",,4632,0,2,Injury Collision,,45,Bicycle,Matched,N,1,Raining,0,"(47.71764180000008, -122.29620135899995)",0,0,N,2016-60091
159591,215546,215806,Block,Cycles,146.5, ,,0,Y,03/10/2016 12:00:00 AM +0000,3/10/2016 3:06:00 PM,1,,Mid-Block (not related to intersection),Daylight,4TH AVE S BETWEEN DIAGONAL AVE S AND COSTCO DR,0,1,,3,3735098,Wet,18,"MOTOR VEHICLE STRUCK PEDALCYCLIST, FRONT END AT ANGLE",,6251,0,2,Injury Collision,,45,Bicycle,Matched,N,2,Raining,0,"(47.56689372400007, -122.32940739199995)",0,0,N,2016-85000
159630,214992,215252,Intersection,Cycles,0, ,,0,,02/29/2016 12:00:00 AM +0000,2/29/2016 9:27:00 AM,1,29783,At Intersection (intersection related),Daylight,12TH AVE AND E MARION ST,0,1,,1,E520804,Dry,18,"MOTOR VEHICLE STRUCK PEDALCYCLIST, FRONT END AT ANGLE",,1534,0,2,Injury Collision,,45,Bicycle,Matched,N,1,Overcast,0,"(47.610395012000026, -122.31677935199997)",10719,0,N,2016-72119
159697,23517,23517,Intersection,Cycles,0,,,0,,03/20/2004 12:00:00 AM +0000,3/20/2004 2:45:00 PM,1,26803,At Intersection (but not related to intersection),Daylight,STONE WAY N AND N 44TH ST,0,1,Y,2,1782452,Dry,21,"MOTOR VEHICLE STRUCK PEDALCYCLIST, REAR END",04080003,12967,0,2,Injury Collision,,45,Bicycle,Matched,0,1,Clear or Partly Cloudy,0,"(47.65995950800004, -122.34221726399994)",0,0,N,04-114094
159699,23516,23516,Intersection,Cycles,0,,,0,,03/21/2004 12:00:00 AM +0000,3/21/2004 9:37:00 AM,1,27025,At Intersection (intersection related),Daylight,PHINNEY AVE N AND N 35TH ST,0,1,,2,1782251,Dry,18,"MOTOR VEHICLE STRUCK PEDALCYCLIST, FRONT END AT ANGLE",04081006,12131,0,2,Injury Collision,,45,Bicycle,Matched,0,1,Clear or Partly Cloudy,0,"(47.65141095300004, -122.35447894099997)",0,0,N,04 115262
159790,215958,216218,Intersection,Cycles,0, ,,0,Y,03/08/2016 12:00:00 AM +0000,3/8/2016 6:16:00 PM,1,26906,At Intersection (intersection related),Dusk,WALLINGFORD AVE N AND N 34TH ST,0,1,,2,3737683,Dry,21,"MOTOR VEHICLE STRUCK PEDALCYCLIST, REAR END",,13362,0,2,Injury Collision,,45,Bicycle,Matched,N,1,Clear or Partly Cloudy,0,"(47.64804508900005, -122.33635091599996)",0,0,N,2016-82762
159874,23489,23489,Intersection,Cycles,0,,,0,,12/05/2004 12:00:00 AM +0000,12/5/2004,1,25949,At Intersection (intersection related),Daylight,25TH AVE NE AND NE BLAKELEY ST,0,1,,3,1796933,Dry,18,"MOTOR VEHICLE STRUCK PEDALCYCLIST, FRONT END AT ANGLE",04340009,3723,0,2,Injury Collision,,45,Bicycle,Matched,0,1,Clear or Partly Cloudy,0,"(47.66626671800003, -122.30060497999995)",0,0,N,04-505075
160012,23476,23476,Block,Cycles,210.5,,,0,,06/04/2004 12:00:00 AM +0000,6/4/2004,1,,Driveway Junction,Daylight,NE 45TH ST BETWEEN MONTLAKE BLVD NE AND U VILLAGE DR,0,1,Y,2,1778548,Dry,18,"MOTOR VEHICLE STRUCK PEDALCYCLIST, FRONT END AT ANGLE",04156006,16862,0,2,Injury Collision,,45,Bicycle,Matched,0,1,Clear or Partly Cloudy,0,"(47.66122149000006, -122.29751327699995)",0,0,N,04-226404
160037,215749,216009,Intersection,Cycles,0,NEI,"Not Enough Information, or Insufficient Location Information",0,,03/07/2016 12:00:00 AM +0000,3/7/2016 4:18:00 PM,1,29589,At Intersection (but not related to intersection),Daylight,4TH AVE AND PIKE ST,0,1,,2,E522191,Dry,00,NOT ENOUGH INFORMATION / NOT APPLICABLE,,6131,0,2,Injury Collision,,45,Bicycle,Matched,N,1,Clear or Partly Cloudy,0,"(47.61021404200005, -122.33668342799996)",0,0,N,2016-81353
160082,215050,215310,Intersection,Cycles,0, ,,0,,01/21/2016 12:00:00 AM +0000,1/21/2016 6:55:00 PM,0,287161,At Intersection (intersection related),Dark - Street Lights On,BURKE GILMAN TRL AND PEND OREILLE RD NE,0,1,,2,3479427,Wet,18,"MOTOR VEHICLE STRUCK PEDALCYCLIST, FRONT END AT ANGLE",,287260,0,1,Property Damage Only Collision,,45,Bicycle,Matched,Y,1,Raining,0,"(47.66014929000005, -122.30183456599997)",0,0,N,16-000125
160098,215574,215834,Block,Cycles,132, ,,0,,03/13/2016 12:00:00 AM +0000,3/13/2016 11:25:00 AM,1,,Mid-Block (not related to intersection),Daylight,NE 70TH ST BETWEEN 34TH E AVE NE AND 35TH AVE NE,1,1,,2,3737589,Wet,24,MOTOR VEHCILE STRUCK PEDESTRIAN,,17408,0,2,Injury Collision,,45,Bicycle,Matched,N,0,Overcast,0,"(47.67941552100007, -122.29091443199997)",0,0,N,2016-088692
160237,215989,216249,Block,Cycles,125, ,,0,,03/18/2016 12:00:00 AM +0000,3/18/2016 5:44:00 PM,2,,Mid-Block (not related to intersection),Daylight,GREEN LAKE WAY N BETWEEN N 54TH ST AND N CLOGSTON WAY,0,2,,3,3787000,Dry,51,PEDALCYCLIST STRUCK MOTOR VEHICLE FRONT END AT ANGLE,,10697,2,2b,Serious Injury Collision,,45,Bicycle,Matched,N,1,Clear or Partly Cloudy,0,"(47.66810501200007, -122.34007714299997)",0,0,N,2016-95422
160248,215784,216044,Intersection,Cycles,0, ,,0,,03/02/2016 12:00:00 AM +0000,3/2/2016 8:50:00 AM,1,30409,At Intersection (intersection related),Daylight,13TH AVE AND E YESLER WAY,0,1,Y,3,3707609,Dry,18,"MOTOR VEHICLE STRUCK PEDALCYCLIST, FRONT END AT ANGLE",,1728,0,2,Injury Collision,,45,Bicycle,Matched,N,1,Overcast,0,"(47.60169019500006, -122.31492849999995)",0,0,N,2016-74648
160250,215782,216042,Intersection,Cycles,0, ,,0,Y,03/09/2016 12:00:00 AM +0000,3/9/2016 5:03:00 AM,1,29884,At Intersection (intersection related),Dark - Street Lights On,PIKE ST AND TERRY AVE,0,1,,2,3707387,Dry,18,"MOTOR VEHICLE STRUCK PEDALCYCLIST, FRONT END AT ANGLE",,12206,0,2,Injury Collision,,45,Bicycle,Matched,N,1,Overcast,0,"(47.61300140900005, -122.33002503099999)",0,0,N,2016-83176
160295,216225,216505,Intersection,Cycles,0, ,,0,,03/04/2016 12:00:00 AM +0000,3/4/2016 7:38:00 AM,0,30074,At Intersection (intersection related),Daylight,26TH AVE AND E CHERRY ST,0,1,,2,3738325,Dry,18,"MOTOR VEHICLE STRUCK PEDALCYCLIST, FRONT END AT ANGLE",,3832,0,1,Property Damage Only Collision,,45,Bicycle,Matched,N,1,Clear or Partly Cloudy,0,"(47.60800138400003, -122.29886768699998)",0,0,N,2016-77263
160330,23019,23019,Intersection,Cycles,0,,,0,,05/31/2004 12:00:00 AM +0000,5/31/2004 12:03:00 AM,1,29743,At Intersection (intersection related),Dark - Street Lights On,BOYLSTON AVE AND E PIKE ST,0,1,,2,1772507,Dry,51,PEDALCYCLIST STRUCK MOTOR VEHICLE FRONT END AT ANGLE,04152002,9374,0,2,Injury Collision,,45,Bicycle,Matched,0,1,Clear or Partly Cloudy,0,"(47.61407001100008, -122.32340147899998)",0,0,N,04-219578
160372,22892,22892,Block,Cycles,516,,,0,Y,06/18/2004 12:00:00 AM +0000,6/18/2004 9:12:00 AM,1,,Mid-Block (not related to intersection),Daylight,UNIVERSITY BR BETWEEN POINT B AND EASTLAKE AVE NE,0,1,,4,1080304,Dry,21,"MOTOR VEHICLE STRUCK PEDALCYCLIST, REAR END",04170008,13191,0,2,Injury Collision,,45,Bicycle,Matched,0,1,Clear or Partly Cloudy,0,"(47.654215958000066, -122.31923589299998)",0,0,N,04 248205
160517,214838,215098,Intersection,Cycles,0, ,,0,,02/20/2016 12:00:00 AM +0000,2/20/2016 7:01:00 AM,1,36419,At Intersection (intersection related),Daylight,GREENWOOD AVE N AND HOLMAN RD N,0,1,,1,E517569,Dry,18,"MOTOR VEHICLE STRUCK PEDALCYCLIST, FRONT END AT ANGLE",,10765,0,2,Injury Collision,,45,Bicycle,Matched,N,1,Clear or Partly Cloudy,0,"(47.70508354100008, -122.35545274599997)",4798,0,N,2016-61044
160557,215614,215874,Intersection,Cycles,0, ,,0,,03/03/2016 12:00:00 AM +0000,3/3/2016 1:44:00 PM,1,26470,At Intersection (intersection related),Daylight,16TH AVE W AND W DRAVUS ST,0,1,,2,3740380,Wet,11,"MOTOR VEHICLE STRUCK MOTOR VEHICLE, FRONT END AT ANGLE",,2354,1,2b,Serious Injury Collision,,45,Bicycle,Matched,N,1,Raining,0,"(47.64846703400008, -122.37749847599997)",0,0,N,2016-83664
160575,215617,215877,Block,Cycles,266, ,,0,Y,03/11/2016 12:00:00 AM +0000,3/11/2016 6:45:00 AM,1,,Mid-Block (not related to intersection),Daylight,ROOSEVELT WAY NE BETWEEN NE 43RD N ST AND NE 45TH ST,0,1,Y,2,3787086,Unknown,18,"MOTOR VEHICLE STRUCK PEDALCYCLIST, FRONT END AT ANGLE",,12598,0,2,Injury Collision,,45,Bicycle,Matched,N,1,Clear or Partly Cloudy,0,"(47.660577379000074, -122.31772271499995)",12598,0,N,2016-85671
160607,215124,215384,Intersection,Cycles,0, ,,0,,02/26/2016 12:00:00 AM +0000,2/26/2016 10:55:00 PM,0,29809,At Intersection (intersection related),Dark - Street Lights On,12TH AVE AND E JEFFERSON ST,0,1,,2,E520460,Wet,18,"MOTOR VEHICLE STRUCK PEDALCYCLIST, FRONT END AT ANGLE",,1529,0,1,Property Damage Only Collision,,45,Bicycle,Matched,N,1,Raining,0,"(47.60620304500003, -122.31678046599995)",0,0,N,2016-69581
160627,216025,216285,Intersection,Cycles,0,NEI,"Not Enough Information, or Insufficient Location Information",0,,03/17/2016 12:00:00 AM +0000,3/17/2016 5:08:00 PM,1,29839,At Intersection (intersection related),Daylight,12TH AVE AND E SPRUCE ST,0,1,,1,E525968,Dry,00,NOT ENOUGH INFORMATION / NOT APPLICABLE,,1525,0,2,Injury Collision,,45,Bicycle,Matched,N,1,Clear or Partly Cloudy,0,"(47.60351416000003, -122.31678152399996)",0,0,N,2016-94109
160648,214864,215124,Intersection,Cycles,0, ,,0,,02/15/2016 12:00:00 AM +0000,2/15/2016 5:16:00 PM,1,24098,At Intersection (intersection related),Dusk,6TH AVE NW AND NW 70TH ST,0,1,,1,E517978,Unknown,18,"MOTOR VEHICLE STRUCK PEDALCYCLIST, FRONT END AT ANGLE",,7947,0,2,Injury Collision,,45,Bicycle,Matched,N,1,Clear or Partly Cloudy,0,"(47.679552569000066, -122.36343731399995)",0,0,N,2016-55534
160652,215831,216091,Block,Cycles,213,NEI,"Not Enough Information, or Insufficient Location Information",0,,02/29/2016 12:00:00 AM +0000,2/29/2016 11:23:00 AM,1,,,Daylight,6TH AVE BETWEEN PIKE ST AND PINE ST,0,1,,2,E523538,Dry,00,NOT ENOUGH INFORMATION / NOT APPLICABLE,,7883,0,2,Injury Collision,,45,Bicycle,Matched,N,2,Clear or Partly Cloudy,0,"(47.61163826500007, -122.334917384)",0,0,N,16-72257
160661,216296,216576,Intersection,Cycles,0, ,,0,,03/02/2016 12:00:00 AM +0000,3/2/2016 6:33:00 PM,0,29553,At Intersection (intersection related),Dark - Street Lights On,7TH AVE AND OLIVE WAY,0,1,,2,3791232,Wet,18,"MOTOR VEHICLE STRUCK PEDALCYCLIST, FRONT END AT ANGLE",,8160,0,1,Property Damage Only Collision,,45,Bicycle,Matched,N,1,Raining,0,"(47.613595528000076, -122.33517270199997)",0,523733,N,16-75441
160732,214610,214870,Intersection,Cycles,0, ,,0,Y,02/29/2016 12:00:00 AM +0000,2/29/2016 4:53:00 PM,0,26034,At Intersection (intersection related),Daylight,RAVENNA PL NE AND NE 55TH ST,0,1,,2,3786824,Dry,18,"MOTOR VEHICLE STRUCK PEDALCYCLIST, FRONT END AT ANGLE",,17040,0,1,Property Damage Only Collision,,45,Bicycle,Matched,N,1,Clear or Partly Cloudy,0,"(47.66814485400005, -122.30291695399995)",32879,0,N,2016-73675
160769,215161,215421,Intersection,Cycles,0, ,,0,,03/04/2016 12:00:00 AM +0000,3/4/2016 7:18:00 PM,0,30410,At Intersection (intersection related),Dark - Street Lights On,12TH AVE AND E YESLER WAY,0,1,,2,3777793,Wet,51,PEDALCYCLIST STRUCK MOTOR VEHICLE FRONT END AT ANGLE,,1523,0,1,Property Damage Only Collision,,45,Bicycle,Matched,N,1,Raining,0,"(47.60169336800004, -122.31678189299998)",0,0,N,2016-78063
160877,214961,215221,Block,Cycles,178.5, ,,0,,02/23/2016 12:00:00 AM +0000,2/23/2016 9:27:00 AM,0,,Mid-Block (not related to intersection),Daylight,14TH AVE BETWEEN E UNION ST AND E MADISON ST,0,1,,1,E520203,Dry,53,PEDALCYCLIST STRUCK MOTOR VEHICLE LEFT SIDE AT ANGLE,,1850,0,1,Property Damage Only Collision,,45,Bicycle,Matched,N,1,Clear or Partly Cloudy,0,"(47.613404795000065, -122.31419383999997)",0,0,Y,2016-64753
160881,215521,215781,Block,Cycles,252, ,,0,Y,03/03/2016 12:00:00 AM +0000,3/3/2016 6:00:00 AM,1,,Mid-Block (not related to intersection),Dark - Street Lights On,DELRIDGE WAY SW BETWEEN SW ORCHARD ST AND SYLVAN WAY SW,0,1,,2,3732087,Wet,18,"MOTOR VEHICLE STRUCK PEDALCYCLIST, FRONT END AT ANGLE",,9978,0,2,Injury Collision,,45,Bicycle,Matched,N,1,Clear or Partly Cloudy,0,"(47.537267213000064, -122.36118562799999)",0,0,N,2016-75831
160904,215524,215784,Intersection,Cycles,0, ,,0,,03/09/2016 12:00:00 AM +0000,3/9/2016 1:08:00 PM,1,29587,At Intersection (intersection related),Daylight,3RD AVE AND PIKE ST,0,1,,2,3732850,Wet,18,"MOTOR VEHICLE STRUCK PEDALCYCLIST, FRONT END AT ANGLE",,4384,0,2,Injury Collision,,45,Bicycle,Matched,N,1,Raining,0,"(47.60974973300006, -122.33779291599996)",35825,0,N,2016-83629
160968,22978,22978,Block,Cycles,329,,,0,,10/20/2004 12:00:00 AM +0000,10/20/2004 6:22:00 PM,1,,Mid-Block (not related to intersection),Dark - Street Lights On,CALIFORNIA AVE SW BETWEEN SW OREGON ST AND SW ALASKA ST,0,1,,2,1790836,Dry,55,PEDALCYCLIST STRUCK MOTOR VEHICLE RIGHT SIDE SIDESWIPE,04294004,9553,0,2,Injury Collision,,45,Bicycle,Matched,0,1,Clear or Partly Cloudy,0,"(47.56201041600008, -122.38677671199997)",0,0,N,4441253
161023,215883,216143,Intersection,Cycles,0,NEI,"Not Enough Information, or Insufficient Location Information",0,,02/25/2016 12:00:00 AM +0000,2/25/2016 5:45:00 PM,1,28376,At Intersection (intersection related),Dark - Street Lights On,24TH AVE E AND E INTERLAKEN BLVD,0,1,,2,E523877,Dry,00,NOT ENOUGH INFORMATION / NOT APPLICABLE,,3548,0,2,Injury Collision,,45,Bicycle,Matched,N,1,Clear or Partly Cloudy,0,"(47.634573061000026, -122.30157617799995)",0,0,N,2016-67938
161037,215690,215950,Intersection,Cycles,0, ,,0,,03/08/2016 12:00:00 AM +0000,3/8/2016 7:40:00 AM,1,29865,At Intersection (intersection related),Daylight,BOREN AVE AND OLIVE WAY,0,1,,2,3791585,Dry,54,PEDALCYCLIST STRUCK MOTOR VEHICLE REAR END,,9321,0,2,Injury Collision,,45,Bicycle,Matched,N,1,Clear or Partly Cloudy,0,"(47.615449718000036, -122.33072969599999)",0,0,N,2016-81974
161194,219171,219471,Intersection,Cycles,0, ,,0,Y,05/03/2016 12:00:00 AM +0000,5/3/2016 8:50:00 PM,0,37185,At Intersection (intersection related),Dark - Street Lights On,1ST AVE NW AND NW 85TH ST,0,1,,3,3767438,Dry,11,"MOTOR VEHICLE STRUCK MOTOR VEHICLE, FRONT END AT ANGLE",,1157,0,1,Property Damage Only Collision,,45,Bicycle,Matched,N,1,Clear or Partly Cloudy,0,"(47.69061033100007, -122.35798194999995)",0,0,N,16-153962
161214,219406,219689,Block,Cycles,162.5, ,,0,,04/21/2016 12:00:00 AM +0000,4/21/2016 12:45:00 PM,1,,Mid-Block (but intersection related),Daylight,N 117TH ST BETWEEN GREENWOOD AVE N AND PHINNEY AVE N,0,1,,0,E536201,Dry,18,"MOTOR VEHICLE STRUCK PEDALCYCLIST, FRONT END AT ANGLE",,15084,0,2,Injury Collision,,45,Bicycle,Matched,N,1,Clear or Partly Cloudy,0,"(47.714157243000045, -122.35485733399997)",0,0,N,2016-137735
161238,220068,220348,Block,Cycles,334.5, ,,0,,05/17/2016 12:00:00 AM +0000,5/17/2016 5:00:00 PM,1,,Mid-Block (not related to intersection),Daylight,16TH AVE SW BETWEEN SW CAMBRIDGE ST AND SW ROXBURY ST,0,1,,2,3731923,Dry,18,"MOTOR VEHICLE STRUCK PEDALCYCLIST, FRONT END AT ANGLE",,2350,0,2,Injury Collision,,45,Bicycle,Matched,N,1,Clear or Partly Cloudy,0,"(47.518279395000036, -122.35515476299997)",0,0,N,16-172739
161254,220305,220585,Block,Cycles,310.5,NEI,"Not Enough Information, or Insufficient Location Information",0,,05/18/2016 12:00:00 AM +0000,5/18/2016 11:00:00 AM,1,,Mid-Block (not related to intersection),Daylight,FAUNTLEROY WAY SW BETWEEN SW TRENTON ST AND SW BARTON ST,0,1,,2,3740513,Dry,00,NOT ENOUGH INFORMATION / NOT APPLICABLE,,10420,0,2,Injury Collision,,45,Bicycle,Matched,N,1,Clear or Partly Cloudy,0,"(47.524022767000076, -122.39288430199997)",0,0,N,16-183414
161259,216815,217095,Intersection,Cycles,0,NEI,"Not Enough Information, or Insufficient Location Information",0,Y,04/02/2016 12:00:00 AM +0000,4/2/2016 5:51:00 PM,1,25113,At Intersection (but not related to intersection),Daylight,24TH AVE NW AND NW 63RD ST,0,1,,1,E530750,Dry,00,NOT ENOUGH INFORMATION / NOT APPLICABLE,,3598,0,2,Injury Collision,,45,Bicycle,Matched,N,1,Clear or Partly Cloudy,0,"(47.67456006800006, -122.38758536599994)",0,0,N,2016-113939
161278,218498,218798,Intersection,Cycles,0, ,,0,,03/30/2016 12:00:00 AM +0000,3/30/2016 5:33:00 PM,1,27042,At Intersection (intersection related),Daylight,BURKE GILMAN TRL AND N NORTHLAKE WAY,0,1,Y,2,3787409,Dry,18,"MOTOR VEHICLE STRUCK PEDALCYCLIST, FRONT END AT ANGLE",,16124,1,2b,Serious Injury Collision,,45,Bicycle,Matched,N,1,Clear or Partly Cloudy,0,"(47.64855913200006, -122.34715935599996)",0,0,N,2016-109803
161302,217389,217669,Intersection,Cycles,0, ,,0,,04/07/2016 12:00:00 AM +0000,4/7/2016 5:59:00 PM,1,25520,At Intersection (intersection related),Daylight,GREEN LAKE WAY N AND N 52ND ST,0,1,,2,3736742,Dry,51,PEDALCYCLIST STRUCK MOTOR VEHICLE FRONT END AT ANGLE,,10695,1,2b,Serious Injury Collision,,45,Bicycle,Matched,N,1,Clear or Partly Cloudy,0,"(47.66640717400003, -122.340090525)",40752,0,N,16-120080
161304,218857,219157,Block,Cycles,213, ,,0,,05/07/2016 12:00:00 AM +0000,5/7/2016 6:27:00 PM,1,,Mid-Block (not related to intersection),Daylight,12TH AVE BETWEEN E PINE ST AND E OLIVE ST,0,1,Y,2,3704472,Dry,18,"MOTOR VEHICLE STRUCK PEDALCYCLIST, FRONT END AT ANGLE",,1547,0,2,Injury Collision,,45,Bicycle,Matched,N,1,Clear or Partly Cloudy,0,"(47.61584669400003, -122.31686348699998)",1547,0,N,2016-159314
161307,218855,219155,Block,Cycles,213, ,,0,,05/06/2016 12:00:00 AM +0000,5/6/2016 3:59:00 PM,1,,Mid-Block (not related to intersection),Daylight,12TH AVE BETWEEN E CHERRY ST AND E COLUMBIA ST,0,1,Y,2,3704471,Dry,23,"MOTOR VEHICLE STRUCK PEDALCYCLIST, LEFT SIDE SIDESWIPE",,1532,0,2,Injury Collision,,45,Bicycle,Matched,N,1,Clear or Partly Cloudy,0,"(47.60864131900007, -122.31677994199998)",0,0,N,2016-157705
161430,217927,218207,Block,Cycles,161,NEI,"Not Enough Information, or Insufficient Location Information",0,,04/08/2016 12:00:00 AM +0000,4/8/2016 5:47:00 PM,0,,,Daylight,PINE ST BETWEEN 8TH AVE AND 9TH AVE,0,1,,0,E533452,Dry,00,NOT ENOUGH INFORMATION / NOT APPLICABLE,,12221,0,1,Property Damage Only Collision,,45,Bicycle,Matched,N,1,Clear or Partly Cloudy,0,"(47.61329521600004, -122.33259897599999)",0,0,N,2016-121528
161452,22555,22555,Block,Cycles,165.5,,,0,,01/14/2004 12:00:00 AM +0000,1/14/2004 6:35:00 AM,1,,Driveway Junction,Dark - Street Lights On,MERIDIAN AVE N BETWEEN N 112TH ST AND N 113TH ST,0,1,Y,2,1782600,Wet,18,"MOTOR VEHICLE STRUCK PEDALCYCLIST, FRONT END AT ANGLE",04014060,11827,0,2,Injury Collision,,45,Bicycle,Matched,0,1,Raining,0,"(47.71002223600004, -122.33401679199994)",0,0,N,04-018256