OBJECTID,INCKEY,COLDETKEY,ADDRTYPE,COLLISIONTYPE,DISTANCE,EXCEPTRSNCODE,EXCEPTRSNDESC,FATALITIES,INATTENTIONIND,INCDATE,INCDTTM,INJURIES,INTKEY,JUNCTIONTYPE,LIGHTCOND,LOCATION,PEDCOUNT,PEDCYLCOUNT,PEDROWNOTGRNT,PERSONCOUNT,REPORTNO,ROADCOND,SDOT_COLCODE,SDOT_COLDESC,SDOTCOLNUM,SEGKEY,SERIOUSINJURIES,SEVERITYCODE,SEVERITYDESC,SPEEDING,ST_COLCODE,ST_COLDESC,STATUS,UNDERINFL,VEHCOUNT,WEATHER,WIDTH,Shape,SEGLANEKEY,CROSSWALKKEY,HITPARKEDCAR,SPDCASENO
161558,22532,22532,Block,Cycles,183,,,0,,08/24/2004 12:00:00 AM +0000,8/24/2004 6:38:00 PM,1,,Driveway Junction,Daylight,24TH AVE E BETWEEN E PROSPECT ST AND E HIGHLAND DR,0,1,Y,2,1798928,Dry,18,"MOTOR VEHICLE STRUCK PEDALCYCLIST, FRONT END AT ANGLE",04237047,3543,0,2,Injury Collision,,45,Bicycle,Matched,0,1,Clear or Partly Cloudy,0,"(47.629767859000026, -122.30165716599998)",0,0,N,04-355357
161581,22682,22682,Block,Cycles,134,,,1,,08/02/2004 12:00:00 AM +0000,8/2/2004,0,,Mid-Block (not related to intersection),Daylight,8TH AVE NW BETWEEN NW 78TH ST AND NW 79TH ST,0,1,,2,1778846,Dry,56,PEDALCYCLIST STRUCK MOTOR VEHICLE LEFT SIDE SIDESWIPE,04215038,8405,0,3,Fatality Collision,,45,Bicycle,Matched,0,1,Clear or Partly Cloudy,0,"(47.68582898300008, -122.36600432699998)",0,0,N,04-321058
161701,22905,22905,Intersection,Cycles,0, ,,0,,09/26/2004 12:00:00 AM +0000,9/26/2004 9:50:00 AM,1,26713,At Intersection (intersection related),Daylight,14TH AVE NW AND NW 45TH ST,0,1,,2,1774191,Dry,51,PEDALCYCLIST STRUCK MOTOR VEHICLE FRONT END AT ANGLE,04270013,1885,1,2b,Serious Injury Collision,,45,Bicycle,Matched,0,1,Clear or Partly Cloudy,0,"(47.66147262900006, -122.37359766399999)",0,0,N,4404411
161750,219446,219726,Intersection,Cycles,0, ,,1,,05/14/2016 12:00:00 AM +0000,5/14/2016 10:41:00 PM,1,30501,At Intersection (intersection related),Dark - Street Lights On,5TH AVE S AND S MAIN ST,0,1,,3,3740059,Dry,51,PEDALCYCLIST STRUCK MOTOR VEHICLE FRONT END AT ANGLE,,7358,1,3,Fatality Collision,Y,45,Bicycle,Matched,N,1,Overcast,0,"(47.60003407600004, -122.32766333399996)",0,0,N,16-169193
161764,217167,217447,Block,Cycles,161, ,,0,,03/29/2016 12:00:00 AM +0000,3/29/2016 12:16:00 PM,1,,Mid-Block (not related to intersection),Daylight,STEWART ST BETWEEN 8TH AVE AND 9TH AVE,0,1,Y,2,3791282,Dry,18,"MOTOR VEHICLE STRUCK PEDALCYCLIST, FRONT END AT ANGLE",,12905,0,2,Injury Collision,,45,Bicycle,Matched,N,1,Clear or Partly Cloudy,0,"(47.615283472000044, -122.33486718099999)",0,0,N,2016-108104
161804,217172,217452,Intersection,Cycles,0, ,,0,Y,03/31/2016 12:00:00 AM +0000,3/31/2016 8:51:00 AM,1,30368,At Intersection (intersection related),Daylight,1ST AVE S AND S KING ST,0,1,,1,E532427,Dry,18,"MOTOR VEHICLE STRUCK PEDALCYCLIST, FRONT END AT ANGLE",,1189,0,2,Injury Collision,,45,Bicycle,Matched,N,1,Clear or Partly Cloudy,0,"(47.59829171500007, -122.33419116099998)",0,0,N,2016-110489
161890,219876,220156,Intersection,Cycles,0, ,,0,,05/04/2016 12:00:00 AM +0000,5/4/2016 8:25:00 AM,2,24268,At Intersection (intersection related),Daylight,GREENWOOD AVE N AND N 83RD ST,0,1,,0,E543534,Wet,18,"MOTOR VEHICLE STRUCK PEDALCYCLIST, FRONT END AT ANGLE",,10750,0,2,Injury Collision,,45,Bicycle,Matched,N,1,Overcast,0,"(47.68911342700005, -122.35530100699998)",0,0,N,16-154428
161930,218904,219204,Intersection,Cycles,0, ,,0,,04/29/2016 12:00:00 AM +0000,4/29/2016 6:31:00 PM,1,30581,At Intersection (intersection related),Daylight,26TH AVE AND E YESLER WAY,0,1,Y,2,3704402,Dry,18,"MOTOR VEHICLE STRUCK PEDALCYCLIST, FRONT END AT ANGLE",,3828,0,2,Injury Collision,,45,Bicycle,Matched,N,1,Clear or Partly Cloudy,0,"(47.60166062600007, -122.29891734099999)",0,0,N,2016-148595
161951,219232,219532,Intersection,Cycles,0, ,,0,,05/10/2016 12:00:00 AM +0000,5/10/2016 6:58:00 AM,1,24516,At Intersection (intersection related),,NE 65TH ST AND NE RAVENNA WB BV,0,1,,2,3767455,Dry,51,PEDALCYCLIST STRUCK MOTOR VEHICLE FRONT END AT ANGLE,,17257,1,2b,Serious Injury Collision,,45,Bicycle,Matched,N,1,Clear or Partly Cloudy,0,"(47.67586707700008, -122.32185222499999)",0,0,N,2016-162398
162053,22148,22148,Block,Cycles,328.5,,,0,,09/18/2004 12:00:00 AM +0000,9/18/2004 4:46:00 PM,1,,Mid-Block (but intersection related),Daylight,NW 85TH ST BETWEEN 1ST AVE NW AND 3RD AVE NW,0,1,,1,1779990,Wet,66,PEDALCYCLIST STRUCK OBJECT IN ROAD,04262012,18958,0,2,Injury Collision,,45,Bicycle,Matched,0,0,Raining,0,"(47.69061785800005, -122.35931271899994)",0,0,N,04-393029
162104,22442,22442,Block,Cycles,179,,,0,,05/19/2004 12:00:00 AM +0000,5/19/2004 11:28:00 PM,0,,Driveway Junction,Dark - Street Lights On,E OLIVE WAY BETWEEN SUMMIT AVE E AND E JOHN ST,0,1,,2,1788500,Dry,51,PEDALCYCLIST STRUCK MOTOR VEHICLE FRONT END AT ANGLE,04140003,14586,0,1,Property Damage Only Collision,,45,Bicycle,Matched,1,1,Overcast,0,"(47.61927351300005, -122.32483051699995)",0,0,N,40202864
162188,220102,220382,Block,Cycles,155.5, ,,0,Y,05/26/2016 12:00:00 AM +0000,5/26/2016 3:44:00 PM,1,,Driveway Junction,Daylight,SW AVALON WAY BETWEEN 35TH AVE SW AND 36TH AVE SW,0,1,,2,3505383,Dry,18,"MOTOR VEHICLE STRUCK PEDALCYCLIST, FRONT END AT ANGLE",,21821,0,2,Injury Collision,,45,Bicycle,Matched,N,1,Overcast,0,"(47.56407686700004, -122.37681737399998)",0,0,N,2016-185151
162230,217148,217428,Intersection,Cycles,0, ,,0,,03/25/2016 12:00:00 AM +0000,3/25/2016 11:19:00 AM,1,29261,At Intersection (intersection related),Daylight,DEWEY PL E AND E HARRISON ST,0,1,,1,E532321,Dry,18,"MOTOR VEHICLE STRUCK PEDALCYCLIST, FRONT END AT ANGLE",,10068,0,2,Injury Collision,Y,45,Bicycle,Matched,N,1,Clear or Partly Cloudy,0,"(47.62249919700008, -122.29375264999999)",0,0,N,2016-103284
162231,217922,218202,Block,Cycles,213, ,,0,Y,04/20/2016 12:00:00 AM +0000,4/20/2016 8:24:00 AM,1,,Mid-Block (not related to intersection),Daylight,12TH AVE BETWEEN E COLUMBIA ST AND E MARION ST,0,1,,2,3704363,Dry,16,"MOTOR VEHICLE STRUCK MOTOR VEHICLE, LEFT SIDE SIDESWIPE",,1533,0,2,Injury Collision,,45,Bicycle,Matched,N,1,Clear or Partly Cloudy,0,"(47.609809435000045, -122.31677966199999)",0,0,Y,2016-135962
162292,220097,220377,Intersection,Cycles,0, ,,0,,05/25/2016 12:00:00 AM +0000,5/25/2016 3:50:00 PM,2,29613,At Intersection (intersection related),Daylight,2ND AVE AND SPRING ST,1,1,,2,3385835,Dry,64,PEDALCYCLIST STRUCK PEDESTRIAN,,2754,0,2,Injury Collision,,45,Bicycle,Matched,N,0,Clear or Partly Cloudy,0,"(47.605872617000045, -122.33578172399996)",42196,0,N,16-183712
162293,220079,220359,Block,Cycles,133, ,,0,Y,05/18/2016 12:00:00 AM +0000,5/18/2016 4:23:00 PM,1,,Mid-Block (not related to intersection),Daylight,ROOSEVELT WAY NE BETWEEN NE 69TH ST AND NE 70TH ST,0,1,,2,3787213,Dry,18,"MOTOR VEHICLE STRUCK PEDALCYCLIST, FRONT END AT ANGLE",,12619,0,2,Injury Collision,,45,Bicycle,Matched,N,1,Overcast,0,"(47.679104392000056, -122.31740837099994)",12619,0,N,2016-174058
162320,216601,216881,Intersection,Cycles,0, ,,0,,03/28/2016 12:00:00 AM +0000,3/28/2016 5:35:00 PM,0,24044,At Intersection (intersection related),Daylight,1ST AVE NW AND NW 84TH ST,0,1,,2,3767157,Dry,51,PEDALCYCLIST STRUCK MOTOR VEHICLE FRONT END AT ANGLE,,1156,0,1,Property Damage Only Collision,,45,Bicycle,Matched,N,1,Clear or Partly Cloudy,0,"(47.68983564800004, -122.35797717199995)",0,0,N,2016-107210
162321,216599,216879,Intersection,Cycles,0, ,,0,,03/28/2016 12:00:00 AM +0000,3/28/2016 8:14:00 AM,1,29165,At Intersection (intersection related),Daylight,MELROSE AVE AND E DENNY WAY,0,1,,2,3707389,Wet,51,PEDALCYCLIST STRUCK MOTOR VEHICLE FRONT END AT ANGLE,,11758,0,2,Injury Collision,,45,Bicycle,Matched,N,1,Overcast,0,"(47.61849674100006, -122.32785352399998)",0,0,N,2016-106572
162357,219906,220186,Intersection,Cycles,0, ,,0,Y,05/13/2016 12:00:00 AM +0000,5/13/2016 3:06:00 PM,1,30379,At Intersection (intersection related),Daylight,ALASKAN WAY AND MARION ST,0,1,,2,E543843,Dry,18,"MOTOR VEHICLE STRUCK PEDALCYCLIST, FRONT END AT ANGLE",,8719,0,2,Injury Collision,,45,Bicycle,Matched,N,1,Clear or Partly Cloudy,0,"(47.60306058300006, -122.33778754599996)",0,0,N,2016-167279
162369,220120,220400,Block,Cycles,158, ,,0,,05/20/2016 12:00:00 AM +0000,5/20/2016 2:42:00 PM,1,,Mid-Block (not related to intersection),Daylight,E DENNY WAY BETWEEN SUMMIT AVE AND BELMONT AVE E,0,1,,2,3593612,Dry,18,"MOTOR VEHICLE STRUCK PEDALCYCLIST, FRONT END AT ANGLE",,13948,0,2,Injury Collision,,45,Bicycle,Matched,N,1,Clear or Partly Cloudy,0,"(47.61848552500004, -122.32464731999994)",0,0,N,2016-176651
162373,220118,220398,Intersection,Cycles,0,NEI,"Not Enough Information, or Insufficient Location Information",0,,05/04/2016 12:00:00 AM +0000,5/4/2016 8:30:00 AM,1,30374,At Intersection (intersection related),Daylight,ALASKAN E RDWY WAY S AND S WASHINGTON ST,0,1,,0,E542392,Dry,18,"MOTOR VEHICLE STRUCK PEDALCYCLIST, FRONT END AT ANGLE",,8754,0,2,Injury Collision,,45,Bicycle,Matched,N,1,Clear or Partly Cloudy,0,"(47.600885883000046, -122.33552594499997)",0,0,N,2016-154435
162421,219506,219786,Intersection,Cycles,0, ,,0,,05/11/2016 12:00:00 AM +0000,5/11/2016 8:45:00 AM,0,37713,At Intersection (intersection related),Daylight,LAKE CITY WAY NE AND NE 98TH ST,0,1,Y,2,3767503,Dry,11,"MOTOR VEHICLE STRUCK MOTOR VEHICLE, FRONT END AT ANGLE",,11160,0,1,Property Damage Only Collision,,45,Bicycle,Matched,N,1,Clear or Partly Cloudy,0,"(47.700271411000074, -122.30331816499995)",0,0,N,16-164036
162435,218221,218521,Intersection,Cycles,0, ,,0,,04/26/2016 12:00:00 AM +0000,4/26/2016 5:48:00 PM,1,32855,At Intersection (intersection related),Daylight,48TH AVE SW AND SW HUDSON ST,0,1,,2,3587724,Dry,18,"MOTOR VEHICLE STRUCK PEDALCYCLIST, FRONT END AT ANGLE",,7150,0,2,Injury Collision,,45,Bicycle,Matched,N,1,Overcast,0,"(47.55755993000008, -122.39360290299999)",0,0,N,16-144664
162464,216933,217213,Intersection,Cycles,0,NEI,"Not Enough Information, or Insufficient Location Information",0,,03/30/2016 12:00:00 AM +0000,3/30/2016 9:25:00 AM,1,37485,At Intersection (intersection related),Daylight,5TH AVE NE AND NE 100TH ST,0,1,Y,2,E529935,Dry,00,NOT ENOUGH INFORMATION / NOT APPLICABLE,,7331,0,2,Injury Collision,,45,Bicycle,Matched,N,1,Clear or Partly Cloudy,0,"(47.70132478800008, -122.323127221)",0,0,N,2016-109094
162475,219679,219959,Block,Cycles,143, ,,0,,05/10/2016 12:00:00 AM +0000,5/10/2016 11:42:00 PM,1,,Mid-Block (not related to intersection),Dark - Street Lights On,NE 50TH ST BETWEEN 7TH AVE NE AND 8TH AVE NE,0,1,,1,E542862,Dry,11,"MOTOR VEHICLE STRUCK MOTOR VEHICLE, FRONT END AT ANGLE",,16927,0,2,Injury Collision,,45,Bicycle,Matched,N,1,Clear or Partly Cloudy,0,"(47.664954108000074, -122.320124411)",0,0,N,2016-163551
162513,217460,217740,Intersection,Cycles,0, ,,0,Y,04/07/2016 12:00:00 AM +0000,4/7/2016 5:26:00 PM,1,27273,At Intersection (intersection related),Daylight,N 36TH ST AND N PACIFIC ST,0,1,Y,3,3767654,Dry,18,"MOTOR VEHICLE STRUCK PEDALCYCLIST, FRONT END AT ANGLE",,9764,0,2,Injury Collision,,45,Bicycle,Matched,N,1,Clear or Partly Cloudy,0,"(47.65050201500003, -122.33154340399994)",0,0,N,2016-120029
162531,216464,216744,Block,Cycles,76.5, ,,0,Y,03/23/2016 12:00:00 AM +0000,3/23/2016 6:00:00 PM,1,,Mid-Block (not related to intersection),Daylight,FREMONT BR BETWEEN 4TH AVE N AND POINT A,0,1,Y,6,3737135,Wet,21,"MOTOR VEHICLE STRUCK PEDALCYCLIST, REAR END",,10562,0,2,Injury Collision,,45,Bicycle,Matched,N,1,Overcast,0,"(47.64708834500004, -122.34975206899998)",0,0,N,2016-101350
162716,219523,219803,Intersection,Cycles,0, ,,0,,05/18/2016 12:00:00 AM +0000,5/18/2016 12:41:00 PM,0,287169,At Intersection (intersection related),Daylight,40TH AVE NE AND BURKE GILMAN TRL,0,1,,2,3767587,Dry,51,PEDALCYCLIST STRUCK MOTOR VEHICLE FRONT END AT ANGLE,,287213,0,1,Property Damage Only Collision,,45,Bicycle,Matched,N,1,Clear or Partly Cloudy,0,"(47.66730844400007, -122.28480764299997)",0,0,N,2016-173752
162828,22354,22354,Intersection,Cycles,0,,,0,,07/20/2004 12:00:00 AM +0000,7/20/2004 1:51:00 PM,1,27153,At Intersection (intersection related),Daylight,EASTLAKE AVE E AND FUHRMAN AVE E,0,1,Y,2,1790146,Dry,11,"MOTOR VEHICLE STRUCK MOTOR VEHICLE, FRONT END AT ANGLE",04202034,10579,0,2,Injury Collision,,45,Bicycle,Matched,0,1,Clear or Partly Cloudy,0,"(47.65157827200005, -122.32127525699997)",0,0,N,04 300528
162917,218236,218536,Intersection,Cycles,0, ,,0,,04/25/2016 12:00:00 AM +0000,4/25/2016 5:51:00 PM,1,26742,At Intersection (intersection related),Daylight,15TH AVE W AND NICKERSON 15TH RP,0,1,,4,3740235,Dry,18,"MOTOR VEHICLE STRUCK PEDALCYCLIST, FRONT END AT ANGLE",,2196,0,2,Injury Collision,,45,Bicycle,Matched,N,1,Clear or Partly Cloudy,0,"(47.65243056700007, -122.376209486)",0,0,N,16-143350
162921,217469,217749,Block,Cycles,394.5, ,,0,,04/13/2016 12:00:00 AM +0000,4/13/2016 7:56:00 AM,1,,Mid-Block (not related to intersection),Daylight,25TH AVE NE BETWEEN NE 57TH ST AND NE 60TH ST,0,1,,1,3767666,Dry,18,"MOTOR VEHICLE STRUCK PEDALCYCLIST, FRONT END AT ANGLE",,3726,0,2,Injury Collision,,45,Bicycle,Matched,N,0,Overcast,0,"(47.67106742200008, -122.30063285099999)",0,0,N,16-126919
162946,219284,219584,Block,Cycles,158, ,,0,,05/06/2016 12:00:00 AM +0000,5/6/2016 8:12:00 AM,1,,Mid-Block (not related to intersection),Daylight,DEXTER AVE N BETWEEN HIGHLAND DR AND COMSTOCK ST,0,1,,0,E540956,Dry,11,"MOTOR VEHICLE STRUCK MOTOR VEHICLE, FRONT END AT ANGLE",,10081,0,2,Injury Collision,,45,Bicycle,Matched,N,2,Clear or Partly Cloudy,0,"(47.63015164300003, -122.34229977599995)",0,0,N,2016-157106
162950,219525,219805,Intersection,Cycles,0, ,,0,,05/14/2016 12:00:00 AM +0000,5/14/2016 11:30:00 AM,1,25545,At Intersection (intersection related),Daylight,STONE WAY N AND N 49TH ST,0,1,Y,2,3767755,Wet,11,"MOTOR VEHICLE STRUCK MOTOR VEHICLE, FRONT END AT ANGLE",,12973,0,2,Injury Collision,,45,Bicycle,Matched,N,1,Overcast,0,"(47.664289868000026, -122.34068746699995)",0,0,N,2016-168509
162976,218939,219239,Block,Cycles,213, ,,0,,04/26/2016 12:00:00 AM +0000,4/26/2016 7:50:00 AM,1,,Mid-Block (not related to intersection),Daylight,5TH AVE BETWEEN STEWART ST AND VIRGINIA ST,0,1,,3,3740181,Dry,51,PEDALCYCLIST STRUCK MOTOR VEHICLE FRONT END AT ANGLE,,7242,0,2,Injury Collision,,45,Bicycle,Matched,N,1,Clear or Partly Cloudy,0,"(47.613341770000034, -122.33852199699999)",0,0,N,2016-146646
162977,219955,220235,Intersection,Cycles,0, ,,0,,05/18/2016 12:00:00 AM +0000,5/18/2016 5:06:00 PM,1,35090,At Intersection (intersection related),Daylight,14TH AVE S AND DALLAS AVE S,0,1,,2,3780492,Dry,51,PEDALCYCLIST STRUCK MOTOR VEHICLE FRONT END AT ANGLE,,1955,0,2,Injury Collision,,45,Bicycle,Matched,N,1,Clear or Partly Cloudy,0,"(47.52736999700005, -122.31491769599995)",0,0,N,2016-174107
162993,219720,220000,Block,Cycles,330.5, ,,0,,04/29/2016 12:00:00 AM +0000,4/29/2016 11:25:00 AM,1,,Mid-Block (not related to intersection),Daylight,25TH AVE NE BETWEEN NE 120TH ST AND NE 123RD ST,0,1,,0,E538610,Dry,18,"MOTOR VEHICLE STRUCK PEDALCYCLIST, FRONT END AT ANGLE",,3744,0,2,Injury Collision,,45,Bicycle,Matched,N,1,Overcast,0,"(47.716596362000075, -122.30181927799998)",0,0,N,2016-148064
163023,218018,218321,Block,Cycles,57.5, ,,0,,03/30/2016 12:00:00 AM +0000,3/30/2016 5:55:00 PM,0,,Mid-Block (but intersection related),Daylight,STEWART ST BETWEEN DENNY WAY AND YALE AVE N,0,1,,1,E535867,Dry,18,"MOTOR VEHICLE STRUCK PEDALCYCLIST, FRONT END AT ANGLE",,12911,0,1,Property Damage Only Collision,,45,Bicycle,Matched,N,1,Clear or Partly Cloudy,0,"(47.61860765400007, -122.33056755099994)",0,0,N,2016-109832
163025,217650,217930,Intersection,Cycles,0, ,,0,,04/19/2016 12:00:00 AM +0000,4/19/2016 3:31:00 PM,1,29542,At Intersection (intersection related),Daylight,7TH AVE AND WESTLAKE AVE,0,1,,2,3703747,Dry,21,"MOTOR VEHICLE STRUCK PEDALCYCLIST, REAR END",,8163,0,2,Injury Collision,,45,Bicycle,Matched,N,1,Clear or Partly Cloudy,0,"(47.61528336200007, -122.33783703399996)",13839,0,N,2016-135117
163150,21914,21914,Intersection,Cycles,0,,,0,,06/29/2004 12:00:00 AM +0000,6/29/2004 12:30:00 PM,0,27039,At Intersection (intersection related),Daylight,FREMONT AVE N AND N 34TH ST,0,1,Y,2,1080361,Dry,18,"MOTOR VEHICLE STRUCK PEDALCYCLIST, FRONT END AT ANGLE",04181027,10485,0,1,Property Damage Only Collision,,45,Bicycle,Matched,0,1,Clear or Partly Cloudy,0,"(47.64958972900007, -122.34974744899995)",0,0,N,04 266075
163189,21774,21774,Block,Cycles,249.5,,,0,,07/16/2004 12:00:00 AM +0000,7/16/2004 10:40:00 AM,1,,Driveway Junction,Daylight,CALIFORNIA AVE SW BETWEEN SW STEVENS ST AND SW HANFORD ST,0,1,Y,2,1481224,Dry,18,"MOTOR VEHICLE STRUCK PEDALCYCLIST, FRONT END AT ANGLE",04198006,9542,0,2,Injury Collision,,45,Bicycle,Matched,0,1,Clear or Partly Cloudy,0,"(47.57631143700007, -122.38673654499996)",0,0,N,04-294002
163197,21763,21763,Intersection,Cycles,0,,,0,,11/02/2004 12:00:00 AM +0000,11/2/2004,1,29739,At Intersection (intersection related),Daylight,11TH AVE AND E PINE ST,0,1,,2,1198286,Wet,18,"MOTOR VEHICLE STRUCK PEDALCYCLIST, FRONT END AT ANGLE",04307038,1383,0,2,Injury Collision,,45,Bicycle,Matched,0,1,Raining,0,"(47.615254391000065, -122.318159434)",0,0,N,4459461
163330,21737,21737,Block,Cycles,85.5,,,0,,06/30/2004 12:00:00 AM +0000,6/30/2004 3:35:00 PM,1,,Mid-Block (but intersection related),Daylight,E OLIVE WAY BETWEEN E DENNY WAY AND SUMMIT AVE E,0,1,,2,1772565,Dry,54,PEDALCYCLIST STRUCK MOTOR VEHICLE REAR END,04182034,14585,1,2b,Serious Injury Collision,,45,Bicycle,Matched,0,1,Clear or Partly Cloudy,0,"(47.61869246100008, -122.32546481599996)",0,0,N,04-267958
163493,220158,220438,Intersection,Cycles,0, ,,0,Y,05/23/2016 12:00:00 AM +0000,5/23/2016 5:43:00 PM,1,26944,At Intersection (intersection related),Daylight,WHITMAN AVE N AND N 43RD ST,0,1,,2,3737117,Dry,18,"MOTOR VEHICLE STRUCK PEDALCYCLIST, FRONT END AT ANGLE",,13587,0,2,Injury Collision,,45,Bicycle,Matched,Y,1,Clear or Partly Cloudy,0,"(47.65957879000007, -122.34563400399998)",0,0,N,16-180885
163587,21960,21960,Intersection,Cycles,0,,,0,,10/08/2004 12:00:00 AM +0000,10/8/2004,1,33963,At Intersection (intersection related),Daylight,DELRIDGE WAY SW AND SW ORCHARD ST,0,1,Y,2,1333996,Wet,18,"MOTOR VEHICLE STRUCK PEDALCYCLIST, FRONT END AT ANGLE",04282015,9978,0,2,Injury Collision,,45,Bicycle,Matched,0,1,Raining,0,"(47.537954167000066, -122.36109186599998)",0,0,N,4422658
163601,21538,21538,Intersection,Cycles,0,,,0,,11/09/2004 12:00:00 AM +0000,11/9/2004,1,29621,At Intersection (intersection related),Dark - Street Lights On,1ST AVE AND MADISON ST,0,1,,2,1785094,Dry,18,"MOTOR VEHICLE STRUCK PEDALCYCLIST, FRONT END AT ANGLE",04314007,1004,1,2b,Serious Injury Collision,,45,Bicycle,Matched,0,1,Clear or Partly Cloudy,0,"(47.604695047000064, -122.33623843299995)",0,0,N,04-470240
163660,21678,21678,Intersection,Cycles,0,,,0,,06/15/2004 12:00:00 AM +0000,6/15/2004 8:12:00 AM,1,27062,At Intersection (intersection related),Daylight,UNIVERSITY WAY NE AND NE 45TH ST,0,1,,2,1780442,Dry,18,"MOTOR VEHICLE STRUCK PEDALCYCLIST, FRONT END AT ANGLE",04167031,13222,0,2,Injury Collision,,45,Bicycle,Matched,0,1,Clear or Partly Cloudy,0,"(47.661269366000056, -122.31312965799998)",0,0,N,04-243313
163663,21958,21958,Intersection,Cycles,0,,,0,,01/12/2004 12:00:00 AM +0000,1/12/2004 8:45:00 AM,1,37717,At Intersection (intersection related),Daylight,17TH AVE NE AND NE 97TH ST,0,1,Y,2,1780006,Dry,18,"MOTOR VEHICLE STRUCK PEDALCYCLIST, FRONT END AT ANGLE",04012010,2405,0,2,Injury Collision,,45,Bicycle,Matched,0,1,Clear or Partly Cloudy,0,"(47.69941280200004, -122.30951557599997)",0,0,N,04-015406
163710,21520,21520,Intersection,Cycles,0,,,0,,02/28/2004 12:00:00 AM +0000,2/28/2004 8:50:00 AM,1,30494,At Intersection (intersection related),Daylight,4TH AVE S AND S WASHINGTON ST,0,1,,5,1776959,Dry,18,"MOTOR VEHICLE STRUCK PEDALCYCLIST, FRONT END AT ANGLE",04059004,6227,0,2,Injury Collision,,45,Bicycle,Matched,1,2,Clear or Partly Cloudy,0,"(47.60087544100003, -122.32896255699995)",0,0,N,4084659
163750,217260,217540,Intersection,Cycles,0, ,,0,,04/02/2016 12:00:00 AM +0000,4/2/2016 5:42:00 AM,1,29757,At Intersection (intersection related),Dusk,BROADWAY AND E UNION ST,0,1,,2,3703019,Dry,18,"MOTOR VEHICLE STRUCK PEDALCYCLIST, FRONT END AT ANGLE",,9446,1,2b,Serious Injury Collision,,45,Bicycle,Matched,N,1,Overcast,0,"(47.61296336300006, -122.32076237799998)",9445,0,N,16-113279
163769,218046,218346,Intersection,Cycles,0, ,,0,,04/20/2016 12:00:00 AM +0000,4/20/2016 5:14:00 PM,1,28741,At Intersection (intersection related),Daylight,DEXTER AVE N AND ROY ST,0,1,,2,3740156,Dry,18,"MOTOR VEHICLE STRUCK PEDALCYCLIST, FRONT END AT ANGLE",,10078,0,2,Injury Collision,,45,Bicycle,Matched,N,1,Clear or Partly Cloudy,0,"(47.62540330500008, -122.34234200999998)",0,0,N,2016-136666
163781,216705,216985,Block,Cycles,331,NEI,"Not Enough Information, or Insufficient Location Information",0,,03/28/2016 12:00:00 AM +0000,3/28/2016 6:00:00 AM,0,,,Dawn,GREENWOOD AVE N BETWEEN HOLMAN RD N AND N 107TH ST,0,1,,1,E528852,Dry,00,NOT ENOUGH INFORMATION / NOT APPLICABLE,,10765,0,1,Property Damage Only Collision,,45,Bicycle,Matched,N,1,Clear or Partly Cloudy,0,"(47.70598980300008, -122.35545967799999)",0,0,N,2016-106529
163823,218363,218663,Intersection,Cycles,0,NEI,"Not Enough Information, or Insufficient Location Information",0,,04/11/2016 12:00:00 AM +0000,4/11/2016 2:18:00 PM,1,30479,At Intersection (but not related to intersection),Daylight,4TH AVE AND JAMES ST,0,1,,0,E535082,Dry,00,NOT ENOUGH INFORMATION / NOT APPLICABLE,,6122,0,2,Injury Collision,,45,Bicycle,Matched,N,1,Clear or Partly Cloudy,0,"(47.60323265400007, -122.33029745899995)",0,0,N,2016-124895
163847,220165,220445,Intersection,Cycles,0, ,,0,,05/21/2016 12:00:00 AM +0000,5/21/2016 3:19:00 PM,1,35529,At Intersection (intersection related),Daylight,LAKE WASHINGTON BLVD S AND S DEARBORN ST,0,1,Y,2,3737975,Dry,18,"MOTOR VEHICLE STRUCK PEDALCYCLIST, FRONT END AT ANGLE",,11222,0,2,Injury Collision,,45,Bicycle,Matched,N,1,Clear or Partly Cloudy,0,"(47.59574887900004, -122.28903666899998)",0,0,N,2016-178145
163913,20952,20952,Block,Cycles,151,,,0,Y,09/01/2004 12:00:00 AM +0000,9/1/2004,1,,Mid-Block (not related to intersection),Dark - Street Lights On,STONE WAY N BETWEEN N 46TH ST AND N 47TH ST,0,1,,2,1780448,Wet,54,PEDALCYCLIST STRUCK MOTOR VEHICLE REAR END,04245003,12970,0,2,Injury Collision,,45,Bicycle,Matched,0,1,Raining,0,"(47.66248024300006, -122.34182348999997)",0,0,N,04 366526
163951,20959,20959,Block,Cycles,345,,,0,,06/03/2004 12:00:00 AM +0000,6/3/2004,1,,Mid-Block (but intersection related),Daylight,15TH AVE NW BETWEEN NW 65TH ST AND NW 67TH ST,0,1,,2,1773518,Dry,54,PEDALCYCLIST STRUCK MOTOR VEHICLE REAR END,04155030,2112,0,2,Injury Collision,,45,Bicycle,Matched,1,1,Clear or Partly Cloudy,0,"(47.67682047200003, -122.37676111699994)",0,0,N,04-224674
163979,20928,20928,Block,Cycles,132.5,,,0,Y,05/28/2004 12:00:00 AM +0000,5/28/2004 5:47:00 PM,1,,Driveway Junction,Daylight,NE 80TH ST BETWEEN 15TH AVE NE AND 16TH AVE NE,0,1,,2,1794277,Wet,18,"MOTOR VEHICLE STRUCK PEDALCYCLIST, FRONT END AT ANGLE",04149009,17617,0,2,Injury Collision,,45,Bicycle,Matched,0,1,Overcast,0,"(47.68667634500008, -122.31161880299999)",0,0,N,04-216195