OBJECTID,INCKEY,COLDETKEY,ADDRTYPE,COLLISIONTYPE,DISTANCE,EXCEPTRSNCODE,EXCEPTRSNDESC,FATALITIES,INATTENTIONIND,INCDATE,INCDTTM,INJURIES,INTKEY,JUNCTIONTYPE,LIGHTCOND,LOCATION,PEDCOUNT,PEDCYLCOUNT,PEDROWNOTGRNT,PERSONCOUNT,REPORTNO,ROADCOND,SDOT_COLCODE,SDOT_COLDESC,SDOTCOLNUM,SEGKEY,SERIOUSINJURIES,SEVERITYCODE,SEVERITYDESC,SPEEDING,ST_COLCODE,ST_COLDESC,STATUS,UNDERINFL,VEHCOUNT,WEATHER,WIDTH,Shape,SEGLANEKEY,CROSSWALKKEY,HITPARKEDCAR,SPDCASENO
163981,20927,20927,Intersection,Cycles,0,,,0,,10/04/2004 12:00:00 AM +0000,10/4/2004,1,29722,At Intersection (intersection related),Daylight,LENORA ST AND WESTERN AVE,0,1,Y,2,1783738,Dry,18,"MOTOR VEHICLE STRUCK PEDALCYCLIST, FRONT END AT ANGLE",04278003,10200,0,2,Injury Collision,,45,Bicycle,Matched,0,1,Clear or Partly Cloudy,0,"(47.61117277000005, -122.34477198499997)",0,0,N,04-418341
164129,219762,220042,Intersection,Cycles,0, ,,0,,04/29/2016 12:00:00 AM +0000,4/29/2016 3:12:00 PM,1,29761,At Intersection (intersection related),Daylight,12TH AVE AND E MADISON ST,0,1,,0,E540028,Dry,18,"MOTOR VEHICLE STRUCK PEDALCYCLIST, FRONT END AT ANGLE",,1536,0,2,Injury Collision,,45,Bicycle,Matched,N,1,Clear or Partly Cloudy,0,"(47.61288923600006, -122.31673339099996)",0,0,N,2016-148299
164139,217516,217796,Intersection,Cycles,0, ,,0,,04/14/2016 12:00:00 AM +0000,4/14/2016 8:07:00 PM,1,26710,At Intersection (intersection related),Dusk,9TH AVE NW AND NW 45TH ST,0,1,Y,2,3591511,Dry,18,"MOTOR VEHICLE STRUCK PEDALCYCLIST, FRONT END AT ANGLE",,8563,0,2,Injury Collision,,45,Bicycle,Matched,N,1,Overcast,0,"(47.66146692900003, -122.36861555399997)",603103,0,N,2016-129065
164157,218381,218681,Block,Cycles,362.5, ,,0,,04/21/2016 12:00:00 AM +0000,4/21/2016 8:09:00 PM,1,,Mid-Block (not related to intersection),Daylight,EASTLAKE AVE E BETWEEN E HAMLIN ST AND E SHELBY ST,0,1,Y,3,3740487,Dry,11,"MOTOR VEHICLE STRUCK MOTOR VEHICLE, FRONT END AT ANGLE",,10181,0,2,Injury Collision,,45,Bicycle,Matched,N,1,Clear or Partly Cloudy,0,"(47.646503048000056, -122.32519936799997)",0,0,N,2016-138295
164191,219337,219637,Block,Cycles,145, ,,0,,04/20/2016 12:00:00 AM +0000,4/20/2016 10:30:00 AM,1,,Driveway Junction,Daylight,AIRPORT WAY S BETWEEN S HOMER ST AND S DORIS ST,0,1,,2,3780519,Dry,18,"MOTOR VEHICLE STRUCK PEDALCYCLIST, FRONT END AT ANGLE",,8693,0,2,Injury Collision,,45,Bicycle,Matched,N,1,Clear or Partly Cloudy,0,"(47.55043293500006, -122.31808493699998)",0,0,N,16-137579
164210,21193,21193,Block,Cycles,139.5,,,0,,03/14/2004 12:00:00 AM +0000,3/14/2004 2:50:00 AM,1,,Driveway Junction,Dark - Street Lights On,NE 45TH ST BETWEEN 17TH NB AVE NE AND 18TH AVE NE,0,1,Y,2,1780432,Dry,18,"MOTOR VEHICLE STRUCK PEDALCYCLIST, FRONT END AT ANGLE",04074023,16856,0,2,Injury Collision,,45,Bicycle,Matched,0,1,Clear or Partly Cloudy,0,"(47.661259296000026, -122.30894884899999)",0,0,N,04-105426
164231,21064,21064,Intersection,Cycles,0,,,0,,07/21/2004 12:00:00 AM +0000,7/21/2004 12:47:00 PM,1,34008,At Intersection (intersection related),Daylight,35TH AVE SW AND SW MORGAN ST,0,1,Y,3,1798167,Dry,18,"MOTOR VEHICLE STRUCK PEDALCYCLIST, FRONT END AT ANGLE",04203036,5462,0,2,Injury Collision,,45,Bicycle,Matched,0,1,Clear or Partly Cloudy,0,"(47.544682574000035, -122.37644504199994)",0,0,N,4302118
164253,21204,21204,Intersection,Cycles,0, ,,0,,01/05/2004 12:00:00 AM +0000,1/5/2004,1,29704,At Intersection (intersection related),Daylight,BELL ST AND WESTERN AVE,0,1,,2,1777359,Dry,51,PEDALCYCLIST STRUCK MOTOR VEHICLE FRONT END AT ANGLE,04005004,9197,0,2,Injury Collision,,45,Bicycle,Matched,0,1,Overcast,0,"(47.612710391000064, -122.34737243299998)",0,0,N,4005725
164306,21303,21303,Intersection,Cycles,0,,,0,,07/27/2004 12:00:00 AM +0000,7/27/2004 9:46:00 AM,1,28303,At Intersection (intersection related),Daylight,EASTLAKE AVE E AND E LOUISA ST,0,1,Y,2,1217102,Dry,18,"MOTOR VEHICLE STRUCK PEDALCYCLIST, FRONT END AT ANGLE",04209024,10178,0,2,Injury Collision,,45,Bicycle,Matched,0,1,Clear or Partly Cloudy,0,"(47.64203050000003, -122.32588836999997)",0,0,N,4311294
164331,21180,21180,Intersection,Cycles,0,,,0,,08/14/2004 12:00:00 AM +0000,8/14/2004 7:49:00 PM,1,23936,At Intersection (intersection related),Daylight,21ST AVE NW AND NW 67TH ST,0,1,,4,1220155,Dry,51,PEDALCYCLIST STRUCK MOTOR VEHICLE FRONT END AT ANGLE,04227014,3147,0,2,Injury Collision,,45,Bicycle,Matched,0,1,Clear or Partly Cloudy,0,"(47.67770635200003, -122.38321773899997)",0,0,N,04-340649
164419,219767,220047,Block,Cycles,161.5, ,,0,,04/20/2016 12:00:00 AM +0000,4/20/2016 5:23:00 PM,1,,Mid-Block (not related to intersection),Daylight,E YESLER WAY BETWEEN 20TH AVE AND 21ST AVE,0,1,,0,E540593,Dry,18,"MOTOR VEHICLE STRUCK PEDALCYCLIST, FRONT END AT ANGLE",,14944,0,2,Injury Collision,,45,Bicycle,Matched,N,1,Clear or Partly Cloudy,0,"(47.60167270300008, -122.30569993799998)",0,0,N,2016-136673
164473,218067,218367,Intersection,Cycles,0,NEI,"Not Enough Information, or Insufficient Location Information",0,Y,04/08/2016 12:00:00 AM +0000,4/8/2016 9:11:00 AM,1,26797,At Intersection (intersection related),Daylight,MIDVALE AVE N AND N 45TH ST,0,1,,1,E533604,Dry,00,NOT ENOUGH INFORMATION / NOT APPLICABLE,,11843,0,2,Injury Collision,,45,Bicycle,Matched,N,1,Clear or Partly Cloudy,0,"(47.66138495800004, -122.343777752)",0,0,N,120793
164531,21138,21138,Intersection,Cycles,0,,,0,,09/27/2004 12:00:00 AM +0000,9/27/2004 4:14:00 PM,1,28762,At Intersection (intersection related),Daylight,BOREN AVE N AND MERCER SR ST,0,1,,2,1069908,Dry,18,"MOTOR VEHICLE STRUCK PEDALCYCLIST, FRONT END AT ANGLE",04271023,11775,0,2,Injury Collision,,45,Bicycle,Matched,0,1,Clear or Partly Cloudy,0,"(47.62454274700008, -122.33582712499998)",0,0,N,04 406168
164605,21390,21390,Block,Cycles,765,,,0,,04/09/2004 12:00:00 AM +0000,4/9/2004,0,,Driveway Junction,Dusk,FAIRVIEW AVE N BETWEEN YALE AVE N AND FAIRVIEW AVE E,0,1,,3,1772038,Dry,18,"MOTOR VEHICLE STRUCK PEDALCYCLIST, FRONT END AT ANGLE",04100012,10357,0,1,Property Damage Only Collision,,45,Bicycle,Matched,0,1,Clear or Partly Cloudy,0,"(47.63029977200006, -122.32888190799997)",0,0,N,04 142889
164676,20392,20392,Block,Cycles,62.5,,,0,,11/04/2004 12:00:00 AM +0000,11/4/2004,1,,Mid-Block (not related to intersection),Daylight,LAKE CITY WAY NE BETWEEN 16TH AVE NE AND NE 82ND ST,0,1,,2,1780170,Dry,21,"MOTOR VEHICLE STRUCK PEDALCYCLIST, REAR END",04309002,11147,0,2,Injury Collision,,45,Bicycle,Matched,0,1,Clear or Partly Cloudy,0,"(47.68837924500008, -122.31093721799999)",0,0,N,4463408
164690,20818,20818,Block,Cycles,213,,,0,Y,09/24/2004 12:00:00 AM +0000,9/24/2004 8:44:00 AM,0,,Mid-Block (not related to intersection),Daylight,DEXTER AVE N BETWEEN JOHN ST AND THOMAS ST,0,1,,2,1785157,Dry,56,PEDALCYCLIST STRUCK MOTOR VEHICLE LEFT SIDE SIDESWIPE,04268008,10072,0,1,Property Damage Only Collision,,45,Bicycle,Matched,0,1,Overcast,0,"(47.62030263500003, -122.34238673299996)",0,0,N,4401207
164732,20373,20373,Block,Cycles,161,,,0,,05/04/2004 12:00:00 AM +0000,5/4/2004,1,,Mid-Block (not related to intersection),Daylight,PIKE ST BETWEEN 7TH AVE AND 8TH AVE,0,1,,2,1482659,Dry,18,"MOTOR VEHICLE STRUCK PEDALCYCLIST, FRONT END AT ANGLE",04125008,12203,0,2,Injury Collision,,45,Bicycle,Matched,0,1,Clear or Partly Cloudy,0,"(47.61183774400007, -122.33280066599997)",0,0,N,04 178938
164882,20757,20757,Intersection,Cycles,0,,,0,,08/20/2004 12:00:00 AM +0000,8/20/2004 5:20:00 PM,1,26218,At Intersection (intersection related),Daylight,40TH AVE NE AND NE 55TH ST,0,1,,2,1782774,Dry,51,PEDALCYCLIST STRUCK MOTOR VEHICLE FRONT END AT ANGLE,04233005,6314,0,2,Injury Collision,,45,Bicycle,Matched,0,1,Clear or Partly Cloudy,0,"(47.668509302000075, -122.28482300399997)",0,0,N,04 349531
164909,20628,20628,Intersection,Cycles,0,,,0,,10/14/2004 12:00:00 AM +0000,10/14/2004 7:00:00 PM,1,29744,At Intersection (intersection related),Dark - Street Lights On,HARVARD AVE AND E PIKE ST,0,1,Y,2,1772408,Dry,18,"MOTOR VEHICLE STRUCK PEDALCYCLIST, FRONT END AT ANGLE",04288023,10841,0,2,Injury Collision,,45,Bicycle,Matched,0,1,Clear or Partly Cloudy,0,"(47.61406619600007, -122.32211092499995)",0,0,N,4432658
164915,20618,20618,Intersection,Cycles,0,,,0,,08/22/2004 12:00:00 AM +0000,8/22/2004 8:30:00 PM,1,31954,At Intersection (intersection related),Dusk,48TH AVE SW AND SW SPOKANE ST,0,1,Y,2,1797951,Wet,18,"MOTOR VEHICLE STRUCK PEDALCYCLIST, FRONT END AT ANGLE",04235014,7142,0,2,Injury Collision,,45,Bicycle,Matched,0,1,Overcast,0,"(47.57208162200004, -122.39341698699997)",0,0,N,04-352620
165079,218377,218677,Intersection,Cycles,0,NEI,"Not Enough Information, or Insufficient Location Information",0,,04/19/2016 12:00:00 AM +0000,4/19/2016 6:01:00 PM,1,33314,At Intersection (intersection related),Daylight,BEACON WR AVE S AND S COLUMBIAN WAY,0,1,,0,E535775,Dry,00,NOT ENOUGH INFORMATION / NOT APPLICABLE,,9130,0,2,Injury Collision,,45,Bicycle,Matched,N,1,Clear or Partly Cloudy,0,"(47.55960793500003, -122.30465568399995)",0,0,N,2016-135329
165117,217547,217827,Block,Cycles,16.5, ,,0,Y,04/15/2016 12:00:00 AM +0000,4/15/2016 8:47:00 PM,1,,Mid-Block (not related to intersection),Dark - Street Lights On,BROADWAY BETWEEN MADISON ST AND HARVARD AVE,0,1,Y,4,3704465,Dry,18,"MOTOR VEHICLE STRUCK PEDALCYCLIST, FRONT END AT ANGLE",,9444,0,2,Injury Collision,,45,Bicycle,Matched,N,1,Clear or Partly Cloudy,0,"(47.61121288600003, -122.32076013199998)",9445,0,N,2016-130517
165131,217540,217820,Intersection,Cycles,0, ,,0,,04/17/2016 12:00:00 AM +0000,4/17/2016 1:20:00 PM,1,30575,At Intersection (intersection related),Daylight,31ST AVE AND E YESLER WAY,0,1,,2,3704349,Dry,18,"MOTOR VEHICLE STRUCK PEDALCYCLIST, FRONT END AT ANGLE",,4766,0,2,Injury Collision,,45,Bicycle,Matched,N,1,Clear or Partly Cloudy,0,"(47.601647584000034, -122.29251724799997)",0,0,N,2016-132484
165182,220497,220777,Intersection,Cycles,0, ,,0,,05/26/2016 12:00:00 AM +0000,5/26/2016 2:28:00 PM,1,30508,At Intersection (intersection related),Daylight,2ND AV ET S AND S JACKSON ST,0,1,,1,E547538,Dry,18,"MOTOR VEHICLE STRUCK PEDALCYCLIST, FRONT END AT ANGLE",,2924,0,2,Injury Collision,,45,Bicycle,Matched,N,1,Clear or Partly Cloudy,0,"(47.59919793100005, -122.32967854199995)",0,0,N,2016-185036
165193,220213,220493,Block,Cycles,127.5, ,,0,,05/20/2016 12:00:00 AM +0000,5/20/2016 5:29:00 PM,1,,Mid-Block (not related to intersection),Daylight,DEXTER AVE N BETWEEN GALER ST AND GARFIELD S ST,0,1,,2,3788848,Dry,18,"MOTOR VEHICLE STRUCK PEDALCYCLIST, FRONT END AT ANGLE",,10084,0,2,Injury Collision,,45,Bicycle,Matched,N,1,Clear or Partly Cloudy,0,"(47.632648234000044, -122.342281878)",0,0,N,16-176895
165217,217548,217828,Intersection,Cycles,0, ,,0,Y,04/16/2016 12:00:00 AM +0000,4/16/2016 12:15:00 AM,1,29734,At Intersection (intersection related),Dark - Street Lights On,BOYLSTON AVE AND E PINE ST,0,1,Y,2,3704466,Dry,18,"MOTOR VEHICLE STRUCK PEDALCYCLIST, FRONT END AT ANGLE",,9375,0,2,Injury Collision,,45,Bicycle,Matched,N,1,Clear or Partly Cloudy,0,"(47.61523114200003, -122.32341547099998)",0,0,N,2016-130783
165230,217072,217352,Intersection,Cycles,0, ,,0,,04/04/2016 12:00:00 AM +0000,4/4/2016 2:30:00 PM,0,25277,At Intersection (intersection related),Daylight,8TH AVE NW AND NW 60TH ST,0,1,,3,3737371,Wet,51,PEDALCYCLIST STRUCK MOTOR VEHICLE FRONT END AT ANGLE,,8389,0,1,Property Damage Only Collision,,45,Bicycle,Matched,N,1,Raining,0,"(47.67234908700004, -122.36616763299998)",0,0,N,2016-116015
165286,20597,20597,Block,Cycles,129.5,,,0,,09/24/2004 12:00:00 AM +0000,9/24/2004 5:22:00 AM,1,,Mid-Block (not related to intersection),Dark - Street Lights On,NE 65TH ST BETWEEN 20TH AVE NE AND 21ST W AVE NE,0,1,,2,1793814,Dry,18,"MOTOR VEHICLE STRUCK PEDALCYCLIST, FRONT END AT ANGLE",04268005,17271,1,2b,Serious Injury Collision,,45,Bicycle,Matched,0,1,Clear or Partly Cloudy,0,"(47.67577804800004, -122.30599582999997)",0,0,N,40401036
165384,218792,219092,Intersection,Cycles,0, ,,0,,05/05/2016 12:00:00 AM +0000,5/5/2016 7:36:00 AM,1,29758,At Intersection (intersection related),Daylight,BROADWAY CT AND E UNION ST,0,1,,2,3704539,Dry,51,PEDALCYCLIST STRUCK MOTOR VEHICLE FRONT END AT ANGLE,,14887,0,2,Injury Collision,,45,Bicycle,Matched,N,1,Clear or Partly Cloudy,0,"(47.61294298300004, -122.31985698399995)",0,0,N,2016-155691
165461,136226,136226,Intersection,Cycles,0, ,,0,,01/11/2012 12:00:00 AM +0000,1/11/2012 6:06:00 PM,0,30506,At Intersection (intersection related),Dark - Street Lights On,2ND AVE S AND S JACKSON ST,0,1,Y,2,3560917,Dry,18,"MOTOR VEHICLE STRUCK PEDALCYCLIST, FRONT END AT ANGLE",12011005,2871,0,1,Property Damage Only Collision,,45,Bicycle,Matched,N,1,Clear or Partly Cloudy,0,"(47.59920078500005, -122.33157768599995)",0,521138,N,12-11194
165504,154138,154158,Block,Cycles,214.5, ,,0,,08/11/2012 12:00:00 AM +0000,8/11/2012 12:01:00 PM,1,,Mid-Block (not related to intersection),Daylight,SEWARD PARK AVE S BETWEEN HAMLET AVE S AND S HENDERSON ST,0,1,Y,2,3467165,Dry,18,"MOTOR VEHICLE STRUCK PEDALCYCLIST, FRONT END AT ANGLE",,12814,0,2,Injury Collision,,45,Bicycle,Matched,N,1,Clear or Partly Cloudy,0,"(47.52388214600006, -122.26459444599999)",37765,0,N,12-265171
165541,174118,174138,Intersection,Cycles,0, ,,0,,07/29/2014 12:00:00 AM +0000,7/29/2014 2:13:00 PM,1,30367,At Intersection (intersection related),Daylight,ALASKAN WAY S AND S KING ST,0,1,,2,3705131,Dry,51,PEDALCYCLIST STRUCK MOTOR VEHICLE FRONT END AT ANGLE,,8739,0,2,Injury Collision,,45,Bicycle,Matched,N,1,Clear or Partly Cloudy,0,"(47.59829223200006, -122.33590723199995)",0,0,N,14-248829
165542,174685,174705,Intersection,Cycles,0, ,,0,Y,09/01/2014 12:00:00 AM +0000,9/1/2014 10:41:00 PM,1,36585,At Intersection (intersection related),Dark - Street Lights On,CORLISS AVE N AND N NORTHGATE WAY,0,1,,2,3562221,Dry,18,"MOTOR VEHICLE STRUCK PEDALCYCLIST, FRONT END AT ANGLE",,16120,0,2,Injury Collision,,45,Bicycle,Matched,N,1,Clear or Partly Cloudy,0,"(47.70864592500004, -122.33131365399998)",0,525659,N,14-292344
165543,174684,174704,Intersection,Cycles,0, ,,0,,09/04/2014 12:00:00 AM +0000,9/4/2014 11:49:00 AM,1,24581,At Intersection (intersection related),Daylight,EAST GREEN LAKE DR N AND NE RAVENNA EB BV,0,1,,2,3553107,Dry,18,"MOTOR VEHICLE STRUCK PEDALCYCLIST, FRONT END AT ANGLE",,14056,0,2,Injury Collision,,45,Bicycle,Matched,N,1,Clear or Partly Cloudy,0,"(47.679817015000026, -122.32571289799995)",0,631431,N,14-295319
165554,180462,180522,Intersection,Cycles,0, ,,0,,12/02/2014 12:00:00 AM +0000,12/2/2014 5:32:00 PM,1,26877,At Intersection (intersection related),Dark - Street Lights On,DENSMORE AVE N AND N 38TH ST,0,1,,2,3586999,Dry,51,PEDALCYCLIST STRUCK MOTOR VEHICLE FRONT END AT ANGLE,,10030,0,2,Injury Collision,,45,Bicycle,Matched,N,1,Clear or Partly Cloudy,0,"(47.65315214300006, -122.33748929199999)",0,0,N,14-400957
165555,181496,181536,Intersection,Cycles,0, ,,0,,10/31/2014 12:00:00 AM +0000,10/31/2014 7:26:00 PM,1,27093,At Intersection (intersection related),Dark - Street Lights On,ROOSEVELT WAY NE AND NE 42ND S ST,0,1,Y,2,3645840,Wet,51,PEDALCYCLIST STRUCK MOTOR VEHICLE FRONT END AT ANGLE,,12595,0,2,Injury Collision,,45,Bicycle,Matched,N,1,Raining,0,"(47.65751422500006, -122.31780212899997)",8985,0,N,14-365161
165562,180460,180520,Intersection,Cycles,0, ,,0,,12/02/2014 12:00:00 AM +0000,12/2/2014 5:20:00 PM,1,35826,At Intersection (intersection related),Dark - Street Lights On,LINDEN AVE N AND N 130TH ST,0,1,Y,2,3575459,Dry,18,"MOTOR VEHICLE STRUCK PEDALCYCLIST, FRONT END AT ANGLE",,11453,0,2,Injury Collision,,45,Bicycle,Matched,N,1,Clear or Partly Cloudy,0,"(47.72321837800007, -122.34819529899994)",22990,0,N,14-400941
165582,201188,201328,Intersection,Cycles,0, ,,0,,08/30/2015 12:00:00 AM +0000,8/30/2015 4:36:00 PM,1,28994,At Intersection (intersection related),Daylight,BROADWAY E AND E MERCER ST,0,1,Y,2,3588122,Dry,18,"MOTOR VEHICLE STRUCK PEDALCYCLIST, FRONT END AT ANGLE",,9456,0,2,Injury Collision,,45,Bicycle,Matched,N,1,Clear or Partly Cloudy,0,"(47.624269036000044, -122.32094238999997)",0,0,N,15-303870
165595,200456,200596,Block,Cycles,303, ,,0,,08/15/2015 12:00:00 AM +0000,8/15/2015 2:40:00 AM,0,,Mid-Block (not related to intersection),Dark - Street Lights On,WESTLAKE AVE N BETWEEN NEWTON ST AND CROCKETT ST,0,1,,2,3703756,Wet,18,"MOTOR VEHICLE STRUCK PEDALCYCLIST, FRONT END AT ANGLE",,13544,0,1,Property Damage Only Collision,,45,Bicycle,Matched,N,1,Raining,0,"(47.63727077600004, -122.34051916299995)",0,0,N,2015-283505
165619,108467,108467,Intersection,Cycles,0, ,,0,,09/24/2010 12:00:00 AM +0000,9/24/2010 5:12:00 PM,0,28918,At Intersection (intersection related),Unknown,MERCER ST AND WARREN AVE N,0,1,Y,2,3335139,Unknown,51,PEDALCYCLIST STRUCK MOTOR VEHICLE FRONT END AT ANGLE,10267014,11763,0,1,Property Damage Only Collision,,45,Bicycle,Matched,N,1,Clear or Partly Cloudy,0,"(47.624575520000064, -122.35409847999995)",0,622624,N,10-334738
165653,98858,98858,Intersection,Cycles,0,,,0,,04/15/2009 12:00:00 AM +0000,4/15/2009 7:34:00 AM,1,37369,At Intersection (intersection related),Daylight,MIDVALE AVE N AND N 85TH ST,0,1,,2,3289245,Dry,18,"MOTOR VEHICLE STRUCK PEDALCYCLIST, FRONT END AT ANGLE",09105003,11850,0,2,Injury Collision,,45,Bicycle,Matched,0,1,Clear or Partly Cloudy,0,"(47.69054624200004, -122.34237319299996)",21720,0,N,09-126476
165661,95715,95715,Intersection,Cycles,0,,,0,,10/07/2009 12:00:00 AM +0000,10/7/2009,1,29816,At Intersection (intersection related),Dawn,JEFFERSON ST AND TERRY AVE,0,1,Y,2,3326076,Dry,18,"MOTOR VEHICLE STRUCK PEDALCYCLIST, FRONT END AT ANGLE",09280032,11066,0,2,Injury Collision,,45,Bicycle,Matched,0,1,Clear or Partly Cloudy,0,"(47.60530451200003, -122.32298923099995)",10440,0,N,09-353869
165669,95584,95584,Block,Cycles,218,,,0,Y,06/18/2009 12:00:00 AM +0000,6/18/2009 4:56:00 PM,1,,Mid-Block (but intersection related),Daylight,MERIDIAN AVE N BETWEEN N 120TH ST AND N 122ND ST,0,1,,2,3284328,Dry,51,PEDALCYCLIST STRUCK MOTOR VEHICLE FRONT END AT ANGLE,09169005,11831,0,2,Injury Collision,,45,Bicycle,Matched,0,1,Clear or Partly Cloudy,0,"(47.71652459100005, -122.33412326299998)",32297,0,N,2009-211072
165710,77355,77355,Intersection,Cycles,0,,,0,,11/24/2007 12:00:00 AM +0000,11/24/2007 2:00:00 PM,1,27063,At Intersection (intersection related),Daylight,BROOKLYN AVE NE AND NE 45TH ST,0,1,,2,C696090,Dry,18,"MOTOR VEHICLE STRUCK PEDALCYCLIST, FRONT END AT ANGLE",07328027,9482,0,2,Injury Collision,,45,Bicycle,Matched,0,1,Clear or Partly Cloudy,0,"(47.661276978000046, -122.314285816)",31442,0,N,
165757,58814,58814,Intersection,Cycles,0,,,0,,11/01/2006 12:00:00 AM +0000,11/1/2006,1,28383,At Intersection (intersection related),Daylight,MONTLAKE BLVD E AND E SHELBY ST,0,1,Y,2,2620394,Dry,18,"MOTOR VEHICLE STRUCK PEDALCYCLIST, FRONT END AT ANGLE",06305003,11909,0,2,Injury Collision,,45,Bicycle,Matched,0,1,Clear or Partly Cloudy,0,"(47.64639608400006, -122.30461411499999)",0,0,N,06-464807
165793,50112,50112,Block,Cycles,161,,,0,,09/18/2006 12:00:00 AM +0000,9/18/2006 12:15:00 PM,1,,Driveway Junction,Daylight,E COLUMBIA ST BETWEEN 25TH AVE AND 26TH AVE,0,1,,1,C683103,Wet,69,PEDALCYCLIST OVERTURNED IN ROAD,06261055,13923,0,2,Injury Collision,,45,Bicycle,Matched,0,0,Clear or Partly Cloudy,0,"(47.60901293400008, -122.29950999999994)",0,0,N,
165900,217079,217359,Block,Cycles,21.5,NEI,"Not Enough Information, or Insufficient Location Information",0,,03/31/2016 12:00:00 AM +0000,3/31/2016 7:00:00 PM,1,,,Daylight,S ORCAS ST BETWEEN M L KING JR WR WAY S AND M L KING JR ER WAY S,0,1,,3,E530334,Dry,00,NOT ENOUGH INFORMATION / NOT APPLICABLE,,485859,0,2,Injury Collision,,45,Bicycle,Matched,N,1,Clear or Partly Cloudy,0,"(47.551236853000034, -122.28801051899995)",0,0,N,2016-111219
165902,217078,217358,Block,Cycles,155,NEI,"Not Enough Information, or Insufficient Location Information",0,,02/26/2016 12:00:00 AM +0000,2/26/2016 12:07:00 PM,1,,,Daylight,N 85TH ST BETWEEN DAYTON AVE N AND EVANSTON AVE N,0,1,,1,E530331,Dry,00,NOT ENOUGH INFORMATION / NOT APPLICABLE,,15952,0,2,Injury Collision,,45,Bicycle,Matched,N,1,Clear or Partly Cloudy,0,"(47.69058519400005, -122.35197493599998)",0,0,N,2016-68843
165934,220503,220783,Intersection,Cycles,0, ,,0,,05/25/2016 12:00:00 AM +0000,5/25/2016 1:04:00 PM,1,29088,At Intersection (intersection related),Daylight,ALOHA ST AND FAIRVIEW AVE N,0,1,,1,E547586,Dry,18,"MOTOR VEHICLE STRUCK PEDALCYCLIST, FRONT END AT ANGLE",,8817,0,2,Injury Collision,,45,Bicycle,Matched,N,1,Overcast,0,"(47.627221348000035, -122.33279903299996)",0,0,N,2016-183469
165935,220019,220299,Block,Cycles,332, ,,0,,05/18/2016 12:00:00 AM +0000,5/18/2016 9:00:00 AM,1,,Mid-Block (not related to intersection),Daylight,10TH AVE E BETWEEN E PROSPECT ST AND E HIGHLAND DR,0,1,,1,E544729,Dry,15,"MOTOR VEHICLE STRUCK MOTOR VEHICLE, RIGHT SIDE SIDESWIPE",,1292,0,2,Injury Collision,,45,Bicycle,Matched,N,1,Clear or Partly Cloudy,0,"(47.62957867800003, -122.32021085299999)",0,0,N,16-173461
165948,220215,220495,Block,Cycles,213, ,,0,,05/25/2016 12:00:00 AM +0000,5/25/2016 4:15:00 AM,1,,Mid-Block (not related to intersection),Dark - Street Lights On,BROADWAY BETWEEN E PINE ST AND XW E OLIVE ST,0,1,,1,3704611,Dry,69,PEDALCYCLIST OVERTURNED IN ROAD,,9448,0,2,Injury Collision,,45,Bicycle,Matched,N,0,Clear or Partly Cloudy,0,"(47.61581794700004, -122.32080786599994)",6850,0,N,2016-182964
165998,20416,20416,Block,Cycles,270,,,0,,04/06/2004 12:00:00 AM +0000,4/6/2004,1,,Mid-Block (not related to intersection),Daylight,BROOKLYN AVE NE BETWEEN NE 41ST ST AND NE 42ND ST,0,1,Y,2,1774490,Dry,18,"MOTOR VEHICLE STRUCK PEDALCYCLIST, FRONT END AT ANGLE",04097003,9479,0,2,Injury Collision,,45,Bicycle,Matched,0,1,Clear or Partly Cloudy,0,"(47.657587043000035, -122.31438280499998)",0,0,N,40137630
166007,20568,20568,Intersection,Cycles,0,,,0,,04/22/2004 12:00:00 AM +0000,4/22/2004 5:55:00 PM,1,26911,At Intersection (intersection related),Daylight,STONE WAY N AND N NORTHLAKE WAY,0,1,Y,2,1778926,Dry,18,"MOTOR VEHICLE STRUCK PEDALCYCLIST, FRONT END AT ANGLE",04113004,12954,0,2,Injury Collision,,45,Bicycle,Matched,0,1,Clear or Partly Cloudy,0,"(47.648164199000064, -122.34279388799996)",0,0,N,04-161391
166039,217342,217622,Block,Cycles,149, ,,0,,04/12/2016 12:00:00 AM +0000,4/12/2016 10:00:00 PM,1,,Mid-Block (not related to intersection),Dark - Street Lights On,BELMONT AVE E BETWEEN BELLEVUE PL E AND BELLEVUE CT E,0,1,,2,3704343,Wet,21,"MOTOR VEHICLE STRUCK PEDALCYCLIST, REAR END",,9246,1,2b,Serious Injury Collision,,45,Bicycle,Matched,N,1,Raining,0,"(47.627483064000046, -122.32628884299999)",0,0,N,2016-126604
166062,218094,218394,Intersection,Cycles,0, ,,0,,04/22/2016 12:00:00 AM +0000,4/22/2016 8:35:00 AM,1,24573,At Intersection (intersection related),Daylight,LATONA AVE NE AND EAST GREEN LAKE DR N,0,1,Y,2,3579203,Dry,18,"MOTOR VEHICLE STRUCK PEDALCYCLIST, FRONT END AT ANGLE",,11313,0,2,Injury Collision,,45,Bicycle,Matched,N,1,Clear or Partly Cloudy,0,"(47.68165808100008, -122.32748855199998)",7307,0,N,2016-138847
166079,218806,219106,Block,Cycles,323, ,,0,,05/04/2016 12:00:00 AM +0000,5/4/2016 6:09:00 PM,1,,Mid-Block (not related to intersection),Daylight,SEWARD PARK AVE S BETWEEN S HENDERSON ST AND S FISHER PL,0,1,,2,3735566,Dry,21,"MOTOR VEHICLE STRUCK PEDALCYCLIST, REAR END",,12815,0,2,Injury Collision,,45,Bicycle,Matched,N,1,Clear or Partly Cloudy,0,"(47.52241002100004, -122.26449648899995)",0,0,N,2016-155143