OBJECTID,INCKEY,COLDETKEY,ADDRTYPE,COLLISIONTYPE,DISTANCE,EXCEPTRSNCODE,EXCEPTRSNDESC,FATALITIES,INATTENTIONIND,INCDATE,INCDTTM,INJURIES,INTKEY,JUNCTIONTYPE,LIGHTCOND,LOCATION,PEDCOUNT,PEDCYLCOUNT,PEDROWNOTGRNT,PERSONCOUNT,REPORTNO,ROADCOND,SDOT_COLCODE,SDOT_COLDESC,SDOTCOLNUM,SEGKEY,SERIOUSINJURIES,SEVERITYCODE,SEVERITYDESC,SPEEDING,ST_COLCODE,ST_COLDESC,STATUS,UNDERINFL,VEHCOUNT,WEATHER,WIDTH,Shape,SEGLANEKEY,CROSSWALKKEY,HITPARKEDCAR,SPDCASENO
166129,19854,19854,Intersection,Cycles,0,,,0,,05/05/2004 12:00:00 AM +0000,5/5/2004,1,37486,At Intersection (intersection related),Dawn,8TH AVE NE AND NE 100TH ST,0,1,,2,1781878,Dry,51,PEDALCYCLIST STRUCK MOTOR VEHICLE FRONT END AT ANGLE,04126005,8352,0,2,Injury Collision,,45,Bicycle,Matched,0,1,Overcast,0,"(47.70130621200008, -122.32040885599997)",0,0,N,04-180233
166141,20549,20549,Block,Cycles,153,,,0,Y,02/12/2004 12:00:00 AM +0000,2/12/2004 4:30:00 PM,1,,Driveway Junction,Daylight,WESTERN AVE BETWEEN SENECA ST AND UNIVERSITY ST,0,1,,2,1777213,Dry,18,"MOTOR VEHICLE STRUCK PEDALCYCLIST, FRONT END AT ANGLE",04043031,13501,0,2,Injury Collision,,45,Bicycle,Matched,0,1,Clear or Partly Cloudy,0,"(47.60601260800007, -122.338979285)",0,0,N,04-061758
166147,20412,20412,Intersection,Cycles,0,,,0,,03/18/2004 12:00:00 AM +0000,3/18/2004 2:02:00 AM,1,29675,At Intersection (intersection related),Dark - Street Lights On,3RD AVE AND VINE ST,0,1,,3,1777481,Dry,51,PEDALCYCLIST STRUCK MOTOR VEHICLE FRONT END AT ANGLE,04078003,4393,0,2,Injury Collision,,45,Bicycle,Matched,0,1,Overcast,0,"(47.61657884200008, -122.34796376599996)",0,0,N,04 110621
166148,20126,20126,Intersection,Cycles,0,,,0,,04/25/2004 12:00:00 AM +0000,4/25/2004 6:00:00 PM,1,32606,At Intersection (intersection related),Daylight,46TH AVE S AND S SNOQUALMIE ST,0,1,,2,1779391,Dry,51,PEDALCYCLIST STRUCK MOTOR VEHICLE FRONT END AT ANGLE,04116008,6902,0,2,Injury Collision,,45,Bicycle,Matched,0,1,Clear or Partly Cloudy,0,"(47.56174279600003, -122.27573326299995)",0,0,N,04 165774
166226,220524,220804,Block,Cycles,396.5, ,,0,,05/05/2016 12:00:00 AM +0000,5/5/2016 5:51:00 PM,1,,Mid-Block (not related to intersection),Daylight,STONE WAY N BETWEEN N 36TH ST AND N 38TH ST,0,1,,1,E547597,Dry,18,"MOTOR VEHICLE STRUCK PEDALCYCLIST, FRONT END AT ANGLE",,12957,0,2,Injury Collision,,45,Bicycle,Matched,N,1,Clear or Partly Cloudy,0,"(47.651618651000035, -122.342626914)",0,0,N,2016-156412
166234,220261,220541,Intersection,Cycles,0, ,,0,,05/27/2016 12:00:00 AM +0000,5/27/2016 10:09:00 PM,1,29742,At Intersection (intersection related),Dark - Street Lights On,14TH AVE AND E PINE ST,0,1,,3,3704617,Dry,51,PEDALCYCLIST STRUCK MOTOR VEHICLE FRONT END AT ANGLE,,1853,0,2,Injury Collision,,45,Bicycle,Matched,N,1,Overcast,0,"(47.61528200300006, -122.31424237499999)",0,0,N,2016-186986
166277,224746,225046,Block,Cycles,168, ,,0,,07/26/2016 12:00:00 AM +0000,7/26/2016 6:52:00 PM,1,,Mid-Block (not related to intersection),Dusk,NW 36TH ST BETWEEN 1ST AVE NW AND LEARY WAY NW,0,1,,4,E567416,Dry,11,"MOTOR VEHICLE STRUCK MOTOR VEHICLE, FRONT END AT ANGLE",,18282,0,2,Injury Collision,,45,Bicycle,Matched,Y,2,Clear or Partly Cloudy,0,"(47.653109821000044, -122.35830711399996)",0,0,N,2016-268223
166347,221498,221778,Block,Cycles,422.5, ,,0,Y,06/11/2016 12:00:00 AM +0000,6/11/2016 2:19:00 PM,1,,Mid-Block (not related to intersection),Daylight,CALIFORNIA AVE SW BETWEEN SW LANDER ST AND SW STEVENS ST,0,1,,2,3731716,Dry,56,PEDALCYCLIST STRUCK MOTOR VEHICLE LEFT SIDE SIDESWIPE,,9541,0,2,Injury Collision,,45,Bicycle,Matched,N,1,Overcast,0,"(47.578153377000035, -122.38666642399994)",0,0,N,2016-207633
166371,220776,221056,Intersection,Cycles,0, ,,0,,04/28/2016 12:00:00 AM +0000,4/28/2016 5:18:00 PM,0,24427,At Intersection (intersection related),Daylight,14TH AVE NE AND NE 75TH ST,0,1,,2,3786883,Dry,11,"MOTOR VEHICLE STRUCK MOTOR VEHICLE, FRONT END AT ANGLE",,1871,0,1,Property Damage Only Collision,,45,Bicycle,Matched,N,1,Clear or Partly Cloudy,0,"(47.683059411000045, -122.31317139099997)",0,0,N,16-147246
166372,221105,221385,Intersection,Cycles,0, ,,0,,05/27/2016 12:00:00 AM +0000,5/27/2016 7:02:00 PM,1,27043,At Intersection (intersection related),Daylight,TROLL AVE N AND N 34TH ST,0,1,,2,3767327,Dry,18,"MOTOR VEHICLE STRUCK PEDALCYCLIST, FRONT END AT ANGLE",,9002,0,2,Injury Collision,,45,Bicycle,Matched,N,1,Clear or Partly Cloudy,0,"(47.64924012200004, -122.34741874299999)",0,0,N,16-186769
166389,224747,225047,Block,Cycles,190.5, ,,0,,07/28/2016 12:00:00 AM +0000,7/28/2016 5:01:00 PM,1,,Mid-Block (not related to intersection),Daylight,29TH AVE E BETWEEN E MADISON E ST AND E ROY W ST,0,1,,2,3704824,Dry,21,"MOTOR VEHICLE STRUCK PEDALCYCLIST, REAR END",,4280,0,2,Injury Collision,,45,Bicycle,Matched,N,1,Clear or Partly Cloudy,0,"(47.624617123000064, -122.29552890499997)",0,0,N,2016-270835
166434,19834,19834,Block,Cycles,454.5,,,0,,08/31/2004 12:00:00 AM +0000,8/31/2004 5:36:00 PM,1,,Driveway Junction,Daylight,68TH AVE S BETWEEN S BANGOR CT AND 66TH AVE S,0,1,,2,1771783,Dry,18,"MOTOR VEHICLE STRUCK PEDALCYCLIST, FRONT END AT ANGLE",04244002,8149,0,2,Injury Collision,,45,Bicycle,Matched,0,1,Clear or Partly Cloudy,0,"(47.50435895000004, -122.24939911399997)",0,0,N,04-365795
166442,20119,20119,Block,Cycles,354.5,,,0,Y,12/18/2004 12:00:00 AM +0000,12/18/2004 1:29:00 AM,1,,Mid-Block (but intersection related),Dark - Street Lights On,DENNY WAY BETWEEN STEWART ST AND MELROSE AVE,0,1,,6,1059929,Wet,56,PEDALCYCLIST STRUCK MOTOR VEHICLE LEFT SIDE SIDESWIPE,04353006,10023,0,2,Injury Collision,,45,Bicycle,Matched,1,2,Overcast,0,"(47.61844935400006, -122.32929210599997)",0,0,N,4523033
166512,19819,19819,Intersection,Cycles,0,,,0,,05/05/2004 12:00:00 AM +0000,5/5/2004,1,34850,At Intersection (intersection related),Daylight,DELRIDGE WAY SW AND SW CLOVERDALE ST,0,1,,2,1789114,Dry,51,PEDALCYCLIST STRUCK MOTOR VEHICLE FRONT END AT ANGLE,04126042,9986,0,2,Injury Collision,,45,Bicycle,Matched,0,1,Clear or Partly Cloudy,0,"(47.526488474000075, -122.36046956599995)",0,0,N,04 181029
166624,20067,20067,Intersection,Cycles,0,,,0,,02/29/2004 12:00:00 AM +0000,2/29/2004 3:21:00 PM,2,36912,At Intersection (intersection related),Daylight,24TH AVE NW AND NW 98TH N ST,1,1,,2,1780673,Dry,64,PEDALCYCLIST STRUCK PEDESTRIAN,04060004,3617,0,2,Injury Collision,,45,Bicycle,Matched,0,0,Clear or Partly Cloudy,0,"(47.700463580000076, -122.38755810199996)",0,0,N,04-086387
166846,20147,20147,Intersection,Cycles,0,,,0,,06/14/2004 12:00:00 AM +0000,6/14/2004 3:45:00 PM,0,26604,At Intersection (intersection related),Dark - Street Lights On,8TH AVE NW AND NW 44TH ST,0,1,,2,1794028,Dry,18,"MOTOR VEHICLE STRUCK PEDALCYCLIST, FRONT END AT ANGLE",04166023,8373,0,1,Property Damage Only Collision,,45,Bicycle,Matched,0,1,Clear or Partly Cloudy,0,"(47.660795964000044, -122.366156349)",0,0,N,4242629
166859,20137,20137,Intersection,Cycles,0,,,0,,03/31/2004 12:00:00 AM +0000,3/31/2004 1:20:00 PM,1,27047,At Intersection (intersection related),Daylight,ETRURIA ST AND NICKERSON ST,0,1,Y,2,1182148,Dry,18,"MOTOR VEHICLE STRUCK PEDALCYCLIST, FRONT END AT ANGLE",04091001,10261,0,2,Injury Collision,,45,Bicycle,Matched,0,1,Clear or Partly Cloudy,0,"(47.64776978700007, -122.35332276999998)",0,0,N,04-129296
166948,19268,19268,Block,Cycles,1842,,,0,,01/18/2004 12:00:00 AM +0000,1/18/2004 2:39:00 PM,0,,Mid-Block (not related to intersection),Daylight,LAKE WASHINGTON BLVD S BETWEEN LAKE PARK DR S AND S HORTON NR ST,0,1,,2,1788731,Wet,23,"MOTOR VEHICLE STRUCK PEDALCYCLIST, LEFT SIDE SIDESWIPE",04018012,11230,0,1,Property Damage Only Collision,,45,Bicycle,Matched,0,1,Overcast,0,"(47.578874744000075, -122.28370626699996)",0,0,N,40024947
166991,19412,19412,Intersection,Cycles,0,,,0,,05/20/2004 12:00:00 AM +0000,5/20/2004 5:17:00 PM,1,25227,At Intersection (intersection related),Daylight,26TH AVE NW AND NW MARKET ST,0,1,Y,2,1779892,Dry,18,"MOTOR VEHICLE STRUCK PEDALCYCLIST, FRONT END AT ANGLE",04141024,3887,0,2,Injury Collision,,45,Bicycle,Matched,0,1,Clear or Partly Cloudy,0,"(47.668668411000056, -122.39014494599996)",0,0,N,04 203997
167046,220845,221125,Intersection,Cycles,0, ,,0,,04/10/2016 12:00:00 AM +0000,4/10/2016 1:50:00 PM,1,26896,At Intersection (intersection related),Daylight,STONE WAY N AND N 34TH ST,0,1,,0,E534567,Dry,18,"MOTOR VEHICLE STRUCK PEDALCYCLIST, FRONT END AT ANGLE",,12955,0,2,Injury Collision,,45,Bicycle,Matched,N,1,Clear or Partly Cloudy,0,"(47.64854072800006, -122.34277540199997)",0,0,N,2016-123776
167066,224466,224766,Intersection,Cycles,0, ,,0,,07/06/2016 12:00:00 AM +0000,7/6/2016 11:39:00 AM,1,36052,At Intersection (intersection related),Daylight,LAKE CITY WAY NE AND NE 130TH ST,0,1,Y,2,3767821,Dry,18,"MOTOR VEHICLE STRUCK PEDALCYCLIST, FRONT END AT ANGLE",,11185,0,2,Injury Collision,,45,Bicycle,Matched,N,1,Clear or Partly Cloudy,0,"(47.722899066000025, -122.29319374499994)",0,0,N,16-241423
167094,221932,222212,Block,Cycles,131.5, ,,0,,06/13/2016 12:00:00 AM +0000,6/13/2016 6:40:00 PM,1,,Mid-Block (not related to intersection),Daylight,8TH AVE NW BETWEEN NW 64TH ST AND NW 65TH ST,0,1,Y,2,3333387,Dry,18,"MOTOR VEHICLE STRUCK PEDALCYCLIST, FRONT END AT ANGLE",,8394,0,2,Injury Collision,,45,Bicycle,Matched,N,1,Overcast,0,"(47.675624036000045, -122.36603812599998)",2468,0,N,16-210565
167175,221282,221562,Intersection,Cycles,0, ,,0,Y,06/07/2016 12:00:00 AM +0000,6/7/2016 11:41:00 PM,1,29165,At Intersection (intersection related),Dark - Street Lights On,MELROSE AVE AND E DENNY WAY,0,1,,2,3704656,Dry,11,"MOTOR VEHICLE STRUCK MOTOR VEHICLE, FRONT END AT ANGLE",,11758,0,2,Injury Collision,,45,Bicycle,Matched,N,1,Clear or Partly Cloudy,0,"(47.61849674100006, -122.32785352399998)",0,0,N,2016-202622
167187,221946,222226,Intersection,Cycles,0, ,,0,,06/08/2016 12:00:00 AM +0000,6/8/2016 5:17:00 PM,1,25588,At Intersection (intersection related),Daylight,PHINNEY AVE N AND N 63RD ST,0,1,,1,E553451,Dry,18,"MOTOR VEHICLE STRUCK PEDALCYCLIST, FRONT END AT ANGLE",,12158,0,2,Injury Collision,,45,Bicycle,Matched,N,1,Clear or Partly Cloudy,0,"(47.67457015600007, -122.35436180899995)",0,0,N,2016-203632
167190,221941,222221,Intersection,Cycles,0, ,,0,,06/24/2016 12:00:00 AM +0000,6/24/2016 9:15:00 AM,1,29931,At Intersection (intersection related),Daylight,4TH AVE AND UNIVERSITY ST,0,1,,5,3386356,Dry,18,"MOTOR VEHICLE STRUCK PEDALCYCLIST, FRONT END AT ANGLE",,6129,0,2,Injury Collision,,45,Bicycle,Matched,N,1,Overcast,0,"(47.608227922000026, -122.33486632899996)",0,0,N,2016-224461
167219,220549,220829,Block,Cycles,316, ,,0,,05/10/2016 12:00:00 AM +0000,5/10/2016 7:01:00 AM,1,,Mid-Block (not related to intersection),Daylight,S JACKSON ST BETWEEN 14TH AVE S AND 16TH AVE S,0,1,,1,E547931,Dry,18,"MOTOR VEHICLE STRUCK PEDALCYCLIST, FRONT END AT ANGLE",,20495,0,2,Injury Collision,,45,Bicycle,Matched,N,1,Clear or Partly Cloudy,0,"(47.599217493000026, -122.31285936399996)",0,0,N,2016-162400
167224,224154,224434,Block,Cycles,115, ,,0,Y,07/19/2016 12:00:00 AM +0000,7/19/2016 7:14:00 AM,1,,Mid-Block (not related to intersection),Daylight,S HANFORD ST BETWEEN 1ST AVE S AND OCCIDENTAL AVE S,0,1,,2,3783091,Dry,11,"MOTOR VEHICLE STRUCK MOTOR VEHICLE, FRONT END AT ANGLE",,20167,0,2,Injury Collision,,45,Bicycle,Matched,N,1,Clear or Partly Cloudy,0,"(47.57557542200004, -122.33373913499997)",0,0,N,2016-257785
167266,19261,19261,Intersection,Cycles,0,,,0,,10/11/2004 12:00:00 AM +0000,10/11/2004 1:45:00 PM,1,30484,At Intersection (intersection related),Daylight,4TH AVE AND JEFFERSON ST,0,1,Y,2,1213635,Dry,18,"MOTOR VEHICLE STRUCK PEDALCYCLIST, FRONT END AT ANGLE",04285017,6121,0,2,Injury Collision,,45,Bicycle,Matched,0,1,Clear or Partly Cloudy,0,"(47.60251993800006, -122.32964538299996)",0,0,N,04-427537
167465,220879,221159,Intersection,Cycles,0, ,,0,,04/26/2016 12:00:00 AM +0000,4/26/2016 9:08:00 AM,1,26803,At Intersection (intersection related),Daylight,STONE WAY N AND N 44TH ST,0,1,,0,E537573,Dry,18,"MOTOR VEHICLE STRUCK PEDALCYCLIST, FRONT END AT ANGLE",,12967,0,2,Injury Collision,,45,Bicycle,Matched,N,1,Clear or Partly Cloudy,0,"(47.65995950800004, -122.34221726399994)",0,0,N,16-144020
167472,220557,220837,Intersection,Cycles,0, ,,0,,05/16/2016 12:00:00 AM +0000,5/16/2016 8:10:00 AM,1,24268,At Intersection (intersection related),Daylight,GREENWOOD AVE N AND N 83RD ST,0,1,Y,1,E548182,Dry,18,"MOTOR VEHICLE STRUCK PEDALCYCLIST, FRONT END AT ANGLE",,10750,0,2,Injury Collision,,45,Bicycle,Matched,N,1,Clear or Partly Cloudy,0,"(47.68911342700005, -122.35530100699998)",0,0,N,2016-170558
167475,220882,221162,Intersection,Cycles,0, ,,0,,04/15/2016 12:00:00 AM +0000,4/15/2016 12:50:00 PM,1,36499,At Intersection (intersection related),Daylight,5TH AVE NE AND NE NORTHGATE WAY,0,1,,0,E537582,Dry,18,"MOTOR VEHICLE STRUCK PEDALCYCLIST, FRONT END AT ANGLE",,7256,0,2,Injury Collision,,45,Bicycle,Matched,N,1,Clear or Partly Cloudy,0,"(47.708594134000066, -122.32327545299995)",0,0,N,2016-129898
167506,220881,221161,Intersection,Cycles,0, ,,0,,04/14/2016 12:00:00 AM +0000,4/14/2016 6:46:00 AM,1,30495,At Intersection (intersection related),Daylight,5TH AVE S AND S WASHINGTON ST,0,1,,0,E537581,Dry,11,"MOTOR VEHICLE STRUCK MOTOR VEHICLE, FRONT END AT ANGLE",,7357,0,2,Injury Collision,,45,Bicycle,Matched,N,1,Clear or Partly Cloudy,0,"(47.60087333000007, -122.32765971599997)",0,0,N,2016-128146
167540,221537,221817,Block,Cycles,194.5,NEI,"Not Enough Information, or Insufficient Location Information",0,,06/09/2016 12:00:00 AM +0000,6/9/2016 11:05:00 AM,1,,,Daylight,GILMAN AVE W BETWEEN 26TH AVE W AND 27TH AVE W,0,1,,1,E551696,Dry,00,NOT ENOUGH INFORMATION / NOT APPLICABLE,,10641,0,2,Injury Collision,,45,Bicycle,Matched,N,1,Clear or Partly Cloudy,0,"(47.659022605000075, -122.39043069099995)",0,0,N,2016-204543
167597,223671,223951,Block,Cycles,213, ,,0,,07/15/2016 12:00:00 AM +0000,7/15/2016 8:07:00 AM,1,,Mid-Block (not related to intersection),Daylight,12TH AVE BETWEEN E PINE ST AND E OLIVE ST,0,1,,2,E563973,Dry,51,PEDALCYCLIST STRUCK MOTOR VEHICLE FRONT END AT ANGLE,,1547,0,2,Injury Collision,,45,Bicycle,Matched,N,1,Clear or Partly Cloudy,0,"(47.61584669400003, -122.31686348699998)",0,0,N,16-253296
167607,19502,19502,Block,Cycles,269,,,0,,07/25/2004 12:00:00 AM +0000,7/25/2004 3:41:00 PM,1,,Driveway Junction,Daylight,NW 63RD ST BETWEEN 11TH AVE NW AND 14TH AVE NW,0,1,,3,1080204,Dry,51,PEDALCYCLIST STRUCK MOTOR VEHICLE FRONT END AT ANGLE,04207001,18571,0,2,Injury Collision,,45,Bicycle,Matched,0,1,Clear or Partly Cloudy,0,"(47.674543570000026, -122.37248336599998)",0,0,N,04-308766
167613,19362,19362,Block,Cycles,423.5,,,0,,02/19/2004 12:00:00 AM +0000,2/19/2004 4:10:00 PM,1,,Mid-Block (not related to intersection),Daylight,HIGHLAND PARK WAY SW BETWEEN SW OTHELLO ST AND SW HOLDEN N ST,0,1,Y,2,1781530,Dry,21,"MOTOR VEHICLE STRUCK PEDALCYCLIST, REAR END",04050001,10899,0,2,Injury Collision,,45,Bicycle,Matched,0,1,Clear or Partly Cloudy,0,"(47.535236446000056, -122.34714553399999)",0,0,N,04-71633
167624,19646,19646,Block,Cycles,211.5,,,0,,05/03/2004 12:00:00 AM +0000,5/3/2004,1,,Driveway Junction,Daylight,12TH AVE BETWEEN E PIKE ST AND E PINE ST,0,1,Y,2,1772332,Dry,18,"MOTOR VEHICLE STRUCK PEDALCYCLIST, FRONT END AT ANGLE",04124027,1546,0,2,Injury Collision,,45,Bicycle,Matched,0,1,Clear or Partly Cloudy,0,"(47.61468248300008, -122.31684498699997)",0,0,N,4177960
167696,223937,224217,Intersection,Cycles,0, ,,0,,07/12/2016 12:00:00 AM +0000,7/12/2016 4:52:00 PM,1,35122,At Intersection (intersection related),Daylight,8TH AVE S AND S HENDERSON ST,0,1,,2,E564885,Dry,18,"MOTOR VEHICLE STRUCK PEDALCYCLIST, FRONT END AT ANGLE",,8468,0,2,Injury Collision,,45,Bicycle,Matched,N,1,Clear or Partly Cloudy,0,"(47.52306615300006, -122.32297221599998)",0,0,N,2016-249806
167705,223945,224225,Intersection,Cycles,0, ,,0,Y,07/15/2016 12:00:00 AM +0000,7/15/2016 4:11:00 PM,1,28437,At Intersection (intersection related),Daylight,BOYER AVE E AND E LYNN ST,0,1,,2,E565195,Dry,18,"MOTOR VEHICLE STRUCK PEDALCYCLIST, FRONT END AT ANGLE",,2245,0,2,Injury Collision,,45,Bicycle,Matched,N,1,Clear or Partly Cloudy,0,"(47.63956180000008, -122.31077139499996)",0,0,N,2016-253836
167714,224182,224462,Block,Cycles,266, ,,0,,07/20/2016 12:00:00 AM +0000,7/20/2016 4:35:00 PM,0,,Mid-Block (not related to intersection),Daylight,AIRPORT WAY S BETWEEN S INDUSTRIAL EB WAY AND S OREGON ST,0,1,,2,3735044,Dry,22,"MOTOR VEHICLE STRUCK PEDALCYCLIST, RIGHT SIDE SIDESWIPE",,8684,0,1,Property Damage Only Collision,,45,Bicycle,Matched,N,1,Clear or Partly Cloudy,0,"(47.563791965000064, -122.32286846799997)",0,0,N,2016-259792
167724,221334,221614,Intersection,Cycles,0, ,,0,,06/07/2016 12:00:00 AM +0000,6/7/2016 5:10:00 PM,1,25183,At Intersection (intersection related),Daylight,17TH AVE NW AND SHILSHOLE AVE NW,0,1,,2,3767398,Dry,18,"MOTOR VEHICLE STRUCK PEDALCYCLIST, FRONT END AT ANGLE",,2428,0,2,Injury Collision,,45,Bicycle,Matched,N,1,Clear or Partly Cloudy,0,"(47.66238965500003, -122.37889419899994)",0,0,N,16-202208
167735,221328,221608,Intersection,Cycles,0, ,,0,Y,05/20/2016 12:00:00 AM +0000,5/20/2016 11:42:00 AM,1,30357,At Intersection (intersection related),Daylight,1ST AVE AND YESLER WAY,0,1,,2,3789150,Dry,51,PEDALCYCLIST STRUCK MOTOR VEHICLE FRONT END AT ANGLE,,1000,0,2,Injury Collision,,45,Bicycle,Matched,N,1,Clear or Partly Cloudy,0,"(47.60172233900005, -122.33417859499997)",0,0,N,2016-176409
167776,222385,222665,Intersection,Cycles,0, ,,0,,06/11/2016 12:00:00 AM +0000,6/11/2016 6:37:00 PM,1,28391,At Intersection (intersection related),Daylight,MONTLAKE BLVD E AND EAST MONTLAKE PL E,0,1,Y,1,E556327,Dry,18,"MOTOR VEHICLE STRUCK PEDALCYCLIST, FRONT END AT ANGLE",,11904,0,2,Injury Collision,,45,Bicycle,Matched,N,1,Clear or Partly Cloudy,0,"(47.64396127200007, -122.30409754799996)",0,0,N,2016-213199
167780,222611,222891,Block,Cycles,166, ,,0,,06/29/2016 12:00:00 AM +0000,6/29/2016 4:38:00 PM,2,,Driveway Junction,Daylight,ROOSEVELT WAY NE BETWEEN NE 86TH ST AND NE 88TH ST,0,1,,2,3769861,Dry,18,"MOTOR VEHICLE STRUCK PEDALCYCLIST, FRONT END AT ANGLE",,12636,0,2,Injury Collision,,45,Bicycle,Matched,N,1,Clear or Partly Cloudy,0,"(47.691733621000026, -122.31760965899997)",0,0,N,16-231641
167783,222602,222882,Intersection,Cycles,0, ,,0,,06/29/2016 12:00:00 AM +0000,6/29/2016 9:23:00 PM,0,28869,At Intersection (intersection related),Daylight,3RD AVE N AND ALOHA ST,0,1,,2,3704639,Dry,18,"MOTOR VEHICLE STRUCK PEDALCYCLIST, FRONT END AT ANGLE",,4400,0,1,Property Damage Only Collision,,45,Bicycle,Matched,N,1,Clear or Partly Cloudy,0,"(47.627173765000066, -122.35146656499995)",0,0,N,16-231597
167788,223761,224041,Intersection,Cycles,0,NEI,"Not Enough Information, or Insufficient Location Information",0,Y,07/15/2016 12:00:00 AM +0000,7/15/2016 11:20:00 AM,1,36974,At Intersection (intersection related),Daylight,24TH AVE NW AND NW 85TH ST,1,1,,1,E563997,Ice,00,NOT ENOUGH INFORMATION / NOT APPLICABLE,,3609,0,2,Injury Collision,,45,Bicycle,Matched,N,0,Clear or Partly Cloudy,0,"(47.690575454000054, -122.38759810599998)",0,0,N,16-253483
167800,223720,224000,Intersection,Cycles,0,NEI,"Not Enough Information, or Insufficient Location Information",0,Y,07/15/2016 12:00:00 AM +0000,7/15/2016 11:57:00 AM,1,32329,At Intersection (intersection related),Daylight,4TH AVE S AND S HORTON ST,0,1,,2,E563990,Dry,00,NOT ENOUGH INFORMATION / NOT APPLICABLE,,6243,0,2,Injury Collision,,45,Bicycle,Matched,N,1,Clear or Partly Cloudy,0,"(47.574384046000034, -122.32905915099997)",0,0,N,16-253520
167824,222155,222435,Block,Cycles,248, ,,0,,06/20/2016 12:00:00 AM +0000,6/20/2016 11:58:00 AM,1,,Mid-Block (not related to intersection),Daylight,LAKE CITY WAY NE BETWEEN NE 120TH ST AND 30TH S AVE NE,0,1,Y,2,3767458,Dry,18,"MOTOR VEHICLE STRUCK PEDALCYCLIST, FRONT END AT ANGLE",,11179,0,2,Injury Collision,,45,Bicycle,Matched,N,1,Overcast,0,"(47.71624443500008, -122.29702788599997)",0,0,N,16-219341
167877,19207,19207,Intersection,Cycles,0,,,0,,08/02/2004 12:00:00 AM +0000,8/2/2004,2,26694,At Intersection (intersection related),Daylight,3RD AVE W AND W BERTONA ST,0,1,Y,2,1482781,Dry,18,"MOTOR VEHICLE STRUCK PEDALCYCLIST, FRONT END AT ANGLE",04215002,4569,0,2,Injury Collision,,45,Bicycle,Matched,0,1,Clear or Partly Cloudy,0,"(47.65041733600003, -122.36087974199995)",0,0,N,04 321090
167951,19740,19740,Block,Cycles,140,,,0,,05/01/2004 12:00:00 AM +0000,5/1/2004,1,,Driveway Junction,Daylight,NE 50TH ST BETWEEN 15TH AVE NE AND 16TH AVE NE,0,1,Y,2,1205118,Dry,18,"MOTOR VEHICLE STRUCK PEDALCYCLIST, FRONT END AT ANGLE",04122033,16935,0,2,Injury Collision,,45,Bicycle,Matched,0,1,Clear or Partly Cloudy,0,"(47.66488853800007, -122.31137174799994)",0,0,N,04-174705
167963,19464,19464,Intersection,Cycles,0,,,0,Y,07/05/2004 12:00:00 AM +0000,7/5/2004,1,30575,At Intersection (intersection related),Daylight,31ST AVE AND E YESLER WAY,0,1,,3,1788090,Dry,18,"MOTOR VEHICLE STRUCK PEDALCYCLIST, FRONT END AT ANGLE",04187007,4766,0,2,Injury Collision,,45,Bicycle,Matched,0,1,Clear or Partly Cloudy,0,"(47.601647584000034, -122.29251724799997)",0,0,N,04-226950
167975,19762,19762,Block,Cycles,116.5,,,0,,07/02/2004 12:00:00 AM +0000,7/2/2004,1,,Driveway Junction,Daylight,LAKESIDE AVE S BETWEEN S LANE ST AND 35TH AVE S,0,1,Y,2,1788177,Dry,18,"MOTOR VEHICLE STRUCK PEDALCYCLIST, FRONT END AT ANGLE",04184003,11262,0,2,Injury Collision,,45,Bicycle,Matched,0,1,Overcast,0,"(47.59629348800007, -122.28764138699995)",0,0,N,4270868
168082,220635,220915,Intersection,Cycles,0, ,,0,,05/31/2016 12:00:00 AM +0000,5/31/2016 8:12:00 AM,1,28695,At Intersection (intersection related),Daylight,ELLIOTT AVE W AND W PROSPECT ST,0,1,,1,E549630,Dry,18,"MOTOR VEHICLE STRUCK PEDALCYCLIST, FRONT END AT ANGLE",,10220,0,2,Injury Collision,,45,Bicycle,Matched,N,1,Clear or Partly Cloudy,0,"(47.62858892100007, -122.37100294999999)",0,0,N,2016-191092
168091,220630,220910,Intersection,Cycles,0, ,,0,Y,05/25/2016 12:00:00 AM +0000,5/25/2016 1:12:00 PM,1,29911,At Intersection (intersection related),Daylight,7TH AVE AND UNION ST,0,1,,2,3740264,Dry,18,"MOTOR VEHICLE STRUCK PEDALCYCLIST, FRONT END AT ANGLE",,8157,0,2,Injury Collision,,45,Bicycle,Matched,N,1,Clear or Partly Cloudy,0,"(47.610614154000075, -122.33244672399996)",0,0,N,16-183483
168105,223135,223415,Block,Cycles,153, ,,0,,07/09/2016 12:00:00 AM +0000,7/9/2016 1:58:00 PM,1,,Mid-Block (not related to intersection),Daylight,ALASKAN WAY BETWEEN MADISON ST AND SPRING ST,0,1,,3,3580894,Dry,56,PEDALCYCLIST STRUCK MOTOR VEHICLE LEFT SIDE SIDESWIPE,,8720,0,2,Injury Collision,,45,Bicycle,Matched,N,1,Clear or Partly Cloudy,0,"(47.60413336400006, -122.338756435)",0,0,N,2016-245526
168178,221161,221441,Block,Cycles,193, ,,0,,06/01/2016 12:00:00 AM +0000,6/1/2016 8:08:00 AM,1,,Mid-Block (not related to intersection),Daylight,S HOLGATE ST BETWEEN 5TH AVE S AND 6TH AVE S,0,1,,2,3735153,Dry,14,"MOTOR VEHICLE STRUCK MOTOR VEHICLE, REAR END",,20320,0,2,Injury Collision,,45,Bicycle,Matched,N,1,Clear or Partly Cloudy,0,"(47.58617509900006, -122.32675966699998)",0,0,N,2016-192577