OBJECTID,INCKEY,COLDETKEY,ADDRTYPE,COLLISIONTYPE,DISTANCE,EXCEPTRSNCODE,EXCEPTRSNDESC,FATALITIES,INATTENTIONIND,INCDATE,INCDTTM,INJURIES,INTKEY,JUNCTIONTYPE,LIGHTCOND,LOCATION,PEDCOUNT,PEDCYLCOUNT,PEDROWNOTGRNT,PERSONCOUNT,REPORTNO,ROADCOND,SDOT_COLCODE,SDOT_COLDESC,SDOTCOLNUM,SEGKEY,SERIOUSINJURIES,SEVERITYCODE,SEVERITYDESC,SPEEDING,ST_COLCODE,ST_COLDESC,STATUS,UNDERINFL,VEHCOUNT,WEATHER,WIDTH,Shape,SEGLANEKEY,CROSSWALKKEY,HITPARKEDCAR,SPDCASENO
168235,223157,223437,Block,Cycles,127, ,,0,,07/10/2016 12:00:00 AM +0000,7/10/2016 6:04:00 PM,0,,Mid-Block (but intersection related),Daylight,DENNY WAY BETWEEN DEXTER AVE AND 8TH AVE,0,1,,3,3585038,Dry,54,PEDALCYCLIST STRUCK MOTOR VEHICLE REAR END,,10011,0,1,Property Damage Only Collision,,45,Bicycle,Matched,N,1,Clear or Partly Cloudy,0,"(47.618548427000064, -122.34188908899995)",0,0,N,2016-247146
168242,221169,221449,Block,Cycles,189.5, ,,0,Y,06/02/2016 12:00:00 AM +0000,6/2/2016 7:06:00 PM,1,,Mid-Block (not related to intersection),Daylight,6TH AVE NE BETWEEN NE NORTHLAKE WAY AND NE 40TH ST,0,1,,2,3737696,Dry,18,"MOTOR VEHICLE STRUCK PEDALCYCLIST, FRONT END AT ANGLE",,7912,1,2b,Serious Injury Collision,,45,Bicycle,Matched,N,1,Clear or Partly Cloudy,0,"(47.654996262000054, -122.322705327)",0,0,N,2016-195013
168333,19727,19727,Block,Cycles,189.5,,,0,,06/25/2004 12:00:00 AM +0000,6/25/2004 7:50:00 PM,1,,Mid-Block (but intersection related),Daylight,LAKE CITY WAY NE BETWEEN NE 98TH ST AND NE 100TH ST,0,1,,2,1774259,Dry,51,PEDALCYCLIST STRUCK MOTOR VEHICLE FRONT END AT ANGLE,04177003,11160,1,2b,Serious Injury Collision,,45,Bicycle,Matched,0,1,Clear or Partly Cloudy,0,"(47.70072032200005, -122.30293610299998)",0,0,N,04-260311
168465,18826,18826,Block,Cycles,71.5,,,0,Y,08/04/2004 12:00:00 AM +0000,8/4/2004,1,,Mid-Block (not related to intersection),Daylight,37TH AVE SW BETWEEN FAUNTLEROY WAY SW AND SW OREGON ST,0,1,,2,1797905,Dry,18,"MOTOR VEHICLE STRUCK PEDALCYCLIST, FRONT END AT ANGLE",04217029,5774,1,2b,Serious Injury Collision,,45,Bicycle,Matched,0,1,Overcast,0,"(47.56306942500004, -122.37877138099998)",0,0,N,40324019
168505,19117,19117,Intersection,Cycles,0,,,0,,07/22/2004 12:00:00 AM +0000,7/22/2004 9:07:00 AM,1,27149,At Intersection (intersection related),Daylight,15TH AVE NE AND NE PACIFIC ST,0,1,,6,1781939,Dry,18,"MOTOR VEHICLE STRUCK PEDALCYCLIST, FRONT END AT ANGLE",04204005,2028,0,2,Injury Collision,,45,Bicycle,Matched,0,1,Clear or Partly Cloudy,0,"(47.65297596400006, -122.31246414499998)",0,0,N,04-303591
168546,222221,222501,Block,Cycles,162, ,,0,,06/20/2016 12:00:00 AM +0000,6/20/2016 9:02:00 PM,1,,Mid-Block (not related to intersection),Dusk,S OTHELLO ST BETWEEN 38TH AVE S AND 39TH AVE S,0,1,,2,3782782,Dry,21,"MOTOR VEHICLE STRUCK PEDALCYCLIST, REAR END",,21051,0,2,Injury Collision,Y,45,Bicycle,Matched,N,1,Clear or Partly Cloudy,0,"(47.53704013300006, -122.28405373499999)",0,0,N,2016-220010
168589,223168,223448,Block,Cycles,213, ,,0,,07/11/2016 12:00:00 AM +0000,7/11/2016 7:15:00 PM,1,,Mid-Block (not related to intersection),Daylight,12TH AVE BETWEEN E OLIVE ST AND E HOWELL ST,0,1,,2,3704817,Dry,18,"MOTOR VEHICLE STRUCK PEDALCYCLIST, FRONT END AT ANGLE",,1548,1,2b,Serious Injury Collision,,45,Bicycle,Matched,N,1,Clear or Partly Cloudy,0,"(47.617015027000036, -122.31688206299998)",10849,0,N,2016-248508
168612,224039,224319,Block,Cycles,213, ,,0,,07/06/2016 12:00:00 AM +0000,7/6/2016 4:13:00 PM,1,,Mid-Block (not related to intersection),Daylight,8TH AVE BETWEEN STEWART ST AND VIRGINIA ST,0,1,,1,E561210,Dry,18,"MOTOR VEHICLE STRUCK PEDALCYCLIST, FRONT END AT ANGLE",,8283,0,2,Injury Collision,,45,Bicycle,Matched,N,1,Clear or Partly Cloudy,0,"(47.61533596100003, -122.33594377199995)",14025,0,N,2016-241837
168613,224638,224938,Block,Cycles,153, ,,0,,07/19/2016 12:00:00 AM +0000,7/19/2016 11:56:00 AM,1,,Mid-Block (not related to intersection),Daylight,1ST AVE BETWEEN CHERRY ST AND COLUMBIA ST,0,1,,2,E568901,Dry,18,"MOTOR VEHICLE STRUCK PEDALCYCLIST, FRONT END AT ANGLE",,1001,0,2,Injury Collision,,45,Bicycle,Matched,N,1,Overcast,0,"(47.60291078300003, -122.33460675799995)",0,0,N,2016-258044
168624,221179,221459,Block,Cycles,330, ,,0,,06/02/2016 12:00:00 AM +0000,6/2/2016 9:00:00 AM,1,,Mid-Block (not related to intersection),Daylight,UNIVERSITY WAY NE BETWEEN NE 47TH ST AND NE 50TH ST,0,1,,2,3767394,Dry,23,"MOTOR VEHICLE STRUCK PEDALCYCLIST, LEFT SIDE SIDESWIPE",,13223,0,2,Injury Collision,,45,Bicycle,Matched,N,1,Overcast,0,"(47.66399488800005, -122.31308797799994)",0,0,N,2016-194189
168651,223163,223443,Intersection,Cycles,0, ,,0,,07/11/2016 12:00:00 AM +0000,7/11/2016 5:16:00 PM,2,29600,At Intersection (intersection related),Daylight,2ND AVE AND UNION ST,1,1,Y,2,3704816,Dry,64,PEDALCYCLIST STRUCK PEDESTRIAN,,2757,0,2,Injury Collision,,45,Bicycle,Matched,N,0,Clear or Partly Cloudy,0,"(47.60829216500008, -122.33799535899999)",42172,0,N,2016-248413
168691,18975,18975,Intersection,Cycles,0,,,0,,09/22/2004 12:00:00 AM +0000,9/22/2004 7:58:00 AM,1,25184,At Intersection (intersection related),Daylight,SHILSHOLE AVE NW AND NW 46TH ST,0,1,,2,1795005,Dry,51,PEDALCYCLIST STRUCK MOTOR VEHICLE FRONT END AT ANGLE,04266008,12827,0,2,Injury Collision,,45,Bicycle,Matched,0,1,Overcast,0,"(47.66220710200008, -122.37830241899997)",0,0,N,4398138
168776,222446,222726,Block,Cycles,161, ,,0,,06/08/2016 12:00:00 AM +0000,6/8/2016 2:19:00 PM,1,,Mid-Block (but intersection related),Daylight,STEWART ST BETWEEN 3RD AVE AND 4TH AVE,0,1,,2,3785079,Dry,18,"MOTOR VEHICLE STRUCK PEDALCYCLIST, FRONT END AT ANGLE",,12899,0,2,Injury Collision,,45,Bicycle,Matched,N,1,Clear or Partly Cloudy,0,"(47.61196047100003, -122.33916349499998)",0,0,N,16-203372
168778,222445,222725,Block,Cycles,214.5, ,,0,,06/24/2016 12:00:00 AM +0000,6/24/2016 12:54:00 PM,2,,Mid-Block (not related to intersection),Daylight,50TH AVE S BETWEEN S OREGON ST AND S SNOQUALMIE ST,1,1,Y,3,3782674,Dry,64,PEDALCYCLIST STRUCK PEDESTRIAN,,7442,0,2,Injury Collision,,45,Bicycle,Matched,N,1,Clear or Partly Cloudy,0,"(47.56235207600008, -122.27071555999999)",0,0,N,2016-224692
168791,222642,222922,Block,Cycles,152, ,,0,,05/13/2016 12:00:00 AM +0000,5/13/2016 6:50:00 AM,1,,Mid-Block (not related to intersection),Daylight,14TH AVE E BETWEEN E THOMAS W ST AND E HARRISON ST,0,1,,2,3332598,Dry,18,"MOTOR VEHICLE STRUCK PEDALCYCLIST, FRONT END AT ANGLE",,1858,0,2,Injury Collision,,45,Bicycle,Matched,N,1,Clear or Partly Cloudy,0,"(47.62153597300005, -122.31467915099995)",0,0,N,2016-168449
168793,222640,222920,Intersection,Cycles,0, ,,0,,05/11/2016 12:00:00 AM +0000,5/11/2016 1:05:00 PM,1,24669,At Intersection (intersection related),Daylight,25TH AVE NE AND NE 70TH ST,0,1,,2,3206249,Dry,18,"MOTOR VEHICLE STRUCK PEDALCYCLIST, FRONT END AT ANGLE",,3730,0,2,Injury Collision,,45,Bicycle,Matched,N,1,Clear or Partly Cloudy,0,"(47.679409030000045, -122.30066381099999)",0,0,N,16-164214
168810,222009,222289,Block,Cycles,133, ,,0,,06/17/2016 12:00:00 AM +0000,6/17/2016 1:04:00 PM,1,,Mid-Block (not related to intersection),Daylight,NE 45TH ST BETWEEN 4TH AVE NE AND 5TH AVE NE,0,1,,3,3737698,Dry,14,"MOTOR VEHICLE STRUCK MOTOR VEHICLE, REAR END",,16842,0,2,Injury Collision,,45,Bicycle,Matched,N,1,Overcast,0,"(47.66133603700007, -122.32349837999999)",0,0,N,2016-215571
168834,221196,221476,Block,Cycles,362.5, ,,0,,06/03/2016 12:00:00 AM +0000,6/3/2016 6:24:00 AM,1,,Mid-Block (not related to intersection),Dawn,EASTLAKE AVE E BETWEEN E HAMLIN ST AND E SHELBY ST,0,1,,2,3785027,Dry,14,"MOTOR VEHICLE STRUCK MOTOR VEHICLE, REAR END",,10181,0,2,Injury Collision,,45,Bicycle,Matched,N,1,Clear or Partly Cloudy,0,"(47.646503048000056, -122.32519936799997)",0,0,N,16-195486
168836,221195,221475,Block,Cycles,160, ,,0,Y,06/03/2016 12:00:00 AM +0000,6/3/2016 7:28:00 AM,1,,Mid-Block (not related to intersection),Daylight,DEXTER AVE N BETWEEN WARD ST AND PROSPECT ST,0,1,,2,3785011,Dry,11,"MOTOR VEHICLE STRUCK MOTOR VEHICLE, FRONT END AT ANGLE",,10080,0,2,Injury Collision,,45,Bicycle,Matched,N,1,Clear or Partly Cloudy,0,"(47.628445717000034, -122.34231499099997)",0,0,N,2016-195556
168880,224650,224950,Intersection,Cycles,0, ,,0,,07/26/2016 12:00:00 AM +0000,7/26/2016 4:27:00 PM,1,30403,At Intersection (intersection related),Daylight,12TH AVE AND E FIR ST,0,1,,2,E568511,Dry,18,"MOTOR VEHICLE STRUCK PEDALCYCLIST, FRONT END AT ANGLE",,1524,0,2,Injury Collision,,45,Bicycle,Matched,N,1,Clear or Partly Cloudy,0,"(47.60268590700008, -122.31678180399996)",0,0,N,16-268041
168914,222662,222942,Intersection,Cycles,0, ,,0,,06/28/2016 12:00:00 AM +0000,6/28/2016 5:45:00 PM,1,26886,At Intersection (intersection related),Daylight,STONE WAY N AND N 36TH ST,0,1,,2,3572834,Dry,51,PEDALCYCLIST STRUCK MOTOR VEHICLE FRONT END AT ANGLE,,12957,0,2,Injury Collision,,45,Bicycle,Matched,N,1,Clear or Partly Cloudy,0,"(47.650533523000036, -122.34267836099997)",0,0,N,2016-230249
168927,222016,222296,Block,Cycles,153, ,,0,,06/16/2016 12:00:00 AM +0000,6/16/2016 12:45:00 PM,1,,Mid-Block (not related to intersection),Daylight,5TH AVE BETWEEN MADISON ST AND SPRING ST,1,1,,2,3739182,Dry,24,MOTOR VEHCILE STRUCK PEDESTRIAN,,7230,0,2,Injury Collision,,45,Bicycle,Matched,N,0,Clear or Partly Cloudy,0,"(47.60690836600003, -122.33212363599995)",0,0,N,2016-214106
168993,221435,221715,Intersection,Cycles,0, ,,0,Y,06/12/2016 12:00:00 AM +0000,6/12/2016 11:26:00 AM,1,26186,At Intersection (intersection related),Daylight,38TH AVE NE AND NE 62ND ST,0,1,,2,3737600,Dry,51,PEDALCYCLIST STRUCK MOTOR VEHICLE FRONT END AT ANGLE,,5863,0,2,Injury Collision,,45,Bicycle,Matched,N,1,Clear or Partly Cloudy,0,"(47.673973853000064, -122.28691723399999)",0,0,N,2016-208668
169031,221438,221718,Intersection,Cycles,0, ,,0,,06/10/2016 12:00:00 AM +0000,6/10/2016 11:18:00 PM,1,29865,At Intersection (intersection related),Dark - Street Lights On,BOREN AVE AND OLIVE WAY,0,1,,3,3740089,Dry,18,"MOTOR VEHICLE STRUCK PEDALCYCLIST, FRONT END AT ANGLE",,9321,0,2,Injury Collision,,45,Bicycle,Matched,N,1,Clear or Partly Cloudy,0,"(47.615449718000036, -122.33072969599999)",0,0,N,2016-206907
169136,18788,18788,Intersection,Cycles,0,,,0,,01/29/2004 12:00:00 AM +0000,1/29/2004 12:00:00 PM,1,37292,At Intersection (intersection related),Daylight,COLLEGE WAY N AND N 100TH ST,0,1,,2,1773851,Wet,51,PEDALCYCLIST STRUCK MOTOR VEHICLE FRONT END AT ANGLE,04029006,9703,0,2,Injury Collision,,45,Bicycle,Matched,0,1,Raining,0,"(47.70141154500004, -122.33510998399998)",0,0,N,04-040796
169207,221702,221982,Intersection,Cycles,0, ,,0,,06/08/2016 12:00:00 AM +0000,6/8/2016 7:22:00 AM,1,29593,At Intersection (intersection related),Daylight,1ST AVE AND PIKE ST,0,1,,1,E552808,Dry,18,"MOTOR VEHICLE STRUCK PEDALCYCLIST, FRONT END AT ANGLE",,1009,0,2,Injury Collision,,45,Bicycle,Matched,N,1,Clear or Partly Cloudy,0,"(47.60882096000006, -122.34001342699997)",0,0,N,2016-202872
169241,224318,224598,Block,Cycles,230, ,,0,,07/21/2016 12:00:00 AM +0000,7/21/2016 6:25:00 AM,1,,Mid-Block (not related to intersection),Daylight,SW HARBOR LN BETWEEN HARBOR AVE SW AND DEAD END,0,1,,3,3780862,Dry,21,"MOTOR VEHICLE STRUCK PEDALCYCLIST, REAR END",,22286,0,2,Injury Collision,,45,Bicycle,Matched,N,2,Clear or Partly Cloudy,0,"(47.57687840300008, -122.37233935799998)",0,0,N,2016-260491
169291,221214,221494,Intersection,Cycles,0, ,,0,Y,06/03/2016 12:00:00 AM +0000,6/3/2016 5:45:00 PM,1,30781,At Intersection (intersection related),Daylight,RAINIER AVE S AND S DEARBORN ST,0,1,,2,3704585,Dry,51,PEDALCYCLIST STRUCK MOTOR VEHICLE FRONT END AT ANGLE,,12345,0,2,Injury Collision,,45,Bicycle,Matched,N,1,Clear or Partly Cloudy,0,"(47.595873881000045, -122.31152960299994)",0,0,N,2016-196365
169297,221710,221990,Block,Cycles,215, ,,0,,06/10/2016 12:00:00 AM +0000,6/10/2016 10:45:00 AM,1,,Mid-Block (not related to intersection),Daylight,PHINNEY AVE N BETWEEN N 44TH ST AND N 45TH ST,0,1,,2,E552814,Dry,18,"MOTOR VEHICLE STRUCK PEDALCYCLIST, FRONT END AT ANGLE",,12139,0,2,Injury Collision,,45,Bicycle,Matched,N,1,Clear or Partly Cloudy,0,"(47.66081010800008, -122.35437610399998)",0,0,N,2016-205920
169328,221441,221721,Intersection,Cycles,0, ,,0,,06/09/2016 12:00:00 AM +0000,6/9/2016 8:41:00 AM,1,25708,At Intersection (intersection related),Daylight,NE RAVENNA BV OFF RP AND NE RAVENNA EB BV,0,1,,2,3769802,Dry,18,"MOTOR VEHICLE STRUCK PEDALCYCLIST, FRONT END AT ANGLE",,8318,0,2,Injury Collision,,45,Bicycle,Matched,N,1,Clear or Partly Cloudy,0,"(47.673363822000056, -122.32005906399996)",0,0,N,2016-204368
169401,224087,224367,Block,Cycles,161, ,,0,Y,07/13/2016 12:00:00 AM +0000,7/13/2016 12:20:00 PM,1,,Mid-Block (not related to intersection),Daylight,STEWART ST BETWEEN 9TH AVE AND TERRY AVE,0,1,,3,3785130,Dry,11,"MOTOR VEHICLE STRUCK MOTOR VEHICLE, FRONT END AT ANGLE",,12906,0,2,Injury Collision,,45,Bicycle,Matched,N,1,Clear or Partly Cloudy,0,"(47.61594756900007, -122.33400804399997)",0,0,N,2016-250777
169411,224712,225012,Block,Cycles,1883.5, ,,0,,07/05/2016 12:00:00 AM +0000,7/5/2016 2:30:00 PM,1,,Mid-Block (not related to intersection),Daylight,ALASKAN WY VI SB BETWEEN ELLIOTT AV ON RP AND COLUMBIA ST ON RP,0,1,Y,1,E564292,Dry,18,"MOTOR VEHICLE STRUCK PEDALCYCLIST, FRONT END AT ANGLE",,8768,0,2,Injury Collision,,45,Bicycle,Matched,N,1,Clear or Partly Cloudy,0,"(47.606642263000026, -122.340701664)",0,0,N,201637405
169453,221021,221301,Block,Cycles,168, ,,0,,05/21/2016 12:00:00 AM +0000,5/21/2016 7:16:00 PM,1,,Mid-Block (but intersection related),Daylight,N NORTHGATE WAY BETWEEN AURORA AVE N AND MIDVALE AVE N,0,1,,3,E549696,Wet,51,PEDALCYCLIST STRUCK MOTOR VEHICLE FRONT END AT ANGLE,,16111,0,2,Injury Collision,,45,Bicycle,Matched,N,2,Raining,0,"(47.70505030700008, -122.34401368799996)",0,0,N,2016-178384
169471,221219,221499,Intersection,Cycles,0, ,,0,,06/05/2016 12:00:00 AM +0000,6/5/2016 1:10:00 AM,1,29165,At Intersection (intersection related),Dark - Street Lights On,MELROSE AVE AND E DENNY WAY,0,1,,4,3704592,Dry,11,"MOTOR VEHICLE STRUCK MOTOR VEHICLE, FRONT END AT ANGLE",,11758,0,2,Injury Collision,,45,Bicycle,Matched,N,1,Clear or Partly Cloudy,0,"(47.61849674100006, -122.32785352399998)",0,0,N,16-198290
169474,221461,221741,Intersection,Cycles,0, ,,0,,06/03/2016 12:00:00 AM +0000,6/3/2016 1:30:00 PM,1,30575,At Intersection (intersection related),Daylight,31ST AVE AND E YESLER WAY,0,1,,2,3785014,Dry,18,"MOTOR VEHICLE STRUCK PEDALCYCLIST, FRONT END AT ANGLE",,4766,0,2,Injury Collision,,45,Bicycle,Matched,N,1,Clear or Partly Cloudy,0,"(47.601647584000034, -122.29251724799997)",0,0,N,16-200228
169477,222302,222582,Block,Cycles,65.5,NEI,"Not Enough Information, or Insufficient Location Information",0,,06/08/2016 12:00:00 AM +0000,6/8/2016 9:06:00 AM,1,,,Daylight,N 85TH ST BETWEEN STONE W AVE N AND STONE E AVE N,0,1,,2,E552051,Dry,00,NOT ENOUGH INFORMATION / NOT APPLICABLE,,15959,0,2,Injury Collision,,45,Bicycle,Matched,N,1,Clear or Partly Cloudy,0,"(47.69054007500006, -122.34156393399996)",0,0,N,2016-202979
169481,221717,221997,Intersection,Cycles,0, ,,0,,06/07/2016 12:00:00 AM +0000,6/7/2016 3:13:00 PM,1,29739,At Intersection (intersection related),Daylight,11TH AVE AND E PINE ST,0,1,,1,E552902,Dry,18,"MOTOR VEHICLE STRUCK PEDALCYCLIST, FRONT END AT ANGLE",,1383,0,2,Injury Collision,,45,Bicycle,Matched,N,1,Clear or Partly Cloudy,0,"(47.615254391000065, -122.318159434)",0,0,N,2016-202035
169513,223860,224140,Block,Cycles,153, ,,0,,07/13/2016 12:00:00 AM +0000,7/13/2016 6:30:00 PM,1,,Mid-Block (not related to intersection),Daylight,6TH AVE S BETWEEN S JACKSON ST AND S KING ST,0,1,,2,E564590,Dry,51,PEDALCYCLIST STRUCK MOTOR VEHICLE FRONT END AT ANGLE,,7983,0,2,Injury Collision,,45,Bicycle,Matched,N,1,Clear or Partly Cloudy,0,"(47.59877465400007, -122.32636219899996)",0,0,N,2016-251284
169580,221237,221517,Intersection,Cycles,0, ,,0,,06/04/2016 12:00:00 AM +0000,6/4/2016 9:00:00 AM,1,287172,At Intersection (intersection related),Daylight,BURKE GILMAN TRL AND NE 70TH ST,0,1,,2,3767339,Dry,18,"MOTOR VEHICLE STRUCK PEDALCYCLIST, FRONT END AT ANGLE",,287216,0,2,Injury Collision,,45,Bicycle,Matched,N,1,Clear or Partly Cloudy,0,"(47.679372199000056, -122.26531461999997)",0,0,N,2016-197223
169586,221232,221512,Intersection,Cycles,0, ,,0,,06/03/2016 12:00:00 AM +0000,6/3/2016 6:30:00 PM,0,28057,At Intersection (intersection related),Daylight,NICKERSON ST AND WESTLAKE AVE N,0,1,,2,3740083,Dry,51,PEDALCYCLIST STRUCK MOTOR VEHICLE FRONT END AT ANGLE,,6170,0,1,Property Damage Only Collision,,45,Bicycle,Matched,N,1,Clear or Partly Cloudy,0,"(47.64614702700004, -122.34974100999995)",0,0,N,2016-196422
169612,224088,224368,Intersection,Cycles,0, ,,0,,07/14/2016 12:00:00 AM +0000,7/14/2016 12:22:00 PM,1,29894,At Intersection (intersection related),Daylight,6TH AVE AND PIKE ST,0,1,,2,3785131,Dry,11,"MOTOR VEHICLE STRUCK MOTOR VEHICLE, FRONT END AT ANGLE",,7883,0,2,Injury Collision,,45,Bicycle,Matched,N,1,Clear or Partly Cloudy,0,"(47.61114239800003, -122.33446376999996)",0,0,N,16-252171
169665,223882,224162,Block,Cycles,255, ,,0,,07/21/2016 12:00:00 AM +0000,7/21/2016 7:16:00 AM,1,,Mid-Block (not related to intersection),Daylight,DELRIDGE WAY SW BETWEEN CROFT PL SW AND SW MYRTLE ST,0,1,Y,2,3563623,Dry,51,PEDALCYCLIST STRUCK MOTOR VEHICLE FRONT END AT ANGLE,,9976,0,2,Injury Collision,,45,Bicycle,Matched,N,1,Clear or Partly Cloudy,0,"(47.53984522600007, -122.36084642399999)",0,0,N,2016-260527
169669,224733,225033,Intersection,Cycles,0, ,,0,,07/29/2016 12:00:00 AM +0000,7/29/2016 8:00:00 AM,1,29732,At Intersection (intersection related),Daylight,HARVARD AVE AND E OLIVE ST,0,1,,2,2617392,Dry,18,"MOTOR VEHICLE STRUCK PEDALCYCLIST, FRONT END AT ANGLE",,10843,0,2,Injury Collision,,45,Bicycle,Matched,N,1,Clear or Partly Cloudy,0,"(47.61639417100008, -122.32214881099998)",0,0,N,2016-271579
169678,222077,222357,Block,Cycles,215, ,,0,,05/21/2016 12:00:00 AM +0000,5/21/2016 7:41:00 PM,1,,Mid-Block (not related to intersection),Unknown,PHINNEY AVE N BETWEEN N 44TH ST AND N 45TH ST,0,1,,1,E546340,Unknown,18,"MOTOR VEHICLE STRUCK PEDALCYCLIST, FRONT END AT ANGLE",,12139,0,2,Injury Collision,,45,Bicycle,Matched,N,1,Unknown,0,"(47.66081010800008, -122.35437610399998)",0,0,N,2016-178402
169695,224103,224383,Intersection,Cycles,0, ,,0,Y,07/16/2016 12:00:00 AM +0000,7/16/2016 11:40:00 AM,1,31166,At Intersection (intersection related),Dawn,46TH AVE SW AND SW LANDER ST,0,1,,2,3780471,Dry,51,PEDALCYCLIST STRUCK MOTOR VEHICLE FRONT END AT ANGLE,,6954,0,2,Injury Collision,,45,Bicycle,Matched,N,1,Clear or Partly Cloudy,0,"(47.57934357900007, -122.39068362899997)",0,0,N,16-254838
169711,222760,223040,Intersection,Cycles,0, ,,0,Y,05/16/2016 12:00:00 AM +0000,5/16/2016 9:31:00 PM,1,29515,At Intersection (intersection related),Dark - Street Lights On,DENNY WAY AND DEXTER AVE,0,1,,1,3740101,Dry,26,MOTOR VEHICLE STRUCK OBJECT IN ROAD,,10011,1,2b,Serious Injury Collision,,45,Bicycle,Matched,N,0,Clear or Partly Cloudy,0,"(47.618550165000045, -122.34240185299996)",0,0,N,2016-171484
169746,221084,221364,Block,Cycles,306, ,,0,Y,05/29/2016 12:00:00 AM +0000,5/29/2016 1:47:00 PM,1,,Mid-Block (not related to intersection),Daylight,FAUNTLEROY WAY SW BETWEEN SW MYRTLE ST AND SW OTHELLO ST,0,1,,3,3587861,Dry,56,PEDALCYCLIST STRUCK MOTOR VEHICLE LEFT SIDE SIDESWIPE,,10407,0,2,Injury Collision,,45,Bicycle,Matched,N,1,Clear or Partly Cloudy,0,"(47.53882185800006, -122.39109185899997)",0,0,N,16-188912
169757,221080,221360,Intersection,Cycles,0,NEI,"Not Enough Information, or Insufficient Location Information",0,,05/19/2016 12:00:00 AM +0000,5/19/2016 9:40:00 PM,1,26897,At Intersection (intersection related),Dark - Street Lights On,STONE WAY N AND N 35TH ST,0,1,,2,E550682,Wet,00,NOT ENOUGH INFORMATION / NOT APPLICABLE,,12956,0,2,Injury Collision,,45,Bicycle,Matched,N,1,Raining,0,"(47.64941986700006, -122.34273258699994)",0,0,N,2016-175751
169768,221248,221528,Intersection,Cycles,0, ,,0,,06/04/2016 12:00:00 AM +0000,6/4/2016 5:54:00 PM,1,29697,At Intersection (intersection related),Daylight,ELLIOTT AVE AND WALL ST,0,1,,3,3785077,Dry,51,PEDALCYCLIST STRUCK MOTOR VEHICLE FRONT END AT ANGLE,,10205,0,2,Injury Collision,,45,Bicycle,Matched,N,1,Clear or Partly Cloudy,0,"(47.61336696300003, -122.35046554699994)",0,0,N,2016-197781
169930,18880,18880,Intersection,Cycles,0,,,0,,05/14/2004 12:00:00 AM +0000,5/14/2004 7:43:00 PM,1,30092,At Intersection (intersection related),Daylight,32ND AVE AND E ALDER N ST,0,1,,2,1326988,Dry,18,"MOTOR VEHICLE STRUCK PEDALCYCLIST, FRONT END AT ANGLE",04135042,4919,0,2,Injury Collision,,45,Bicycle,Matched,0,1,Clear or Partly Cloudy,0,"(47.604505850000066, -122.29159387899995)",0,0,N,04-194832
169944,18592,18592,Block,Cycles,164.5,,,0,,08/20/2004 12:00:00 AM +0000,8/20/2004 6:00:00 PM,1,,Driveway Junction,Daylight,E OLIVE WAY BETWEEN HARVARD AVE E AND BROADWAY E,0,1,,4,1798902,Dry,51,PEDALCYCLIST STRUCK MOTOR VEHICLE FRONT END AT ANGLE,04233007,14591,0,2,Injury Collision,Y,45,Bicycle,Matched,0,1,Clear or Partly Cloudy,0,"(47.61990296100004, -122.32154145999999)",0,0,N,04-349575
169988,18437,18437,Block,Cycles,208.5,,,0,,09/28/2004 12:00:00 AM +0000,9/28/2004 9:01:00 AM,1,,Mid-Block (not related to intersection),Daylight,15TH AVE E BETWEEN E DENNY WAY AND E JOHN SR ST,0,1,,2,1789748,Dry,56,PEDALCYCLIST STRUCK MOTOR VEHICLE LEFT SIDE SIDESWIPE,04272032,2001,0,2,Injury Collision,,45,Bicycle,Matched,0,1,Overcast,0,"(47.61909080300006, -122.31273303199998)",0,0,N,04 407103
170103,223897,224177,Intersection,Cycles,0, ,,0,Y,07/20/2016 12:00:00 AM +0000,7/20/2016 9:11:00 AM,1,37511,At Intersection (intersection related),Daylight,12TH AVE NE AND NE 95TH ST,0,1,,2,3695090,Dry,51,PEDALCYCLIST STRUCK MOTOR VEHICLE FRONT END AT ANGLE,,1600,0,2,Injury Collision,,45,Bicycle,Matched,N,1,Clear or Partly Cloudy,0,"(47.697635664000074, -122.31482955499996)",0,0,N,16-259250
170191,221094,221374,Block,Cycles,326, ,,0,,05/31/2016 12:00:00 AM +0000,5/31/2016 7:45:00 PM,1,,Mid-Block (not related to intersection),Daylight,10TH AVE E BETWEEN E HIGHLAND DR AND E GALER ST,0,1,,3,3704619,Dry,18,"MOTOR VEHICLE STRUCK PEDALCYCLIST, FRONT END AT ANGLE",,1293,0,2,Injury Collision,,45,Bicycle,Matched,N,1,Clear or Partly Cloudy,0,"(47.63138271500003, -122.32020786899994)",0,0,N,2016-192057
170253,18099,18099,Block,Cycles,467.5,,,0,,08/30/2004 12:00:00 AM +0000,8/30/2004 2:50:00 PM,0,,Driveway Junction,Daylight,NE 45TH ST BETWEEN U VILLAGE DR AND NE 45TH PL,0,1,Y,2,1794103,Dry,18,"MOTOR VEHICLE STRUCK PEDALCYCLIST, FRONT END AT ANGLE",04243002,288753,0,1,Property Damage Only Collision,,45,Bicycle,Matched,0,1,Clear or Partly Cloudy,0,"(47.661245509000025, -122.29476287999995)",0,0,N,04-364033