OBJECTID,INCKEY,COLDETKEY,ADDRTYPE,COLLISIONTYPE,DISTANCE,EXCEPTRSNCODE,EXCEPTRSNDESC,FATALITIES,INATTENTIONIND,INCDATE,INCDTTM,INJURIES,INTKEY,JUNCTIONTYPE,LIGHTCOND,LOCATION,PEDCOUNT,PEDCYLCOUNT,PEDROWNOTGRNT,PERSONCOUNT,REPORTNO,ROADCOND,SDOT_COLCODE,SDOT_COLDESC,SDOTCOLNUM,SEGKEY,SERIOUSINJURIES,SEVERITYCODE,SEVERITYDESC,SPEEDING,ST_COLCODE,ST_COLDESC,STATUS,UNDERINFL,VEHCOUNT,WEATHER,WIDTH,Shape,SEGLANEKEY,CROSSWALKKEY,HITPARKEDCAR,SPDCASENO
170257,18118,18118,Intersection,Cycles,0,,,0,,08/11/2004 12:00:00 AM +0000,8/11/2004 11:41:00 AM,1,25188,At Intersection (intersection related),Daylight,BALLARD BR ON RP AND NW BALLARD WAY,0,1,,2,1773848,Dry,18,"MOTOR VEHICLE STRUCK PEDALCYCLIST, FRONT END AT ANGLE",04224045,2216,0,2,Injury Collision,,45,Bicycle,Matched,0,1,Clear or Partly Cloudy,0,"(47.66293460600008, -122.37632083699998)",0,0,N,04-335347
170277,18403,18403,Intersection,Cycles,0,,,0,,08/31/2004 12:00:00 AM +0000,8/31/2004 1:51:00 PM,2,32134,At Intersection (intersection related),Daylight,28TH AVE SW AND SW YANCY ST,0,1,,2,1790777,Dry,51,PEDALCYCLIST STRUCK MOTOR VEHICLE FRONT END AT ANGLE,04244003,4212,1,2b,Serious Injury Collision,,45,Bicycle,Matched,0,1,Clear or Partly Cloudy,0,"(47.567614519000074, -122.36809149299995)",0,0,N,04-365502
170396,234548,234948,,Cycles,,NEI,"Not Enough Information, or Insufficient Location Information",0,Y,12/18/2016 12:00:00 AM +0000,12/18/2016 4:00:00 PM,0,,,Daylight,,0,1,,2,3747539,Dry,00,NOT ENOUGH INFORMATION / NOT APPLICABLE,,,0,1,Property Damage Only Collision,,45,Bicycle,Matched,N,1,Clear or Partly Cloudy,0,,0,0,N,2016-454170
170492,233326,233726,Intersection,Cycles,0, ,,0,,12/12/2016 12:00:00 AM +0000,12/12/2016 5:32:00 PM,1,29757,At Intersection (intersection related),Dark - Street Lights On,BROADWAY AND E UNION ST,0,1,,2,E620917,Dry,18,"MOTOR VEHICLE STRUCK PEDALCYCLIST, FRONT END AT ANGLE",,9446,0,2,Injury Collision,,45,Bicycle,Matched,N,1,Clear or Partly Cloudy,0,"(47.61296336300006, -122.32076237799998)",0,0,N,2016-446337
170748,233490,233890,Block,Cycles,211.5, ,,0,Y,12/08/2016 12:00:00 AM +0000,12/8/2016 1:11:00 PM,1,,Mid-Block (not related to intersection),Daylight,BROADWAY BETWEEN E PIKE ST AND E PINE ST,0,1,,2,E622996,Dry,21,"MOTOR VEHICLE STRUCK PEDALCYCLIST, REAR END",,9447,1,2b,Serious Injury Collision,Y,45,Bicycle,Matched,N,1,Clear or Partly Cloudy,0,"(47.61465412100006, -122.32078948899999)",0,0,N,2016-441295
170867,18360,18360,Intersection,Cycles,0,,,0,,06/14/2004 12:00:00 AM +0000,6/14/2004 5:37:00 PM,1,25033,At Intersection (intersection related),Daylight,SEAVIEW AVE NW AND NW 61ST ST,0,1,Y,2,1319746,Dry,18,"MOTOR VEHICLE STRUCK PEDALCYCLIST, FRONT END AT ANGLE",04166022,12761,1,2b,Serious Injury Collision,,45,Bicycle,Matched,0,1,Clear or Partly Cloudy,0,"(47.67276013900005, -122.40634236799997)",0,0,N,04-242414
170888,18363,18363,Intersection,Cycles,0,,,0,,07/20/2004 12:00:00 AM +0000,7/20/2004 5:53:00 PM,1,27842,At Intersection (intersection related),Daylight,BLAINE ST AND QUEEN ANNE AVE N,0,1,Y,2,1482511,Dry,18,"MOTOR VEHICLE STRUCK PEDALCYCLIST, FRONT END AT ANGLE",04202033,9278,0,2,Injury Collision,,45,Bicycle,Matched,0,1,Clear or Partly Cloudy,0,"(47.63474278000007, -122.35696980299997)",0,0,N,04 300882
170892,18362,18362,Intersection,Cycles,0,,,0,,07/12/2004 12:00:00 AM +0000,7/12/2004 4:20:00 PM,1,29933,At Intersection (intersection related),Daylight,5TH AVE AND SPRING ST,0,1,,2,1072239,Dry,18,"MOTOR VEHICLE STRUCK PEDALCYCLIST, FRONT END AT ANGLE",04194004,7231,0,2,Injury Collision,,45,Bicycle,Matched,0,1,Clear or Partly Cloudy,0,"(47.60726631000006, -122.33245128099998)",0,0,N,04 288097
170918,18353,18353,Intersection,Cycles,0,,,0,,04/03/2004 12:00:00 AM +0000,4/3/2004,1,24330,At Intersection (intersection related),Daylight,LINDEN AVE N AND N 72ND ST,0,1,Y,2,1317775,Dry,18,"MOTOR VEHICLE STRUCK PEDALCYCLIST, FRONT END AT ANGLE",04094003,11417,0,2,Injury Collision,,45,Bicycle,Matched,0,1,Clear or Partly Cloudy,0,"(47.68104928300005, -122.34703354699997)",0,0,N,04 133856
170956,234674,235074,Block,Cycles,653.5, ,,0,,12/16/2016 12:00:00 AM +0000,12/16/2016 6:05:00 PM,1,,Mid-Block (but intersection related),Dark - Street Lights On,N NORTHLAKE WAY BETWEEN MERIDIAN AVE N AND CORLISS AVE N,0,1,,2,3762462,Dry,51,PEDALCYCLIST STRUCK MOTOR VEHICLE FRONT END AT ANGLE,,16130,0,2,Injury Collision,,45,Bicycle,Matched,N,1,Clear or Partly Cloudy,0,"(47.64829499900003, -122.33249479299997)",287244,0,N,2016-451596
170975,233338,233738,Intersection,Cycles,0, ,,0,Y,12/17/2016 12:00:00 AM +0000,12/17/2016 5:31:00 PM,1,29757,At Intersection (intersection related),Dark - Street Lights On,BROADWAY AND E UNION ST,0,1,,2,E623003,Dry,18,"MOTOR VEHICLE STRUCK PEDALCYCLIST, FRONT END AT ANGLE",,9446,0,2,Injury Collision,,45,Bicycle,Matched,N,1,Clear or Partly Cloudy,0,"(47.61296336300006, -122.32076237799998)",0,0,N,2016-452801
171037,18627,18627,Block,Cycles,461,,,0,,06/19/2004 12:00:00 AM +0000,6/19/2004 11:10:00 AM,1,,Mid-Block (not related to intersection),Daylight,LAKE WASHINGTON BLVD E BETWEEN E MADISON ST AND ARBORETUM DR E,0,1,,2,1772596,Dry,23,"MOTOR VEHICLE STRUCK PEDALCYCLIST, LEFT SIDE SIDESWIPE",04171003,11209,0,2,Injury Collision,,45,Bicycle,Matched,0,1,Clear or Partly Cloudy,0,"(47.627191362000076, -122.29298983499996)",0,0,N,04 250215
171043,18190,18190,Intersection,Cycles,0,,,0,Y,05/17/2004 12:00:00 AM +0000,5/17/2004 6:49:00 PM,1,33710,At Intersection (intersection related),Daylight,LAKE WASHINGTON BLVD S AND S ORCAS ST,0,1,Y,2,1772885,Dry,18,"MOTOR VEHICLE STRUCK PEDALCYCLIST, FRONT END AT ANGLE",04138008,11246,0,2,Injury Collision,,45,Bicycle,Matched,0,1,Clear or Partly Cloudy,0,"(47.55104977900004, -122.25934300299997)",0,0,N,40199470
171062,18335,18335,Intersection,Cycles,0,,,0,,09/09/2004 12:00:00 AM +0000,9/9/2004,1,25213,At Intersection (intersection related),Daylight,28TH AVE NW AND NW 59TH ST,0,1,,2,1794345,Dry,51,PEDALCYCLIST STRUCK MOTOR VEHICLE FRONT END AT ANGLE,04253021,4140,1,2b,Serious Injury Collision,,45,Bicycle,Matched,0,1,Clear or Partly Cloudy,0,"(47.671650502000034, -122.39287014099995)",0,0,N,04 3794724
171145,233344,233744,Block,Cycles,97, ,,0,,12/14/2016 12:00:00 AM +0000,12/14/2016 7:04:00 AM,1,,Mid-Block (not related to intersection),Dawn,RAINIER AVE S BETWEEN 21ST S AVE S AND S GRAND ST,0,1,,2,E621186,Dry,18,"MOTOR VEHICLE STRUCK PEDALCYCLIST, FRONT END AT ANGLE",,12355,0,2,Injury Collision,,45,Bicycle,Matched,N,1,Clear or Partly Cloudy,0,"(47.58715198200008, -122.30484864899995)",0,0,N,16-448098
171183,18467,18467,Intersection,Cycles,0,,,0,,01/11/2004 12:00:00 AM +0000,1/11/2004 3:51:00 PM,1,28258,At Intersection (intersection related),Daylight,10TH AVE E AND E NEWTON ST,0,1,Y,2,1786942,Dry,18,"MOTOR VEHICLE STRUCK PEDALCYCLIST, FRONT END AT ANGLE",04011003,1298,0,2,Injury Collision,,45,Bicycle,Matched,0,1,Clear or Partly Cloudy,0,"(47.63725179700003, -122.32007982299996)",0,0,N,414483
171205,18181,18181,Intersection,Cycles,0,,,0,,05/20/2004 12:00:00 AM +0000,5/20/2004 8:50:00 AM,0,36655,At Intersection (intersection related),Daylight,LAKE CITY WAY NE AND NE 115TH ST,0,1,Y,2,1774719,Dry,18,"MOTOR VEHICLE STRUCK PEDALCYCLIST, FRONT END AT ANGLE",04141022,11176,0,1,Property Damage Only Collision,,45,Bicycle,Matched,0,1,Overcast,0,"(47.712044252000055, -122.29951197399998)",0,0,N,04 203377
171374,233168,233568,Block,Cycles,154.5, ,,0,,11/07/2016 12:00:00 AM +0000,11/7/2016 10:08:00 AM,1,,Mid-Block (not related to intersection),Daylight,ALASKAN WAY BETWEEN WALL ST AND VINE ST,0,1,,2,E612676,Dry,24,MOTOR VEHCILE STRUCK PEDESTRIAN,,8731,0,2,Injury Collision,,45,Bicycle,Matched,N,1,Overcast,0,"(47.613073246000056, -122.35167784699996)",0,0,N,P16064302
171475,233601,234001,Block,Cycles,155.5, ,,0,,12/14/2016 12:00:00 AM +0000,12/14/2016 7:45:00 PM,1,,Mid-Block (not related to intersection),Dark - Street Lights On,SW AVALON WAY BETWEEN 35TH AVE SW AND 36TH AVE SW,0,1,,2,E631988,Dry,18,"MOTOR VEHICLE STRUCK PEDALCYCLIST, FRONT END AT ANGLE",,21821,1,2b,Serious Injury Collision,,45,Bicycle,Matched,N,1,Clear or Partly Cloudy,0,"(47.56407686700004, -122.37681737399998)",0,0,N,16-448979
171525,17747,17747,Block,Cycles,203.5,,,0,Y,07/01/2004 12:00:00 AM +0000,7/1/2004,1,,Driveway Junction,Daylight,14TH AVE S BETWEEN S COLLEGE ST AND BEACON AVE S,0,1,,2,1787962,Dry,18,"MOTOR VEHICLE STRUCK PEDALCYCLIST, FRONT END AT ANGLE",04183021,1932,1,2b,Serious Injury Collision,,45,Bicycle,Matched,0,1,Overcast,0,"(47.58242946000007, -122.31470296799995)",0,0,N,04-269174
171526,17612,17612,Intersection,Cycles,0,,,0,,06/15/2004 12:00:00 AM +0000,6/15/2004 8:15:00 AM,0,29922,At Intersection (intersection related),Daylight,BOREN AVE AND MARION ST,0,1,Y,2,1772159,Dry,18,"MOTOR VEHICLE STRUCK PEDALCYCLIST, FRONT END AT ANGLE",04167029,9313,0,1,Property Damage Only Collision,,45,Bicycle,Matched,0,1,Clear or Partly Cloudy,0,"(47.60862448100005, -122.32448699799994)",0,0,N,04-243325
171527,18024,18024,Intersection,Cycles,0,,,0,,08/28/2004 12:00:00 AM +0000,8/28/2004 3:41:00 PM,1,29619,At Intersection (intersection related),Daylight,MADISON ST AND WESTERN AVE,0,1,,5,1777584,Dry,51,PEDALCYCLIST STRUCK MOTOR VEHICLE FRONT END AT ANGLE,04241006,11580,0,2,Injury Collision,,45,Bicycle,Matched,0,1,Clear or Partly Cloudy,0,"(47.60423027200005, -122.33734868799996)",0,0,N,04-361088
171547,17741,17741,Intersection,Cycles,0,,,0,,08/18/2004 12:00:00 AM +0000,8/18/2004 5:07:00 PM,1,30145,At Intersection (intersection related),Daylight,19TH AVE AND E UNION ST,0,1,,2,1217005,Dry,18,"MOTOR VEHICLE STRUCK PEDALCYCLIST, FRONT END AT ANGLE",04231018,2649,0,2,Injury Collision,,45,Bicycle,Matched,0,1,Clear or Partly Cloudy,0,"(47.61289826800004, -122.30750481599995)",0,0,N,4346583
171956,234752,235152,Block,Cycles,96.5, ,,0,,12/13/2016 12:00:00 AM +0000,12/13/2016 7:51:00 PM,1,,Mid-Block (not related to intersection),Dark - Street Lights On,E HOWELL ST BETWEEN SUMMIT E AVE AND BELMONT AVE,0,1,,2,3771824,Dry,51,PEDALCYCLIST STRUCK MOTOR VEHICLE FRONT END AT ANGLE,,14172,0,2,Injury Collision,,45,Bicycle,Matched,N,1,Clear or Partly Cloudy,0,"(47.61774366800006, -122.32489831499998)",0,0,N,2016-447712
172035,17545,17545,Intersection,Cycles,0,,,0,,06/17/2004 12:00:00 AM +0000,6/17/2004 11:12:00 AM,1,30542,At Intersection (intersection related),Daylight,6TH AVE S AND S DEARBORN ST,0,1,,1,1777048,Dry,51,PEDALCYCLIST STRUCK MOTOR VEHICLE FRONT END AT ANGLE,04169017,7987,0,2,Injury Collision,,45,Bicycle,Matched,0,0,Clear or Partly Cloudy,0,"(47.59583727300003, -122.32637379799996)",0,0,N,04-246597
172153,17535,17535,Block,Cycles,193.5,,,0,,05/12/2004 12:00:00 AM +0000,5/12/2004 5:17:00 PM,1,,Mid-Block (not related to intersection),Daylight,BEACON AVE S BETWEEN S HANFORD ST AND S HORTON ST,0,1,,2,1771605,Dry,51,PEDALCYCLIST STRUCK MOTOR VEHICLE FRONT END AT ANGLE,04133006,9123,0,2,Injury Collision,,45,Bicycle,Matched,0,1,Clear or Partly Cloudy,0,"(47.574568776000035, -122.309058059)",0,0,N,04 191294
172159,17946,17946,Block,Cycles,161,,,0,,08/22/2004 12:00:00 AM +0000,8/22/2004 10:08:00 PM,1,,Mid-Block (not related to intersection),Dark - Street Lights On,PINE ST BETWEEN BOREN AVE AND MINOR AVE,0,1,,2,1321791,Wet,18,"MOTOR VEHICLE STRUCK PEDALCYCLIST, FRONT END AT ANGLE",04235015,12224,0,2,Injury Collision,,45,Bicycle,Matched,0,1,Raining,0,"(47.61468820700003, -122.32926856599994)",0,0,N,04 352676
172242,18075,18075,Intersection,Cycles,0,,,0,,10/12/2004 12:00:00 AM +0000,10/12/2004 5:58:00 PM,0,25790,At Intersection (intersection related),Dusk,11TH AVE NE AND NE 50TH ST,0,1,,2,1781887,Dry,18,"MOTOR VEHICLE STRUCK PEDALCYCLIST, FRONT END AT ANGLE",04286032,1411,0,1,Property Damage Only Collision,,45,Bicycle,Matched,0,1,Clear or Partly Cloudy,0,"(47.66492767300008, -122.31633451799996)",0,0,N,04-429384
172556,226094,226434,Block,Cycles,362.5, ,,0,,08/17/2016 12:00:00 AM +0000,8/17/2016 5:53:00 PM,1,,Mid-Block (but intersection related),Daylight,M L KING JR WAY S BETWEEN MOUNTAINS TO SOUND TRL AND S MASSACHUSETTS ST,0,1,,2,3735130,Dry,18,"MOTOR VEHICLE STRUCK PEDALCYCLIST, FRONT END AT ANGLE",,163714,1,2b,Serious Injury Collision,,45,Bicycle,Matched,N,1,Clear or Partly Cloudy,0,"(47.589285405000055, -122.29772708499996)",0,0,N,2016-298052
172570,227798,228138,Intersection,Cycles,0, ,,0,,09/12/2016 12:00:00 AM +0000,9/12/2016 5:29:00 PM,1,30363,At Intersection (intersection related),Daylight,ALASKAN WAY S AND S MAIN ST,0,1,Y,2,3696258,Dry,18,"MOTOR VEHICLE STRUCK PEDALCYCLIST, FRONT END AT ANGLE",,8737,0,2,Injury Collision,,45,Bicycle,Matched,N,1,Clear or Partly Cloudy,0,"(47.60004611100004, -122.335910765)",0,0,N,2016-331276
172582,225436,225756,Intersection,Cycles,0, ,,0,,07/22/2016 12:00:00 AM +0000,7/22/2016 6:53:00 PM,1,29052,At Intersection (intersection related),Daylight,BROADWAY E AND E OLIVE WAY,0,1,,2,E573069,Dry,18,"MOTOR VEHICLE STRUCK PEDALCYCLIST, FRONT END AT ANGLE",,9452,0,2,Injury Collision,,45,Bicycle,Matched,N,1,Clear or Partly Cloudy,0,"(47.61990774700007, -122.32087289199995)",0,0,N,2016-262831
172594,228481,228821,Intersection,Cycles,0, ,,0,,09/18/2016 12:00:00 AM +0000,9/18/2016 5:42:00 PM,1,28930,At Intersection (intersection related),Daylight,1ST AVE N AND THOMAS ST,0,1,,2,3785294,Dry,18,"MOTOR VEHICLE STRUCK PEDALCYCLIST, FRONT END AT ANGLE",,1027,0,2,Injury Collision,,45,Bicycle,Matched,N,1,Clear or Partly Cloudy,0,"(47.62093570500008, -122.35543382499998)",0,0,N,16-339074
172627,18037,18037,Block,Cycles,263.5,,,0,,08/04/2004 12:00:00 AM +0000,8/4/2004,1,,Mid-Block (not related to intersection),Daylight,E MADISON ST BETWEEN LAKE WASHINGTON BLVD E AND 32ND AVE E,0,1,Y,3,1216773,Dry,56,PEDALCYCLIST STRUCK MOTOR VEHICLE LEFT SIDE SIDESWIPE,04217030,14365,0,2,Injury Collision,,45,Bicycle,Matched,0,1,Clear or Partly Cloudy,0,"(47.62652804500004, -122.29168646899996)",0,0,N,04-324008
172667,17170,17170,Intersection,Cycles,0,,,0,,05/27/2004 12:00:00 AM +0000,5/27/2004 8:15:00 PM,1,25393,At Intersection (intersection related),Dusk,15TH AVE NW AND NW 61ST ST,0,1,Y,2,1793707,Wet,18,"MOTOR VEHICLE STRUCK PEDALCYCLIST, FRONT END AT ANGLE",04148045,2108,0,2,Injury Collision,,45,Bicycle,Matched,0,1,Raining,0,"(47.67308877800008, -122.37621102499998)",0,0,N,04-214877
172716,225048,225348,Block,Cycles,366.5, ,,0,Y,07/23/2016 12:00:00 AM +0000,7/23/2016 1:21:00 PM,0,,Mid-Block (not related to intersection),Daylight,HARBOR AVE SW BETWEEN FAIRMOUNT AVE SW AND SW BRONSON WAY,0,1,,2,3780848,Dry,18,"MOTOR VEHICLE STRUCK PEDALCYCLIST, FRONT END AT ANGLE",,10816,0,1,Property Damage Only Collision,,45,Bicycle,Matched,N,1,Clear or Partly Cloudy,0,"(47.58635654900007, -122.37709106599999)",0,0,N,2016-263818
172745,226302,226642,Block,Cycles,61, ,,0,,08/22/2016 12:00:00 AM +0000,8/22/2016 3:49:00 PM,1,,Mid-Block (not related to intersection),Daylight,BROADWAY BETWEEN E COLUMBIA ST AND BOYLSTON AVE,0,1,,1,E578736,Dry,66,PEDALCYCLIST STRUCK OBJECT IN ROAD,,9441,0,2,Injury Collision,,45,Bicycle,Matched,N,0,Clear or Partly Cloudy,0,"(47.60940794600003, -122.32075705399996)",0,0,N,2016-303619
172855,224783,225083,Block,Cycles,53.5, ,,0,,07/17/2016 12:00:00 AM +0000,7/17/2016 9:45:00 AM,1,,Mid-Block (not related to intersection),Daylight,MONTLAKE BLVD E BETWEEN MONTLAKE BV ON RP AND E HAMLIN ST,0,1,Y,2,3769502,Dry,18,"MOTOR VEHICLE STRUCK PEDALCYCLIST, FRONT END AT ANGLE",,11907,0,2,Injury Collision,,45,Bicycle,Matched,N,1,Clear or Partly Cloudy,0,"(47.64540885900004, -122.30461405599999)",0,0,N,2016-260917
172875,224786,225086,Intersection,Cycles,0, ,,0,,07/21/2016 12:00:00 AM +0000,7/21/2016 1:32:00 PM,1,25416,At Intersection (intersection related),Daylight,15TH AVE NW AND NW MARKET ST,0,1,Y,2,3769675,Dry,51,PEDALCYCLIST STRUCK MOTOR VEHICLE FRONT END AT ANGLE,,2102,0,2,Injury Collision,,45,Bicycle,Matched,N,1,Clear or Partly Cloudy,0,"(47.668666908000034, -122.376214474)",0,0,N,2016-261006
172895,226310,226650,Block,Cycles,143.5, ,,0,,08/26/2016 12:00:00 AM +0000,8/26/2016 4:15:00 PM,1,,Mid-Block (not related to intersection),Daylight,S BENNETT ST BETWEEN 4TH AVE S AND 5TH AVE S,0,1,,2,E578125,Dry,18,"MOTOR VEHICLE STRUCK PEDALCYCLIST, FRONT END AT ANGLE",,19488,0,2,Injury Collision,,45,Bicycle,Matched,Y,1,Clear or Partly Cloudy,0,"(47.554894991000026, -122.32895870299996)",0,0,N,2016-309169
172896,225458,225778,Block,Cycles,304, ,,0,,07/27/2016 12:00:00 AM +0000,7/27/2016 3:30:00 PM,1,,Mid-Block (not related to intersection),Daylight,ALASKAN WAY BETWEEN VINE ST AND CLAY ST,0,1,,2,E572086,Dry,21,"MOTOR VEHICLE STRUCK PEDALCYCLIST, REAR END",,8732,0,2,Injury Collision,,45,Bicycle,Matched,N,1,Overcast,0,"(47.61388302300003, -122.35309719799994)",0,0,N,2016-269319
172905,226307,226647,Block,Cycles,400, ,,0,Y,08/22/2016 12:00:00 AM +0000,8/22/2016 3:07:00 PM,1,,Mid-Block (not related to intersection),Daylight,4TH AVE S BETWEEN S HOLGATE ST AND S WALKER ST,0,1,,2,E578123,Dry,18,"MOTOR VEHICLE STRUCK PEDALCYCLIST, FRONT END AT ANGLE",,6237,0,2,Injury Collision,,45,Bicycle,Matched,N,1,Clear or Partly Cloudy,0,"(47.58507506500007, -122.32905801199996)",0,0,N,2016-303563
173041,12923,12923,Block,Cycles,401,,,0,,04/21/2004 12:00:00 AM +0000,4/21/2004 12:45:00 PM,1,,Driveway Junction,Daylight,4TH AVE S BETWEEN SEATTLE BLVD S AND I90 WB 4TH AV OFF RP,0,1,,2,1776526,Wet,18,"MOTOR VEHICLE STRUCK PEDALCYCLIST, FRONT END AT ANGLE",04112025,6232,0,2,Injury Collision,,45,Bicycle,Matched,0,1,Clear or Partly Cloudy,0,"(47.595388341000046, -122.32904689999998)",0,0,N,04-159554
173169,16453,16453,Block,Cycles,231, ,,0,,04/04/2013 12:00:00 AM +0000,4/4/2013 5:05:00 PM,1,,Mid-Block (not related to intersection),Daylight,N 50TH ST BETWEEN STONE AVE N AND GREEN LAKE WAY N,0,1,,2,3501827,Wet,54,PEDALCYCLIST STRUCK MOTOR VEHICLE REAR END,,15646,0,2,Injury Collision,Y,45,Bicycle,Matched,N,1,Raining,0,"(47.66503632700005, -122.34114677999997)",21592,0,N,13-113278
173205,225933,226273,Block,Cycles,213, ,,0,,08/28/2016 12:00:00 AM +0000,8/28/2016 12:17:00 PM,1,,Mid-Block (not related to intersection),Daylight,5TH AVE N BETWEEN DENNY WAY AND JOHN ST,0,1,,2,3785257,Dry,18,"MOTOR VEHICLE STRUCK PEDALCYCLIST, FRONT END AT ANGLE",,7250,0,2,Injury Collision,,45,Bicycle,Matched,N,1,Clear or Partly Cloudy,0,"(47.61915388600005, -122.34761595699996)",0,0,N,16-311619
173231,225926,226266,Block,Cycles,153, ,,0,,08/23/2016 12:00:00 AM +0000,8/23/2016 4:55:00 PM,2,,Mid-Block (not related to intersection),Daylight,3RD AVE BETWEEN COLUMBIA ST AND MARION ST,1,1,,2,E577101,Dry,64,PEDALCYCLIST STRUCK PEDESTRIAN,,4377,0,2,Injury Collision,,45,Bicycle,Matched,N,0,Clear or Partly Cloudy,0,"(47.60455266000008, -122.33303932799998)",0,0,N,2016-305067
173252,225756,226096,Block,Cycles,153.5, ,,0,,08/11/2016 12:00:00 AM +0000,8/11/2016 5:35:00 PM,1,,Driveway Junction,Daylight,6TH AVE BETWEEN JAMES ST AND CHERRY ST,0,1,Y,2,E574406,Dry,18,"MOTOR VEHICLE STRUCK PEDALCYCLIST, FRONT END AT ANGLE",,7873,0,2,Injury Collision,,45,Bicycle,Matched,N,1,Clear or Partly Cloudy,0,"(47.60451764100003, -122.32840497599994)",0,0,N,2016-289969
173260,214000,214260,Block,Cycles,96.5, ,,0,Y,02/20/2016 12:00:00 AM +0000,2/20/2016 10:37:00 PM,0,,,Dark - Street Lights Off,E PINE ST BETWEEN BROADWAY AND NAGLE PL,0,1,,2,3704205,Dry,18,"MOTOR VEHICLE STRUCK PEDALCYCLIST, FRONT END AT ANGLE",,14634,0,1,Property Damage Only Collision,,45,Bicycle,Matched,N,1,Clear or Partly Cloudy,0,"(47.61523806900004, -122.32040943099997)",6850,0,N,2016-62006
173262,174300,174320,Intersection,Cycles,0, ,,0,,08/25/2014 12:00:00 AM +0000,8/25/2014 3:26:00 PM,1,28885,At Intersection (intersection related),Daylight,3RD AVE N AND ROY ST,0,1,,2,3505820,Dry,51,PEDALCYCLIST STRUCK MOTOR VEHICLE FRONT END AT ANGLE,,4398,0,2,Injury Collision,,45,Bicycle,Matched,N,1,Clear or Partly Cloudy,0,"(47.62543769000007, -122.35148024999995)",12407,0,N,2014-283482
173267,194800,194900,Block,Cycles,133, ,,0,,05/08/2015 12:00:00 AM +0000,5/8/2015 1:20:00 PM,1,,,Daylight,GREENWOOD AVE N BETWEEN N 76TH ST AND N 77TH ST,0,1,,0,E423624,Dry,00,NOT ENOUGH INFORMATION / NOT APPLICABLE,,10743,0,2,Injury Collision,,45,Bicycle,Matched,N,1,Clear or Partly Cloudy,0,"(47.684381650000034, -122.35529799099999)",0,0,Y,2015-150735
173307,151300,151320,Intersection,Cycles,0, ,,0,,07/25/2013 12:00:00 AM +0000,7/25/2013 3:01:00 PM,1,25225,At Intersection (intersection related),Daylight,NW 54TH ST AND NW MARKET ST,0,1,Y,2,3642031,Dry,18,"MOTOR VEHICLE STRUCK PEDALCYCLIST, FRONT END AT ANGLE",,18440,0,2,Injury Collision,,45,Bicycle,Matched,N,1,Clear or Partly Cloudy,0,"(47.66864793900004, -122.39450901099997)",25965,0,N,2013-264848
173327,151900,151920,Intersection,Cycles,0, ,,0,,08/07/2013 12:00:00 AM +0000,8/7/2013 12:22:00 PM,1,25545,At Intersection (intersection related),Daylight,STONE WAY N AND N 49TH ST,0,1,Y,4,3502750,Dry,18,"MOTOR VEHICLE STRUCK PEDALCYCLIST, FRONT END AT ANGLE",,12973,0,2,Injury Collision,,45,Bicycle,Matched,N,1,Clear or Partly Cloudy,0,"(47.664289868000026, -122.34068746699995)",0,0,N,13 283138
173357,151100,151120,Block,Cycles,135, ,,0,,07/23/2013 12:00:00 AM +0000,7/23/2013 3:48:00 PM,0,,Mid-Block (not related to intersection),Daylight,SW GENESEE ST BETWEEN 25TH AVE SW AND 26TH AVE SW,0,1,,2,3465394,Dry,21,"MOTOR VEHICLE STRUCK PEDALCYCLIST, REAR END",,22200,0,1,Property Damage Only Collision,,45,Bicycle,Matched,N,1,Clear or Partly Cloudy,0,"(47.564726188000066, -122.36491120599999)",32765,0,N,2013-262213
173361,191200,191280,Block,Cycles,138.5, ,,0,,04/20/2015 12:00:00 AM +0000,4/20/2015 7:49:00 AM,1,,Mid-Block (not related to intersection),Daylight,NE 42ND ST BETWEEN ROOSEVELT N WAY NE AND 11TH AVE NE,0,1,Y,2,3738458,Dry,18,"MOTOR VEHICLE STRUCK PEDALCYCLIST, FRONT END AT ANGLE",,16788,0,2,Injury Collision,,45,Bicycle,Matched,N,1,Clear or Partly Cloudy,0,"(47.658362648000036, -122.31721991299997)",0,0,N,2015-128617
173426,168900,168920,Intersection,Cycles,0, ,,0,,05/15/2014 12:00:00 AM +0000,5/15/2014 6:22:00 PM,1,28917,At Intersection (intersection related),Daylight,2ND AVE N AND MERCER ST,0,1,,2,3705199,Dry,51,PEDALCYCLIST STRUCK MOTOR VEHICLE FRONT END AT ANGLE,,2775,0,2,Injury Collision,,45,Bicycle,Matched,N,1,Clear or Partly Cloudy,0,"(47.624572741000065, -122.35279216099997)",0,523112,N,14-151689
173439,225600,225937,Intersection,Cycles,0, ,,0,,08/17/2016 12:00:00 AM +0000,8/17/2016 6:25:00 AM,1,25218,At Intersection (intersection related),Daylight,28TH AVE NW AND NW 58TH ST,0,1,,2,E575126,Dry,18,"MOTOR VEHICLE STRUCK PEDALCYCLIST, FRONT END AT ANGLE",,4139,0,2,Injury Collision,,45,Bicycle,Matched,N,1,Clear or Partly Cloudy,0,"(47.670921160000034, -122.39287094099996)",0,0,N,2016-297239
173464,185900,185980,Intersection,Cycles,0, ,,0,,02/22/2015 12:00:00 AM +0000,2/22/2015 2:52:00 PM,1,30363,At Intersection (intersection related),Daylight,ALASKAN WAY S AND S MAIN ST,0,1,,2,3641268,Dry,18,"MOTOR VEHICLE STRUCK PEDALCYCLIST, FRONT END AT ANGLE",,8737,0,2,Injury Collision,,45,Bicycle,Matched,N,1,Clear or Partly Cloudy,0,"(47.60004611100004, -122.335910765)",0,0,N,15-60677