OBJECTID,INCKEY,COLDETKEY,ADDRTYPE,COLLISIONTYPE,DISTANCE,EXCEPTRSNCODE,EXCEPTRSNDESC,FATALITIES,INATTENTIONIND,INCDATE,INCDTTM,INJURIES,INTKEY,JUNCTIONTYPE,LIGHTCOND,LOCATION,PEDCOUNT,PEDCYLCOUNT,PEDROWNOTGRNT,PERSONCOUNT,REPORTNO,ROADCOND,SDOT_COLCODE,SDOT_COLDESC,SDOTCOLNUM,SEGKEY,SERIOUSINJURIES,SEVERITYCODE,SEVERITYDESC,SPEEDING,ST_COLCODE,ST_COLDESC,STATUS,UNDERINFL,VEHCOUNT,WEATHER,WIDTH,Shape,SEGLANEKEY,CROSSWALKKEY,HITPARKEDCAR,SPDCASENO
173475,169200,169220,Block,Cycles,213, ,,0,,06/04/2014 12:00:00 AM +0000,6/4/2014 8:45:00 AM,1,,Mid-Block (not related to intersection),Daylight,BROADWAY BETWEEN E PINE ST AND XW E OLIVE ST,0,1,,1,3701739,Dry,69,PEDALCYCLIST OVERTURNED IN ROAD,,9448,0,2,Injury Collision,,45,Bicycle,Matched,N,0,Clear or Partly Cloudy,0,"(47.61581794700004, -122.32080786599994)",6853,0,N,2014-176258
173521,166200,166220,Intersection,Cycles,0, ,,0,,04/09/2014 12:00:00 AM +0000,4/9/2014 1:24:00 PM,2,28428,At Intersection (intersection related),Daylight,24TH AVE E AND E LYNN ST,0,1,,3,3701388,Dry,18,"MOTOR VEHICLE STRUCK PEDALCYCLIST, FRONT END AT ANGLE",,3553,0,2,Injury Collision,,45,Bicycle,Matched,N,1,Clear or Partly Cloudy,0,"(47.639530078000064, -122.30208058099998)",22316,0,N,14-108277
173535,226000,226340,Intersection,Cycles,0, ,,0,,08/13/2016 12:00:00 AM +0000,8/13/2016 9:15:00 PM,1,30418,At Intersection (intersection related),Dark - Street Lights On,12TH AVE S AND BOREN AVE S,0,1,,2,3704779,Dry,51,PEDALCYCLIST STRUCK MOTOR VEHICLE FRONT END AT ANGLE,,1652,0,2,Injury Collision,,45,Bicycle,Matched,N,1,Clear or Partly Cloudy,0,"(47.60085285900004, -122.31696510399996)",0,0,N,2016-292975
173547,221100,221380,Intersection,Cycles,0, ,,0,,05/31/2016 12:00:00 AM +0000,5/31/2016 10:44:00 AM,1,29188,At Intersection (intersection related),Daylight,E JOHN ST AND E OLIVE WAY,0,1,,2,3738424,Dry,18,"MOTOR VEHICLE STRUCK PEDALCYCLIST, FRONT END AT ANGLE",,14587,0,2,Injury Collision,,45,Bicycle,Matched,N,1,Clear or Partly Cloudy,0,"(47.61957466300004, -122.32425705399999)",0,0,N,16-191293
173634,219700,219980,Block,Cycles,213, ,,0,,04/19/2016 12:00:00 AM +0000,4/19/2016 8:30:00 AM,0,,Mid-Block (but intersection related),Daylight,2ND AVE BETWEEN PIKE ST AND PINE ST,0,1,,0,E537572,Dry,54,PEDALCYCLIST STRUCK MOTOR VEHICLE REAR END,,2758,0,1,Property Damage Only Collision,,45,Bicycle,Matched,N,1,Clear or Partly Cloudy,0,"(47.609780570000055, -122.33935700699999)",0,0,N,2016-134597
173635,160100,160120,Intersection,Cycles,0, ,,0,,01/09/2014 12:00:00 AM +0000,1/9/2014 7:55:00 AM,1,27167,At Intersection (intersection related),Daylight,UNIVERSITY WAY NE AND NE PACIFIC ST,0,1,,2,3646309,Dry,18,"MOTOR VEHICLE STRUCK PEDALCYCLIST, FRONT END AT ANGLE",,13215,0,2,Injury Collision,,45,Bicycle,Matched,N,1,Overcast,0,"(47.65339944100003, -122.31333457599999)",0,522415,N,14-8803
173641,220400,220680,Block,Cycles,369.5, ,,0,Y,05/31/2016 12:00:00 AM +0000,5/31/2016 6:25:00 PM,1,,Mid-Block (not related to intersection),Daylight,GILMAN AVE W BETWEEN 20TH AVE W AND 21ST AVE W,0,1,,2,3703708,Dry,18,"MOTOR VEHICLE STRUCK PEDALCYCLIST, FRONT END AT ANGLE",,10634,0,2,Injury Collision,,45,Bicycle,Matched,N,1,Clear or Partly Cloudy,0,"(47.65125292400006, -122.38254682399997)",0,0,N,16-191983
173642,141400,141400,Block,Cycles,461,,,0,,08/05/2012 12:00:00 AM +0000,8/5/2012 5:33:00 PM,1,,Mid-Block (not related to intersection),Daylight,LAKE WASHINGTON BLVD E BETWEEN E MADISON ST AND ARBORETUM DR E,0,1,,5,3593588,Dry,11,"MOTOR VEHICLE STRUCK MOTOR VEHICLE, FRONT END AT ANGLE",12218017,11209,1,2b,Serious Injury Collision,,45,Bicycle,Matched,Y,1,Clear or Partly Cloudy,0,"(47.627191362000076, -122.29298983499996)",8944,0,N,12-257350
173690,180200,180260,Block,Cycles,336, ,,0,Y,12/03/2014 12:00:00 AM +0000,12/3/2014 5:53:00 PM,1,,Mid-Block (not related to intersection),Dark - Street Lights On,10TH AVE E BETWEEN E ALOHA ST AND E PROSPECT ST,0,1,,2,3626381,Dry,51,PEDALCYCLIST STRUCK MOTOR VEHICLE FRONT END AT ANGLE,,1291,0,2,Injury Collision,,45,Bicycle,Matched,N,1,Clear or Partly Cloudy,0,"(47.627747869000075, -122.32021599599994)",6170,0,N,2014-401430
173710,164700,164720,Intersection,Cycles,0, ,,0,,03/14/2014 12:00:00 AM +0000,3/14/2014 2:30:00 PM,1,27167,At Intersection (intersection related),Unknown,UNIVERSITY WAY NE AND NE PACIFIC ST,0,1,Y,2,3587239,Unknown,18,"MOTOR VEHICLE STRUCK PEDALCYCLIST, FRONT END AT ANGLE",,13215,0,2,Injury Collision,,45,Bicycle,Matched,N,1,Unknown,0,"(47.65339944100003, -122.31333457599999)",0,522415,N,14-79994
173715,184800,184880,Block,Cycles,380, ,,0,,01/31/2015 12:00:00 AM +0000,1/31/2015 1:59:00 PM,1,,Driveway Junction,Daylight,1ST AVE S BETWEEN S STACY ST AND S LANDER ST,0,1,,2,3698937,Dry,18,"MOTOR VEHICLE STRUCK PEDALCYCLIST, FRONT END AT ANGLE",,1207,0,2,Injury Collision,,45,Bicycle,Matched,N,1,Overcast,0,"(47.58085453500007, -122.33420024799995)",0,0,N,2015-35415
173723,163900,163924,Intersection,Cycles,0,NEI,"Not Enough Information, or Insufficient Location Information",0,,02/20/2014 12:00:00 AM +0000,2/20/2014 8:27:00 PM,0,29913,At Intersection (intersection related),Dark - Street Lights On,5TH AVE AND UNION ST,0,1,,5,3577580,Wet,00,NOT ENOUGH INFORMATION / NOT APPLICABLE,,7235,0,1,Property Damage Only Collision,,45,Bicycle,Matched,N,1,Clear or Partly Cloudy,0,"(47.60968542100005, -122.33466559799996)",24889,0,N,14-55547
173746,203200,203340,Block,Cycles,185, ,,0,,09/25/2015 12:00:00 AM +0000,9/25/2015 7:41:00 AM,1,,Mid-Block (not related to intersection),Dawn,UNIVERSITY BR BETWEEN FUHRMAN AVE E AND POINT A,0,1,,1,3707999,Wet,69,PEDALCYCLIST OVERTURNED IN ROAD,,13189,0,2,Injury Collision,,45,Bicycle,Matched,N,0,Raining,0,"(47.65202472800007, -122.32092404899998)",0,0,N,2015-335449
173784,226779,227119,Intersection,Cycles,0, ,,0,Y,08/26/2016 12:00:00 AM +0000,8/26/2016 5:26:00 PM,1,27043,At Intersection (intersection related),Daylight,TROLL AVE N AND N 34TH ST,0,1,,3,3762401,Dry,18,"MOTOR VEHICLE STRUCK PEDALCYCLIST, FRONT END AT ANGLE",,9002,0,2,Injury Collision,,45,Bicycle,Matched,N,1,Clear or Partly Cloudy,0,"(47.64924012200004, -122.34741874299999)",8816,0,N,16-309251
173799,228344,228684,Intersection,Cycles,0, ,,0,Y,09/12/2016 12:00:00 AM +0000,9/12/2016 5:19:00 PM,1,30543,At Intersection (intersection related),Daylight,MAYNARD AVE S AND S DEARBORN ST,0,1,,2,3785291,Dry,51,PEDALCYCLIST STRUCK MOTOR VEHICLE FRONT END AT ANGLE,,11704,0,2,Injury Collision,,45,Bicycle,Matched,N,1,Clear or Partly Cloudy,0,"(47.59583534300003, -122.32506845099999)",0,0,N,16-331261
173801,226345,226685,Intersection,Cycles,0, ,,0,,08/23/2016 12:00:00 AM +0000,8/23/2016 5:59:00 PM,1,37625,At Intersection (intersection related),Daylight,RAVENNA AVE NE AND NE 98TH ST,0,1,Y,4,3767509,Dry,51,PEDALCYCLIST STRUCK MOTOR VEHICLE FRONT END AT ANGLE,,12480,1,2b,Serious Injury Collision,,45,Bicycle,Matched,N,1,Clear or Partly Cloudy,0,"(47.70025636500003, -122.30131815199996)",0,0,N,16-305153
173803,225777,226117,Block,Cycles,153, ,,0,Y,08/02/2016 12:00:00 AM +0000,8/2/2016 9:12:00 AM,1,,Driveway Junction,Daylight,1ST AVE BETWEEN SPRING ST AND SENECA ST,0,1,,3,E569189,Dry,18,"MOTOR VEHICLE STRUCK PEDALCYCLIST, FRONT END AT ANGLE",,1005,0,2,Injury Collision,,45,Bicycle,Matched,N,1,Clear or Partly Cloudy,0,"(47.60576386300005, -122.33721651799999)",0,0,N,2016-277219
173823,225780,226120,Intersection,Cycles,0, ,,0,,08/02/2016 12:00:00 AM +0000,8/2/2016 5:13:00 PM,1,28027,At Intersection (but not related to intersection),Daylight,DEXTER AVE N AND HAYES ST,0,1,,2,E570698,Dry,16,"MOTOR VEHICLE STRUCK MOTOR VEHICLE, LEFT SIDE SIDESWIPE",,10087,0,2,Injury Collision,,45,Bicycle,Matched,N,1,Clear or Partly Cloudy,0,"(47.63396882600006, -122.34228374299994)",0,0,N,2016-277857
173825,225779,226119,Block,Cycles,213, ,,0,Y,08/01/2016 12:00:00 AM +0000,8/1/2016 6:39:00 PM,1,,Mid-Block (not related to intersection),Daylight,GREEN LAKE DR N BETWEEN N 80TH ST AND STONE AVE N,0,1,,2,E570321,Dry,18,"MOTOR VEHICLE STRUCK PEDALCYCLIST, FRONT END AT ANGLE",,10682,0,2,Injury Collision,,45,Bicycle,Matched,N,1,Clear or Partly Cloudy,0,"(47.68729740900005, -122.34112502299996)",0,0,N,2016-276548
173846,225962,226302,Intersection,Cycles,0, ,,0,,08/11/2016 12:00:00 AM +0000,8/11/2016 6:40:00 PM,1,30486,At Intersection (intersection related),Daylight,6TH AVE AND YESLER WAY,0,1,,2,3791246,Dry,11,"MOTOR VEHICLE STRUCK MOTOR VEHICLE, FRONT END AT ANGLE",,7870,0,2,Injury Collision,,45,Bicycle,Matched,N,1,Clear or Partly Cloudy,0,"(47.60170997000006, -122.32635082599995)",0,0,N,2016-290055
173848,225539,225859,Block,Cycles,189, ,,0,,07/31/2016 12:00:00 AM +0000,7/31/2016 4:39:00 AM,1,,Mid-Block (but intersection related),Dark - Street Lights On,FAUNTLEROY WAY SW BETWEEN CALIFORNIA AVE SW AND 44TH AVE SW,0,1,,1,E573222,Dry,66,PEDALCYCLIST STRUCK OBJECT IN ROAD,,10400,0,2,Injury Collision,,45,Bicycle,Matched,N,0,Clear or Partly Cloudy,0,"(47.54474641000007, -122.38795461299998)",0,0,N,2016-274506
173855,226620,226960,Intersection,Cycles,0, ,,0,,07/19/2016 12:00:00 AM +0000,7/19/2016 7:57:00 AM,1,287171,At Intersection (intersection related),Daylight,BURKE GILMAN TRL AND NE 65TH ST,0,1,,2,E565360,Dry,18,"MOTOR VEHICLE STRUCK PEDALCYCLIST, FRONT END AT ANGLE",,287215,0,2,Injury Collision,,45,Bicycle,Matched,N,1,Clear or Partly Cloudy,0,"(47.67573704200004, -122.26656513399996)",0,0,N,2016-257817
173856,226611,226951,Intersection,Cycles,0, ,,0,,08/29/2016 12:00:00 AM +0000,8/29/2016 6:00:00 PM,0,28741,At Intersection (intersection related),Daylight,DEXTER AVE N AND ROY ST,0,1,,2,3785281,Dry,51,PEDALCYCLIST STRUCK MOTOR VEHICLE FRONT END AT ANGLE,,10078,0,1,Property Damage Only Collision,,45,Bicycle,Matched,N,1,Clear or Partly Cloudy,0,"(47.62540330500008, -122.34234200999998)",0,0,N,2016-313376
173857,226392,226732,Intersection,Cycles,0, ,,0,,08/11/2016 12:00:00 AM +0000,8/11/2016 6:09:00 PM,1,36423,At Intersection (intersection related),Daylight,FREMONT AVE N AND N 105TH ST,0,1,,2,E578336,Dry,18,"MOTOR VEHICLE STRUCK PEDALCYCLIST, FRONT END AT ANGLE",,10548,0,2,Injury Collision,,45,Bicycle,Matched,N,1,Clear or Partly Cloudy,0,"(47.705067504000056, -122.35007343599995)",0,0,N,2016-290011
173876,227387,227727,Block,Cycles,692.5, ,,0,,09/14/2016 12:00:00 AM +0000,9/14/2016 6:45:00 PM,1,,Mid-Block (not related to intersection),Unknown,HARBOR AVE SW BETWEEN SW MARYLAND PL AND CALIFORNIA WAY SW,0,1,,2,3692965,Unknown,11,"MOTOR VEHICLE STRUCK MOTOR VEHICLE, FRONT END AT ANGLE",,10814,1,2b,Serious Injury Collision,,45,Bicycle,Matched,N,1,Unknown,0,"(47.59131555300007, -122.38237552699997)",0,0,N,2016-336178
173932,173700,173720,Intersection,Cycles,0, ,,0,,08/14/2014 12:00:00 AM +0000,8/14/2014 12:50:00 PM,1,29913,At Intersection (intersection related),Daylight,5TH AVE AND UNION ST,0,1,,2,3584043,Dry,51,PEDALCYCLIST STRUCK MOTOR VEHICLE FRONT END AT ANGLE,,7235,0,2,Injury Collision,,45,Bicycle,Matched,N,1,Overcast,0,"(47.60968542100005, -122.33466559799996)",24884,0,N,14-269404
174058,228086,228426,Block,Cycles,86.5, ,,0,,09/27/2016 12:00:00 AM +0000,9/27/2016 6:31:00 PM,1,,Mid-Block (not related to intersection),Dusk,DEXTER AVE N BETWEEN 4TH S AVE N AND WESTLAKE AVE N,0,1,,3,3739978,Dry,18,"MOTOR VEHICLE STRUCK PEDALCYCLIST, FRONT END AT ANGLE",,10095,0,2,Injury Collision,,45,Bicycle,Matched,N,1,Clear or Partly Cloudy,0,"(47.645916260000035, -122.34965185899995)",0,0,N,2016-351193
174065,228397,228737,Block,Cycles,78.5, ,,0,,09/29/2016 12:00:00 AM +0000,9/29/2016 6:27:00 PM,1,,Driveway Junction,Daylight,RAINIER AVE S BETWEEN S COLLEGE N ST AND S COLLEGE S ST,0,1,Y,1,E590400,Dry,18,"MOTOR VEHICLE STRUCK PEDALCYCLIST, FRONT END AT ANGLE",,12361,0,2,Injury Collision,,45,Bicycle,Matched,N,1,Clear or Partly Cloudy,0,"(47.582955336000055, -122.30166480099996)",0,0,N,16-353924
174117,227876,228216,Block,Cycles,215, ,,0,,09/16/2016 12:00:00 AM +0000,9/16/2016 7:55:00 PM,1,,Mid-Block (not related to intersection),Dark - Street Lights On,NE 55TH ST BETWEEN 45TH AVE NE AND NE TULANE PL,1,1,,2,3735371,Dry,64,PEDALCYCLIST STRUCK PEDESTRIAN,,17058,1,2b,Serious Injury Collision,,45,Bicycle,Matched,N,0,Clear or Partly Cloudy,0,"(47.66915886800007, -122.27861440899994)",0,0,N,16-336820
174168,16465,16465,Intersection,Cycles,0, ,,0,,04/04/2013 12:00:00 AM +0000,4/4/2013 7:30:00 AM,1,36977,At Intersection (intersection related),Daylight,23RD AVE NW AND NW 85TH ST,0,1,Y,2,3569125,Unknown,23,"MOTOR VEHICLE STRUCK PEDALCYCLIST, LEFT SIDE SIDESWIPE",,3429,0,2,Injury Collision,,45,Bicycle,Matched,N,1,Unknown,0,"(47.69058226200008, -122.38541667499999)",0,0,N,13 112784
174180,16776,16776,Block,Cycles,153, ,,0,,04/11/2013 12:00:00 AM +0000,4/11/2013 2:09:00 PM,1,,Mid-Block (not related to intersection),Daylight,1ST AVE S BETWEEN S MAIN ST AND S JACKSON ST,0,1,Y,2,3562743,Wet,18,"MOTOR VEHICLE STRUCK PEDALCYCLIST, FRONT END AT ANGLE",,1187,0,2,Injury Collision,,45,Bicycle,Matched,N,1,Raining,0,"(47.59962589500003, -122.33418648099996)",36127,0,N,13-121596
174203,224884,225184,Intersection,Cycles,0, ,,0,,07/30/2016 12:00:00 AM +0000,7/30/2016 9:47:00 AM,1,26840,At Intersection (intersection related),Daylight,BURKE AVE N AND N 41ST ST,0,1,,3,3769451,Dry,14,"MOTOR VEHICLE STRUCK MOTOR VEHICLE, REAR END",,9507,0,2,Injury Collision,,45,Bicycle,Matched,N,1,Clear or Partly Cloudy,0,"(47.65681057300003, -122.33504667499994)",0,0,N,2016-273246
174213,228095,228435,Block,Cycles,451.5, ,,0,,09/14/2016 12:00:00 AM +0000,9/14/2016 7:42:00 AM,0,,Driveway Junction,Daylight,S HENDERSON ST BETWEEN RAINIER AVE S AND 53RD AVE S,0,1,,2,3754545,Dry,18,"MOTOR VEHICLE STRUCK PEDALCYCLIST, FRONT END AT ANGLE",,20245,0,1,Property Damage Only Collision,,45,Bicycle,Matched,N,1,Clear or Partly Cloudy,0,"(47.52330258200004, -122.26816089599998)",0,0,N,2016-333191
174229,226862,227202,Block,Cycles,133.5, ,,0,,08/19/2016 12:00:00 AM +0000,8/19/2016 1:00:00 PM,1,,Mid-Block (not related to intersection),Daylight,8TH AVE NW BETWEEN NW 87TH ST AND NW 88TH ST,0,1,,2,3769586,Unknown,51,PEDALCYCLIST STRUCK MOTOR VEHICLE FRONT END AT ANGLE,,8414,0,2,Injury Collision,,45,Bicycle,Matched,N,1,Unknown,0,"(47.692445547000034, -122.36600335299994)",8414,0,N,2016-329667
174231,226858,227198,Block,Cycles,166, ,,0,,08/16/2016 12:00:00 AM +0000,8/16/2016 5:00:00 PM,1,,Driveway Junction,Daylight,ROOSEVELT WAY NE BETWEEN NE 108TH ST AND NE NORTHGATE WAY,0,1,Y,2,3769571,Dry,18,"MOTOR VEHICLE STRUCK PEDALCYCLIST, FRONT END AT ANGLE",,12652,0,2,Injury Collision,,45,Bicycle,Matched,N,1,Clear or Partly Cloudy,0,"(47.70810451500006, -122.31784561999996)",12652,0,N,2016-296588
174257,225567,225887,Block,Cycles,166.5,NEI,"Not Enough Information, or Insufficient Location Information",0,,08/12/2016 12:00:00 AM +0000,8/12/2016 2:45:00 PM,1,,,Daylight,OCCIDENTAL AVE S BETWEEN S JACKSON ST AND S KING E ST,0,1,,2,E573052,Dry,00,NOT ENOUGH INFORMATION / NOT APPLICABLE,,12023,0,2,Injury Collision,,45,Bicycle,Matched,N,1,Clear or Partly Cloudy,0,"(47.59874765700005, -122.33288401699997)",0,0,N,2016-291176
174270,227082,227422,Block,Cycles,44, ,,0,,08/11/2016 12:00:00 AM +0000,8/11/2016 9:07:00 PM,1,,Mid-Block (not related to intersection),Dark - Street Lights On,TAYLOR AVE N BETWEEN ALOHA ST AND WARD PL,0,1,,2,3785151,Dry,21,"MOTOR VEHICLE STRUCK PEDALCYCLIST, REAR END",,13080,0,2,Injury Collision,Y,45,Bicycle,Matched,N,1,Clear or Partly Cloudy,0,"(47.62727483400005, -122.34624372199994)",0,0,N,2016-290199
174316,16494,16494,Intersection,Cycles,0, ,,0,,04/03/2013 12:00:00 AM +0000,4/3/2013 1:40:00 PM,1,37899,At Intersection (intersection related),Daylight,35TH AVE NE AND NE 95TH ST,0,1,Y,2,3597407,Dry,18,"MOTOR VEHICLE STRUCK PEDALCYCLIST, FRONT END AT ANGLE",,5381,0,2,Injury Collision,,45,Bicycle,Matched,N,1,Clear or Partly Cloudy,0,"(47.69745879700008, -122.29053117799998)",0,524610,N,13-111728
174327,16663,16663,Intersection,Cycles,0,NEI,"Not Enough Information, or Insufficient Location Information",0,,04/08/2013 12:00:00 AM +0000,4/8/2013 5:40:00 PM,0,30192,At Intersection (intersection related),Daylight,18TH AVE AND E JEFFERSON ST,0,1,,2,3645768,Unknown,00,NOT ENOUGH INFORMATION / NOT APPLICABLE,,2535,0,1,Property Damage Only Collision,,45,Bicycle,Matched,N,1,Unknown,0,"(47.60616997200003, -122.30894195199994)",10022,0,N,13-118226
174422,224922,225222,Intersection,Cycles,0, ,,0,,07/26/2016 12:00:00 AM +0000,7/26/2016 5:21:00 PM,0,25525,At Intersection (intersection related),Daylight,MERIDIAN AVE N AND N 50TH ST,0,1,,2,3769516,Dry,18,"MOTOR VEHICLE STRUCK PEDALCYCLIST, FRONT END AT ANGLE",,11798,0,1,Property Damage Only Collision,,45,Bicycle,Matched,N,1,Clear or Partly Cloudy,0,"(47.66503572100004, -122.33371870099995)",0,0,N,2016-268110
174491,228425,228765,Intersection,Cycles,0, ,,0,,09/20/2016 12:00:00 AM +0000,9/20/2016 4:45:00 PM,1,27184,At Intersection (intersection related),Daylight,EASTERN AVE N AND N 45TH ST,0,1,,2,3762482,Dry,18,"MOTOR VEHICLE STRUCK PEDALCYCLIST, FRONT END AT ANGLE",,10159,0,2,Injury Collision,,45,Bicycle,Matched,N,1,Clear or Partly Cloudy,0,"(47.661363347000076, -122.32896932599999)",0,0,N,16-341708
174539,225381,225701,Block,Cycles,52, ,,0,,07/27/2016 12:00:00 AM +0000,7/27/2016 2:45:00 PM,1,,Mid-Block (not related to intersection),Daylight,WESTLAKE AVE N BETWEEN GALER S ST AND 8TH N AVE N,0,1,Y,2,3784701,Dry,18,"MOTOR VEHICLE STRUCK PEDALCYCLIST, FRONT END AT ANGLE",,519941,0,2,Injury Collision,,45,Bicycle,Matched,N,1,Clear or Partly Cloudy,0,"(47.632410563000064, -122.34092180899995)",0,0,N,2016-269260
174557,227098,227438,Block,Cycles,158,NEI,"Not Enough Information, or Insufficient Location Information",0,Y,08/24/2016 12:00:00 AM +0000,8/24/2016 8:12:00 AM,1,,,Daylight,DEXTER AVE N BETWEEN HIGHLAND DR AND COMSTOCK ST,1,1,,2,E580404,Dry,00,NOT ENOUGH INFORMATION / NOT APPLICABLE,,10081,0,2,Injury Collision,,45,Bicycle,Matched,N,0,Clear or Partly Cloudy,0,"(47.63015164300003, -122.34229977599995)",0,0,N,2016-305785
174565,226883,227223,Block,Cycles,179.5, ,,0,,08/14/2016 12:00:00 AM +0000,8/14/2016 6:54:00 PM,0,,Driveway Junction,Daylight,BROADWAY BETWEEN MARION ST AND MADISON ST,0,1,,2,3771358,Dry,18,"MOTOR VEHICLE STRUCK PEDALCYCLIST, FRONT END AT ANGLE",,9443,0,1,Property Damage Only Collision,,45,Bicycle,Matched,N,1,Clear or Partly Cloudy,0,"(47.610675068000035, -122.32075931399999)",9443,0,N,2016-294113
174572,226459,226799,Block,Cycles,437, ,,0,,07/08/2016 12:00:00 AM +0000,7/8/2016 2:51:00 PM,1,,Mid-Block (not related to intersection),Daylight,5TH AVE NE BETWEEN NE 106TH ST AND NE NORTHGATE WAY,0,1,,2,3769680,Dry,18,"MOTOR VEHICLE STRUCK PEDALCYCLIST, FRONT END AT ANGLE",,7255,0,2,Injury Collision,,45,Bicycle,Matched,N,1,Clear or Partly Cloudy,0,"(47.707395123000026, -122.32324054099996)",0,0,N,2016-244478
174577,227105,227445,Block,Cycles,160, ,,0,,08/30/2016 12:00:00 AM +0000,8/30/2016 5:52:00 PM,1,,Mid-Block (not related to intersection),Daylight,DEXTER AVE N BETWEEN WARD ST AND PROSPECT ST,0,1,Y,2,3785263,Dry,18,"MOTOR VEHICLE STRUCK PEDALCYCLIST, FRONT END AT ANGLE",,10080,1,2b,Serious Injury Collision,,45,Bicycle,Matched,N,1,Clear or Partly Cloudy,0,"(47.628445717000034, -122.34231499099997)",0,0,N,2016-314682
174588,227102,227442,Block,Cycles,124, ,,0,Y,08/20/2016 12:00:00 AM +0000,8/20/2016 10:31:00 PM,1,,Mid-Block (not related to intersection),Dark - Street Lights On,DENNY WAY BETWEEN 3RD AVE AND BROAD ST,0,1,,2,3785202,Dry,14,"MOTOR VEHICLE STRUCK MOTOR VEHICLE, REAR END",,10002,0,2,Injury Collision,,45,Bicycle,Matched,N,1,Clear or Partly Cloudy,0,"(47.61858417000008, -122.35085970999995)",0,0,N,2016-301773
174591,226665,227005,Block,Cycles,328, ,,0,,08/30/2016 12:00:00 AM +0000,8/30/2016 12:40:00 PM,1,,Mid-Block (not related to intersection),Daylight,GREENWOOD AVE N BETWEEN N 87TH ST AND N 90TH ST,0,1,,2,E580482,Dry,23,"MOTOR VEHICLE STRUCK PEDALCYCLIST, LEFT SIDE SIDESWIPE",,10754,0,2,Injury Collision,,45,Bicycle,Matched,N,1,Clear or Partly Cloudy,0,"(47.69331628200007, -122.35533015699997)",0,0,N,2016-314320
174621,227738,228078,Block,Cycles,333.5, ,,0,,09/09/2016 12:00:00 AM +0000,9/9/2016 9:10:00 PM,1,,Mid-Block (not related to intersection),Daylight,15TH AVE W BETWEEN W BERTONA ST AND W RUFFNER ST,0,1,,1,3782810,Dry,26,MOTOR VEHICLE STRUCK OBJECT IN ROAD,,2194,0,2,Injury Collision,,45,Bicycle,Matched,N,0,Clear or Partly Cloudy,0,"(47.65125313600004, -122.37625597999994)",0,0,N,2016-327672
174629,227922,228262,Alley,Cycles,, ,,0,,09/29/2016 12:00:00 AM +0000,9/29/2016 3:11:00 PM,1,,,Daylight,,0,1,,3,3739958,Dry,00,NOT ENOUGH INFORMATION / NOT APPLICABLE,,,0,2,Injury Collision,,45,Bicycle,Matched,N,1,Clear or Partly Cloudy,0,,0,0,N,2016-353664
174651,225626,225966,Block,Cycles,333.5, ,,0,Y,08/05/2016 12:00:00 AM +0000,8/5/2016 9:20:00 AM,1,,Driveway Junction,Daylight,NE NORTHGATE WAY BETWEEN 8TH AVE NE AND ROOSEVELT WAY NE,0,1,,2,E573739,Dry,51,PEDALCYCLIST STRUCK MOTOR VEHICLE FRONT END AT ANGLE,,18014,0,2,Injury Collision,,45,Bicycle,Matched,N,1,Clear or Partly Cloudy,0,"(47.708569219000026, -122.31920878399995)",0,0,N,2016-281480
174690,228452,228792,Intersection,Cycles,0, ,,0,,09/28/2016 12:00:00 AM +0000,9/28/2016 6:55:00 AM,0,26726,At Intersection (intersection related),Daylight,13TH AVE W AND W NICKERSON ST,0,1,,2,3785306,Dry,11,"MOTOR VEHICLE STRUCK MOTOR VEHICLE, FRONT END AT ANGLE",,1839,0,1,Property Damage Only Collision,,45,Bicycle,Matched,N,1,Clear or Partly Cloudy,0,"(47.65551366400007, -122.37361083699994)",0,0,N,16-351691
174707,226272,226612,Intersection,Cycles,0, ,,0,,08/08/2016 12:00:00 AM +0000,8/8/2016 9:30:00 AM,1,37305,At Intersection (intersection related),Daylight,WALLINGFORD AVE N AND N 97TH ST,0,1,,2,E577614,Dry,18,"MOTOR VEHICLE STRUCK PEDALCYCLIST, FRONT END AT ANGLE",,13394,0,2,Injury Collision,,45,Bicycle,Matched,N,1,Overcast,0,"(47.69959421500005, -122.33654463199997)",0,0,N,2016-285375
174718,226525,226865,Intersection,Cycles,0, ,,0,,08/22/2016 12:00:00 AM +0000,8/22/2016 7:54:00 PM,1,30688,At Intersection (intersection related),Dusk,29TH AVE S AND S IRVING ST,0,1,,2,3771365,Dry,18,"MOTOR VEHICLE STRUCK PEDALCYCLIST, FRONT END AT ANGLE",,20470,0,2,Injury Collision,,45,Bicycle,Matched,N,1,Clear or Partly Cloudy,0,"(47.59127134600004, -122.29545995599995)",0,0,N,16-303913
174744,226538,226878,Intersection,Cycles,0, ,,0,,08/26/2016 12:00:00 AM +0000,8/26/2016 10:58:00 PM,1,29862,At Intersection (intersection related),Dark - Street Lights On,BELLEVUE AVE AND E PINE ST,0,1,,2,3771372,Dry,51,PEDALCYCLIST STRUCK MOTOR VEHICLE FRONT END AT ANGLE,,9213,0,2,Injury Collision,,45,Bicycle,Matched,Y,1,Clear or Partly Cloudy,0,"(47.61521815300006, -122.32680418799998)",0,0,N,2016-309658
174849,16729,16729,Block,Cycles,114, ,,0,,04/08/2013 12:00:00 AM +0000,4/8/2013 2:36:00 PM,0,,Mid-Block (but intersection related),Daylight,NE 47TH ST BETWEEN 24TH AVE NE AND 25TH AVE NE,0,1,,2,3551423,Dry,18,"MOTOR VEHICLE STRUCK PEDALCYCLIST, FRONT END AT ANGLE",,16906,0,1,Property Damage Only Collision,,45,Bicycle,Matched,N,1,Overcast,0,"(47.66313985600004, -122.30127199299994)",0,0,N,13-117983