OBJECTID,INCKEY,COLDETKEY,ADDRTYPE,COLLISIONTYPE,DISTANCE,EXCEPTRSNCODE,EXCEPTRSNDESC,FATALITIES,INATTENTIONIND,INCDATE,INCDTTM,INJURIES,INTKEY,JUNCTIONTYPE,LIGHTCOND,LOCATION,PEDCOUNT,PEDCYLCOUNT,PEDROWNOTGRNT,PERSONCOUNT,REPORTNO,ROADCOND,SDOT_COLCODE,SDOT_COLDESC,SDOTCOLNUM,SEGKEY,SERIOUSINJURIES,SEVERITYCODE,SEVERITYDESC,SPEEDING,ST_COLCODE,ST_COLDESC,STATUS,UNDERINFL,VEHCOUNT,WEATHER,WIDTH,Shape,SEGLANEKEY,CROSSWALKKEY,HITPARKEDCAR,SPDCASENO
174853,227961,228301,Block,Cycles,26,NEI,"Not Enough Information, or Insufficient Location Information",0,,08/18/2016 12:00:00 AM +0000,8/18/2016 4:00:00 PM,0,,Mid-Block (not related to intersection),Daylight,15TH AVE E BETWEEN E HARRISON S ST AND E HARRISON N ST,0,1,,2,3707460,Dry,00,NOT ENOUGH INFORMATION / NOT APPLICABLE,,2006,0,1,Property Damage Only Collision,,45,Bicycle,Matched,N,1,Clear or Partly Cloudy,0,"(47.62201610500006, -122.31264321799995)",0,0,N,2016-303428
174864,227769,228109,Intersection,Cycles,0, ,,0,,09/22/2016 12:00:00 AM +0000,9/22/2016 1:43:00 PM,1,29914,At Intersection (intersection related),Daylight,6TH AVE AND UNIVERSITY ST,0,1,,3,E588061,Dry,18,"MOTOR VEHICLE STRUCK PEDALCYCLIST, FRONT END AT ANGLE",,7880,0,2,Injury Collision,,45,Bicycle,Matched,N,1,Clear or Partly Cloudy,0,"(47.60916022100008, -122.33264019499995)",0,0,N,2016-344200
174886,227574,227914,Block,Cycles,63, ,,0,,09/21/2016 12:00:00 AM +0000,9/21/2016 8:00:00 AM,1,,Mid-Block (but intersection related),Daylight,NE 125TH ST BETWEEN ROOSEVELT N WAY NE AND NE 125TH E ST,0,1,,1,E587059,Dry,11,"MOTOR VEHICLE STRUCK MOTOR VEHICLE, FRONT END AT ANGLE",,16479,0,2,Injury Collision,,45,Bicycle,Matched,N,1,Clear or Partly Cloudy,0,"(47.71965916600004, -122.31791270099995)",0,0,N,2016-342526
174888,227573,227913,Intersection,Cycles,0, ,,0,Y,09/06/2016 12:00:00 AM +0000,9/6/2016 3:58:00 PM,1,26977,At Intersection (intersection related),Daylight,FREMONT AVE N AND N 41ST ST,0,1,,4,3769627,Dry,18,"MOTOR VEHICLE STRUCK PEDALCYCLIST, FRONT END AT ANGLE",,10491,0,2,Injury Collision,,45,Bicycle,Matched,N,1,Clear or Partly Cloudy,0,"(47.656662924000045, -122.34994844099998)",0,0,N,2016-323441
174892,227947,228287,Intersection,Cycles,0, ,,0,Y,09/30/2016 12:00:00 AM +0000,9/30/2016 4:15:00 PM,1,32298,At Intersection (intersection related),Daylight,15TH AVE S AND S NEVADA ST,0,1,,2,3754736,Dry,18,"MOTOR VEHICLE STRUCK PEDALCYCLIST, FRONT END AT ANGLE",,2157,0,2,Injury Collision,,45,Bicycle,Matched,N,1,Clear or Partly Cloudy,0,"(47.56532118300004, -122.31349054299994)",0,0,N,16-355252
174920,225416,225736,Intersection,Cycles,0, ,,0,Y,07/29/2016 12:00:00 AM +0000,7/29/2016 2:00:00 PM,1,27955,At Intersection (intersection related),Daylight,15TH AVE W AND W HOWE ST,0,1,,2,3785032,Dry,18,"MOTOR VEHICLE STRUCK PEDALCYCLIST, FRONT END AT ANGLE",,2186,0,2,Injury Collision,,45,Bicycle,Matched,N,1,Clear or Partly Cloudy,0,"(47.63595304800003, -122.37613788399995)",0,0,N,2016-272010
175016,225234,225534,Block,Cycles,57.5, ,,0,Y,07/27/2016 12:00:00 AM +0000,7/27/2016 8:01:00 PM,1,,Mid-Block (but intersection related),Daylight,STEWART ST BETWEEN DENNY WAY AND YALE AVE N,0,1,,5,E570440,Dry,18,"MOTOR VEHICLE STRUCK PEDALCYCLIST, FRONT END AT ANGLE",,12911,0,2,Injury Collision,,45,Bicycle,Matched,N,1,Clear or Partly Cloudy,0,"(47.61860765400007, -122.33056755099994)",0,0,N,2016-269685
175036,226534,226874,Intersection,Cycles,0, ,,0,,08/25/2016 12:00:00 AM +0000,8/25/2016 7:01:00 PM,1,29292,At Intersection (intersection related),Daylight,M L KING JR WAY E AND E MADISON ST,0,1,,3,3771370,Dry,51,PEDALCYCLIST STRUCK MOTOR VEHICLE FRONT END AT ANGLE,,4261,0,2,Injury Collision,,45,Bicycle,Matched,N,1,Clear or Partly Cloudy,0,"(47.62331723700004, -122.29642410499997)",0,0,N,2016-307951
175147,226925,227265,Intersection,Cycles,0, ,,0,Y,09/05/2016 12:00:00 AM +0000,9/5/2016 4:37:00 PM,1,24227,At Intersection (intersection related),Daylight,GREEN LAKE DR N AND STONE AVE N,0,1,,2,E582480,Dry,21,"MOTOR VEHICLE STRUCK PEDALCYCLIST, REAR END",,10683,0,2,Injury Collision,,45,Bicycle,Matched,N,1,Overcast,0,"(47.687656710000056, -122.34180961699997)",0,0,N,2016-322174
175171,227941,228281,Intersection,Cycles,0, ,,0,Y,08/16/2016 12:00:00 AM +0000,8/16/2016 5:27:00 AM,1,27149,At Intersection (intersection related),Dark - Street Lights On,15TH AVE NE AND NE PACIFIC ST,0,1,,2,3120418,Dry,51,PEDALCYCLIST STRUCK MOTOR VEHICLE FRONT END AT ANGLE,,2028,0,2,Injury Collision,,45,Bicycle,Matched,N,1,Clear or Partly Cloudy,0,"(47.65297596400006, -122.31246414499998)",0,0,N,2016-00004983
175189,225398,225718,Block,Cycles,270,NEI,"Not Enough Information, or Insufficient Location Information",0,,08/02/2016 12:00:00 AM +0000,8/2/2016 3:55:00 PM,1,,,Daylight,15TH AVE NE BETWEEN NE 43RD ST AND NE 45TH ST,0,1,,2,E569711,Dry,00,NOT ENOUGH INFORMATION / NOT APPLICABLE,,2034,0,2,Injury Collision,,45,Bicycle,Matched,N,1,Clear or Partly Cloudy,0,"(47.660520252000026, -122.31201284599996)",0,0,N,2016-277827
175197,226498,226838,Intersection,Cycles,0, ,,0,Y,07/29/2016 12:00:00 AM +0000,7/29/2016 5:27:00 PM,1,28885,At Intersection (intersection related),Daylight,3RD AVE N AND ROY ST,0,1,Y,5,3740267,Dry,18,"MOTOR VEHICLE STRUCK PEDALCYCLIST, FRONT END AT ANGLE",,4398,0,2,Injury Collision,,45,Bicycle,Matched,N,1,Clear or Partly Cloudy,0,"(47.62543769000007, -122.35148024999995)",0,0,N,16-272309
175243,17129,17129,Block,Cycles,371,,,0,,09/03/2004 12:00:00 AM +0000,9/3/2004,1,,Mid-Block (not related to intersection),Dark - Street Lights On,BOREN AVE BETWEEN E FIR ST AND E ALDER ST,0,1,,2,1798936,Dry,18,"MOTOR VEHICLE STRUCK PEDALCYCLIST, FRONT END AT ANGLE",04247008,9304,0,2,Injury Collision,,45,Bicycle,Matched,0,1,Clear or Partly Cloudy,0,"(47.60352505800006, -122.31971430299996)",0,0,N,04-370781
175250,16969,16969,Intersection,Cycles,0,,,0,,08/11/2004 12:00:00 AM +0000,8/11/2004 6:35:00 PM,1,28050,At Intersection (intersection related),Daylight,1ST AVE N AND FLORENTIA ST,0,1,,3,1213255,Dry,18,"MOTOR VEHICLE STRUCK PEDALCYCLIST, FRONT END AT ANGLE",04224038,10457,1,2b,Serious Injury Collision,,45,Bicycle,Matched,0,1,Clear or Partly Cloudy,0,"(47.64688578200003, -122.35552963099997)",0,0,N,04-335859
175300,16977,16977,Block,Cycles,148,,,0,,12/02/2004 12:00:00 AM +0000,12/2/2004,1,,Mid-Block (not related to intersection),Daylight,2ND AVE BETWEEN PINE ST AND STEWART ST,0,1,,2,1482733,Dry,54,PEDALCYCLIST STRUCK MOTOR VEHICLE REAR END,04337020,2759,1,2b,Serious Injury Collision,,45,Bicycle,Matched,0,1,Clear or Partly Cloudy,0,"(47.61062229600003, -122.34012716999996)",0,0,N,4500563
175402,226920,227260,Block,Cycles,244.5, ,,0,,09/02/2016 12:00:00 AM +0000,9/2/2016 5:57:00 AM,0,,Mid-Block (but intersection related),Dawn,LAKE CITY WAY NE BETWEEN 30TH N AVE NE AND 31ST AVE NE,0,1,,2,E581791,Dry,23,"MOTOR VEHICLE STRUCK PEDALCYCLIST, LEFT SIDE SIDESWIPE",,11181,0,1,Property Damage Only Collision,,45,Bicycle,Matched,N,1,Overcast,0,"(47.71826319300004, -122.29583379599995)",0,0,N,2016-317731
175403,227939,228279,Block,Cycles,61, ,,0,,08/15/2016 12:00:00 AM +0000,8/15/2016 1:10:00 PM,1,,Mid-Block (not related to intersection),Daylight,S ROYAL BROUGHAM WAY BETWEEN ALASKAN WAY S AND ALASKAN E RDWY WAY S,0,1,,2,2880209,Dry,51,PEDALCYCLIST STRUCK MOTOR VEHICLE FRONT END AT ANGLE,,21212,0,2,Injury Collision,,45,Bicycle,Matched,N,1,Clear or Partly Cloudy,0,,0,0,N,16-024047
175427,227750,228090,Intersection,Cycles,0, ,,0,,09/22/2016 12:00:00 AM +0000,9/22/2016 5:42:00 PM,1,35421,At Intersection (but not related to intersection),Daylight,54TH AVE S AND S GRATTAN W ST,0,1,,1,E588018,Dry,18,"MOTOR VEHICLE STRUCK PEDALCYCLIST, FRONT END AT ANGLE",,20161,0,2,Injury Collision,,45,Bicycle,Matched,N,1,Clear or Partly Cloudy,0,"(47.528512731000035, -122.26519552799999)",0,0,N,2016-344523
175447,226471,226811,Intersection,Cycles,0, ,,0,,07/09/2016 12:00:00 AM +0000,7/9/2016 10:48:00 PM,0,29973,At Intersection (intersection related),Dark - Street Lights On,6TH AVE AND JAMES ST,0,1,,2,3783002,Dry,18,"MOTOR VEHICLE STRUCK PEDALCYCLIST, FRONT END AT ANGLE",,7873,0,1,Property Damage Only Collision,,45,Bicycle,Matched,N,1,Clear or Partly Cloudy,0,"(47.60416123500005, -122.32807857799997)",0,0,N,2016-246261
175463,226674,227014,Intersection,Cycles,0, ,,0,,08/31/2016 12:00:00 AM +0000,8/31/2016 11:31:00 AM,1,29671,At Intersection (intersection related),Daylight,5TH AVE AND WALL ST,1,1,Y,2,E579904,Dry,24,MOTOR VEHCILE STRUCK PEDESTRIAN,,7248,0,2,Injury Collision,,45,Bicycle,Matched,N,0,Overcast,0,"(47.61735578400004, -122.34531173799996)",0,523884,N,2016-315496
175476,225389,225709,Block,Cycles,127.5, ,,0,,07/26/2016 12:00:00 AM +0000,7/26/2016 2:49:00 PM,1,,Mid-Block (not related to intersection),Daylight,6TH AVE BETWEEN OLIVE WAY AND STEWART ST,0,1,,2,3784903,Dry,18,"MOTOR VEHICLE STRUCK PEDALCYCLIST, FRONT END AT ANGLE",,7886,1,2b,Serious Injury Collision,,45,Bicycle,Matched,N,1,Clear or Partly Cloudy,0,"(47.61337526800003, -122.33664679399999)",0,0,N,2016-267891
175503,227729,228069,Block,Cycles,331.5, ,,0,Y,09/10/2016 12:00:00 AM +0000,9/10/2016 9:45:00 AM,1,,Mid-Block (not related to intersection),Daylight,N 80TH ST BETWEEN FREMONT AVE N AND LINDEN AVE N,0,1,,3,3769807,Dry,18,"MOTOR VEHICLE STRUCK PEDALCYCLIST, FRONT END AT ANGLE",,15893,0,2,Injury Collision,,45,Bicycle,Matched,N,1,Clear or Partly Cloudy,0,"(47.68693988200005, -122.34856201099996)",0,0,N,16-328278
175507,226873,227213,Block,Cycles,286.5, ,,0,Y,08/29/2016 12:00:00 AM +0000,8/29/2016 5:43:00 PM,1,,Driveway Junction,Daylight,20TH AVE NE BETWEEN NE 50TH ST AND NE 52ND ST,0,1,,2,3769883,Dry,18,"MOTOR VEHICLE STRUCK PEDALCYCLIST, FRONT END AT ANGLE",,2962,0,2,Injury Collision,,45,Bicycle,Matched,N,1,Clear or Partly Cloudy,0,"(47.66563879200004, -122.30650234699999)",2962,0,N,2016-313424
175538,225148,225448,Block,Cycles,166, ,,0,,08/07/2016 12:00:00 AM +0000,8/7/2016 12:51:00 PM,1,,Mid-Block (not related to intersection),Daylight,LAKE CITY WAY NE BETWEEN NE 89TH ST AND NE 90TH ST,0,1,,2,E572001,Dry,11,"MOTOR VEHICLE STRUCK MOTOR VEHICLE, FRONT END AT ANGLE",,11154,0,2,Injury Collision,,45,Bicycle,Matched,N,1,Clear or Partly Cloudy,0,"(47.69347500900005, -122.30547684299995)",0,0,N,2016-284450
175610,227067,227407,Block,Cycles,213, ,,0,Y,08/12/2016 12:00:00 AM +0000,8/12/2016 1:24:00 PM,0,,Mid-Block (not related to intersection),Daylight,1ST AVE BETWEEN PIKE ST AND PINE ST,0,1,,2,3784751,Dry,18,"MOTOR VEHICLE STRUCK PEDALCYCLIST, FRONT END AT ANGLE",,1009,0,1,Property Damage Only Collision,,45,Bicycle,Matched,N,1,Clear or Partly Cloudy,0,"(47.60931643300006, -122.34046666699999)",0,0,N,2016-291090
175643,226404,226744,Intersection,Cycles,0, ,,0,Y,08/31/2016 12:00:00 AM +0000,8/31/2016 8:39:00 AM,1,30142,At Intersection (intersection related),Daylight,16TH AVE AND E UNION ST,0,1,,2,E579447,Dry,18,"MOTOR VEHICLE STRUCK PEDALCYCLIST, FRONT END AT ANGLE",,2228,0,2,Injury Collision,,45,Bicycle,Matched,N,1,Overcast,0,"(47.61290842600005, -122.31147435399998)",0,0,N,2016-315306
175757,228389,228729,Block,Cycles,662.5, ,,1,,09/21/2016 12:00:00 AM +0000,9/21/2016 4:20:00 PM,0,,Mid-Block (not related to intersection),Daylight,1ST AVE NE BETWEEN NE 95TH ST AND NE 100TH ST,0,1,,2,3787337,Dry,18,"MOTOR VEHICLE STRUCK PEDALCYCLIST, FRONT END AT ANGLE",,1093,0,3,Fatality Collision,,45,Bicycle,Matched,Y,1,Clear or Partly Cloudy,0,"(47.69954623600006, -122.32847784199998)",0,0,N,2016-343041
175759,228383,228723,Intersection,Cycles,0, ,,0,Y,09/16/2016 12:00:00 AM +0000,9/16/2016 1:30:00 AM,1,33046,At Intersection (intersection related),Dark - Street Lights On,1ST AVE S AND EAST MARGINAL WAY S,0,1,,2,3787319,Dry,14,"MOTOR VEHICLE STRUCK MOTOR VEHICLE, REAR END",,14404,0,2,Injury Collision,,45,Bicycle,Matched,N,1,Raining,0,"(47.54827138300004, -122.33430913199999)",0,0,N,2016-340138
175763,224826,225126,Intersection,Cycles,0, ,,0,,07/27/2016 12:00:00 AM +0000,7/27/2016 7:48:00 AM,1,33362,At Intersection (intersection related),Daylight,15TH AVE S AND S LUCILE ST,0,1,,2,E568004,Dry,18,"MOTOR VEHICLE STRUCK PEDALCYCLIST, FRONT END AT ANGLE",,2169,0,2,Injury Collision,,45,Bicycle,Matched,N,1,Clear or Partly Cloudy,0,"(47.55344267600003, -122.31347288299997)",0,0,N,2016-268799
175777,225563,225883,Intersection,Cycles,0,NEI,"Not Enough Information, or Insufficient Location Information",0,,08/11/2016 12:00:00 AM +0000,8/11/2016 10:24:00 AM,1,30013,At Intersection (intersection related),Daylight,M L KING JR WAY AND E PIKE ST,0,1,,2,E573012,Dry,00,NOT ENOUGH INFORMATION / NOT APPLICABLE,,11491,1,2b,Serious Injury Collision,,45,Bicycle,Matched,N,1,Clear or Partly Cloudy,0,"(47.614119050000056, -122.29618208199997)",0,0,N,2016-289373
175828,227657,227997,Block,Cycles,161, ,,0,,09/20/2016 12:00:00 AM +0000,9/20/2016 9:10:00 AM,0,,Mid-Block (but intersection related),Daylight,PINE ST BETWEEN 4TH AVE AND 5TH AVE,0,1,,1,E587426,Dry,21,"MOTOR VEHICLE STRUCK PEDALCYCLIST, REAR END",,12216,0,1,Property Damage Only Collision,,45,Bicycle,Matched,N,1,Clear or Partly Cloudy,0,"(47.61143896100003, -122.33703967999998)",0,0,N,2016-341044
175834,227653,227993,Intersection,Cycles,0, ,,0,Y,09/21/2016 12:00:00 AM +0000,9/21/2016 9:07:00 AM,1,26897,At Intersection (intersection related),Daylight,STONE WAY N AND N 35TH ST,0,1,,1,E587424,Dry,18,"MOTOR VEHICLE STRUCK PEDALCYCLIST, FRONT END AT ANGLE",,12956,0,2,Injury Collision,,45,Bicycle,Matched,N,1,Overcast,0,"(47.64941986700006, -122.34273258699994)",0,0,N,2016-342495
175865,226607,226947,Intersection,Cycles,0, ,,0,,08/25/2016 12:00:00 AM +0000,8/25/2016 4:45:00 PM,1,28741,At Intersection (intersection related),Daylight,DEXTER AVE N AND ROY ST,0,1,,2,3785204,Dry,18,"MOTOR VEHICLE STRUCK PEDALCYCLIST, FRONT END AT ANGLE",,10078,0,2,Injury Collision,,45,Bicycle,Matched,N,1,Clear or Partly Cloudy,0,"(47.62540330500008, -122.34234200999998)",0,523519,N,2016-307787
175868,226605,226945,Intersection,Cycles,0, ,,0,,08/16/2016 12:00:00 AM +0000,8/16/2016 5:13:00 PM,2,30447,At Intersection (intersection related),Daylight,8TH AVE S AND S DEARBORN ST,0,1,,2,3785176,Dry,51,PEDALCYCLIST STRUCK MOTOR VEHICLE FRONT END AT ANGLE,,19830,1,2b,Serious Injury Collision,,45,Bicycle,Matched,N,1,Clear or Partly Cloudy,0,"(47.59583116700003, -122.32245866299996)",0,0,N,2016-296607
175958,225788,226128,Block,Cycles,52.5, ,,0,Y,08/04/2016 12:00:00 AM +0000,8/4/2016 10:08:00 AM,1,,Driveway Junction,Daylight,DEXTER AVE N BETWEEN MERCER ST AND BROAD ST,0,1,,2,E570576,Dry,18,"MOTOR VEHICLE STRUCK PEDALCYCLIST, FRONT END AT ANGLE",,10076,0,2,Injury Collision,,45,Bicycle,Matched,N,1,Clear or Partly Cloudy,0,"(47.62469271300006, -122.34234357199995)",0,0,N,16-280104
175964,225950,226290,Intersection,Cycles,0, ,,0,,08/22/2016 12:00:00 AM +0000,8/22/2016 6:19:00 PM,1,32589,At Intersection (intersection related),Daylight,50TH AVE S AND S GENESEE ST,0,1,,2,E577486,Dry,18,"MOTOR VEHICLE STRUCK PEDALCYCLIST, FRONT END AT ANGLE",,7441,0,2,Injury Collision,,45,Bicycle,Matched,N,1,Clear or Partly Cloudy,0,"(47.56411286800005, -122.27072668699998)",0,0,N,2016-303819
175969,225524,225844,Intersection,Cycles,0, ,,0,,08/18/2016 12:00:00 AM +0000,8/18/2016 2:45:00 PM,1,30553,At Intersection (intersection related),Daylight,4TH AVE S AND S ROYAL BROUGHAM WAY,0,1,,2,E575508,Dry,18,"MOTOR VEHICLE STRUCK PEDALCYCLIST, FRONT END AT ANGLE",,6234,0,2,Injury Collision,,45,Bicycle,Matched,N,1,Clear or Partly Cloudy,0,"(47.592394383000055, -122.32904874399998)",0,0,N,2016-299202
175970,225948,226288,Intersection,Cycles,0, ,,0,,08/26/2016 12:00:00 AM +0000,8/26/2016 9:38:00 AM,1,29954,At Intersection (intersection related),Daylight,5TH AVE AND MARION ST,0,1,Y,2,3785279,Dry,24,MOTOR VEHCILE STRUCK PEDESTRIAN,,7229,0,2,Injury Collision,,45,Bicycle,Matched,N,1,Clear or Partly Cloudy,0,"(47.60583916300004, -122.33114608099999)",0,0,N,2016-308698
176003,226598,226938,Intersection,Cycles,0, ,,0,,08/26/2016 12:00:00 AM +0000,8/26/2016 7:56:00 AM,0,31296,At Intersection (intersection related),Daylight,15TH AVE S AND BEACON AVE S,0,1,Y,2,3783205,Dry,51,PEDALCYCLIST STRUCK MOTOR VEHICLE FRONT END AT ANGLE,,2143,0,1,Property Damage Only Collision,,45,Bicycle,Matched,N,1,Clear or Partly Cloudy,0,"(47.580593220000026, -122.31341202099998)",0,0,N,2016-308605
176031,227360,227700,Block,Cycles,375, ,,0,,09/13/2016 12:00:00 AM +0000,9/13/2016 1:53:00 PM,1,,Driveway Junction,Daylight,4TH AVE S BETWEEN S MASSACHUSETTS ST AND S HOLGATE ST,0,1,Y,3,3579106,Dry,24,MOTOR VEHCILE STRUCK PEDESTRIAN,,6236,0,2,Injury Collision,,45,Bicycle,Matched,N,1,Clear or Partly Cloudy,0,"(47.58719993200003, -122.32905681799997)",0,0,N,2016-332317
176090,227641,227981,Block,Cycles,213, ,,0,,09/08/2016 12:00:00 AM +0000,9/8/2016 7:45:00 AM,1,,Mid-Block (not related to intersection),Daylight,BROADWAY BETWEEN E PINE ST AND XW E OLIVE ST,0,1,,1,3771388,Wet,26,MOTOR VEHICLE STRUCK OBJECT IN ROAD,,9448,0,2,Injury Collision,,45,Bicycle,Matched,N,0,Overcast,0,"(47.61581794700004, -122.32080786599994)",0,0,N,2016-325530
176103,17291,17291,Intersection,Cycles,0,,,0,,06/10/2004 12:00:00 AM +0000,6/10/2004 5:06:00 PM,1,29253,At Intersection (intersection related),Daylight,28TH AVE E AND E MADISON ST,0,1,Y,2,1472875,Dry,18,"MOTOR VEHICLE STRUCK PEDALCYCLIST, FRONT END AT ANGLE",04162021,4099,0,2,Injury Collision,,45,Bicycle,Matched,0,1,Clear or Partly Cloudy,0,"(47.62347604900003, -122.29618878599996)",0,0,N,04 236377
176112,17149,17149,Intersection,Cycles,0,,,0,,06/21/2004 12:00:00 AM +0000,6/21/2004 3:06:00 PM,1,36606,At Intersection (intersection related),Daylight,25TH AVE NE AND NE 125TH ST,0,1,Y,2,1782185,Dry,18,"MOTOR VEHICLE STRUCK PEDALCYCLIST, FRONT END AT ANGLE",04173012,3746,0,2,Injury Collision,,45,Bicycle,Matched,0,1,Clear or Partly Cloudy,0,"(47.719316165000066, -122.30186480499998)",0,0,N,4253523
176152,17448,17448,Block,Cycles,252,,,0,,09/19/2004 12:00:00 AM +0000,9/19/2004 3:01:00 PM,0,,Mid-Block (not related to intersection),Daylight,40TH AVE NE BETWEEN NE 73RD N ST AND NE 75TH ST,0,1,Y,2,1795026,Dry,21,"MOTOR VEHICLE STRUCK PEDALCYCLIST, REAR END",04263009,6325,0,1,Property Damage Only Collision,,45,Bicycle,Matched,1,1,Clear or Partly Cloudy,0,"(47.682351091000044, -122.28511652699996)",0,0,N,4394393
176176,227134,227474,Intersection,Cycles,0, ,,0,,09/03/2016 12:00:00 AM +0000,9/3/2016 1:20:00 PM,1,34876,At Intersection (intersection related),Daylight,25TH AVE SW AND SW BARTON ST,0,1,,2,3693265,Dry,21,"MOTOR VEHICLE STRUCK PEDALCYCLIST, REAR END",,3813,0,2,Injury Collision,,45,Bicycle,Matched,N,1,Clear or Partly Cloudy,0,"(47.52102329200005, -122.36454783799996)",0,0,N,2016-319534
176197,227784,228124,Block,Cycles,181.5, ,,0,,09/10/2016 12:00:00 AM +0000,9/10/2016 6:01:00 PM,1,,Mid-Block (not related to intersection),Daylight,ALKI AVE SW BETWEEN 56TH AVE SW AND 57TH AVE SW,0,1,Y,2,3693270,Dry,11,"MOTOR VEHICLE STRUCK MOTOR VEHICLE, FRONT END AT ANGLE",,8792,0,2,Injury Collision,,45,Bicycle,Matched,N,1,Clear or Partly Cloudy,0,"(47.581545884000036, -122.40458025699996)",0,0,N,2016-328823
176308,228471,228811,Intersection,Cycles,0, ,,0,,09/16/2016 12:00:00 AM +0000,9/16/2016 12:08:00 PM,1,28546,At Intersection (intersection related),Daylight,1ST AVE W AND W GALER E ST,0,1,,2,3784931,Dry,11,"MOTOR VEHICLE STRUCK MOTOR VEHICLE, FRONT END AT ANGLE",,23336,0,2,Injury Collision,,45,Bicycle,Matched,N,1,Clear or Partly Cloudy,0,"(47.63231779600005, -122.35788616699995)",0,0,N,16-336235
176323,140700,140700,Intersection,Cycles,0, ,,0,,07/24/2012 12:00:00 AM +0000,7/24/2012 5:34:00 PM,1,24760,At Intersection (intersection related),Daylight,20TH AVE NE AND NE 75TH ST,0,1,Y,2,3504261,Dry,51,PEDALCYCLIST STRUCK MOTOR VEHICLE FRONT END AT ANGLE,12206022,2975,0,2,Injury Collision,,45,Bicycle,Matched,N,1,Clear or Partly Cloudy,0,"(47.68304696300004, -122.30668856299997)",0,524374,N,2012-240030
176364,126500,126500,Intersection,Cycles,0, ,,0,,01/13/2011 12:00:00 AM +0000,1/13/2011 11:30:00 AM,1,29591,At Intersection (intersection related),Daylight,3RD AVE AND UNION ST,0,1,Y,2,3377751,Dry,18,"MOTOR VEHICLE STRUCK PEDALCYCLIST, FRONT END AT ANGLE",11013009,4383,0,2,Injury Collision,,45,Bicycle,Matched,N,1,Overcast,0,"(47.608756225000036, -122.33688460299999)",0,522180,N,2011-14837
176370,126100,126100,Intersection,Cycles,0,,,0,,06/07/2011 12:00:00 AM +0000,6/7/2011,1,37268,At Intersection (intersection related),Daylight,13TH AVE NW AND NW 85TH ST,0,1,Y,2,3466379,Dry,18,"MOTOR VEHICLE STRUCK PEDALCYCLIST, FRONT END AT ANGLE",11158014,1760,0,2,Injury Collision,,45,Bicycle,Matched,0,1,Clear or Partly Cloudy,0,"(47.690626543000064, -122.37276283299997)",0,0,N,2011-182558
176404,124600,124600,Intersection,Cycles,0,,,0,,12/07/2011 12:00:00 AM +0000,12/7/2011 9:57:00 PM,1,26818,At Intersection (intersection related),Dark - Street Lights On,WOODLAND PARK AVE N AND N 43RD N ST,0,1,Y,2,3562409,Dry,18,"MOTOR VEHICLE STRUCK PEDALCYCLIST, FRONT END AT ANGLE",11341002,13659,0,2,Injury Collision,,45,Bicycle,Matched,N,1,Clear or Partly Cloudy,0,"(47.65957519300008, -122.34457937299999)",0,0,N,2011 393887
176417,123900,123900,Intersection,Cycles,0,,,0,,08/17/2011 12:00:00 AM +0000,8/17/2011 9:00:00 PM,1,25478,At Intersection (intersection related),Dark - Street Lights On,MERIDIAN AVE N AND N 61ST ST,0,1,Y,2,3466580,Dry,18,"MOTOR VEHICLE STRUCK PEDALCYCLIST, FRONT END AT ANGLE",11229018,11805,0,2,Injury Collision,Y,45,Bicycle,Matched,Y,1,Clear or Partly Cloudy,0,"(47.67292260200003, -122.33355319199995)",31796,0,N,2011-270456
176499,229056,229416,Block,Cycles,856, ,,0,,09/22/2016 12:00:00 AM +0000,9/22/2016 12:50:00 PM,1,,Mid-Block (not related to intersection),Daylight,LAKE WASHINGTON BLVD BETWEEN MADRONA DR AND E OLIVE LN,0,1,,1,E593255,Dry,18,"MOTOR VEHICLE STRUCK PEDALCYCLIST, FRONT END AT ANGLE",,11198,0,2,Injury Collision,,45,Bicycle,Matched,N,1,Clear or Partly Cloudy,0,"(47.61427162600006, -122.28165071999996)",0,0,N,2016-344118
176502,229719,230079,Block,Cycles,162.5, ,,0,,10/20/2016 12:00:00 AM +0000,10/20/2016 7:40:00 AM,1,,Mid-Block (not related to intersection),Dawn,SW GENESEE ST BETWEEN 47TH AVE SW AND 48TH AVE SW,0,1,,3,E599431,Wet,18,"MOTOR VEHICLE STRUCK PEDALCYCLIST, FRONT END AT ANGLE",,22217,0,2,Injury Collision,,45,Bicycle,Matched,N,1,Raining,0,"(47.56477190100003, -122.39280318399994)",0,0,N,2016-379584
176506,229053,229413,Block,Cycles,238, ,,0,,09/14/2016 12:00:00 AM +0000,9/14/2016 12:50:00 PM,1,,Mid-Block (but intersection related),Daylight,LAKE WASHINGTON BLVD BETWEEN E TERRACE ST AND E JEFFERSON ST,0,1,,0,E593248,Unknown,66,PEDALCYCLIST STRUCK OBJECT IN ROAD,,11194,0,2,Injury Collision,,45,Bicycle,Matched,N,0,Unknown,0,"(47.60527694600006, -122.28350343499994)",0,0,N,2016-339995
176535,231487,231887,Block,Cycles,116, ,,0,Y,11/08/2016 12:00:00 AM +0000,11/8/2016 5:34:00 PM,1,,Driveway Junction,Dusk,12TH AVE BETWEEN E REMINGTON CT AND E JEFFERSON ST,0,1,,1,E613368,Dry,18,"MOTOR VEHICLE STRUCK PEDALCYCLIST, FRONT END AT ANGLE",,1528,0,2,Injury Collision,,45,Bicycle,Matched,N,1,Clear or Partly Cloudy,0,"(47.60588380000007, -122.31678057699997)",1528,0,N,2016-404980