OBJECTID,INCKEY,COLDETKEY,ADDRTYPE,COLLISIONTYPE,DISTANCE,EXCEPTRSNCODE,EXCEPTRSNDESC,FATALITIES,INATTENTIONIND,INCDATE,INCDTTM,INJURIES,INTKEY,JUNCTIONTYPE,LIGHTCOND,LOCATION,PEDCOUNT,PEDCYLCOUNT,PEDROWNOTGRNT,PERSONCOUNT,REPORTNO,ROADCOND,SDOT_COLCODE,SDOT_COLDESC,SDOTCOLNUM,SEGKEY,SERIOUSINJURIES,SEVERITYCODE,SEVERITYDESC,SPEEDING,ST_COLCODE,ST_COLDESC,STATUS,UNDERINFL,VEHCOUNT,WEATHER,WIDTH,Shape,SEGLANEKEY,CROSSWALKKEY,HITPARKEDCAR,SPDCASENO
176551,229077,229437,Block,Cycles,200.5, ,,0,Y,10/25/2016 12:00:00 AM +0000,10/25/2016 5:23:00 PM,1,,Mid-Block (but intersection related),Daylight,JAMES ST BETWEEN YESLER WAY AND 2ND AVE,0,1,,3,3574511,Dry,11,"MOTOR VEHICLE STRUCK MOTOR VEHICLE, FRONT END AT ANGLE",,11049,0,2,Injury Collision,,45,Bicycle,Matched,N,1,Clear or Partly Cloudy,0,"(47.60201533500003, -122.33321300699998)",0,0,N,16-386710
176585,230681,231081,Block,Cycles,115, ,,0,,10/14/2016 12:00:00 AM +0000,10/14/2016 9:11:00 AM,1,,Driveway Junction,Daylight,PINE ST BETWEEN MINOR AVE AND MELROSE AVE,0,1,,3,3771641,Wet,18,"MOTOR VEHICLE STRUCK PEDALCYCLIST, FRONT END AT ANGLE",,12225,0,2,Injury Collision,,45,Bicycle,Matched,N,1,Raining,0,"(47.61508065500004, -122.32831087699998)",10330,0,N,2016-372288
176591,230678,231078,Intersection,Cycles,0, ,,0,,11/04/2016 12:00:00 AM +0000,11/4/2016 11:56:00 AM,1,30362,At Intersection (intersection related),Daylight,1ST AVE S AND S WASHINGTON ST,0,1,,1,E604415,Dry,18,"MOTOR VEHICLE STRUCK PEDALCYCLIST, FRONT END AT ANGLE",,1186,0,2,Injury Collision,,45,Bicycle,Matched,N,1,Clear or Partly Cloudy,0,"(47.600883184000054, -122.33418152599995)",0,0,N,2016-399452
176599,231480,231880,Block,Cycles,330, ,,0,,10/24/2016 12:00:00 AM +0000,10/24/2016 10:53:00 AM,1,,Mid-Block (not related to intersection),Daylight,N NORTHGATE WAY BETWEEN CORLISS AVE N AND 1ST AVE NE,0,1,,2,3767288,Dry,18,"MOTOR VEHICLE STRUCK PEDALCYCLIST, FRONT END AT ANGLE",,16120,0,2,Injury Collision,,45,Bicycle,Matched,N,1,Clear or Partly Cloudy,0,"(47.70863744800005, -122.32997598599997)",0,0,N,2016-384848
176613,146200,146220,Intersection,Cycles,0, ,,0,,05/15/2013 12:00:00 AM +0000,5/15/2013 5:06:00 PM,1,31917,At Intersection (intersection related),Daylight,42ND AVE SW AND SW ALASKA ST,0,1,Y,2,3505516,Wet,18,"MOTOR VEHICLE STRUCK PEDALCYCLIST, FRONT END AT ANGLE",,6599,0,2,Injury Collision,,45,Bicycle,Matched,N,1,Raining,0,"(47.561071852000055, -122.38545807799994)",0,521779,N,13-163682
176640,95700,95700,Block,Cycles,525,,,0,,04/04/2009 12:00:00 AM +0000,4/4/2009,1,,Mid-Block (not related to intersection),Daylight,MARINE VIEW DR SW BETWEEN SW OCEAN VIEW DR AND 35TH AVE SW,0,1,Y,3,2792944,Dry,51,PEDALCYCLIST STRUCK MOTOR VEHICLE FRONT END AT ANGLE,09094007,11657,1,2b,Serious Injury Collision,,45,Bicycle,Matched,0,1,Clear or Partly Cloudy,0,"(47.49962344800008, -122.37790463899995)",31380,0,N,2009-113547
176644,136700,136700,Intersection,Cycles,0,,,0,,04/23/2012 12:00:00 AM +0000,4/23/2012 5:09:00 PM,1,24475,At Intersection (intersection related),Daylight,ROOSEVELT WAY NE AND NE 69TH ST,0,1,Y,2,3504132,Dry,18,"MOTOR VEHICLE STRUCK PEDALCYCLIST, FRONT END AT ANGLE",12114007,12619,0,2,Injury Collision,,45,Bicycle,Matched,N,1,Clear or Partly Cloudy,0,"(47.678741294000076, -122.31740336499996)",9417,0,N,12-124232
176688,134000,134000,Intersection,Cycles,0,,,0,,04/15/2012 12:00:00 AM +0000,4/15/2012 2:50:00 PM,1,27146,At Intersection (intersection related),Daylight,BROOKLYN AVE NE AND NE PACIFIC ST,0,1,,2,3596935,Dry,11,"MOTOR VEHICLE STRUCK MOTOR VEHICLE, FRONT END AT ANGLE",12106008,9475,0,2,Injury Collision,,45,Bicycle,Matched,N,1,Clear or Partly Cloudy,0,"(47.65359884600008, -122.31448850999999)",31308,0,N,
176807,228803,229163,Block,Cycles,23.5, ,,0,Y,09/20/2016 12:00:00 AM +0000,9/20/2016 2:55:00 PM,1,,Mid-Block (not related to intersection),Daylight,ADMIRAL AVALON RP BETWEEN SW ADMIRAL WAY AND SW MANNING ST,0,1,,2,3780710,Dry,18,"MOTOR VEHICLE STRUCK PEDALCYCLIST, FRONT END AT ANGLE",,21715,0,2,Injury Collision,,45,Bicycle,Matched,N,1,Clear or Partly Cloudy,0,"(47.57142047700006, -122.37136313599996)",0,0,N,16-341516
176809,228802,229162,Intersection,Cycles,0, ,,0,Y,09/12/2016 12:00:00 AM +0000,9/12/2016 12:45:00 PM,1,29757,At Intersection (intersection related),Daylight,BROADWAY AND E UNION ST,0,1,,1,E592056,Dry,18,"MOTOR VEHICLE STRUCK PEDALCYCLIST, FRONT END AT ANGLE",,9446,0,2,Injury Collision,,45,Bicycle,Matched,N,1,Clear or Partly Cloudy,0,"(47.61296336300006, -122.32076237799998)",0,0,N,2016-330899
176829,228491,228831,Block,Cycles,161, ,,0,,09/19/2016 12:00:00 AM +0000,9/19/2016 6:45:00 PM,1,,Mid-Block (not related to intersection),Dusk,STEWART ST BETWEEN MINOR AVE AND YALE AVE,0,1,Y,2,3785298,Dry,18,"MOTOR VEHICLE STRUCK PEDALCYCLIST, FRONT END AT ANGLE",,12909,0,2,Injury Collision,,45,Bicycle,Matched,N,1,Clear or Partly Cloudy,0,"(47.61794061900008, -122.33143031499998)",0,0,N,16-343164
176874,147200,147220,Intersection,Cycles,0, ,,0,,05/30/2013 12:00:00 AM +0000,5/30/2013 4:56:00 PM,1,29783,At Intersection (intersection related),Daylight,12TH AVE AND E MARION ST,0,1,Y,2,3606084,Dry,51,PEDALCYCLIST STRUCK MOTOR VEHICLE FRONT END AT ANGLE,,1534,0,2,Injury Collision,,45,Bicycle,Matched,N,1,Clear or Partly Cloudy,0,"(47.610395012000026, -122.31677935199997)",10716,0,N,13-183906
176901,130400,130400,Block,Cycles,283.5,,,0,,06/29/2011 12:00:00 AM +0000,6/29/2011 8:00:00 PM,1,,Mid-Block (not related to intersection),Daylight,S BRIGHTON ST BETWEEN 30TH AVE S AND 32ND AVE S,0,1,Y,3,3545544,Dry,18,"MOTOR VEHICLE STRUCK PEDALCYCLIST, FRONT END AT ANGLE",11180005,19567,0,2,Injury Collision,,45,Bicycle,Matched,N,1,Clear or Partly Cloudy,0,"(47.54131772900007, -122.29216433899995)",0,0,N,2011-209414
176946,103800,103800,Intersection,Cycles,0, ,,0,,03/05/2009 12:00:00 AM +0000,3/5/2009,1,26916,At Intersection (intersection related),Daylight,BURKE AVE N AND N NORTHLAKE WAY,0,1,Y,3,3289763,Wet,18,"MOTOR VEHICLE STRUCK PEDALCYCLIST, FRONT END AT ANGLE",09064020,9499,0,2,Injury Collision,,45,Bicycle,Matched,0,1,Overcast,0,"(47.64687291300004, -122.33516875699996)",0,522489,N,2009-77552
176992,102500,102500,Block,Cycles,154.5,,,0,,07/12/2009 12:00:00 AM +0000,7/12/2009 9:05:00 AM,1,,Mid-Block (not related to intersection),Daylight,24TH AVE E BETWEEN E NEWTON S ST AND E NEWTON N ST,0,1,,1,2899046,Wet,66,PEDALCYCLIST STRUCK OBJECT IN ROAD,09193005,3550,0,2,Injury Collision,Y,45,Bicycle,Matched,0,0,Raining,0,"(47.63748766300006, -122.30152201299995)",22327,0,N,2009-242412
177007,73900,73900,Block,Cycles,167.5,,,0,,01/30/2007 12:00:00 AM +0000,1/30/2007 7:27:00 AM,1,,Mid-Block (not related to intersection),Daylight,EASTLAKE AVE E BETWEEN E HOWE ST AND E NEWTON ST,0,1,,1,2621531,Ice,69,PEDALCYCLIST OVERTURNED IN ROAD,07030036,10174,0,2,Injury Collision,,45,Bicycle,Matched,0,0,Clear or Partly Cloudy,0,"(47.63631851000008, -122.32574173699999)",24776,0,N,07-42036
177027,47700,47700,Intersection,Cycles,0, ,,0,,08/10/2005 12:00:00 AM +0000,8/10/2005 7:47:00 AM,0,32617,At Intersection (intersection related),Daylight,48TH AVE S AND S ALASKA ST,0,1,,3,2026404,Dry,51,PEDALCYCLIST STRUCK MOTOR VEHICLE FRONT END AT ANGLE,05222006,7097,0,1,Property Damage Only Collision,,45,Bicycle,Matched,0,1,Overcast,0,"(47.560577264000074, -122.27321465799997)",0,0,N,05-339150
177107,59500,59500,Intersection,Cycles,0,,,0,,04/27/2006 12:00:00 AM +0000,4/27/2006 11:08:00 AM,1,33034,At Intersection (intersection related),Daylight,1ST AVE S AND S LUCILE ST,0,1,,2,2060439,Dry,51,PEDALCYCLIST STRUCK MOTOR VEHICLE FRONT END AT ANGLE,06117003,1221,1,2b,Serious Injury Collision,,45,Bicycle,Matched,0,1,Clear or Partly Cloudy,0,"(47.55342592800008, -122.33421550999998)",0,0,N,06 167431
177127,231137,231537,Intersection,Cycles,0, ,,0,,11/15/2016 12:00:00 AM +0000,11/15/2016 10:28:00 AM,1,32155,At Intersection (intersection related),Daylight,EAST MARGINAL WAY S AND S HORTON ST,0,1,,1,E611264,Wet,51,PEDALCYCLIST STRUCK MOTOR VEHICLE FRONT END AT ANGLE,,14386,0,2,Injury Collision,,45,Bicycle,Matched,N,1,Clear or Partly Cloudy,0,"(47.574388440000064, -122.33993395799996)",0,0,N,16-413031
177225,57800,57800,Block,Cycles,501.5,,,0,,08/09/2006 12:00:00 AM +0000,8/9/2006,1,,Mid-Block (not related to intersection),Daylight,21ST AVE W BETWEEN ELLIOTT BAY TRL AND THORNDYKE AVE W,0,1,Y,2,2410889,Dry,18,"MOTOR VEHICLE STRUCK PEDALCYCLIST, FRONT END AT ANGLE",06221003,3212,0,2,Injury Collision,,45,Bicycle,Matched,0,1,Clear or Partly Cloudy,0,"(47.643384196000056, -122.38331494199997)",0,0,N,06-334251
177230,44200,44200,Block,Cycles,161,,,0,,08/03/2005 12:00:00 AM +0000,8/3/2005,0,,Driveway Junction,Daylight,STEWART ST BETWEEN MINOR AVE AND YALE AVE,0,1,,2,1792972,Dry,51,PEDALCYCLIST STRUCK MOTOR VEHICLE FRONT END AT ANGLE,05215009,12909,0,1,Property Damage Only Collision,,45,Bicycle,Matched,0,1,Clear or Partly Cloudy,0,"(47.61794061900008, -122.33143031499998)",0,0,N,05-327068
177258,72200,72200,Block,Cycles,126.5,,,0,Y,12/06/2007 12:00:00 AM +0000,12/6/2007,1,,Driveway Junction,Dark - Street Lights On,FAIRVIEW AVE N BETWEEN ALOHA ST AND WARD ST,0,1,,2,2806490,Dry,18,"MOTOR VEHICLE STRUCK PEDALCYCLIST, FRONT END AT ANGLE",07340002,10355,0,2,Injury Collision,,45,Bicycle,Matched,0,1,Clear or Partly Cloudy,0,"(47.62748318200005, -122.332464674)",0,0,N,07-490778
177267,58800,58800,Intersection,Cycles,0,,,0,,05/07/2006 12:00:00 AM +0000,5/7/2006,1,24363,At Intersection (intersection related),Daylight,PHINNEY AVE N AND N 65TH ST,0,1,,1,2188851,Dry,51,PEDALCYCLIST STRUCK MOTOR VEHICLE FRONT END AT ANGLE,06127003,12160,1,2b,Serious Injury Collision,,45,Bicycle,Matched,0,0,Overcast,0,"(47.67602257000004, -122.35435321899996)",0,0,N,60183119
177304,229765,230145,Intersection,Cycles,0, ,,0,,10/18/2016 12:00:00 AM +0000,10/18/2016 7:01:00 AM,1,31242,At Intersection (intersection related),Dawn,S HOLGATE BR AND S HOLGATE ST,0,1,,1,E603235,Wet,18,"MOTOR VEHICLE STRUCK PEDALCYCLIST, FRONT END AT ANGLE",,20314,0,2,Injury Collision,,45,Bicycle,Matched,N,1,Raining,0,"(47.58610116800003, -122.323500578)",0,0,N,16-376808
177317,228497,228837,Intersection,Cycles,0, ,,0,,09/12/2016 12:00:00 AM +0000,9/12/2016 4:37:00 PM,1,23882,At Intersection (intersection related),Daylight,15TH AVE NW AND NW 80TH ST,0,1,,2,3767366,Dry,18,"MOTOR VEHICLE STRUCK PEDALCYCLIST, FRONT END AT ANGLE",,2118,0,2,Injury Collision,,45,Bicycle,Matched,N,1,Clear or Partly Cloudy,0,"(47.68687813100007, -122.37679291599994)",0,0,N,16-331211
177356,82300,82300,Block,Cycles,606.5,,,0,,08/05/2008 12:00:00 AM +0000,8/5/2008,1,,Mid-Block (but intersection related),Daylight,EAST MARGINAL WAY S BETWEEN S RIVER ST AND S BRIGHTON ST,0,1,,2,2894257,Dry,21,"MOTOR VEHICLE STRUCK PEDALCYCLIST, REAR END",08218038,14410,0,2,Injury Collision,,45,Bicycle,Matched,0,1,Clear or Partly Cloudy,0,"(47.54263110100004, -122.32748207299994)",20579,0,N,08-289824
177420,231334,231734,Block,Cycles,322.5, ,,0,Y,10/19/2016 12:00:00 AM +0000,10/19/2016 6:07:00 PM,1,,Mid-Block (not related to intersection),Dusk,BROOKLYN AVE NE BETWEEN NE PACIFIC ST AND NE 40TH ST,0,1,Y,2,3479409,Wet,18,"MOTOR VEHICLE STRUCK PEDALCYCLIST, FRONT END AT ANGLE",,9475,0,2,Injury Collision,,45,Bicycle,Matched,N,1,Overcast,0,"(47.65448187100003, -122.31446453699999)",0,0,N,16-00012705
177432,231339,231739,Block,Cycles,322.5, ,,0,,10/11/2016 12:00:00 AM +0000,10/11/2016 8:44:00 AM,1,,Mid-Block (not related to intersection),Daylight,BROOKLYN AVE NE BETWEEN NE PACIFIC ST AND NE 40TH ST,0,1,,2,3479592,Dry,18,"MOTOR VEHICLE STRUCK PEDALCYCLIST, FRONT END AT ANGLE",,9475,0,2,Injury Collision,,45,Bicycle,Matched,N,1,Clear or Partly Cloudy,0,"(47.65448187100003, -122.31446453699999)",0,0,N,16-0011834
177433,230087,230487,Block,Cycles,213, ,,0,,10/06/2016 12:00:00 AM +0000,10/6/2016 4:18:00 PM,1,,Driveway Junction,Daylight,BROADWAY BETWEEN E PINE ST AND XW E OLIVE ST,0,1,,1,E596919,Wet,18,"MOTOR VEHICLE STRUCK PEDALCYCLIST, FRONT END AT ANGLE",,9448,0,2,Injury Collision,,45,Bicycle,Matched,N,1,Overcast,0,"(47.61581794700004, -122.32080786599994)",0,0,N,2016-362833
177469,228506,228846,Intersection,Cycles,0, ,,0,Y,09/23/2016 12:00:00 AM +0000,9/23/2016 8:20:00 AM,1,28765,At Intersection (intersection related),Daylight,9TH AVE N AND MERCER SR ST,0,1,,2,3771398,Dry,18,"MOTOR VEHICLE STRUCK PEDALCYCLIST, FRONT END AT ANGLE",,11772,1,2b,Serious Injury Collision,,45,Bicycle,Matched,N,1,Overcast,0,"(47.62454415700006, -122.33974058599995)",0,523640,N,2016-345558
177551,231165,231565,Block,Cycles,311, ,,0,Y,11/29/2016 12:00:00 AM +0000,11/29/2016 8:31:00 PM,1,,Driveway Junction,Dark - Street Lights Off,BROADWAY BETWEEN HARVARD AVE AND E UNION ST,0,1,,2,3771817,Dry,18,"MOTOR VEHICLE STRUCK PEDALCYCLIST, FRONT END AT ANGLE",,9445,0,2,Injury Collision,,45,Bicycle,Matched,N,1,Clear or Partly Cloudy,0,"(47.61210999000008, -122.32076121799997)",9445,0,N,16-430383
177574,231345,231745,Intersection,Cycles,0, ,,0,,10/23/2016 12:00:00 AM +0000,10/23/2016 10:08:00 AM,1,29860,At Intersection (intersection related),Daylight,SUMMIT AVE AND E PINE ST,0,1,,2,3642586,Wet,51,PEDALCYCLIST STRUCK MOTOR VEHICLE FRONT END AT ANGLE,,12987,0,2,Injury Collision,,45,Bicycle,Matched,N,1,Clear or Partly Cloudy,0,"(47.615218748000075, -122.325528841)",0,0,N,16-383626
177603,232150,232550,Block,Cycles,213, ,,0,,11/15/2016 12:00:00 AM +0000,11/15/2016 7:25:00 PM,1,,Driveway Junction,Dark - Street Lights On,2ND AVE BETWEEN UNION ST AND PIKE ST,0,1,,2,E612858,Wet,18,"MOTOR VEHICLE STRUCK PEDALCYCLIST, FRONT END AT ANGLE",,2757,0,2,Injury Collision,,45,Bicycle,Matched,N,1,Raining,0,"(47.60878749200003, -122.33844845799996)",42160,0,N,2016-413746
177676,229489,229849,Block,Cycles,179.5, ,,0,,09/30/2016 12:00:00 AM +0000,9/30/2016 4:33:00 PM,1,,Mid-Block (not related to intersection),Daylight,RAINIER AVE S BETWEEN S HENDERSON ST AND S DIRECTOR N ST,0,1,,2,3735523,Dry,18,"MOTOR VEHICLE STRUCK PEDALCYCLIST, FRONT END AT ANGLE",,12420,0,2,Injury Collision,,45,Bicycle,Matched,N,1,Clear or Partly Cloudy,0,"(47.52281700700007, -122.26998786899998)",0,0,N,16-355123
177776,229840,230220,Block,Cycles,133, ,,0,,10/30/2016 12:00:00 AM +0000,10/30/2016 4:48:00 PM,1,,Driveway Junction,Daylight,22ND AVE NW BETWEEN NW 56TH ST AND NW 57TH ST,0,1,,2,E603830,Wet,18,"MOTOR VEHICLE STRUCK PEDALCYCLIST, FRONT END AT ANGLE",,3281,0,2,Injury Collision,,45,Bicycle,Matched,N,1,Raining,0,"(47.669817271000056, -122.38474259099996)",0,0,N,2016-393242
177800,230237,230637,Intersection,Cycles,0, ,,0,,10/13/2016 12:00:00 AM +0000,10/13/2016 1:33:00 PM,1,35678,At Intersection (intersection related),Daylight,10TH AVE NW AND NW 127TH ST,0,1,,1,E597306,Wet,18,"MOTOR VEHICLE STRUCK PEDALCYCLIST, FRONT END AT ANGLE",,1321,0,2,Injury Collision,,45,Bicycle,Matched,N,1,Raining,0,"(47.721495454000035, -122.36904599199994)",0,0,N,2016-371368
177804,229517,229877,Intersection,Cycles,0, ,,0,Y,10/29/2016 12:00:00 AM +0000,10/29/2016 4:00:00 PM,1,34741,At Intersection (intersection related),Daylight,35TH AVE SW AND SW BARTON ST,0,1,,4,3693092,Dry,18,"MOTOR VEHICLE STRUCK PEDALCYCLIST, FRONT END AT ANGLE",,5483,0,2,Injury Collision,,45,Bicycle,Matched,N,1,Clear or Partly Cloudy,0,"(47.52107001400003, -122.37676149199996)",0,0,N,2016-392031
177815,230742,231142,Intersection,Cycles,0, ,,0,Y,11/03/2016 12:00:00 AM +0000,11/3/2016 6:54:00 PM,1,30503,At Intersection (intersection related),Dark - Street Lights On,2ND AV ET S AND S MAIN ST,0,1,,2,3289317,Dry,18,"MOTOR VEHICLE STRUCK PEDALCYCLIST, FRONT END AT ANGLE",,2925,1,2b,Serious Injury Collision,,45,Bicycle,Matched,N,1,Clear or Partly Cloudy,0,"(47.59999131500007, -122.33034244699996)",0,0,N,2016-398658
177843,231219,231619,Block,Cycles,266, ,,0,,11/11/2016 12:00:00 AM +0000,11/11/2016 8:30:00 AM,1,,Driveway Junction,Daylight,ROOSEVELT WAY NE BETWEEN NE 43RD N ST AND NE 45TH ST,0,1,Y,2,3762656,Wet,51,PEDALCYCLIST STRUCK MOTOR VEHICLE FRONT END AT ANGLE,,12598,0,2,Injury Collision,,45,Bicycle,Matched,N,1,Overcast,0,"(47.660577379000074, -122.31772271499995)",9002,0,N,2016-413194
177874,230577,230977,Intersection,Cycles,0, ,,0,,10/11/2016 12:00:00 AM +0000,10/11/2016 3:00:00 PM,1,29555,At Intersection (intersection related),Daylight,STEWART ST AND WESTLAKE AVE,0,1,,2,3736617,Dry,18,"MOTOR VEHICLE STRUCK PEDALCYCLIST, FRONT END AT ANGLE",,12902,0,2,Injury Collision,,45,Bicycle,Matched,N,1,Clear or Partly Cloudy,0,"(47.61330060900008, -122.33743123399995)",0,0,N,16-370602
177915,232334,232734,Block,Cycles,404.5, ,,0,,12/05/2016 12:00:00 AM +0000,12/5/2016 8:04:00 AM,1,,Driveway Junction,Daylight,1ST AVE S BETWEEN S FIDALGO ST AND EAST MARGINAL WAY S,0,1,,2,3579110,Snow/Slush,18,"MOTOR VEHICLE STRUCK PEDALCYCLIST, FRONT END AT ANGLE",,1225,0,2,Injury Collision,,45,Bicycle,Matched,N,1,Snowing,0,"(47.549379514000066, -122.33421214999998)",0,0,N,2016-437183
177919,228885,229245,Intersection,Cycles,0, ,,0,,10/06/2016 12:00:00 AM +0000,10/6/2016 2:39:00 PM,1,35272,At Intersection (intersection related),Daylight,YUKON AVE S AND S HENDERSON ST,0,1,,2,E592541,Dry,18,"MOTOR VEHICLE STRUCK PEDALCYCLIST, FRONT END AT ANGLE",,13771,0,2,Injury Collision,,45,Bicycle,Matched,N,1,Overcast,0,"(47.523314053000036, -122.27702724899996)",0,0,N,2016-362696
177932,229257,229617,Intersection,Cycles,0, ,,0,,09/13/2016 12:00:00 AM +0000,9/13/2016 6:10:00 PM,1,30733,At Intersection (intersection related),Daylight,23RD AVE AND E YESLER WAY,0,1,,1,E593247,Dry,18,"MOTOR VEHICLE STRUCK PEDALCYCLIST, FRONT END AT ANGLE",,3352,0,2,Injury Collision,,45,Bicycle,Matched,N,1,Clear or Partly Cloudy,0,"(47.60166729900004, -122.30233880199995)",0,0,N,2016-332650
177938,229881,230261,Intersection,Cycles,0, ,,0,,10/29/2016 12:00:00 AM +0000,10/29/2016 5:45:00 PM,0,287172,At Intersection (intersection related),Dusk,BURKE GILMAN TRL AND NE 70TH ST,0,1,,2,3762853,Unknown,18,"MOTOR VEHICLE STRUCK PEDALCYCLIST, FRONT END AT ANGLE",,287216,0,1,Property Damage Only Collision,,45,Bicycle,Matched,N,1,Other,0,"(47.679372199000056, -122.26531461999997)",287215,0,N,16-398303
177950,230249,230649,Intersection,Cycles,0, ,,0,Y,10/18/2016 12:00:00 AM +0000,10/18/2016 10:45:00 AM,1,27149,At Intersection (intersection related),Daylight,15TH AVE NE AND NE PACIFIC ST,0,1,Y,2,E597799,Dry,18,"MOTOR VEHICLE STRUCK PEDALCYCLIST, FRONT END AT ANGLE",,2028,0,2,Injury Collision,,45,Bicycle,Matched,N,1,Clear or Partly Cloudy,0,"(47.65297596400006, -122.31246414499998)",0,0,N,2016-377080
178026,229262,229622,Intersection,Cycles,0, ,,0,,09/30/2016 12:00:00 AM +0000,9/30/2016 1:26:00 PM,1,26698,At Intersection (intersection related),Daylight,3RD AVE W AND W CREMONA ST,0,1,,1,E598023,Dry,18,"MOTOR VEHICLE STRUCK PEDALCYCLIST, FRONT END AT ANGLE",,4568,0,2,Injury Collision,,45,Bicycle,Matched,N,1,Clear or Partly Cloudy,0,"(47.64954528900006, -122.36088259399997)",0,0,N,2016-354854
178052,228582,228942,Intersection,Cycles,0, ,,0,,09/19/2016 12:00:00 AM +0000,9/19/2016 3:20:00 PM,1,37182,At Intersection (intersection related),Daylight,6TH AVE NW AND NW 85TH ST,0,1,,3,3769594,Dry,18,"MOTOR VEHICLE STRUCK PEDALCYCLIST, FRONT END AT ANGLE",,7961,0,2,Injury Collision,Y,45,Bicycle,Matched,N,1,Clear or Partly Cloudy,0,"(47.69064043600008, -122.36332043199997)",0,0,N,2016-340167
178189,66700,66700,Intersection,Cycles,0,,,0,,06/02/2007 12:00:00 AM +0000,6/2/2007,1,38204,At Intersection (intersection related),Daylight,68TH AVE S AND RAINIER AVE S,0,1,,2,2806857,Dry,18,"MOTOR VEHICLE STRUCK PEDALCYCLIST, FRONT END AT ANGLE",07153002,8147,0,2,Injury Collision,,45,Bicycle,Matched,0,1,Clear or Partly Cloudy,0,"(47.51161897600008, -122.24832390399996)",5012,0,N,07-221336
178259,228902,229262,Block,Cycles,187.5, ,,0,Y,10/17/2016 12:00:00 AM +0000,10/17/2016 5:31:00 PM,1,,Mid-Block (not related to intersection),Daylight,ELLIOTT AVE W BETWEEN W GALER ST FLYOVER AND W GALER ST,0,1,,2,3590630,Dry,11,"MOTOR VEHICLE STRUCK MOTOR VEHICLE, FRONT END AT ANGLE",,10222,1,2b,Serious Injury Collision,,45,Bicycle,Matched,N,1,Clear or Partly Cloudy,0,"(47.63186162300008, -122.37515622899997)",0,0,N,16-376252
178276,229280,229640,Block,Cycles,123, ,,0,,09/22/2016 12:00:00 AM +0000,9/22/2016 7:59:00 PM,1,,Mid-Block (not related to intersection),Dark - Street Lights On,6TH AVE BETWEEN WESTLAKE AVE AND VIRGINIA ST,0,1,,1,E593027,Dry,11,"MOTOR VEHICLE STRUCK MOTOR VEHICLE, FRONT END AT ANGLE",,7888,0,2,Injury Collision,,45,Bicycle,Matched,N,1,Clear or Partly Cloudy,0,"(47.614168290000066, -122.33793724999998)",0,0,N,2016-344660
178294,230594,230994,Intersection,Cycles,0, ,,0,,10/13/2016 12:00:00 AM +0000,10/13/2016 8:00:00 AM,1,26659,At Intersection (intersection related),Daylight,LEARY WAY NW AND NW BOWDOIN N PL,0,1,Y,2,3737145,Wet,18,"MOTOR VEHICLE STRUCK PEDALCYCLIST, FRONT END AT ANGLE",,11337,1,2b,Serious Injury Collision,,45,Bicycle,Matched,N,1,Raining,0,"(47.655188431000056, -122.36107153899997)",0,0,N,16-372702
178296,230781,231181,Intersection,Cycles,0, ,,0,,11/03/2016 12:00:00 AM +0000,11/3/2016 10:27:00 AM,1,26949,At Intersection (intersection related),Daylight,FREMONT AVE N AND N 43RD S ST,0,1,,0,E603988,Wet,18,"MOTOR VEHICLE STRUCK PEDALCYCLIST, FRONT END AT ANGLE",,10494,0,2,Injury Collision,,45,Bicycle,Matched,N,0,Clear or Partly Cloudy,0,"(47.65895414400006, -122.350013279)",0,0,N,2016-398004
178340,231239,231639,Block,Cycles,161, ,,0,,11/07/2016 12:00:00 AM +0000,11/7/2016 9:51:00 AM,1,,Driveway Junction,Daylight,SPRING ST BETWEEN 3RD AVE AND 4TH AVE,0,1,,2,3746587,Dry,18,"MOTOR VEHICLE STRUCK PEDALCYCLIST, FRONT END AT ANGLE",,12862,0,2,Injury Collision,,45,Bicycle,Matched,N,1,Clear or Partly Cloudy,0,"(47.606568604000074, -122.33411850799996)",0,0,N,16-402970
178416,228658,229018,Intersection,Cycles,0, ,,0,,09/17/2016 12:00:00 AM +0000,9/17/2016 11:37:00 PM,1,29064,At Intersection (intersection related),Dark - Street Lights On,12TH AVE AND E DENNY WAY,0,1,,2,3771485,Wet,18,"MOTOR VEHICLE STRUCK PEDALCYCLIST, FRONT END AT ANGLE",,1550,0,2,Injury Collision,,45,Bicycle,Matched,Y,1,Raining,0,"(47.61876844900007, -122.31690986999996)",0,0,N,2016-338298
178541,76900,76900,Intersection,Cycles,0,,,0,,02/27/2007 12:00:00 AM +0000,2/27/2007 10:40:00 AM,1,29072,At Intersection (intersection related),Daylight,BROADWAY AND E HOWELL ST,0,1,Y,2,2620912,Dry,18,"MOTOR VEHICLE STRUCK PEDALCYCLIST, FRONT END AT ANGLE",07058004,9450,0,2,Injury Collision,,45,Bicycle,Matched,0,1,Clear or Partly Cloudy,0,"(47.61757128900007, -122.32083582899998)",6828,0,N,07-83289
178551,63600,63600,Intersection,Cycles,0,,,0,,05/16/2006 12:00:00 AM +0000,5/16/2006 6:30:00 AM,1,35587,At Intersection (intersection related),Daylight,1ST AVE NW AND NW 143RD ST,0,1,,2,2188744,Dry,51,PEDALCYCLIST STRUCK MOTOR VEHICLE FRONT END AT ANGLE,06136002,15233,0,2,Injury Collision,,45,Bicycle,Matched,0,1,Clear or Partly Cloudy,0,"(47.73232119800008, -122.35825029699998)",0,0,N,06-195739
178577,230293,230693,Intersection,Cycles,0, ,,0,,10/24/2016 12:00:00 AM +0000,10/24/2016 5:48:00 PM,1,30086,At Intersection (intersection related),Dusk,26TH AVE AND E JEFFERSON ST,0,1,,2,3771701,Wet,18,"MOTOR VEHICLE STRUCK PEDALCYCLIST, FRONT END AT ANGLE",,3831,0,2,Injury Collision,,45,Bicycle,Matched,N,1,Overcast,0,"(47.60617378200004, -122.29889651099995)",0,0,N,2016-385400