OBJECTID,INCKEY,COLDETKEY,ADDRTYPE,COLLISIONTYPE,DISTANCE,EXCEPTRSNCODE,EXCEPTRSNDESC,FATALITIES,INATTENTIONIND,INCDATE,INCDTTM,INJURIES,INTKEY,JUNCTIONTYPE,LIGHTCOND,LOCATION,PEDCOUNT,PEDCYLCOUNT,PEDROWNOTGRNT,PERSONCOUNT,REPORTNO,ROADCOND,SDOT_COLCODE,SDOT_COLDESC,SDOTCOLNUM,SEGKEY,SERIOUSINJURIES,SEVERITYCODE,SEVERITYDESC,SPEEDING,ST_COLCODE,ST_COLDESC,STATUS,UNDERINFL,VEHCOUNT,WEATHER,WIDTH,Shape,SEGLANEKEY,CROSSWALKKEY,HITPARKEDCAR,SPDCASENO
178588,231048,231448,Block,Cycles,133, ,,0,Y,10/11/2016 12:00:00 AM +0000,10/11/2016 8:22:00 AM,1,,Mid-Block (not related to intersection),Daylight,24TH AVE NW BETWEEN NW 57TH ST AND NW 58TH ST,0,1,,1,E600073,Dry,18,"MOTOR VEHICLE STRUCK PEDALCYCLIST, FRONT END AT ANGLE",,3592,0,2,Injury Collision,,45,Bicycle,Matched,N,1,Clear or Partly Cloudy,0,"(47.67055033400004, -122.38758734399994)",0,0,N,2016-368397
178641,230782,231182,Intersection,Cycles,0, ,,0,Y,11/18/2016 12:00:00 AM +0000,11/18/2016 11:49:00 PM,1,26605,At Intersection (intersection related),Dark - Street Lights On,8TH AVE NW AND NW 45TH ST,0,1,,2,3737147,Dry,51,PEDALCYCLIST STRUCK MOTOR VEHICLE FRONT END AT ANGLE,,8374,0,2,Injury Collision,,45,Bicycle,Matched,N,1,Overcast,0,"(47.661461098000075, -122.36617373599995)",0,0,N,2016-417957
178642,231251,231651,Block,Cycles,331.5, ,,0,,11/08/2016 12:00:00 AM +0000,11/8/2016 4:51:00 PM,1,,Driveway Junction,Dark - Street Lights On,MERIDIAN AVE N BETWEEN COLLEGE WAY N AND N 105TH ST,0,1,Y,2,3762265,Dry,51,PEDALCYCLIST STRUCK MOTOR VEHICLE FRONT END AT ANGLE,,11822,0,2,Injury Collision,,45,Bicycle,Matched,N,1,Clear or Partly Cloudy,0,"(47.70412658400005, -122.33391632399997)",8170,0,N,2016-404924
178675,61000,61000,Intersection,Cycles,0,,,0,,04/18/2006 12:00:00 AM +0000,4/18/2006 12:45:00 PM,1,25756,At Intersection (intersection related),Daylight,ROOSEVELT WAY NE AND NE RAVENNA WB BV,0,1,Y,2,2188253,Dry,18,"MOTOR VEHICLE STRUCK PEDALCYCLIST, FRONT END AT ANGLE",06108005,12610,0,2,Injury Collision,,45,Bicycle,Matched,0,1,Clear or Partly Cloudy,0,"(47.67226898800004, -122.31736339599996)",0,0,N,06-155684
178706,1290,1290,Intersection,Cycles,0, ,,0,,03/29/2013 12:00:00 AM +0000,3/29/2013 11:53:00 AM,1,29878,At Intersection (intersection related),Unknown,BOREN AVE AND PIKE ST,0,1,Y,3,3581633,Dry,18,"MOTOR VEHICLE STRUCK PEDALCYCLIST, FRONT END AT ANGLE",,9319,0,2,Injury Collision,,45,Bicycle,Matched,N,1,Clear or Partly Cloudy,0,"(47.613465820000044, -122.32891310199994)",25242,0,N,13-105308
178728,228699,229059,Intersection,Cycles,0, ,,0,,09/22/2016 12:00:00 AM +0000,9/22/2016 7:45:00 AM,1,27281,At Intersection (intersection related),Daylight,MERIDIAN AVE N AND N NORTHLAKE WAY,0,1,,2,3769259,Dry,18,"MOTOR VEHICLE STRUCK PEDALCYCLIST, FRONT END AT ANGLE",,11780,0,2,Injury Collision,,45,Bicycle,Matched,N,1,Clear or Partly Cloudy,0,"(47.64686731000006, -122.33392663499995)",0,0,N,16-344036
178831,1099,1099,Intersection,Cycles,0, ,,0,,03/28/2013 12:00:00 AM +0000,3/28/2013 3:30:00 PM,0,27149,At Intersection (intersection related),Daylight,15TH AVE NE AND NE PACIFIC ST,0,1,Y,2,3503283,Dry,18,"MOTOR VEHICLE STRUCK PEDALCYCLIST, FRONT END AT ANGLE",,2028,0,1,Property Damage Only Collision,,45,Bicycle,Matched,N,1,Clear or Partly Cloudy,0,"(47.65297596400006, -122.31246414499998)",0,520838,N,13-104248
178904,1064,1064,Intersection,Cycles,0, ,,0,,03/25/2013 12:00:00 AM +0000,3/25/2013 10:57:00 PM,1,31315,At Intersection (intersection related),Dark - Street Lights On,13TH AVE S AND S STEVENS ST,0,1,,2,3550081,Dry,18,"MOTOR VEHICLE STRUCK PEDALCYCLIST, FRONT END AT ANGLE",,1785,0,2,Injury Collision,,45,Bicycle,Matched,N,1,Clear or Partly Cloudy,0,"(47.57687701200007, -122.31600484299997)",0,0,N,13 100809
178905,1063,1063,Block,Cycles,266, ,,0,,03/25/2013 12:00:00 AM +0000,3/25/2013 1:00:00 PM,0,,Mid-Block (not related to intersection),Daylight,S DEARBORN ST BETWEEN DEARBORN OFF RP AND DEARBORN ST OFF RP,0,1,,2,3503600,Dry,18,"MOTOR VEHICLE STRUCK PEDALCYCLIST, FRONT END AT ANGLE",,19831,0,1,Property Damage Only Collision,,45,Bicycle,Matched,N,1,Clear or Partly Cloudy,0,"(47.59582679700003, -122.32029531699999)",5867,0,N,13-100168
179005,231052,231452,Intersection,Cycles,0, ,,0,,10/24/2016 12:00:00 AM +0000,10/24/2016 11:20:00 AM,1,28287,At Intersection (intersection related),Daylight,EASTLAKE AVE E AND E HAMLIN ST,0,1,,2,E600071,Dry,18,"MOTOR VEHICLE STRUCK PEDALCYCLIST, FRONT END AT ANGLE",,10181,0,2,Injury Collision,,45,Bicycle,Matched,N,1,Clear or Partly Cloudy,0,"(47.645623777000026, -122.32587912399998)",0,0,N,2016-384879
179006,230607,231007,Intersection,Cycles,0, ,,0,Y,10/04/2016 12:00:00 AM +0000,10/4/2016 6:55:00 PM,1,24363,At Intersection (intersection related),Dark - Street Lights On,PHINNEY AVE N AND N 65TH ST,0,1,Y,2,3769629,Wet,51,PEDALCYCLIST STRUCK MOTOR VEHICLE FRONT END AT ANGLE,,12160,0,2,Injury Collision,,45,Bicycle,Matched,N,1,Raining,0,"(47.67602257000004, -122.35435321899996)",0,0,N,2016-360336
179008,230798,231198,Block,Cycles,154, ,,0,Y,10/10/2016 12:00:00 AM +0000,10/10/2016 9:00:00 AM,1,,Mid-Block (not related to intersection),Dawn,N 50TH ST BETWEEN PHINNEY E AVE N AND DAYTON AVE N,0,1,Y,3,3787174,Dry,14,"MOTOR VEHICLE STRUCK MOTOR VEHICLE, REAR END",,15639,0,2,Injury Collision,,45,Bicycle,Matched,N,2,Clear or Partly Cloudy,0,"(47.66501850100008, -122.353337351)",0,0,N,2016-367101
179009,230306,230706,Intersection,Cycles,0, ,,0,Y,10/19/2016 12:00:00 AM +0000,10/19/2016 8:28:00 AM,1,166842,At Intersection (intersection related),Daylight,BEACON ER AVE S AND CHEASTY BLVD S,0,1,Y,2,3782769,Wet,18,"MOTOR VEHICLE STRUCK PEDALCYCLIST, FRONT END AT ANGLE",,9127,0,2,Injury Collision,,45,Bicycle,Matched,N,1,Overcast,0,"(47.56120845600003, -122.30485933299997)",0,0,N,2016-378261
179035,27600,27600,Block,Cycles,329.5,,,0,,06/12/2004 12:00:00 AM +0000,6/12/2004 12:31:00 PM,1,,Mid-Block (not related to intersection),Daylight,10TH AVE E BETWEEN E LYNN ST AND E MILLER ST,0,1,,3,1772594,Dry,55,PEDALCYCLIST STRUCK MOTOR VEHICLE RIGHT SIDE SIDESWIPE,04164010,1300,1,2b,Serious Injury Collision,,45,Bicycle,Matched,0,1,Clear or Partly Cloudy,0,"(47.64044969200006, -122.32006083999994)",0,0,N,04 239151
179049,28900,28900,Block,Cycles,263.5,,,0,,10/12/2004 12:00:00 AM +0000,10/12/2004 5:30:00 PM,1,,Driveway Junction,Daylight,E MADISON ST BETWEEN LAKE WASHINGTON BLVD E AND 32ND AVE E,0,1,Y,2,1798856,Dry,23,"MOTOR VEHICLE STRUCK PEDALCYCLIST, LEFT SIDE SIDESWIPE",04286031,14365,0,2,Injury Collision,,45,Bicycle,Matched,0,1,Clear or Partly Cloudy,0,"(47.62652804500004, -122.29168646899996)",0,0,N,04 429358
179070,30200,30200,Intersection,Cycles,0,,,0,,08/09/2004 12:00:00 AM +0000,8/9/2004,1,25792,At Intersection (intersection related),Daylight,BROOKLYN AVE NE AND NE 50TH ST,0,1,,2,1776531,Dry,18,"MOTOR VEHICLE STRUCK PEDALCYCLIST, FRONT END AT ANGLE",04222005,9484,0,2,Injury Collision,,45,Bicycle,Matched,0,1,Clear or Partly Cloudy,0,"(47.66490847500006, -122.31421009099995)",0,0,N,04-332762
179102,231265,231665,Block,Cycles,99, ,,0,,11/12/2016 12:00:00 AM +0000,11/12/2016 4:03:00 PM,1,,Mid-Block (not related to intersection),Daylight,1ST AVE BETWEEN PINE ST AND STEWART ST,0,1,Y,3,3791287,Dry,55,PEDALCYCLIST STRUCK MOTOR VEHICLE RIGHT SIDE SIDESWIPE,,1010,0,2,Injury Collision,,45,Bicycle,Matched,N,1,Blowing Sand or Dirt or Snow,0,"(47.61004331500004, -122.34113167899994)",0,0,N,2016-409997
179126,229997,230397,Intersection,Cycles,0, ,,0,Y,10/07/2016 12:00:00 AM +0000,10/7/2016 2:35:00 PM,1,29751,At Intersection (intersection related),Daylight,14TH AVE AND E MADISON ST,0,1,,1,E596914,Dry,18,"MOTOR VEHICLE STRUCK PEDALCYCLIST, FRONT END AT ANGLE",,1851,0,2,Injury Collision,,45,Bicycle,Matched,N,1,Clear or Partly Cloudy,0,"(47.61389492300003, -122.31422043399999)",0,0,N,2016-363920
179168,1003,1003,Block,Cycles,874.5, ,,0,,03/14/2013 12:00:00 AM +0000,3/14/2013 5:30:00 PM,1,,Driveway Junction,Daylight,AURORA AVE N BETWEEN N 117TH PL AND N 125TH ST,0,1,Y,2,3503158,Dry,18,"MOTOR VEHICLE STRUCK PEDALCYCLIST, FRONT END AT ANGLE",,8991,0,2,Injury Collision,,45,Bicycle,Matched,N,1,Clear or Partly Cloudy,0,"(47.71717310100007, -122.34489607899997)",15057,0,N,2013-99976
179207,1355,1355,Block,Cycles,100, ,,0,,04/02/2013 12:00:00 AM +0000,4/2/2013 8:59:00 AM,1,,Mid-Block (not related to intersection),Daylight,DEXTER AVE N BETWEEN GARFIELD N ST AND HAYES ST,0,1,Y,2,3546508,Dry,18,"MOTOR VEHICLE STRUCK PEDALCYCLIST, FRONT END AT ANGLE",,10086,0,2,Injury Collision,,45,Bicycle,Matched,N,1,Clear or Partly Cloudy,0,"(47.63369314900007, -122.34228335199998)",12978,0,N,2013-110174
179223,1218,1218,Intersection,Cycles,0, ,,0,,03/30/2013 12:00:00 AM +0000,3/30/2013 8:30:00 PM,1,29855,At Intersection (intersection related),Dusk,BELLEVUE AVE AND E OLIVE ST,0,1,Y,2,3593839,Dry,18,"MOTOR VEHICLE STRUCK PEDALCYCLIST, FRONT END AT ANGLE",,9214,0,2,Injury Collision,,45,Bicycle,Matched,N,1,Clear or Partly Cloudy,0,"(47.616341840000075, -122.32678751899999)",36282,0,N,2013-107201
179303,231439,231839,Block,Cycles,922.5, ,,0,,11/22/2016 12:00:00 AM +0000,11/22/2016 1:41:00 PM,0,,Driveway Junction,Daylight,HARBOR AVE SW BETWEEN SW HARBOR LN AND SW SPOKANE NR ST,0,1,Y,2,3693312,Dry,18,"MOTOR VEHICLE STRUCK PEDALCYCLIST, FRONT END AT ANGLE",,10821,0,1,Property Damage Only Collision,,45,Bicycle,Matched,N,1,Overcast,0,"(47.574311359000035, -122.37093230899995)",0,0,N,2016-422140
179318,232424,232824,Intersection,Cycles,0, ,,0,,12/04/2016 12:00:00 AM +0000,12/4/2016 8:33:00 PM,1,27039,At Intersection (intersection related),Dark - Street Lights On,FREMONT AVE N AND N 34TH ST,0,1,Y,2,3731663,Dry,18,"MOTOR VEHICLE STRUCK PEDALCYCLIST, FRONT END AT ANGLE",,10485,0,2,Injury Collision,,45,Bicycle,Matched,Y,1,Clear or Partly Cloudy,0,"(47.64958972900007, -122.34974744899995)",0,0,N,2016-436736
179331,39000,39000,Intersection,Cycles,0,,,0,,06/15/2005 12:00:00 AM +0000,6/15/2005 7:12:00 PM,1,25949,At Intersection (intersection related),Daylight,25TH AVE NE AND NE BLAKELEY ST,0,1,,2,2023608,Dry,18,"MOTOR VEHICLE STRUCK PEDALCYCLIST, FRONT END AT ANGLE",05166021,3723,0,2,Injury Collision,,45,Bicycle,Matched,0,1,Clear or Partly Cloudy,0,"(47.66626671800003, -122.30060497999995)",0,0,N,5248693
179361,1350,1350,Intersection,Cycles,0, ,,0,Y,04/02/2013 12:00:00 AM +0000,4/2/2013 7:15:00 PM,1,35095,At Intersection (intersection related),Dusk,10TH AVE S AND S CLOVERDALE ST,0,1,,5,3380693,Dry,51,PEDALCYCLIST STRUCK MOTOR VEHICLE FRONT END AT ANGLE,,1338,0,2,Injury Collision,,45,Bicycle,Matched,N,1,Overcast,0,"(47.52645748000003, -122.32028400599995)",29054,0,N,13-110847
179384,25000,25000,Block,Cycles,213,,,0,,01/23/2004 12:00:00 AM +0000,1/23/2004 8:45:00 AM,1,,Mid-Block (not related to intersection),Daylight,DEXTER AVE N BETWEEN HARRISON ST AND REPUBLICAN ST,0,1,,2,1777159,Unknown,56,PEDALCYCLIST STRUCK MOTOR VEHICLE LEFT SIDE SIDESWIPE,04023036,10074,0,2,Injury Collision,,45,Bicycle,Matched,0,1,Unknown,0,"(47.62263838000007, -122.34236643899999)",0,0,N,04-033774
179390,1361,1361,Intersection,Cycles,0, ,,0,,04/02/2013 12:00:00 AM +0000,4/2/2013 6:42:00 PM,1,29817,At Intersection (intersection related),Daylight,BOREN AVE AND JEFFERSON ST,0,1,,2,3593847,Dry,18,"MOTOR VEHICLE STRUCK PEDALCYCLIST, FRONT END AT ANGLE",,9309,0,2,Injury Collision,,45,Bicycle,Matched,N,1,Clear or Partly Cloudy,0,"(47.60576976800007, -122.32187715399999)",25156,0,N,13-110817
179466,22600,22600,Block,Cycles,153,,,0,,07/02/2004 12:00:00 AM +0000,7/2/2004,1,,Mid-Block (not related to intersection),Daylight,1ST AVE BETWEEN BATTERY ST AND WALL ST,0,1,,2,1482540,Dry,55,PEDALCYCLIST STRUCK MOTOR VEHICLE RIGHT SIDE SIDESWIPE,04184005,1016,0,2,Injury Collision,,45,Bicycle,Matched,0,1,Clear or Partly Cloudy,0,"(47.61441905200007, -122.348278129)",0,0,N,04-271379
179485,229618,229978,Block,Cycles,161,NEI,"Not Enough Information, or Insufficient Location Information",0,,10/06/2016 12:00:00 AM +0000,10/6/2016 5:20:00 PM,0,,Mid-Block (not related to intersection),Daylight,BELL ST BETWEEN 6TH AVE AND 7TH AVE,0,1,,2,3739990,Dry,00,NOT ENOUGH INFORMATION / NOT APPLICABLE,,9203,0,1,Property Damage Only Collision,,45,Bicycle,Matched,N,1,Overcast,0,"(47.61702955700008, -122.34178552399999)",0,0,Y,2016-362953
179493,229612,229972,Intersection,Cycles,0, ,,0,,10/26/2016 12:00:00 AM +0000,10/26/2016 4:53:00 PM,0,31563,At Intersection (intersection related),Daylight,RAINIER AVE S AND S WALKER ST,0,1,Y,2,3579469,Wet,18,"MOTOR VEHICLE STRUCK PEDALCYCLIST, FRONT END AT ANGLE",,12360,0,1,Property Damage Only Collision,,45,Bicycle,Matched,N,1,Raining,0,"(47.58365639600004, -122.30219857799995)",0,0,N,16-387995
179506,231090,231490,Intersection,Cycles,0, ,,0,Y,11/03/2016 12:00:00 AM +0000,11/3/2016 3:00:00 PM,1,29734,At Intersection (intersection related),Daylight,BOYLSTON AVE AND E PINE ST,0,1,Y,2,3771575,Dry,18,"MOTOR VEHICLE STRUCK PEDALCYCLIST, FRONT END AT ANGLE",,9375,0,2,Injury Collision,Y,45,Bicycle,Matched,N,1,Clear or Partly Cloudy,0,"(47.61523114200003, -122.32341547099998)",0,0,N,2016-398359
179517,230341,230741,Intersection,Cycles,0, ,,0,,10/05/2016 12:00:00 AM +0000,10/5/2016 5:00:00 PM,1,27273,At Intersection (intersection related),Daylight,N 36TH ST AND N PACIFIC ST,0,1,,2,3762315,Dry,18,"MOTOR VEHICLE STRUCK PEDALCYCLIST, FRONT END AT ANGLE",,9764,0,2,Injury Collision,,45,Bicycle,Matched,N,1,Clear or Partly Cloudy,0,"(47.65050201500003, -122.33154340399994)",287245,0,N,16-365168
179527,230627,231027,Intersection,Cycles,0, ,,0,,10/11/2016 12:00:00 AM +0000,10/11/2016 11:27:00 AM,1,27606,At Intersection (intersection related),Daylight,THORNDYKE AVE W AND THORNDYKE PL W,0,1,,2,3784932,Dry,51,PEDALCYCLIST STRUCK MOTOR VEHICLE FRONT END AT ANGLE,,13157,0,2,Injury Collision,,45,Bicycle,Matched,N,1,Clear or Partly Cloudy,0,"(47.63935081200003, -122.38725301199997)",0,0,N,16-368618
179565,1309,1309,Block,Cycles,136, ,,0,,04/01/2013 12:00:00 AM +0000,4/1/2013 3:30:00 PM,1,,Mid-Block (not related to intersection),Daylight,NE 75TH ST BETWEEN 19TH AVE NE AND 20TH AVE NE,0,1,,2,3507768,Dry,23,"MOTOR VEHICLE STRUCK PEDALCYCLIST, LEFT SIDE SIDESWIPE",,17518,0,2,Injury Collision,,45,Bicycle,Matched,N,1,Clear or Partly Cloudy,0,"(47.68304684100008, -122.30724236999998)",40890,0,N,13-110606
179566,1139,1139,Intersection,Cycles,0, ,,0,,03/26/2013 12:00:00 AM +0000,3/26/2013 6:12:00 PM,0,29512,At Intersection (intersection related),Daylight,BELL ST AND DENNY WAY,0,1,Y,2,3562732,Dry,18,"MOTOR VEHICLE STRUCK PEDALCYCLIST, FRONT END AT ANGLE",,8529,0,1,Property Damage Only Collision,,45,Bicycle,Matched,N,1,Clear or Partly Cloudy,0,"(47.61854012600003, -122.33983235199997)",14255,0,N,13-101780
179567,1138,1138,Intersection,Cycles,0, ,,0,,03/29/2013 12:00:00 AM +0000,3/29/2013 6:10:00 PM,1,29810,At Intersection (intersection related),Daylight,11TH AVE AND E JEFFERSON ST,0,1,Y,2,3605914,Dry,18,"MOTOR VEHICLE STRUCK PEDALCYCLIST, FRONT END AT ANGLE",,14219,0,2,Injury Collision,,45,Bicycle,Matched,N,1,Clear or Partly Cloudy,0,"(47.606205945000056, -122.31811054799999)",10453,0,N,2013-105766
179626,230640,231040,Intersection,Cycles,0, ,,0,,10/04/2016 12:00:00 AM +0000,10/4/2016 7:36:00 PM,1,37162,At Intersection (intersection related),Dark - Street Lights On,3RD AVE NW AND NW 90TH ST,0,1,Y,3,3787172,Wet,18,"MOTOR VEHICLE STRUCK PEDALCYCLIST, FRONT END AT ANGLE",,4483,0,2,Injury Collision,,45,Bicycle,Matched,N,1,Raining,0,"(47.69423862100007, -122.36067667399999)",0,0,N,2016-360382
179640,231629,232029,Block,Cycles,213, ,,0,Y,11/29/2016 12:00:00 AM +0000,11/29/2016 5:17:00 PM,1,,Mid-Block (not related to intersection),Dark - Street Lights On,12TH AVE BETWEEN E CHERRY ST AND E COLUMBIA ST,0,1,,2,E614836,Dry,18,"MOTOR VEHICLE STRUCK PEDALCYCLIST, FRONT END AT ANGLE",,1532,1,2b,Serious Injury Collision,,45,Bicycle,Matched,N,1,Clear or Partly Cloudy,0,"(47.60864131900007, -122.31677994199998)",0,0,N,2016-430184
179690,228750,229110,Intersection,Cycles,0, ,,0,Y,09/21/2016 12:00:00 AM +0000,9/21/2016 12:43:00 PM,0,29744,At Intersection (intersection related),Daylight,HARVARD AVE AND E PIKE ST,0,1,Y,2,3771551,Dry,18,"MOTOR VEHICLE STRUCK PEDALCYCLIST, FRONT END AT ANGLE",,10841,0,1,Property Damage Only Collision,,45,Bicycle,Matched,N,1,Clear or Partly Cloudy,0,"(47.61406619600007, -122.32211092499995)",0,0,N,2016-342763
179717,229629,229989,Block,Cycles,157.5, ,,0,,09/16/2016 12:00:00 AM +0000,9/16/2016 7:26:00 PM,1,,Mid-Block (not related to intersection),Dusk,39TH AVE S BETWEEN S OTHELLO ST AND S HOLLY PARK DR,0,1,,3,3754661,Dry,51,PEDALCYCLIST STRUCK MOTOR VEHICLE FRONT END AT ANGLE,,6037,0,2,Injury Collision,,45,Bicycle,Matched,N,1,Overcast,0,"(47.53661587500005, -122.28338389699996)",0,0,N,2016-336793
179737,231284,231684,Intersection,Cycles,0, ,,0,,11/18/2016 12:00:00 AM +0000,11/18/2016 7:33:00 AM,1,26897,At Intersection (intersection related),Daylight,STONE WAY N AND N 35TH ST,0,1,,1,E611260,Dry,11,"MOTOR VEHICLE STRUCK MOTOR VEHICLE, FRONT END AT ANGLE",,12956,0,2,Injury Collision,,45,Bicycle,Matched,N,1,Overcast,0,"(47.64941986700006, -122.34273258699994)",0,0,N,16-416851
179749,231097,231497,Block,Cycles,153, ,,0,,11/18/2016 12:00:00 AM +0000,11/18/2016 3:57:00 PM,1,,Mid-Block (but intersection related),Daylight,2ND AVE BETWEEN MADISON ST AND SPRING ST,0,1,,4,3746451,Dry,11,"MOTOR VEHICLE STRUCK MOTOR VEHICLE, FRONT END AT ANGLE",,2753,0,2,Injury Collision,,45,Bicycle,Matched,N,1,Clear or Partly Cloudy,0,"(47.605514808000066, -122.33545443399998)",0,0,N,16-417434
179793,233043,233443,Intersection,Cycles,0, ,,0,,12/01/2016 12:00:00 AM +0000,12/1/2016 4:08:00 PM,1,27228,At Intersection (intersection related),Dusk,4TH AVE NE AND NE 40TH ST,0,1,,2,E616424,Dry,18,"MOTOR VEHICLE STRUCK PEDALCYCLIST, FRONT END AT ANGLE",,16730,0,2,Injury Collision,,45,Bicycle,Matched,N,1,Clear or Partly Cloudy,0,"(47.655528623000066, -122.32456396699996)",0,0,N,2016-432635
179795,232893,233293,Intersection,Cycles,0, ,,0,,11/23/2016 12:00:00 AM +0000,11/23/2016 12:07:00 PM,1,37339,At Intersection (intersection related),Daylight,AURORA AVE N AND N 91ST ST,0,1,,2,3769546,Dry,18,"MOTOR VEHICLE STRUCK PEDALCYCLIST, FRONT END AT ANGLE",,8970,0,2,Injury Collision,,45,Bicycle,Matched,N,1,Overcast,0,"(47.69491025700006, -122.34457358099996)",0,0,N,2016-423296
179799,233040,233440,Block,Cycles,278.5, ,,0,Y,12/02/2016 12:00:00 AM +0000,12/2/2016 3:00:00 PM,1,,Mid-Block (but intersection related),Daylight,12TH AVE NE BETWEEN NE 50TH ST AND NE 52ND ST,0,1,,2,E616422,Wet,18,"MOTOR VEHICLE STRUCK PEDALCYCLIST, FRONT END AT ANGLE",,1570,0,2,Injury Collision,,45,Bicycle,Matched,N,1,Raining,0,"(47.665679959000045, -122.31522863699996)",0,0,N,2016-433840
179807,233030,233430,Block,Cycles,200.5, ,,0,Y,12/20/2016 12:00:00 AM +0000,12/20/2016 1:49:00 PM,0,,Driveway Junction,Daylight,JAMES ST BETWEEN YESLER WAY AND 2ND AVE,0,1,,2,E623261,Dry,18,"MOTOR VEHICLE STRUCK PEDALCYCLIST, FRONT END AT ANGLE",,11049,0,1,Property Damage Only Collision,,45,Bicycle,Matched,N,1,Clear or Partly Cloudy,0,"(47.60201533500003, -122.33321300699998)",0,0,N,2016-456097
179925,232717,233117,Block,Cycles,203, ,,0,,12/06/2016 12:00:00 AM +0000,12/6/2016 4:45:00 PM,1,,Mid-Block (not related to intersection),Dark - Street Lights On,LAKE WASHINGTON BLVD E BETWEEN E ROANOKE ST AND E LAKE WASHINGTON BLVD,0,1,,2,E619063,Wet,18,"MOTOR VEHICLE STRUCK PEDALCYCLIST, FRONT END AT ANGLE",,11217,0,2,Injury Collision,,45,Bicycle,Matched,N,1,Overcast,0,"(47.64366929200003, -122.29883427299995)",0,0,N,2016-439042
179928,232637,233037,Intersection,Cycles,0, ,,0,,12/07/2016 12:00:00 AM +0000,12/7/2016 6:25:00 PM,1,29812,At Intersection (intersection related),Dark - Street Lights On,BROADWAY AND JEFFERSON ST,0,1,,2,E619042,Dry,18,"MOTOR VEHICLE STRUCK PEDALCYCLIST, FRONT END AT ANGLE",,9437,0,2,Injury Collision,,45,Bicycle,Matched,N,1,Clear or Partly Cloudy,0,"(47.606212553000034, -122.32074963299999)",0,0,N,2016-440454
180030,232577,232977,Block,Cycles,156.5, ,,0,,12/07/2016 12:00:00 AM +0000,12/7/2016 8:12:00 AM,1,,Mid-Block (not related to intersection),Daylight,ROOSEVELT WAY NE BETWEEN NE 42ND S ST AND NE 42ND N ST,0,1,Y,2,3769402,Dry,18,"MOTOR VEHICLE STRUCK PEDALCYCLIST, FRONT END AT ANGLE",,12595,0,2,Injury Collision,,45,Bicycle,Matched,N,1,Clear or Partly Cloudy,0,"(47.65794175700006, -122.31779112599997)",0,0,N,2016-439733
180067,231291,231691,Block,Cycles,220.5, ,,0,,11/03/2016 12:00:00 AM +0000,11/3/2016 9:25:00 PM,1,,Mid-Block (but intersection related),Dark - Street Lights On,SYLVAN WAY SW BETWEEN SW ORCHARD ST AND DELRIDGE WAY SW,0,1,,2,3780737,Dry,18,"MOTOR VEHICLE STRUCK PEDALCYCLIST, FRONT END AT ANGLE",,13062,0,2,Injury Collision,,45,Bicycle,Matched,N,1,Clear or Partly Cloudy,0,"(47.53701089400005, -122.36189729199998)",0,0,N,2016-398798
180079,231820,232220,Intersection,Cycles,0, ,,0,,11/28/2016 12:00:00 AM +0000,11/28/2016 5:25:00 PM,0,28287,At Intersection (intersection related),Daylight,EASTLAKE AVE E AND E HAMLIN ST,0,1,Y,2,3784756,Dry,11,"MOTOR VEHICLE STRUCK MOTOR VEHICLE, FRONT END AT ANGLE",,10181,0,1,Property Damage Only Collision,,45,Bicycle,Matched,N,1,Clear or Partly Cloudy,0,"(47.645623777000026, -122.32587912399998)",0,0,N,2016-428866
180179,230663,231063,Block,Cycles,272.5, ,,0,,10/07/2016 12:00:00 AM +0000,10/7/2016 1:41:00 PM,1,,Driveway Junction,Daylight,AURORA AVE N BETWEEN N NORTHGATE WAY AND N 107TH S ST,0,1,,1,E598985,Dry,18,"MOTOR VEHICLE STRUCK PEDALCYCLIST, FRONT END AT ANGLE",,8985,0,2,Injury Collision,,45,Bicycle,Matched,N,1,Clear or Partly Cloudy,0,"(47.70579720000006, -122.34470639699998)",0,0,N,2016-363851
180257,230424,230824,Block,Cycles,195, ,,0,,10/07/2016 12:00:00 AM +0000,10/7/2016 5:20:00 PM,0,,Mid-Block (not related to intersection),Daylight,E MADISON ST BETWEEN 39TH AVE E AND MCGILVRA S BV E,0,1,,2,3771561,Dry,18,"MOTOR VEHICLE STRUCK PEDALCYCLIST, FRONT END AT ANGLE",,14375,0,1,Property Damage Only Collision,,45,Bicycle,Matched,N,1,Clear or Partly Cloudy,0,"(47.63299994700003, -122.28212715499996)",0,0,N,2016-364206
180272,231651,232051,Block,Cycles,503, ,,0,Y,11/19/2016 12:00:00 AM +0000,11/19/2016 5:06:00 PM,0,,Mid-Block (not related to intersection),Dark - Street Lights On,25TH AVE NE BETWEEN NE 44TH ST AND NE 47TH ST,0,1,,2,3786771,Wet,14,"MOTOR VEHICLE STRUCK MOTOR VEHICLE, REAR END",,3720,0,1,Property Damage Only Collision,,45,Bicycle,Matched,N,1,Overcast,0,"(47.66188693000004, -122.30090615699999)",0,0,N,16-418761
180288,232561,232961,Block,Cycles,124.5, ,,0,,12/02/2016 12:00:00 AM +0000,12/2/2016 5:55:00 PM,1,,Mid-Block (not related to intersection),Dusk,NE 45TH ST BETWEEN 1ST AVE NE AND 2ND AVE NE,0,1,Y,2,3762321,Wet,18,"MOTOR VEHICLE STRUCK PEDALCYCLIST, FRONT END AT ANGLE",,16838,0,2,Injury Collision,,45,Bicycle,Matched,N,1,Overcast,0,"(47.661357277000036, -122.32775751099996)",0,0,N,2016-434078